time /s	I /mA	E /V
0.200	209.387	3.158
0.400	209.826	3.159
0.600	209.849	3.159
0.800	209.860	3.159
1.000	209.864	3.160
1.200	209.865	3.160
1.400	209.871	3.160
1.600	209.873	3.160
1.800	209.873	3.160
2.000	209.873	3.160
2.200	209.877	3.160
2.400	209.876	3.161
2.600	209.876	3.161
2.800	209.879	3.161
3.000	209.878	3.161
3.200	209.879	3.161
3.400	209.879	3.161
3.600	209.879	3.161
3.800	209.880	3.161
4.000	209.881	3.161
4.200	209.881	3.162
4.400	209.882	3.162
4.600	209.885	3.162
4.800	209.883	3.162
5.000	209.882	3.162
5.200	209.883	3.162
5.400	209.883	3.162
5.600	209.882	3.162
5.800	209.883	3.162
6.000	209.882	3.163
6.200	209.885	3.163
6.400	209.884	3.163
6.600	209.883	3.163
6.800	209.884	3.163
7.000	209.883	3.163
7.200	209.884	3.163
7.400	209.883	3.163
7.600	209.885	3.163
7.800	209.884	3.163
8.000	209.884	3.164
8.200	209.882	3.164
8.400	209.885	3.164
8.600	209.885	3.164
8.800	209.884	3.164
9.000	209.884	3.164
9.200	209.884	3.164
9.400	209.884	3.164
9.600	209.883	3.164
9.800	209.883	3.164
10.000	209.884	3.164
10.200	209.884	3.165
10.400	209.884	3.165
10.600	209.884	3.165
10.800	209.882	3.165
11.000	209.883	3.165
11.200	209.882	3.165
11.400	209.883	3.165
11.600	209.883	3.165
11.800	209.884	3.165
12.000	209.885	3.165
12.200	209.884	3.165
12.400	209.883	3.166
12.600	209.883	3.166
12.800	209.885	3.166
13.000	209.883	3.166
13.200	209.885	3.166
13.400	209.883	3.166
13.600	209.883	3.166
13.800	209.884	3.166
14.000	209.884	3.166
14.200	209.883	3.166
14.400	209.883	3.166
14.600	209.884	3.167
14.800	209.884	3.167
15.000	209.883	3.167
15.200	209.882	3.167
15.400	209.884	3.167
15.600	209.885	3.167
15.800	209.884	3.167
16.000	209.882	3.167
16.200	209.884	3.167
16.400	209.884	3.167
16.600	209.885	3.167
16.800	209.882	3.167
17.000	209.883	3.167
17.200	209.883	3.167
17.400	209.883	3.168
17.600	209.884	3.168
17.800	209.886	3.168
18.000	209.885	3.168
18.200	209.884	3.168
18.400	209.885	3.168
18.600	209.885	3.168
18.800	209.883	3.168
19.000	209.885	3.168
19.200	209.885	3.168
19.400	209.883	3.168
19.600	209.885	3.168
19.800	209.885	3.169
20.000	209.885	3.169
20.200	209.886	3.169
20.400	209.885	3.169
20.600	209.885	3.169
20.800	209.886	3.169
21.000	209.886	3.169
21.200	209.885	3.169
21.400	209.885	3.169
21.600	209.887	3.169
21.800	209.884	3.169
22.000	209.886	3.169
22.200	209.887	3.169
22.400	209.888	3.170
22.600	209.886	3.170
22.800	209.887	3.170
23.000	209.885	3.170
23.200	209.886	3.170
23.400	209.886	3.170
23.600	209.886	3.170
23.800	209.886	3.170
24.000	209.887	3.170
24.200	209.886	3.170
24.400	209.886	3.170
24.600	209.886	3.170
24.800	209.886	3.170
25.000	209.885	3.170
25.200	209.886	3.171
25.400	209.886	3.171
25.600	209.887	3.171
25.800	209.886	3.171
26.000	209.887	3.171
26.200	209.887	3.171
26.400	209.886	3.171
26.600	209.884	3.171
26.800	209.884	3.171
27.000	209.884	3.171
27.200	209.884	3.171
27.400	209.886	3.171
27.600	209.886	3.171
27.800	209.885	3.172
28.000	209.885	3.172
28.200	209.885	3.172
28.400	209.885	3.172
28.600	209.885	3.172
28.800	209.885	3.172
29.000	209.885	3.172
29.200	209.885	3.172
29.400	209.885	3.172
29.600	209.886	3.172
29.800	209.886	3.172
30.000	209.886	3.172
30.200	209.886	3.172
30.400	209.887	3.172
30.600	209.889	3.172
30.800	209.888	3.173
31.000	209.886	3.173
31.200	209.888	3.173
31.400	209.889	3.173
31.600	209.888	3.173
31.800	209.888	3.173
32.000	209.888	3.173
32.200	209.888	3.173
32.400	209.886	3.173
32.600	209.888	3.173
32.800	209.888	3.173
33.000	209.889	3.173
33.200	209.889	3.173
33.400	209.890	3.173
33.600	209.889	3.173
33.800	209.889	3.174
34.000	209.888	3.174
34.200	209.888	3.174
34.400	209.888	3.174
34.600	209.886	3.174
34.800	209.888	3.174
35.000	209.889	3.174
35.200	209.889	3.174
35.400	209.888	3.174
35.600	209.885	3.174
35.800	209.886	3.174
36.000	209.889	3.174
36.200	209.888	3.174
36.400	209.889	3.174
36.600	209.886	3.174
36.800	209.888	3.175
37.000	209.888	3.175
37.200	209.889	3.175
37.400	209.887	3.175
37.600	209.889	3.175
37.800	209.888	3.175
38.000	209.889	3.175
38.200	209.885	3.175
38.400	209.888	3.175
38.600	209.886	3.175
38.800	209.889	3.175
39.000	209.887	3.175
39.200	209.888	3.175
39.400	209.889	3.175
39.600	209.887	3.176
39.800	209.887	3.176
40.000	209.888	3.176
40.200	209.886	3.176
40.400	209.887	3.176
40.600	209.886	3.176
40.800	209.885	3.176
41.000	209.887	3.176
41.200	209.887	3.176
41.400	209.886	3.176
41.600	209.887	3.176
41.800	209.888	3.176
42.000	209.887	3.176
42.200	209.887	3.176
42.400	209.887	3.176
42.600	209.888	3.176
42.800	209.887	3.177
43.000	209.887	3.177
43.200	209.888	3.177
43.400	209.887	3.177
43.600	209.887	3.177
43.800	209.887	3.177
44.000	209.884	3.177
44.200	209.887	3.177
44.400	209.887	3.177
44.600	209.888	3.177
44.800	209.887	3.177
45.000	209.886	3.177
45.200	209.886	3.177
45.400	209.887	3.177
45.600	209.887	3.177
45.800	209.888	3.178
46.000	209.886	3.178
46.200	209.887	3.178
46.400	209.887	3.178
46.600	209.887	3.178
46.800	209.888	3.178
47.000	209.889	3.178
47.200	209.886	3.178
47.400	209.885	3.178
47.600	209.887	3.178
47.800	209.886	3.178
48.000	209.885	3.178
48.200	209.886	3.178
48.400	209.885	3.178
48.600	209.885	3.178
48.800	209.887	3.178
49.000	209.886	3.179
49.200	209.886	3.179
49.400	209.884	3.179
49.600	209.886	3.179
49.800	209.886	3.179
50.000	209.887	3.179
50.200	209.886	3.179
50.400	209.886	3.179
50.600	209.887	3.179
50.800	209.886	3.179
51.000	209.887	3.179
51.200	209.887	3.179
51.400	209.888	3.179
51.600	209.887	3.179
51.800	209.888	3.179
52.000	209.888	3.179
52.200	209.888	3.180
52.400	209.887	3.180
52.600	209.887	3.180
52.800	209.886	3.180
53.000	209.888	3.180
53.200	209.886	3.180
53.400	209.887	3.180
53.600	209.887	3.180
53.800	209.887	3.180
54.000	209.888	3.180
54.200	209.888	3.180
54.400	209.889	3.180
54.600	209.888	3.180
54.800	209.888	3.180
55.000	209.888	3.180
55.200	209.889	3.180
55.400	209.888	3.181
55.600	209.888	3.181
55.800	209.888	3.181
56.000	209.889	3.181
56.200	209.888	3.181
56.400	209.886	3.181
56.600	209.886	3.181
56.800	209.888	3.181
57.000	209.887	3.181
57.200	209.887	3.181
57.400	209.887	3.181
57.600	209.886	3.181
57.800	209.888	3.181
58.000	209.887	3.181
58.200	209.887	3.181
58.400	209.888	3.182
58.600	209.888	3.182
58.800	209.888	3.182
59.000	209.887	3.182
59.200	209.887	3.182
59.400	209.885	3.182
59.600	209.887	3.182
59.800	209.888	3.182
60.000	209.885	3.182
60.200	209.885	3.182
60.400	209.885	3.182
60.600	209.888	3.182
60.800	209.887	3.182
61.000	209.889	3.182
61.200	209.886	3.182
61.400	209.887	3.182
61.600	209.886	3.183
61.800	209.887	3.183
62.000	209.887	3.183
62.200	209.888	3.183
62.400	209.885	3.183
62.600	209.886	3.183
62.800	209.887	3.183
63.000	209.886	3.183
63.200	209.888	3.183
63.400	209.886	3.183
63.600	209.886	3.183
63.800	209.886	3.183
64.000	209.887	3.183
64.200	209.886	3.183
64.400	209.887	3.183
64.600	209.886	3.183
64.800	209.886	3.183
65.000	209.885	3.183
65.200	209.887	3.184
65.400	209.888	3.184
65.600	209.888	3.184
65.800	209.886	3.184
66.000	209.888	3.184
66.200	209.887	3.184
66.400	209.888	3.184
66.600	209.887	3.184
66.800	209.886	3.184
67.000	209.887	3.184
67.200	209.887	3.184
67.400	209.887	3.184
67.600	209.885	3.184
67.800	209.887	3.184
68.000	209.888	3.184
68.200	209.886	3.184
68.400	209.888	3.184
68.600	209.886	3.185
68.800	209.887	3.185
69.000	209.887	3.185
69.200	209.888	3.185
69.400	209.887	3.185
69.600	209.887	3.185
69.800	209.886	3.185
70.000	209.886	3.185
70.200	209.889	3.185
70.400	209.887	3.185
70.600	209.886	3.185
70.800	209.889	3.185
71.000	209.887	3.185
71.200	209.889	3.185
71.400	209.887	3.185
71.600	209.888	3.185
71.800	209.886	3.185
72.000	209.887	3.185
72.200	209.888	3.186
72.400	209.887	3.186
72.600	209.888	3.186
72.800	209.888	3.186
73.000	209.888	3.186
73.200	209.888	3.186
73.400	209.887	3.186
73.600	209.887	3.186
73.800	209.887	3.186
74.000	209.888	3.186
74.200	209.888	3.186
74.400	209.889	3.186
74.600	209.888	3.186
74.800	209.888	3.186
75.000	209.887	3.186
75.200	209.887	3.186
75.400	209.888	3.187
75.600	209.888	3.187
75.800	209.888	3.187
76.000	209.888	3.187
76.200	209.888	3.187
76.400	209.888	3.187
76.600	209.888	3.187
76.800	209.886	3.187
77.000	209.886	3.187
77.200	209.887	3.187
77.400	209.888	3.187
77.600	209.887	3.187
77.800	209.887	3.187
78.000	209.888	3.187
78.200	209.888	3.187
78.400	209.888	3.187
78.600	209.888	3.187
78.800	209.886	3.188
79.000	209.887	3.188
79.200	209.888	3.188
79.400	209.888	3.188
79.600	209.886	3.188
79.800	209.886	3.188
80.000	209.887	3.188
80.200	209.887	3.188
80.400	209.888	3.188
80.600	209.886	3.188
80.800	209.888	3.188
81.000	209.887	3.188
81.200	209.887	3.188
81.400	209.885	3.188
81.600	209.887	3.188
81.800	209.887	3.188
82.000	209.888	3.188
82.200	209.886	3.188
82.400	209.889	3.189
82.600	209.888	3.189
82.800	209.886	3.189
83.000	209.889	3.189
83.200	209.886	3.189
83.400	209.887	3.189
83.600	209.888	3.189
83.800	209.887	3.189
84.000	209.887	3.189
84.200	209.887	3.189
84.400	209.885	3.189
84.600	209.889	3.189
84.800	209.888	3.189
85.000	209.888	3.189
85.200	209.890	3.189
85.400	209.889	3.189
85.600	209.888	3.189
85.800	209.888	3.189
86.000	209.889	3.190
86.200	209.889	3.190
86.400	209.890	3.190
86.600	209.890	3.190
86.800	209.889	3.190
87.000	209.889	3.190
87.200	209.889	3.190
87.400	209.889	3.190
87.600	209.890	3.190
87.800	209.887	3.190
88.000	209.888	3.190
88.200	209.888	3.190
88.400	209.888	3.190
88.600	209.888	3.190
88.800	209.887	3.190
89.000	209.888	3.190
89.200	209.888	3.190
89.400	209.888	3.191
89.600	209.888	3.191
89.800	209.886	3.191
90.000	209.888	3.191
90.200	209.887	3.191
90.400	209.889	3.191
90.600	209.887	3.191
90.800	209.887	3.191
91.000	209.888	3.191
91.200	209.888	3.191
91.400	209.889	3.191
91.600	209.886	3.191
91.800	209.888	3.191
92.000	209.889	3.191
92.200	209.886	3.191
92.400	209.886	3.191
92.600	209.888	3.191
92.800	209.887	3.191
93.000	209.888	3.192
93.200	209.889	3.192
93.400	209.890	3.192
93.600	209.889	3.192
93.800	209.887	3.192
94.000	209.887	3.192
94.200	209.888	3.192
94.400	209.889	3.192
94.600	209.888	3.192
94.800	209.888	3.192
95.000	209.888	3.192
95.200	209.888	3.192
95.400	209.888	3.192
95.600	209.888	3.192
95.800	209.889	3.192
96.000	209.888	3.192
96.200	209.889	3.192
96.400	209.888	3.193
96.600	209.888	3.193
96.800	209.889	3.193
97.000	209.889	3.193
97.200	209.889	3.193
97.400	209.889	3.193
97.600	209.888	3.193
97.800	209.889	3.193
98.000	209.891	3.193
98.200	209.891	3.193
98.400	209.890	3.193
98.600	209.889	3.193
98.800	209.890	3.193
99.000	209.889	3.193
99.200	209.889	3.193
99.400	209.889	3.193
99.600	209.890	3.193
99.800	209.890	3.193
100.000	209.890	3.194
100.200	209.889	3.194
100.400	209.888	3.194
100.600	209.888	3.194
100.800	209.887	3.194
101.000	209.888	3.194
101.200	209.889	3.194
101.400	209.891	3.194
101.600	209.893	3.194
101.800	209.891	3.194
102.000	209.891	3.194
102.200	209.890	3.194
102.400	209.890	3.194
102.600	209.890	3.194
102.800	209.889	3.194
103.000	209.890	3.194
103.200	209.889	3.194
103.400	209.889	3.194
103.600	209.888	3.195
103.800	209.890	3.195
104.000	209.888	3.195
104.200	209.891	3.195
104.400	209.890	3.195
104.600	209.891	3.195
104.800	209.889	3.195
105.000	209.889	3.195
105.200	209.890	3.195
105.400	209.890	3.195
105.600	209.890	3.195
105.800	209.889	3.195
106.000	209.887	3.195
106.200	209.890	3.195
106.400	209.888	3.195
106.600	209.889	3.195
106.800	209.888	3.195
107.000	209.887	3.195
107.200	209.889	3.195
107.400	209.889	3.196
107.600	209.891	3.196
107.800	209.888	3.196
108.000	209.888	3.196
108.200	209.890	3.196
108.400	209.890	3.196
108.600	209.889	3.196
108.800	209.890	3.196
109.000	209.888	3.196
109.200	209.888	3.196
109.400	209.891	3.196
109.600	209.890	3.196
109.800	209.889	3.196
110.000	209.890	3.196
110.200	209.889	3.196
110.400	209.890	3.196
110.600	209.891	3.196
110.800	209.890	3.196
111.000	209.891	3.196
111.200	209.892	3.197
111.400	209.891	3.197
111.600	209.889	3.197
111.800	209.890	3.197
112.000	209.890	3.197
112.200	209.891	3.197
112.400	209.891	3.197
112.600	209.892	3.197
112.800	209.891	3.197
113.000	209.891	3.197
113.200	209.889	3.197
113.400	209.892	3.197
113.600	209.890	3.197
113.800	209.892	3.197
114.000	209.891	3.197
114.200	209.891	3.197
114.400	209.890	3.197
114.600	209.890	3.197
114.800	209.891	3.197
115.000	209.890	3.197
115.200	209.889	3.198
115.400	209.890	3.198
115.600	209.890	3.198
115.800	209.890	3.198
116.000	209.891	3.198
116.200	209.891	3.198
116.400	209.890	3.198
116.600	209.890	3.198
116.800	209.889	3.198
117.000	209.890	3.198
117.200	209.891	3.198
117.400	209.890	3.198
117.600	209.890	3.198
117.800	209.888	3.198
118.000	209.889	3.198
118.200	209.891	3.198
118.400	209.890	3.198
118.600	209.889	3.198
118.800	209.890	3.199
119.000	209.889	3.199
119.200	209.889	3.199
119.400	209.889	3.199
119.600	209.892	3.199
119.800	209.890	3.199
120.000	209.888	3.199
120.200	209.889	3.199
120.400	209.891	3.199
120.600	209.890	3.199
120.800	209.892	3.199
121.000	209.892	3.199
121.200	209.891	3.199
121.400	209.891	3.199
121.600	209.890	3.199
121.800	209.892	3.199
122.000	209.891	3.199
122.200	209.890	3.199
122.400	209.891	3.199
122.600	209.890	3.200
122.800	209.891	3.200
123.000	209.891	3.200
123.200	209.891	3.200
123.400	209.890	3.200
123.600	209.892	3.200
123.800	209.894	3.200
124.000	209.890	3.200
124.200	209.892	3.200
124.400	209.891	3.200
124.600	209.889	3.200
124.800	209.891	3.200
125.000	209.890	3.200
125.200	209.889	3.200
125.400	209.889	3.200
125.600	209.890	3.200
125.800	209.890	3.200
126.000	209.891	3.200
126.200	209.889	3.200
126.400	209.889	3.201
126.600	209.888	3.201
126.800	209.890	3.201
127.000	209.890	3.201
127.200	209.888	3.201
127.400	209.890	3.201
127.600	209.889	3.201
127.800	209.890	3.201
128.000	209.891	3.201
128.200	209.890	3.201
128.400	209.889	3.201
128.600	209.890	3.201
128.800	209.890	3.201
129.000	209.888	3.201
129.200	209.890	3.201
129.400	209.889	3.201
129.600	209.890	3.201
129.800	209.889	3.201
130.000	209.890	3.201
130.200	209.889	3.202
130.400	209.889	3.202
130.600	209.892	3.202
130.800	209.892	3.202
131.000	209.890	3.202
131.200	209.890	3.202
131.400	209.890	3.202
131.600	209.890	3.202
131.800	209.888	3.202
132.000	209.891	3.202
132.200	209.890	3.202
132.400	209.890	3.202
132.600	209.890	3.202
132.800	209.891	3.202
133.000	209.890	3.202
133.200	209.890	3.202
133.400	209.890	3.202
133.600	209.890	3.202
133.800	209.889	3.203
134.000	209.892	3.203
134.200	209.891	3.203
134.400	209.890	3.203
134.600	209.891	3.203
134.800	209.891	3.203
135.000	209.892	3.203
135.200	209.890	3.203
135.400	209.891	3.203
135.600	209.891	3.203
135.800	209.891	3.203
136.000	209.890	3.203
136.200	209.891	3.203
136.400	209.892	3.203
136.600	209.891	3.203
136.800	209.891	3.203
137.000	209.892	3.203
137.200	209.891	3.203
137.400	209.890	3.203
137.600	209.892	3.203
137.800	209.889	3.204
138.000	209.890	3.204
138.200	209.890	3.204
138.400	209.891	3.204
138.600	209.890	3.204
138.800	209.889	3.204
139.000	209.891	3.204
139.200	209.891	3.204
139.400	209.891	3.204
139.600	209.891	3.204
139.800	209.891	3.204
140.000	209.890	3.204
140.200	209.891	3.204
140.400	209.892	3.204
140.600	209.891	3.204
140.800	209.891	3.204
141.000	209.891	3.204
141.200	209.890	3.204
141.400	209.892	3.204
141.600	209.893	3.205
141.800	209.890	3.205
142.000	209.891	3.205
142.200	209.891	3.205
142.400	209.891	3.205
142.600	209.890	3.205
142.800	209.892	3.205
143.000	209.892	3.205
143.200	209.892	3.205
143.400	209.890	3.205
143.600	209.890	3.205
143.800	209.892	3.205
144.000	209.891	3.205
144.200	209.891	3.205
144.400	209.892	3.205
144.600	209.892	3.205
144.800	209.891	3.205
145.000	209.892	3.205
145.200	209.892	3.206
145.400	209.892	3.206
145.600	209.891	3.206
145.800	209.893	3.206
146.000	209.891	3.206
146.200	209.893	3.206
146.400	209.893	3.206
146.600	209.891	3.206
146.800	209.890	3.206
147.000	209.890	3.206
147.200	209.891	3.206
147.400	209.890	3.206
147.600	209.892	3.206
147.800	209.892	3.206
148.000	209.891	3.206
148.200	209.889	3.206
148.400	209.889	3.206
148.600	209.890	3.206
148.800	209.891	3.206
149.000	209.891	3.206
149.200	209.892	3.207
149.400	209.892	3.207
149.600	209.891	3.207
149.800	209.890	3.207
150.000	209.891	3.207
150.200	209.891	3.207
150.400	209.891	3.207
150.600	209.892	3.207
150.800	209.892	3.207
151.000	209.892	3.207
151.200	209.891	3.207
151.400	209.890	3.207
151.600	209.891	3.207
151.800	209.893	3.207
152.000	209.892	3.207
152.200	209.893	3.207
152.400	209.892	3.207
152.600	209.891	3.207
152.800	209.892	3.207
153.000	209.892	3.208
153.200	209.892	3.208
153.400	209.892	3.208
153.600	209.891	3.208
153.800	209.892	3.208
154.000	209.890	3.208
154.200	209.890	3.208
154.400	209.891	3.208
154.600	209.891	3.208
154.800	209.891	3.208
155.000	209.890	3.208
155.200	209.889	3.208
155.400	209.891	3.208
155.600	209.890	3.208
155.800	209.891	3.208
156.000	209.891	3.208
156.200	209.891	3.208
156.400	209.891	3.208
156.600	209.892	3.208
156.800	209.891	3.208
157.000	209.892	3.208
157.200	209.891	3.209
157.400	209.891	3.209
157.600	209.892	3.209
157.800	209.892	3.209
158.000	209.890	3.209
158.200	209.891	3.209
158.400	209.889	3.209
158.600	209.890	3.209
158.800	209.891	3.209
159.000	209.891	3.209
159.200	209.891	3.209
159.400	209.892	3.209
159.600	209.890	3.209
159.800	209.893	3.209
160.000	209.892	3.209
160.200	209.892	3.209
160.400	209.893	3.209
160.600	209.892	3.209
160.800	209.891	3.209
161.000	209.892	3.210
161.200	209.892	3.210
161.400	209.892	3.210
161.600	209.894	3.210
161.800	209.891	3.210
162.000	209.893	3.210
162.200	209.893	3.210
162.400	209.892	3.210
162.600	209.892	3.210
162.800	209.892	3.210
163.000	209.892	3.210
163.200	209.891	3.210
163.400	209.893	3.210
163.600	209.891	3.210
163.800	209.893	3.210
164.000	209.892	3.210
164.200	209.892	3.210
164.400	209.891	3.210
164.600	209.892	3.210
164.800	209.891	3.210
165.000	209.891	3.211
165.200	209.892	3.211
165.400	209.893	3.211
165.600	209.890	3.211
165.800	209.892	3.211
166.000	209.892	3.211
166.200	209.892	3.211
166.400	209.892	3.211
166.600	209.890	3.211
166.800	209.891	3.211
167.000	209.890	3.211
167.200	209.889	3.211
167.400	209.892	3.211
167.600	209.890	3.211
167.800	209.891	3.211
168.000	209.890	3.211
168.200	209.891	3.211
168.400	209.892	3.211
168.600	209.892	3.211
168.800	209.893	3.211
169.000	209.893	3.212
169.200	209.892	3.212
169.400	209.892	3.212
169.600	209.892	3.212
169.800	209.892	3.212
170.000	209.892	3.212
170.200	209.893	3.212
170.400	209.891	3.212
170.600	209.893	3.212
170.800	209.892	3.212
171.000	209.892	3.212
171.200	209.891	3.212
171.400	209.890	3.212
171.600	209.890	3.212
171.800	209.891	3.212
172.000	209.891	3.212
172.200	209.892	3.212
172.400	209.892	3.212
172.600	209.890	3.212
172.800	209.891	3.213
173.000	209.891	3.213
173.200	209.891	3.213
173.400	209.891	3.213
173.600	209.891	3.213
173.800	209.891	3.213
174.000	209.890	3.213
174.200	209.892	3.213
174.400	209.891	3.213
174.600	209.890	3.213
174.800	209.891	3.213
175.000	209.891	3.213
175.200	209.890	3.213
175.400	209.888	3.213
175.600	209.889	3.213
175.800	209.890	3.213
176.000	209.890	3.213
176.200	209.890	3.213
176.400	209.889	3.213
176.600	209.889	3.213
176.800	209.891	3.213
177.000	209.890	3.214
177.200	209.891	3.214
177.400	209.890	3.214
177.600	209.893	3.214
177.800	209.892	3.214
178.000	209.891	3.214
178.200	209.891	3.214
178.400	209.892	3.214
178.600	209.892	3.214
178.800	209.891	3.214
179.000	209.891	3.214
179.200	209.891	3.214
179.400	209.890	3.214
179.600	209.890	3.214
179.800	209.891	3.214
180.000	209.891	3.214
180.200	209.890	3.214
180.400	209.891	3.214
180.600	209.892	3.214
180.800	209.892	3.215
181.000	209.891	3.215
181.200	209.893	3.215
181.400	209.893	3.215
181.600	209.892	3.215
181.800	209.891	3.215
182.000	209.893	3.215
182.200	209.891	3.215
182.400	209.893	3.215
182.600	209.893	3.215
182.800	209.893	3.215
183.000	209.893	3.215
183.200	209.891	3.215
183.400	209.893	3.215
183.600	209.892	3.215
183.800	209.895	3.215
184.000	209.892	3.215
184.200	209.894	3.215
184.400	209.893	3.215
184.600	209.891	3.215
184.800	209.893	3.216
185.000	209.892	3.216
185.200	209.891	3.216
185.400	209.892	3.216
185.600	209.892	3.216
185.800	209.890	3.216
186.000	209.892	3.216
186.200	209.893	3.216
186.400	209.891	3.216
186.600	209.892	3.216
186.800	209.892	3.216
187.000	209.893	3.216
187.200	209.894	3.216
187.400	209.894	3.216
187.600	209.893	3.216
187.800	209.893	3.216
188.000	209.895	3.216
188.200	209.894	3.216
188.400	209.892	3.216
188.600	209.892	3.216
188.800	209.892	3.216
189.000	209.894	3.217
189.200	209.894	3.217
189.400	209.893	3.217
189.600	209.892	3.217
189.800	209.892	3.217
190.000	209.893	3.217
190.200	209.892	3.217
190.400	209.893	3.217
190.600	209.894	3.217
190.800	209.892	3.217
191.000	209.893	3.217
191.200	209.893	3.217
191.400	209.892	3.217
191.600	209.893	3.217
191.800	209.895	3.217
192.000	209.893	3.217
192.200	209.894	3.217
192.400	209.894	3.217
192.600	209.894	3.217
192.800	209.892	3.218
193.000	209.894	3.218
193.200	209.892	3.218
193.400	209.893	3.218
193.600	209.893	3.218
193.800	209.893	3.218
194.000	209.893	3.218
194.200	209.892	3.218
194.400	209.891	3.218
194.600	209.893	3.218
194.800	209.892	3.218
195.000	209.891	3.218
195.200	209.893	3.218
195.400	209.892	3.218
195.600	209.894	3.218
195.800	209.893	3.218
196.000	209.892	3.218
196.200	209.894	3.218
196.400	209.893	3.218
196.600	209.893	3.218
196.800	209.894	3.218
197.000	209.893	3.218
197.200	209.892	3.219
197.400	209.892	3.219
197.600	209.892	3.219
197.800	209.892	3.219
198.000	209.891	3.219
198.200	209.890	3.219
198.400	209.891	3.219
198.600	209.892	3.219
198.800	209.894	3.219
199.000	209.891	3.219
199.200	209.891	3.219
199.400	209.893	3.219
199.600	209.891	3.219
199.800	209.892	3.219
200.000	209.892	3.219
200.200	209.892	3.219
200.400	209.893	3.219
200.600	209.892	3.219
200.800	209.894	3.219
201.000	209.895	3.219
201.200	209.891	3.219
201.400	209.894	3.220
201.600	209.892	3.220
201.800	209.892	3.220
202.000	209.894	3.220
202.200	209.891	3.220
202.400	209.892	3.220
202.600	209.890	3.220
202.800	209.893	3.220
203.000	209.891	3.220
203.200	209.892	3.220
203.400	209.894	3.220
203.600	209.892	3.220
203.800	209.892	3.220
204.000	209.889	3.220
204.200	209.892	3.220
204.400	209.892	3.220
204.600	209.893	3.220
204.800	209.894	3.220
205.000	209.893	3.220
205.200	209.896	3.220
205.400	209.894	3.220
205.600	209.894	3.221
205.800	209.893	3.221
206.000	209.893	3.221
206.200	209.891	3.221
206.400	209.892	3.221
206.600	209.893	3.221
206.800	209.891	3.221
207.000	209.892	3.221
207.200	209.892	3.221
207.400	209.894	3.221
207.600	209.894	3.221
207.800	209.891	3.221
208.000	209.893	3.221
208.200	209.892	3.221
208.400	209.893	3.221
208.600	209.893	3.221
208.800	209.892	3.221
209.000	209.892	3.221
209.200	209.892	3.221
209.400	209.893	3.221
209.600	209.893	3.221
209.800	209.894	3.221
210.000	209.894	3.221
210.200	209.894	3.222
210.400	209.893	3.222
210.600	209.894	3.222
210.800	209.892	3.222
211.000	209.893	3.222
211.200	209.893	3.222
211.400	209.892	3.222
211.600	209.894	3.222
211.800	209.894	3.222
212.000	209.893	3.222
212.200	209.894	3.222
212.400	209.894	3.222
212.600	209.895	3.222
212.800	209.894	3.222
213.000	209.894	3.222
213.200	209.894	3.222
213.400	209.893	3.222
213.600	209.894	3.222
213.800	209.895	3.222
214.000	209.895	3.222
214.200	209.894	3.222
214.400	209.894	3.222
214.600	209.895	3.223
214.800	209.894	3.223
215.000	209.897	3.223
215.200	209.894	3.223
215.400	209.895	3.223
215.600	209.894	3.223
215.800	209.895	3.223
216.000	209.895	3.223
216.200	209.894	3.223
216.400	209.893	3.223
216.600	209.894	3.223
216.800	209.894	3.223
217.000	209.895	3.223
217.200	209.894	3.223
217.400	209.894	3.223
217.600	209.893	3.223
217.800	209.893	3.223
218.000	209.894	3.223
218.200	209.894	3.223
218.400	209.893	3.223
218.600	209.893	3.223
218.800	209.893	3.224
219.000	209.893	3.224
219.200	209.893	3.224
219.400	209.894	3.224
219.600	209.893	3.224
219.800	209.895	3.224
220.000	209.893	3.224
220.200	209.892	3.224
220.400	209.893	3.224
220.600	209.891	3.224
220.800	209.892	3.224
221.000	209.893	3.224
221.200	209.893	3.224
221.400	209.892	3.224
221.600	209.892	3.224
221.800	209.895	3.224
222.000	209.893	3.224
222.200	209.895	3.224
222.400	209.894	3.224
222.600	209.891	3.224
222.800	209.892	3.224
223.000	209.892	3.225
223.200	209.891	3.225
223.400	209.892	3.225
223.600	209.892	3.225
223.800	209.893	3.225
224.000	209.893	3.225
224.200	209.892	3.225
224.400	209.894	3.225
224.600	209.892	3.225
224.800	209.894	3.225
225.000	209.894	3.225
225.200	209.892	3.225
225.400	209.894	3.225
225.600	209.892	3.225
225.800	209.893	3.225
226.000	209.893	3.225
226.200	209.894	3.225
226.400	209.894	3.225
226.600	209.893	3.225
226.800	209.894	3.225
227.000	209.893	3.225
227.200	209.895	3.226
227.400	209.896	3.226
227.600	209.894	3.226
227.800	209.893	3.226
228.000	209.894	3.226
228.200	209.893	3.226
228.400	209.893	3.226
228.600	209.893	3.226
228.800	209.895	3.226
229.000	209.894	3.226
229.200	209.896	3.226
229.400	209.896	3.226
229.600	209.893	3.226
229.800	209.895	3.226
230.000	209.893	3.226
230.200	209.893	3.226
230.400	209.893	3.226
230.600	209.894	3.226
230.800	209.893	3.226
231.000	209.894	3.226
231.200	209.892	3.226
231.400	209.894	3.227
231.600	209.894	3.227
231.800	209.894	3.227
232.000	209.893	3.227
232.200	209.893	3.227
232.400	209.893	3.227
232.600	209.892	3.227
232.800	209.891	3.227
233.000	209.892	3.227
233.200	209.892	3.227
233.400	209.892	3.227
233.600	209.893	3.227
233.800	209.894	3.227
234.000	209.895	3.227
234.200	209.894	3.227
234.400	209.893	3.227
234.600	209.894	3.227
234.800	209.894	3.227
235.000	209.894	3.227
235.200	209.895	3.227
235.400	209.894	3.227
235.600	209.894	3.228
235.800	209.894	3.228
236.000	209.893	3.228
236.200	209.896	3.228
236.400	209.894	3.228
236.600	209.894	3.228
236.800	209.892	3.228
237.000	209.892	3.228
237.200	209.895	3.228
237.400	209.893	3.228
237.600	209.893	3.228
237.800	209.893	3.228
238.000	209.893	3.228
238.200	209.893	3.228
238.400	209.893	3.228
238.600	209.891	3.228
238.800	209.893	3.228
239.000	209.891	3.228
239.200	209.893	3.228
239.400	209.892	3.228
239.600	209.893	3.228
239.800	209.893	3.228
240.000	209.893	3.229
240.200	209.895	3.229
240.400	209.895	3.229
240.600	209.892	3.229
240.800	209.893	3.229
241.000	209.891	3.229
241.200	209.893	3.229
241.400	209.893	3.229
241.600	209.893	3.229
241.800	209.892	3.229
242.000	209.892	3.229
242.200	209.892	3.229
242.400	209.893	3.229
242.600	209.893	3.229
242.800	209.892	3.229
243.000	209.895	3.229
243.200	209.892	3.229
243.400	209.892	3.229
243.600	209.890	3.229
243.800	209.889	3.229
244.000	209.892	3.229
244.200	209.890	3.229
244.400	209.893	3.230
244.600	209.889	3.230
244.800	209.891	3.230
245.000	209.891	3.230
245.200	209.892	3.230
245.400	209.892	3.230
245.600	209.893	3.230
245.800	209.890	3.230
246.000	209.892	3.230
246.200	209.892	3.230
246.400	209.892	3.230
246.600	209.893	3.230
246.800	209.894	3.230
247.000	209.894	3.230
247.200	209.895	3.230
247.400	209.894	3.230
247.600	209.894	3.230
247.800	209.894	3.230
248.000	209.892	3.230
248.200	209.893	3.230
248.400	209.893	3.230
248.600	209.891	3.231
248.800	209.891	3.231
249.000	209.891	3.231
249.200	209.892	3.231
249.400	209.891	3.231
249.600	209.891	3.231
249.800	209.892	3.231
250.000	209.892	3.231
250.200	209.893	3.231
250.400	209.893	3.231
250.600	209.892	3.231
250.800	209.892	3.231
251.000	209.893	3.231
251.200	209.894	3.231
251.400	209.892	3.231
251.600	209.892	3.231
251.800	209.894	3.231
252.000	209.892	3.231
252.200	209.891	3.231
252.400	209.891	3.231
252.600	209.893	3.231
252.800	209.894	3.231
253.000	209.894	3.231
253.200	209.894	3.231
253.400	209.896	3.232
253.600	209.895	3.232
253.800	209.895	3.232
254.000	209.894	3.232
254.200	209.894	3.232
254.400	209.894	3.232
254.600	209.893	3.232
254.800	209.894	3.232
255.000	209.893	3.232
255.200	209.894	3.232
255.400	209.894	3.232
255.600	209.895	3.232
255.800	209.895	3.232
256.000	209.896	3.232
256.200	209.896	3.232
256.400	209.896	3.232
256.600	209.894	3.232
256.800	209.897	3.232
257.000	209.895	3.232
257.200	209.894	3.232
257.400	209.898	3.233
257.600	209.894	3.233
257.800	209.896	3.233
258.000	209.894	3.233
258.200	209.895	3.233
258.400	209.895	3.233
258.600	209.895	3.233
258.800	209.897	3.233
259.000	209.896	3.233
259.200	209.895	3.233
259.400	209.893	3.233
259.600	209.896	3.233
259.800	209.894	3.233
260.000	209.892	3.233
260.200	209.895	3.233
260.400	209.894	3.233
260.600	209.895	3.233
260.800	209.895	3.233
261.000	209.893	3.233
261.200	209.895	3.233
261.400	209.894	3.233
261.600	209.897	3.233
261.800	209.894	3.233
262.000	209.896	3.234
262.200	209.896	3.234
262.400	209.896	3.234
262.600	209.896	3.234
262.800	209.896	3.234
263.000	209.894	3.234
263.200	209.895	3.234
263.400	209.895	3.234
263.600	209.894	3.234
263.800	209.895	3.234
264.000	209.895	3.234
264.200	209.894	3.234
264.400	209.894	3.234
264.600	209.895	3.234
264.800	209.895	3.234
265.000	209.895	3.234
265.200	209.894	3.234
265.400	209.896	3.234
265.600	209.895	3.234
265.800	209.895	3.234
266.000	209.895	3.234
266.200	209.895	3.234
266.400	209.893	3.234
266.600	209.894	3.234
266.800	209.897	3.235
267.000	209.896	3.235
267.200	209.897	3.235
267.400	209.895	3.235
267.600	209.897	3.235
267.800	209.896	3.235
268.000	209.896	3.235
268.200	209.897	3.235
268.400	209.897	3.235
268.600	209.896	3.235
268.800	209.895	3.235
269.000	209.895	3.235
269.200	209.896	3.235
269.400	209.894	3.235
269.600	209.896	3.235
269.800	209.894	3.235
270.000	209.894	3.235
270.200	209.896	3.235
270.400	209.897	3.235
270.600	209.897	3.235
270.800	209.896	3.235
271.000	209.897	3.236
271.200	209.897	3.236
271.400	209.897	3.236
271.600	209.896	3.236
271.800	209.895	3.236
272.000	209.895	3.236
272.200	209.898	3.236
272.400	209.897	3.236
272.600	209.896	3.236
272.800	209.896	3.236
273.000	209.897	3.236
273.200	209.897	3.236
273.400	209.897	3.236
273.600	209.898	3.236
273.800	209.897	3.236
274.000	209.896	3.236
274.200	209.897	3.236
274.400	209.897	3.236
274.600	209.897	3.236
274.800	209.896	3.236
275.000	209.895	3.236
275.200	209.895	3.236
275.400	209.897	3.237
275.600	209.897	3.237
275.800	209.895	3.237
276.000	209.896	3.237
276.200	209.896	3.237
276.400	209.896	3.237
276.600	209.897	3.237
276.800	209.897	3.237
277.000	209.898	3.237
277.200	209.897	3.237
277.400	209.897	3.237
277.600	209.897	3.237
277.800	209.897	3.237
278.000	209.898	3.237
278.200	209.896	3.237
278.400	209.896	3.237
278.600	209.896	3.237
278.800	209.896	3.237
279.000	209.897	3.237
279.200	209.897	3.237
279.400	209.897	3.237
279.600	209.899	3.237
279.800	209.895	3.237
280.000	209.897	3.238
280.200	209.898	3.238
280.400	209.899	3.238
280.600	209.897	3.238
280.800	209.897	3.238
281.000	209.896	3.238
281.200	209.898	3.238
281.400	209.897	3.238
281.600	209.896	3.238
281.800	209.897	3.238
282.000	209.897	3.238
282.200	209.898	3.238
282.400	209.896	3.238
282.600	209.897	3.238
282.800	209.897	3.238
283.000	209.896	3.238
283.200	209.897	3.238
283.400	209.898	3.238
283.600	209.897	3.238
283.800	209.896	3.238
284.000	209.896	3.238
284.200	209.898	3.239
284.400	209.897	3.239
284.600	209.897	3.239
284.800	209.898	3.239
285.000	209.897	3.239
285.200	209.895	3.239
285.400	209.899	3.239
285.600	209.897	3.239
285.800	209.896	3.239
286.000	209.897	3.239
286.200	209.898	3.239
286.400	209.899	3.239
286.600	209.897	3.239
286.800	209.897	3.239
287.000	209.899	3.239
287.200	209.898	3.239
287.400	209.898	3.239
287.600	209.898	3.239
287.800	209.898	3.239
288.000	209.897	3.239
288.200	209.898	3.239
288.400	209.898	3.239
288.600	209.897	3.239
288.800	209.897	3.240
289.000	209.897	3.240
289.200	209.897	3.240
289.400	209.899	3.240
289.600	209.896	3.240
289.800	209.898	3.240
290.000	209.897	3.240
290.200	209.897	3.240
290.400	209.897	3.240
290.600	209.898	3.240
290.800	209.898	3.240
291.000	209.899	3.240
291.200	209.898	3.240
291.400	209.897	3.240
291.600	209.898	3.240
291.800	209.898	3.240
292.000	209.898	3.240
292.200	209.901	3.240
292.400	209.897	3.240
292.600	209.898	3.240
292.800	209.897	3.240
293.000	209.897	3.240
293.200	209.897	3.240
293.400	209.897	3.240
293.600	209.896	3.240
293.800	209.897	3.241
294.000	209.897	3.241
294.200	209.898	3.241
294.400	209.898	3.241
294.600	209.897	3.241
294.800	209.897	3.241
295.000	209.896	3.241
295.200	209.898	3.241
295.400	209.898	3.241
295.600	209.898	3.241
295.800	209.897	3.241
296.000	209.897	3.241
296.200	209.898	3.241
296.400	209.898	3.241
296.600	209.897	3.241
296.800	209.897	3.241
297.000	209.898	3.241
297.200	209.895	3.241
297.400	209.896	3.241
297.600	209.896	3.241
297.800	209.896	3.241
298.000	209.896	3.242
298.200	209.896	3.242
298.400	209.896	3.242
298.600	209.897	3.242
298.800	209.896	3.242
299.000	209.896	3.242
299.200	209.897	3.242
299.400	209.898	3.242
299.600	209.898	3.242
299.800	209.898	3.242
300.000	209.897	3.242
300.200	209.897	3.242
300.400	209.898	3.242
300.600	209.896	3.242
300.800	209.898	3.242
301.000	209.898	3.242
301.200	209.898	3.242
301.400	209.899	3.242
301.600	209.896	3.242
301.800	209.898	3.242
302.000	209.896	3.242
302.200	209.896	3.242
302.400	209.897	3.243
302.600	209.896	3.243
302.800	209.897	3.243
303.000	209.898	3.243
303.200	209.897	3.243
303.400	209.898	3.243
303.600	209.897	3.243
303.800	209.897	3.243
304.000	209.897	3.243
304.200	209.898	3.243
304.400	209.898	3.243
304.600	209.898	3.243
304.800	209.896	3.243
305.000	209.898	3.243
305.200	209.897	3.243
305.400	209.898	3.243
305.600	209.895	3.243
305.800	209.897	3.243
306.000	209.896	3.243
306.200	209.896	3.243
306.400	209.894	3.243
306.600	209.895	3.243
306.800	209.898	3.243
307.000	209.896	3.243
307.200	209.896	3.243
307.400	209.897	3.243
307.600	209.895	3.244
307.800	209.895	3.244
308.000	209.896	3.244
308.200	209.897	3.244
308.400	209.898	3.244
308.600	209.898	3.244
308.800	209.898	3.244
309.000	209.896	3.244
309.200	209.895	3.244
309.400	209.895	3.244
309.600	209.896	3.244
309.800	209.896	3.244
310.000	209.895	3.244
310.200	209.897	3.244
310.400	209.897	3.244
310.600	209.898	3.244
310.800	209.896	3.244
311.000	209.897	3.244
311.200	209.897	3.244
311.400	209.898	3.244
311.600	209.897	3.244
311.800	209.897	3.244
312.000	209.897	3.244
312.200	209.896	3.245
312.400	209.895	3.245
312.600	209.895	3.245
312.800	209.894	3.245
313.000	209.895	3.245
313.200	209.896	3.245
313.400	209.895	3.245
313.600	209.897	3.245
313.800	209.897	3.245
314.000	209.897	3.245
314.200	209.898	3.245
314.400	209.896	3.245
314.600	209.896	3.245
314.800	209.898	3.245
315.000	209.898	3.245
315.200	209.897	3.245
315.400	209.898	3.245
315.600	209.899	3.245
315.800	209.899	3.245
316.000	209.897	3.245
316.200	209.898	3.245
316.400	209.898	3.245
316.600	209.897	3.245
316.800	209.898	3.245
317.000	209.898	3.245
317.200	209.898	3.246
317.400	209.897	3.246
317.600	209.898	3.246
317.800	209.896	3.246
318.000	209.897	3.246
318.200	209.897	3.246
318.400	209.896	3.246
318.600	209.898	3.246
318.800	209.897	3.246
319.000	209.897	3.246
319.200	209.896	3.246
319.400	209.896	3.246
319.600	209.897	3.246
319.800	209.898	3.246
320.000	209.897	3.246
320.200	209.898	3.246
320.400	209.897	3.246
320.600	209.896	3.246
320.800	209.897	3.246
321.000	209.900	3.246
321.200	209.899	3.246
321.400	209.896	3.246
321.600	209.897	3.246
321.800	209.898	3.246
322.000	209.899	3.246
322.200	209.896	3.246
322.400	209.897	3.247
322.600	209.896	3.247
322.800	209.897	3.247
323.000	209.898	3.247
323.200	209.896	3.247
323.400	209.897	3.247
323.600	209.897	3.247
323.800	209.898	3.247
324.000	209.898	3.247
324.200	209.896	3.247
324.400	209.895	3.247
324.600	209.894	3.247
324.800	209.896	3.247
325.000	209.896	3.247
325.200	209.897	3.247
325.400	209.897	3.247
325.600	209.897	3.247
325.800	209.896	3.247
326.000	209.896	3.247
326.200	209.897	3.247
326.400	209.897	3.247
326.600	209.897	3.247
326.800	209.896	3.248
327.000	209.895	3.248
327.200	209.896	3.248
327.400	209.896	3.248
327.600	209.895	3.248
327.800	209.896	3.248
328.000	209.897	3.248
328.200	209.896	3.248
328.400	209.896	3.248
328.600	209.897	3.248
328.800	209.896	3.248
329.000	209.895	3.248
329.200	209.895	3.248
329.400	209.896	3.248
329.600	209.897	3.248
329.800	209.896	3.248
330.000	209.898	3.248
330.200	209.897	3.248
330.400	209.895	3.248
330.600	209.897	3.248
330.800	209.897	3.248
331.000	209.895	3.248
331.200	209.894	3.248
331.400	209.895	3.248
331.600	209.895	3.249
331.800	209.895	3.249
332.000	209.894	3.249
332.200	209.895	3.249
332.400	209.895	3.249
332.600	209.895	3.249
332.800	209.896	3.249
333.000	209.896	3.249
333.200	209.895	3.249
333.400	209.894	3.249
333.600	209.894	3.249
333.800	209.894	3.249
334.000	209.896	3.249
334.200	209.895	3.249
334.400	209.897	3.249
334.600	209.896	3.249
334.800	209.894	3.249
335.000	209.894	3.249
335.200	209.895	3.249
335.400	209.896	3.249
335.600	209.896	3.249
335.800	209.893	3.249
336.000	209.895	3.249
336.200	209.895	3.249
336.400	209.895	3.250
336.600	209.896	3.250
336.800	209.896	3.250
337.000	209.894	3.250
337.200	209.895	3.250
337.400	209.896	3.250
337.600	209.895	3.250
337.800	209.896	3.250
338.000	209.896	3.250
338.200	209.895	3.250
338.400	209.895	3.250
338.600	209.895	3.250
338.800	209.895	3.250
339.000	209.895	3.250
339.200	209.894	3.250
339.400	209.895	3.250
339.600	209.895	3.250
339.800	209.895	3.250
340.000	209.894	3.250
340.200	209.893	3.250
340.400	209.894	3.250
340.600	209.894	3.250
340.800	209.894	3.250
341.000	209.896	3.250
341.200	209.896	3.251
341.400	209.894	3.251
341.600	209.896	3.251
341.800	209.896	3.251
342.000	209.897	3.251
342.200	209.895	3.251
342.400	209.896	3.251
342.600	209.894	3.251
342.800	209.894	3.251
343.000	209.894	3.251
343.200	209.894	3.251
343.400	209.894	3.251
343.600	209.893	3.251
343.800	209.894	3.251
344.000	209.895	3.251
344.200	209.895	3.251
344.400	209.895	3.251
344.600	209.894	3.251
344.800	209.895	3.251
345.000	209.894	3.251
345.200	209.894	3.251
345.400	209.894	3.251
345.600	209.895	3.251
345.800	209.895	3.251
346.000	209.894	3.251
346.200	209.895	3.252
346.400	209.894	3.252
346.600	209.894	3.252
346.800	209.895	3.252
347.000	209.894	3.252
347.200	209.894	3.252
347.400	209.895	3.252
347.600	209.894	3.252
347.800	209.894	3.252
348.000	209.893	3.252
348.200	209.895	3.252
348.400	209.895	3.252
348.600	209.895	3.252
348.800	209.894	3.252
349.000	209.892	3.252
349.200	209.892	3.252
349.400	209.894	3.252
349.600	209.894	3.252
349.800	209.895	3.252
350.000	209.895	3.252
350.200	209.894	3.252
350.400	209.895	3.252
350.600	209.894	3.252
350.800	209.894	3.252
351.000	209.895	3.252
351.200	209.895	3.252
351.400	209.894	3.252
351.600	209.894	3.253
351.800	209.894	3.253
352.000	209.893	3.253
352.200	209.896	3.253
352.400	209.894	3.253
352.600	209.895	3.253
352.800	209.894	3.253
353.000	209.895	3.253
353.200	209.894	3.253
353.400	209.895	3.253
353.600	209.895	3.253
353.800	209.895	3.253
354.000	209.896	3.253
354.200	209.894	3.253
354.400	209.894	3.253
354.600	209.896	3.253
354.800	209.896	3.253
355.000	209.897	3.253
355.200	209.896	3.253
355.400	209.897	3.253
355.600	209.896	3.253
355.800	209.899	3.254
356.000	209.898	3.254
356.200	209.898	3.254
356.400	209.897	3.254
356.600	209.898	3.254
356.800	209.896	3.254
357.000	209.897	3.254
357.200	209.896	3.254
357.400	209.896	3.254
357.600	209.895	3.254
357.800	209.896	3.254
358.000	209.898	3.254
358.200	209.895	3.254
358.400	209.896	3.254
358.600	209.896	3.254
358.800	209.897	3.254
359.000	209.896	3.254
359.200	209.897	3.254
359.400	209.898	3.254
359.600	209.896	3.254
359.800	209.895	3.254
360.000	209.897	3.254
360.200	209.896	3.254
360.400	209.894	3.254
360.600	209.896	3.254
360.800	209.897	3.255
361.000	209.895	3.255
361.200	209.896	3.255
361.400	209.897	3.255
361.600	209.897	3.255
361.800	209.897	3.255
362.000	209.897	3.255
362.200	209.897	3.255
362.400	209.898	3.255
362.600	209.897	3.255
362.800	209.896	3.255
363.000	209.897	3.255
363.200	209.896	3.255
363.400	209.894	3.255
363.600	209.897	3.255
363.800	209.896	3.255
364.000	209.895	3.255
364.200	209.897	3.255
364.400	209.896	3.255
364.600	209.896	3.255
364.800	209.896	3.255
365.000	209.896	3.255
365.200	209.895	3.255
365.400	209.895	3.255
365.600	209.897	3.255
365.800	209.896	3.255
366.000	209.896	3.255
366.200	209.894	3.256
366.400	209.897	3.256
366.600	209.897	3.256
366.800	209.896	3.256
367.000	209.897	3.256
367.200	209.896	3.256
367.400	209.895	3.256
367.600	209.895	3.256
367.800	209.894	3.256
368.000	209.894	3.256
368.200	209.895	3.256
368.400	209.893	3.256
368.600	209.895	3.256
368.800	209.896	3.256
369.000	209.896	3.256
369.200	209.896	3.256
369.400	209.896	3.256
369.600	209.896	3.256
369.800	209.897	3.256
370.000	209.895	3.256
370.200	209.898	3.256
370.400	209.897	3.256
370.600	209.896	3.256
370.800	209.897	3.256
371.000	209.898	3.257
371.200	209.897	3.257
371.400	209.898	3.257
371.600	209.898	3.257
371.800	209.898	3.257
372.000	209.898	3.257
372.200	209.897	3.257
372.400	209.896	3.257
372.600	209.897	3.257
372.800	209.897	3.257
373.000	209.898	3.257
373.200	209.897	3.257
373.400	209.896	3.257
373.600	209.897	3.257
373.800	209.898	3.257
374.000	209.900	3.257
374.200	209.897	3.257
374.400	209.899	3.257
374.600	209.899	3.257
374.800	209.899	3.257
375.000	209.898	3.257
375.200	209.899	3.257
375.400	209.899	3.257
375.600	209.900	3.257
375.800	209.898	3.257
376.000	209.897	3.257
376.200	209.897	3.258
376.400	209.897	3.258
376.600	209.898	3.258
376.800	209.899	3.258
377.000	209.898	3.258
377.200	209.896	3.258
377.400	209.897	3.258
377.600	209.898	3.258
377.800	209.899	3.258
378.000	209.897	3.258
378.200	209.899	3.258
378.400	209.898	3.258
378.600	209.898	3.258
378.800	209.897	3.258
379.000	209.898	3.258
379.200	209.896	3.258
379.400	209.897	3.258
379.600	209.898	3.258
379.800	209.897	3.258
380.000	209.898	3.258
380.200	209.896	3.258
380.400	209.897	3.258
380.600	209.896	3.258
380.800	209.897	3.258
381.000	209.898	3.258
381.200	209.896	3.258
381.400	209.896	3.258
381.600	209.897	3.259
381.800	209.897	3.259
382.000	209.896	3.259
382.200	209.897	3.259
382.400	209.896	3.259
382.600	209.897	3.259
382.800	209.896	3.259
383.000	209.897	3.259
383.200	209.895	3.259
383.400	209.896	3.259
383.600	209.897	3.259
383.800	209.896	3.259
384.000	209.896	3.259
384.200	209.895	3.259
384.400	209.897	3.259
384.600	209.896	3.259
384.800	209.897	3.259
385.000	209.897	3.259
385.200	209.896	3.259
385.400	209.898	3.259
385.600	209.898	3.259
385.800	209.898	3.259
386.000	209.897	3.259
386.200	209.896	3.260
386.400	209.897	3.260
386.600	209.898	3.260
386.800	209.897	3.260
387.000	209.898	3.260
387.200	209.898	3.260
387.400	209.897	3.260
387.600	209.897	3.260
387.800	209.897	3.260
388.000	209.895	3.260
388.200	209.898	3.260
388.400	209.897	3.260
388.600	209.897	3.260
388.800	209.896	3.260
389.000	209.898	3.260
389.200	209.898	3.260
389.400	209.897	3.260
389.600	209.898	3.260
389.800	209.897	3.260
390.000	209.898	3.260
390.200	209.898	3.260
390.400	209.898	3.260
390.600	209.898	3.260
390.800	209.898	3.260
391.000	209.897	3.260
391.200	209.896	3.260
391.400	209.895	3.261
391.600	209.895	3.261
391.800	209.896	3.261
392.000	209.895	3.261
392.200	209.895	3.261
392.400	209.896	3.261
392.600	209.895	3.261
392.800	209.895	3.261
393.000	209.896	3.261
393.200	209.897	3.261
393.400	209.895	3.261
393.600	209.897	3.261
393.800	209.896	3.261
394.000	209.895	3.261
394.200	209.895	3.261
394.400	209.894	3.261
394.600	209.896	3.261
394.800	209.896	3.261
395.000	209.895	3.261
395.200	209.896	3.261
395.400	209.895	3.261
395.600	209.896	3.261
395.800	209.896	3.261
396.000	209.897	3.261
396.200	209.895	3.261
396.400	209.895	3.261
396.600	209.895	3.262
396.800	209.894	3.262
397.000	209.895	3.262
397.200	209.896	3.262
397.400	209.898	3.262
397.600	209.897	3.262
397.800	209.897	3.262
398.000	209.896	3.262
398.200	209.896	3.262
398.400	209.898	3.262
398.600	209.897	3.262
398.800	209.897	3.262
399.000	209.896	3.262
399.200	209.896	3.262
399.400	209.896	3.262
399.600	209.897	3.262
399.800	209.898	3.262
400.000	209.898	3.262
400.200	209.898	3.262
400.400	209.900	3.262
400.600	209.899	3.262
400.800	209.899	3.262
401.000	209.899	3.262
401.200	209.898	3.262
401.400	209.898	3.262
401.600	209.900	3.263
401.800	209.897	3.263
402.000	209.900	3.263
402.200	209.897	3.263
402.400	209.897	3.263
402.600	209.899	3.263
402.800	209.896	3.263
403.000	209.898	3.263
403.200	209.898	3.263
403.400	209.897	3.263
403.600	209.896	3.263
403.800	209.896	3.263
404.000	209.896	3.263
404.200	209.897	3.263
404.400	209.895	3.263
404.600	209.897	3.263
404.800	209.895	3.263
405.000	209.896	3.263
405.200	209.897	3.263
405.400	209.896	3.263
405.600	209.896	3.263
405.800	209.896	3.263
406.000	209.897	3.263
406.200	209.894	3.263
406.400	209.896	3.263
406.600	209.895	3.263
406.800	209.895	3.264
407.000	209.896	3.264
407.200	209.894	3.264
407.400	209.896	3.264
407.600	209.895	3.264
407.800	209.897	3.264
408.000	209.897	3.264
408.200	209.897	3.264
408.400	209.896	3.264
408.600	209.896	3.264
408.800	209.895	3.264
409.000	209.893	3.264
409.200	209.895	3.264
409.400	209.895	3.264
409.600	209.895	3.264
409.800	209.896	3.264
410.000	209.895	3.264
410.200	209.895	3.264
410.400	209.895	3.264
410.600	209.897	3.264
410.800	209.896	3.264
411.000	209.897	3.264
411.200	209.897	3.264
411.400	209.896	3.264
411.600	209.896	3.264
411.800	209.896	3.264
412.000	209.897	3.264
412.200	209.895	3.264
412.400	209.894	3.265
412.600	209.897	3.265
412.800	209.895	3.265
413.000	209.895	3.265
413.200	209.895	3.265
413.400	209.896	3.265
413.600	209.896	3.265
413.800	209.896	3.265
414.000	209.896	3.265
414.200	209.897	3.265
414.400	209.896	3.265
414.600	209.896	3.265
414.800	209.896	3.265
415.000	209.895	3.265
415.200	209.896	3.265
415.400	209.896	3.265
415.600	209.896	3.265
415.800	209.898	3.265
416.000	209.897	3.265
416.200	209.898	3.265
416.400	209.896	3.265
416.600	209.897	3.265
416.800	209.899	3.265
417.000	209.898	3.265
417.200	209.897	3.265
417.400	209.897	3.266
417.600	209.898	3.266
417.800	209.896	3.266
418.000	209.897	3.266
418.200	209.896	3.266
418.400	209.898	3.266
418.600	209.898	3.266
418.800	209.897	3.266
419.000	209.898	3.266
419.200	209.896	3.266
419.400	209.899	3.266
419.600	209.897	3.266
419.800	209.898	3.266
420.000	209.897	3.266
420.200	209.895	3.266
420.400	209.897	3.266
420.600	209.898	3.266
420.800	209.897	3.266
421.000	209.897	3.266
421.200	209.896	3.266
421.400	209.897	3.266
421.600	209.899	3.266
421.800	209.898	3.266
422.000	209.897	3.266
422.200	209.897	3.266
422.400	209.896	3.266
422.600	209.897	3.267
422.800	209.897	3.267
423.000	209.897	3.267
423.200	209.898	3.267
423.400	209.898	3.267
423.600	209.896	3.267
423.800	209.897	3.267
424.000	209.899	3.267
424.200	209.897	3.267
424.400	209.898	3.267
424.600	209.896	3.267
424.800	209.896	3.267
425.000	209.898	3.267
425.200	209.898	3.267
425.400	209.899	3.267
425.600	209.897	3.267
425.800	209.898	3.267
426.000	209.898	3.267
426.200	209.896	3.267
426.400	209.898	3.267
426.600	209.898	3.267
426.800	209.899	3.267
427.000	209.900	3.267
427.200	209.899	3.267
427.400	209.899	3.267
427.600	209.900	3.267
427.800	209.900	3.268
428.000	209.900	3.268
428.200	209.900	3.268
428.400	209.901	3.268
428.600	209.900	3.268
428.800	209.900	3.268
429.000	209.899	3.268
429.200	209.899	3.268
429.400	209.899	3.268
429.600	209.900	3.268
429.800	209.899	3.268
430.000	209.899	3.268
430.200	209.900	3.268
430.400	209.900	3.268
430.600	209.900	3.268
430.800	209.898	3.268
431.000	209.901	3.268
431.200	209.900	3.268
431.400	209.901	3.268
431.600	209.902	3.268
431.800	209.902	3.268
432.000	209.901	3.268
432.200	209.900	3.268
432.400	209.901	3.268
432.600	209.900	3.268
432.800	209.899	3.268
433.000	209.900	3.268
433.200	209.900	3.269
433.400	209.901	3.269
433.600	209.899	3.269
433.800	209.899	3.269
434.000	209.898	3.269
434.200	209.901	3.269
434.400	209.900	3.269
434.600	209.898	3.269
434.800	209.900	3.269
435.000	209.900	3.269
435.200	209.900	3.269
435.400	209.901	3.269
435.600	209.900	3.269
435.800	209.898	3.269
436.000	209.900	3.269
436.200	209.900	3.269
436.400	209.900	3.269
436.600	209.900	3.269
436.800	209.900	3.269
437.000	209.900	3.269
437.200	209.900	3.269
437.400	209.900	3.269
437.600	209.900	3.269
437.800	209.901	3.269
438.000	209.901	3.269
438.200	209.900	3.269
438.400	209.901	3.269
438.600	209.901	3.269
438.800	209.900	3.270
439.000	209.901	3.270
439.200	209.901	3.270
439.400	209.899	3.270
439.600	209.900	3.270
439.800	209.901	3.270
440.000	209.901	3.270
440.200	209.901	3.270
440.400	209.902	3.270
440.600	209.902	3.270
440.800	209.902	3.270
441.000	209.902	3.270
441.200	209.901	3.270
441.400	209.901	3.270
441.600	209.900	3.270
441.800	209.900	3.270
442.000	209.902	3.270
442.200	209.900	3.270
442.400	209.901	3.270
442.600	209.902	3.270
442.800	209.900	3.270
443.000	209.901	3.270
443.200	209.901	3.270
443.400	209.902	3.270
443.600	209.902	3.270
443.800	209.901	3.270
444.000	209.901	3.270
444.200	209.901	3.270
444.400	209.898	3.270
444.600	209.900	3.270
444.800	209.900	3.271
445.000	209.901	3.271
445.200	209.901	3.271
445.400	209.900	3.271
445.600	209.901	3.271
445.800	209.901	3.271
446.000	209.900	3.271
446.200	209.899	3.271
446.400	209.899	3.271
446.600	209.901	3.271
446.800	209.901	3.271
447.000	209.902	3.271
447.200	209.899	3.271
447.400	209.901	3.271
447.600	209.899	3.271
447.800	209.899	3.271
448.000	209.900	3.271
448.200	209.899	3.271
448.400	209.901	3.271
448.600	209.901	3.271
448.800	209.901	3.271
449.000	209.901	3.271
449.200	209.901	3.271
449.400	209.899	3.271
449.600	209.902	3.271
449.800	209.901	3.271
450.000	209.901	3.272
450.200	209.901	3.272
450.400	209.901	3.272
450.600	209.900	3.272
450.800	209.901	3.272
451.000	209.900	3.272
451.200	209.900	3.272
451.400	209.900	3.272
451.600	209.900	3.272
451.800	209.901	3.272
452.000	209.901	3.272
452.200	209.903	3.272
452.400	209.902	3.272
452.600	209.901	3.272
452.800	209.901	3.272
453.000	209.901	3.272
453.200	209.901	3.272
453.400	209.902	3.272
453.600	209.902	3.272
453.800	209.902	3.272
454.000	209.901	3.272
454.200	209.901	3.272
454.400	209.902	3.272
454.600	209.901	3.272
454.800	209.901	3.272
455.000	209.901	3.272
455.200	209.900	3.273
455.400	209.901	3.273
455.600	209.900	3.273
455.800	209.900	3.273
456.000	209.901	3.273
456.200	209.901	3.273
456.400	209.901	3.273
456.600	209.902	3.273
456.800	209.901	3.273
457.000	209.901	3.273
457.200	209.902	3.273
457.400	209.899	3.273
457.600	209.901	3.273
457.800	209.899	3.273
458.000	209.900	3.273
458.200	209.900	3.273
458.400	209.901	3.273
458.600	209.901	3.273
458.800	209.899	3.273
459.000	209.900	3.273
459.200	209.901	3.273
459.400	209.900	3.273
459.600	209.900	3.273
459.800	209.901	3.273
460.000	209.899	3.273
460.200	209.901	3.273
460.400	209.902	3.273
460.600	209.900	3.273
460.800	209.900	3.273
461.000	209.899	3.274
461.200	209.899	3.274
461.400	209.900	3.274
461.600	209.900	3.274
461.800	209.900	3.274
462.000	209.900	3.274
462.200	209.899	3.274
462.400	209.899	3.274
462.600	209.900	3.274
462.800	209.900	3.274
463.000	209.900	3.274
463.200	209.899	3.274
463.400	209.899	3.274
463.600	209.899	3.274
463.800	209.899	3.274
464.000	209.900	3.274
464.200	209.901	3.274
464.400	209.899	3.274
464.600	209.900	3.274
464.800	209.900	3.274
465.000	209.901	3.274
465.200	209.901	3.274
465.400	209.899	3.274
465.600	209.901	3.274
465.800	209.900	3.274
466.000	209.899	3.274
466.200	209.900	3.275
466.400	209.901	3.275
466.600	209.901	3.275
466.800	209.901	3.275
467.000	209.901	3.275
467.200	209.901	3.275
467.400	209.901	3.275
467.600	209.901	3.275
467.800	209.899	3.275
468.000	209.901	3.275
468.200	209.900	3.275
468.400	209.900	3.275
468.600	209.902	3.275
468.800	209.900	3.275
469.000	209.900	3.275
469.200	209.902	3.275
469.400	209.901	3.275
469.600	209.900	3.275
469.800	209.901	3.275
470.000	209.901	3.275
470.200	209.900	3.275
470.400	209.900	3.275
470.600	209.899	3.275
470.800	209.900	3.275
471.000	209.901	3.275
471.200	209.901	3.275
471.400	209.899	3.275
471.600	209.900	3.275
471.800	209.900	3.276
472.000	209.900	3.276
472.200	209.901	3.276
472.400	209.899	3.276
472.600	209.899	3.276
472.800	209.901	3.276
473.000	209.902	3.276
473.200	209.903	3.276
473.400	209.901	3.276
473.600	209.901	3.276
473.800	209.902	3.276
474.000	209.904	3.276
474.200	209.903	3.276
474.400	209.903	3.276
474.600	209.904	3.276
474.800	209.904	3.276
475.000	209.904	3.276
475.200	209.903	3.276
475.400	209.903	3.276
475.600	209.901	3.276
475.800	209.902	3.276
476.000	209.903	3.276
476.200	209.901	3.276
476.400	209.900	3.276
476.600	209.901	3.276
476.800	209.902	3.276
477.000	209.901	3.276
477.200	209.900	3.276
477.400	209.900	3.277
477.600	209.901	3.277
477.800	209.901	3.277
478.000	209.901	3.277
478.200	209.901	3.277
478.400	209.903	3.277
478.600	209.900	3.277
478.800	209.901	3.277
479.000	209.900	3.277
479.200	209.901	3.277
479.400	209.900	3.277
479.600	209.900	3.277
479.800	209.901	3.277
480.000	209.901	3.277
480.200	209.901	3.277
480.400	209.901	3.277
480.600	209.901	3.277
480.800	209.901	3.277
481.000	209.902	3.277
481.200	209.901	3.277
481.400	209.900	3.277
481.600	209.900	3.277
481.800	209.900	3.277
482.000	209.901	3.277
482.200	209.900	3.277
482.400	209.901	3.277
482.600	209.902	3.277
482.800	209.901	3.277
483.000	209.901	3.278
483.200	209.901	3.278
483.400	209.901	3.278
483.600	209.901	3.278
483.800	209.903	3.278
484.000	209.903	3.278
484.200	209.901	3.278
484.400	209.903	3.278
484.600	209.902	3.278
484.800	209.903	3.278
485.000	209.902	3.278
485.200	209.900	3.278
485.400	209.903	3.278
485.600	209.904	3.278
485.800	209.902	3.278
486.000	209.902	3.278
486.200	209.902	3.278
486.400	209.901	3.278
486.600	209.904	3.278
486.800	209.902	3.278
487.000	209.901	3.278
487.200	209.904	3.278
487.400	209.902	3.278
487.600	209.902	3.278
487.800	209.903	3.278
488.000	209.902	3.278
488.200	209.902	3.278
488.400	209.902	3.278
488.600	209.902	3.279
488.800	209.901	3.279
489.000	209.901	3.279
489.200	209.901	3.279
489.400	209.902	3.279
489.600	209.903	3.279
489.800	209.903	3.279
490.000	209.903	3.279
490.200	209.903	3.279
490.400	209.902	3.279
490.600	209.902	3.279
490.800	209.903	3.279
491.000	209.902	3.279
491.200	209.904	3.279
491.400	209.901	3.279
491.600	209.903	3.279
491.800	209.904	3.279
492.000	209.901	3.279
492.200	209.902	3.279
492.400	209.903	3.279
492.600	209.901	3.279
492.800	209.903	3.279
493.000	209.903	3.279
493.200	209.902	3.279
493.400	209.903	3.279
493.600	209.902	3.279
493.800	209.902	3.279
494.000	209.900	3.279
494.200	209.901	3.279
494.400	209.901	3.280
494.600	209.899	3.280
494.800	209.900	3.280
495.000	209.899	3.280
495.200	209.901	3.280
495.400	209.900	3.280
495.600	209.900	3.280
495.800	209.900	3.280
496.000	209.901	3.280
496.200	209.902	3.280
496.400	209.901	3.280
496.600	209.901	3.280
496.800	209.900	3.280
497.000	209.899	3.280
497.200	209.899	3.280
497.400	209.900	3.280
497.600	209.899	3.280
497.800	209.899	3.280
498.000	209.900	3.280
498.200	209.901	3.280
498.400	209.900	3.280
498.600	209.900	3.280
498.800	209.899	3.280
499.000	209.900	3.280
499.200	209.899	3.280
499.400	209.900	3.280
499.600	209.900	3.280
499.800	209.900	3.280
500.000	209.901	3.281
500.200	209.900	3.281
500.400	209.900	3.281
500.600	209.900	3.281
500.800	209.900	3.281
501.000	209.899	3.281
501.200	209.898	3.281
501.400	209.900	3.281
501.600	209.900	3.281
501.800	209.899	3.281
502.000	209.900	3.281
502.200	209.899	3.281
502.400	209.899	3.281
502.600	209.901	3.281
502.800	209.900	3.281
503.000	209.900	3.281
503.200	209.901	3.281
503.400	209.902	3.281
503.600	209.900	3.281
503.800	209.902	3.281
504.000	209.901	3.281
504.200	209.902	3.281
504.400	209.901	3.281
504.600	209.902	3.281
504.800	209.901	3.281
505.000	209.902	3.281
505.200	209.901	3.281
505.400	209.902	3.281
505.600	209.903	3.281
505.800	209.900	3.282
506.000	209.901	3.282
506.200	209.902	3.282
506.400	209.903	3.282
506.600	209.901	3.282
506.800	209.903	3.282
507.000	209.901	3.282
507.200	209.901	3.282
507.400	209.902	3.282
507.600	209.902	3.282
507.800	209.901	3.282
508.000	209.901	3.282
508.200	209.900	3.282
508.400	209.901	3.282
508.600	209.901	3.282
508.800	209.901	3.282
509.000	209.901	3.282
509.200	209.901	3.282
509.400	209.901	3.282
509.600	209.900	3.282
509.800	209.901	3.282
510.000	209.899	3.282
510.200	209.900	3.282
510.400	209.899	3.282
510.600	209.899	3.282
510.800	209.900	3.282
511.000	209.899	3.282
511.200	209.899	3.282
511.400	209.898	3.282
511.600	209.898	3.282
511.800	209.900	3.282
512.000	209.899	3.282
512.200	209.899	3.282
512.400	209.897	3.282
512.600	209.898	3.282
512.800	209.898	3.282
513.000	209.898	3.282
513.200	209.899	3.283
513.400	209.899	3.283
513.600	209.900	3.283
513.800	209.899	3.283
514.000	209.900	3.283
514.200	209.901	3.283
514.400	209.900	3.283
514.600	209.901	3.283
514.800	209.900	3.283
515.000	209.899	3.283
515.200	209.901	3.283
515.400	209.900	3.283
515.600	209.899	3.283
515.800	209.900	3.283
516.000	209.898	3.283
516.200	209.900	3.283
516.400	209.900	3.283
516.600	209.901	3.283
516.800	209.901	3.283
517.000	209.901	3.283
517.200	209.900	3.283
517.400	209.900	3.283
517.600	209.901	3.283
517.800	209.900	3.283
518.000	209.901	3.283
518.200	209.899	3.283
518.400	209.901	3.283
518.600	209.901	3.283
518.800	209.901	3.284
519.000	209.900	3.284
519.200	209.899	3.284
519.400	209.901	3.284
519.600	209.900	3.284
519.800	209.902	3.284
520.000	209.902	3.284
520.200	209.902	3.284
520.400	209.900	3.284
520.600	209.900	3.284
520.800	209.899	3.284
521.000	209.900	3.284
521.200	209.898	3.284
521.400	209.901	3.284
521.600	209.900	3.284
521.800	209.902	3.284
522.000	209.901	3.284
522.200	209.901	3.284
522.400	209.901	3.284
522.600	209.899	3.284
522.800	209.902	3.284
523.000	209.902	3.284
523.200	209.902	3.284
523.400	209.902	3.284
523.600	209.900	3.284
523.800	209.902	3.284
524.000	209.903	3.284
524.200	209.901	3.284
524.400	209.899	3.284
524.600	209.899	3.284
524.800	209.900	3.285
525.000	209.902	3.285
525.200	209.902	3.285
525.400	209.899	3.285
525.600	209.900	3.285
525.800	209.900	3.285
526.000	209.899	3.285
526.200	209.900	3.285
526.400	209.899	3.285
526.600	209.900	3.285
526.800	209.900	3.285
527.000	209.900	3.285
527.200	209.899	3.285
527.400	209.901	3.285
527.600	209.900	3.285
527.800	209.900	3.285
528.000	209.901	3.285
528.200	209.899	3.285
528.400	209.898	3.285
528.600	209.898	3.285
528.800	209.900	3.285
529.000	209.901	3.285
529.200	209.901	3.285
529.400	209.900	3.285
529.600	209.898	3.285
529.800	209.902	3.285
530.000	209.900	3.285
530.200	209.901	3.285
530.400	209.903	3.285
530.600	209.901	3.286
530.800	209.903	3.286
531.000	209.902	3.286
531.200	209.902	3.286
531.400	209.900	3.286
531.600	209.900	3.286
531.800	209.901	3.286
532.000	209.899	3.286
532.200	209.900	3.286
532.400	209.901	3.286
532.600	209.900	3.286
532.800	209.901	3.286
533.000	209.901	3.286
533.200	209.903	3.286
533.400	209.903	3.286
533.600	209.903	3.286
533.800	209.903	3.286
534.000	209.903	3.286
534.200	209.904	3.286
534.400	209.903	3.286
534.600	209.904	3.286
534.800	209.904	3.286
535.000	209.903	3.286
535.200	209.902	3.286
535.400	209.901	3.286
535.600	209.903	3.286
535.800	209.901	3.286
536.000	209.902	3.286
536.200	209.904	3.286
536.400	209.900	3.287
536.600	209.903	3.287
536.800	209.901	3.287
537.000	209.900	3.287
537.200	209.901	3.287
537.400	209.901	3.287
537.600	209.901	3.287
537.800	209.900	3.287
538.000	209.902	3.287
538.200	209.902	3.287
538.400	209.903	3.287
538.600	209.902	3.287
538.800	209.900	3.287
539.000	209.902	3.287
539.200	209.903	3.287
539.400	209.903	3.287
539.600	209.903	3.287
539.800	209.902	3.287
540.000	209.905	3.287
540.200	209.904	3.287
540.400	209.904	3.287
540.600	209.904	3.287
540.800	209.904	3.287
541.000	209.904	3.287
541.200	209.903	3.287
541.400	209.902	3.287
541.600	209.903	3.287
541.800	209.901	3.287
542.000	209.902	3.287
542.200	209.902	3.288
542.400	209.902	3.288
542.600	209.900	3.288
542.800	209.902	3.288
543.000	209.901	3.288
543.200	209.901	3.288
543.400	209.900	3.288
543.600	209.901	3.288
543.800	209.901	3.288
544.000	209.901	3.288
544.200	209.902	3.288
544.400	209.901	3.288
544.600	209.902	3.288
544.800	209.902	3.288
545.000	209.903	3.288
545.200	209.901	3.288
545.400	209.900	3.288
545.600	209.902	3.288
545.800	209.901	3.288
546.000	209.902	3.288
546.200	209.903	3.288
546.400	209.901	3.288
546.600	209.901	3.288
546.800	209.902	3.288
547.000	209.900	3.288
547.200	209.901	3.288
547.400	209.901	3.288
547.600	209.902	3.288
547.800	209.903	3.288
548.000	209.901	3.288
548.200	209.901	3.288
548.400	209.900	3.289
548.600	209.900	3.289
548.800	209.904	3.289
549.000	209.902	3.289
549.200	209.901	3.289
549.400	209.901	3.289
549.600	209.903	3.289
549.800	209.903	3.289
550.000	209.901	3.289
550.200	209.903	3.289
550.400	209.901	3.289
550.600	209.900	3.289
550.800	209.903	3.289
551.000	209.901	3.289
551.200	209.901	3.289
551.400	209.902	3.289
551.600	209.902	3.289
551.800	209.902	3.289
552.000	209.902	3.289
552.200	209.902	3.289
552.400	209.902	3.289
552.600	209.902	3.289
552.800	209.900	3.289
553.000	209.902	3.289
553.200	209.902	3.289
553.400	209.903	3.289
553.600	209.902	3.289
553.800	209.901	3.289
554.000	209.901	3.289
554.200	209.901	3.289
554.400	209.901	3.289
554.600	209.900	3.289
554.800	209.902	3.290
555.000	209.900	3.290
555.200	209.900	3.290
555.400	209.900	3.290
555.600	209.899	3.290
555.800	209.901	3.290
556.000	209.900	3.290
556.200	209.900	3.290
556.400	209.901	3.290
556.600	209.901	3.290
556.800	209.900	3.290
557.000	209.902	3.290
557.200	209.901	3.290
557.400	209.901	3.290
557.600	209.900	3.290
557.800	209.904	3.290
558.000	209.901	3.290
558.200	209.900	3.290
558.400	209.900	3.290
558.600	209.900	3.290
558.800	209.901	3.290
559.000	209.899	3.290
559.200	209.900	3.290
559.400	209.900	3.290
559.600	209.901	3.290
559.800	209.900	3.290
560.000	209.901	3.290
560.200	209.900	3.290
560.400	209.900	3.291
560.600	209.900	3.291
560.800	209.900	3.291
561.000	209.899	3.291
561.200	209.899	3.291
561.400	209.900	3.291
561.600	209.902	3.291
561.800	209.900	3.291
562.000	209.901	3.291
562.200	209.901	3.291
562.400	209.900	3.291
562.600	209.899	3.291
562.800	209.900	3.291
563.000	209.899	3.291
563.200	209.900	3.291
563.400	209.899	3.291
563.600	209.901	3.291
563.800	209.899	3.291
564.000	209.901	3.291
564.200	209.901	3.291
564.400	209.902	3.291
564.600	209.900	3.291
564.800	209.902	3.291
565.000	209.900	3.291
565.200	209.902	3.291
565.400	209.899	3.291
565.600	209.901	3.291
565.800	209.902	3.291
566.000	209.901	3.291
566.200	209.901	3.292
566.400	209.899	3.292
566.600	209.900	3.292
566.800	209.899	3.292
567.000	209.900	3.292
567.200	209.900	3.292
567.400	209.900	3.292
567.600	209.900	3.292
567.800	209.901	3.292
568.000	209.901	3.292
568.200	209.901	3.292
568.400	209.901	3.292
568.600	209.901	3.292
568.800	209.901	3.292
569.000	209.901	3.292
569.200	209.900	3.292
569.400	209.900	3.292
569.600	209.901	3.292
569.800	209.901	3.292
570.000	209.901	3.292
570.200	209.901	3.292
570.400	209.901	3.292
570.600	209.902	3.292
570.800	209.902	3.292
571.000	209.903	3.292
571.200	209.903	3.292
571.400	209.903	3.292
571.600	209.902	3.292
571.800	209.902	3.292
572.000	209.901	3.292
572.200	209.903	3.292
572.400	209.903	3.292
572.600	209.904	3.292
572.800	209.904	3.293
573.000	209.903	3.293
573.200	209.904	3.293
573.400	209.905	3.293
573.600	209.903	3.293
573.800	209.905	3.293
574.000	209.904	3.293
574.200	209.904	3.293
574.400	209.904	3.293
574.600	209.904	3.293
574.800	209.902	3.293
575.000	209.904	3.293
575.200	209.902	3.293
575.400	209.903	3.293
575.600	209.902	3.293
575.800	209.903	3.293
576.000	209.903	3.293
576.200	209.901	3.293
576.400	209.902	3.293
576.600	209.902	3.293
576.800	209.902	3.293
577.000	209.901	3.293
577.200	209.901	3.293
577.400	209.902	3.293
577.600	209.902	3.293
577.800	209.902	3.293
578.000	209.904	3.293
578.200	209.903	3.293
578.400	209.902	3.293
578.600	209.903	3.293
578.800	209.903	3.294
579.000	209.904	3.294
579.200	209.903	3.294
579.400	209.904	3.294
579.600	209.903	3.294
579.800	209.902	3.294
580.000	209.902	3.294
580.200	209.902	3.294
580.400	209.903	3.294
580.600	209.903	3.294
580.800	209.902	3.294
581.000	209.902	3.294
581.200	209.904	3.294
581.400	209.903	3.294
581.600	209.902	3.294
581.800	209.903	3.294
582.000	209.903	3.294
582.200	209.902	3.294
582.400	209.903	3.294
582.600	209.904	3.294
582.800	209.904	3.294
583.000	209.902	3.294
583.200	209.903	3.294
583.400	209.904	3.294
583.600	209.904	3.294
583.800	209.906	3.294
584.000	209.906	3.294
584.200	209.904	3.294
584.400	209.904	3.294
584.600	209.902	3.294
584.800	209.904	3.294
585.000	209.901	3.294
585.200	209.902	3.294
585.400	209.903	3.294
585.600	209.902	3.295
585.800	209.903	3.295
586.000	209.903	3.295
586.200	209.904	3.295
586.400	209.904	3.295
586.600	209.904	3.295
586.800	209.904	3.295
587.000	209.902	3.295
587.200	209.902	3.295
587.400	209.903	3.295
587.600	209.903	3.295
587.800	209.903	3.295
588.000	209.904	3.295
588.200	209.903	3.295
588.400	209.903	3.295
588.600	209.904	3.295
588.800	209.904	3.295
589.000	209.903	3.295
589.200	209.903	3.295
589.400	209.904	3.295
589.600	209.903	3.295
589.800	209.904	3.295
590.000	209.901	3.295
590.200	209.902	3.295
590.400	209.902	3.295
590.600	209.903	3.295
590.800	209.903	3.295
591.000	209.901	3.295
591.200	209.904	3.295
591.400	209.901	3.295
591.600	209.903	3.295
591.800	209.901	3.296
592.000	209.901	3.296
592.200	209.903	3.296
592.400	209.901	3.296
592.600	209.902	3.296
592.800	209.901	3.296
593.000	209.903	3.296
593.200	209.903	3.296
593.400	209.902	3.296
593.600	209.904	3.296
593.800	209.903	3.296
594.000	209.904	3.296
594.200	209.902	3.296
594.400	209.901	3.296
594.600	209.904	3.296
594.800	209.903	3.296
595.000	209.902	3.296
595.200	209.902	3.296
595.400	209.905	3.296
595.600	209.902	3.296
595.800	209.903	3.296
596.000	209.903	3.296
596.200	209.903	3.296
596.400	209.903	3.296
596.600	209.903	3.296
596.800	209.903	3.296
597.000	209.902	3.296
597.200	209.902	3.296
597.400	209.903	3.296
597.600	209.904	3.296
597.800	209.904	3.296
598.000	209.904	3.297
598.200	209.904	3.297
598.400	209.905	3.297
598.600	209.903	3.297
598.800	209.903	3.297
599.000	209.903	3.297
599.200	209.904	3.297
599.400	209.907	3.297
599.600	209.906	3.297
599.800	209.904	3.297
600.000	209.903	3.297
600.200	209.904	3.297
600.400	209.905	3.297
600.600	209.904	3.297
600.800	209.905	3.297
601.000	209.905	3.297
601.200	209.906	3.297
601.400	209.905	3.297
601.600	209.906	3.297
601.800	209.905	3.297
602.000	209.905	3.297
602.200	209.905	3.297
602.400	209.905	3.297
602.600	209.904	3.297
602.800	209.904	3.297
603.000	209.903	3.297
603.200	209.906	3.297
603.400	209.903	3.297
603.600	209.903	3.297
603.800	209.902	3.297
604.000	209.903	3.297
604.200	209.904	3.298
604.400	209.905	3.298
604.600	209.905	3.298
604.800	209.904	3.298
605.000	209.904	3.298
605.200	209.904	3.298
605.400	209.904	3.298
605.600	209.904	3.298
605.800	209.903	3.298
606.000	209.904	3.298
606.200	209.905	3.298
606.400	209.902	3.298
606.600	209.903	3.298
606.800	209.904	3.298
607.000	209.905	3.298
607.200	209.904	3.298
607.400	209.904	3.298
607.600	209.904	3.298
607.800	209.903	3.298
608.000	209.903	3.298
608.200	209.905	3.298
608.400	209.903	3.298
608.600	209.903	3.298
608.800	209.905	3.298
609.000	209.906	3.298
609.200	209.903	3.298
609.400	209.903	3.298
609.600	209.905	3.298
609.800	209.906	3.298
610.000	209.903	3.298
610.200	209.904	3.298
610.400	209.905	3.298
610.600	209.904	3.298
610.800	209.905	3.299
611.000	209.905	3.299
611.200	209.905	3.299
611.400	209.904	3.299
611.600	209.904	3.299
611.800	209.904	3.299
612.000	209.903	3.299
612.200	209.903	3.299
612.400	209.905	3.299
612.600	209.903	3.299
612.800	209.904	3.299
613.000	209.902	3.299
613.200	209.904	3.299
613.400	209.904	3.299
613.600	209.906	3.299
613.800	209.904	3.299
614.000	209.903	3.299
614.200	209.905	3.299
614.400	209.903	3.299
614.600	209.904	3.299
614.800	209.905	3.299
615.000	209.905	3.299
615.200	209.904	3.299
615.400	209.903	3.299
615.600	209.903	3.299
615.800	209.904	3.299
616.000	209.905	3.299
616.200	209.904	3.299
616.400	209.903	3.299
616.600	209.904	3.299
616.800	209.905	3.299
617.000	209.903	3.300
617.200	209.905	3.300
617.400	209.905	3.300
617.600	209.905	3.300
617.800	209.905	3.300
618.000	209.904	3.300
618.200	209.905	3.300
618.400	209.904	3.300
618.600	209.904	3.300
618.800	209.904	3.300
619.000	209.903	3.300
619.200	209.902	3.300
619.400	209.903	3.300
619.600	209.902	3.300
619.800	209.903	3.300
620.000	209.902	3.300
620.200	209.904	3.300
620.400	209.902	3.300
620.600	209.902	3.300
620.800	209.903	3.300
621.000	209.902	3.300
621.200	209.902	3.300
621.400	209.901	3.300
621.600	209.902	3.300
621.800	209.902	3.300
622.000	209.900	3.300
622.200	209.902	3.300
622.400	209.903	3.300
622.600	209.902	3.300
622.800	209.904	3.300
623.000	209.903	3.301
623.200	209.904	3.301
623.400	209.904	3.301
623.600	209.902	3.301
623.800	209.906	3.301
624.000	209.905	3.301
624.200	209.905	3.301
624.400	209.905	3.301
624.600	209.904	3.301
624.800	209.905	3.301
625.000	209.903	3.301
625.200	209.904	3.301
625.400	209.904	3.301
625.600	209.904	3.301
625.800	209.905	3.301
626.000	209.905	3.301
626.200	209.905	3.301
626.400	209.905	3.301
626.600	209.905	3.301
626.800	209.904	3.301
627.000	209.905	3.301
627.200	209.904	3.301
627.400	209.904	3.301
627.600	209.905	3.301
627.800	209.903	3.301
628.000	209.904	3.301
628.200	209.906	3.301
628.400	209.906	3.301
628.600	209.906	3.301
628.800	209.906	3.301
629.000	209.905	3.301
629.200	209.905	3.301
629.400	209.905	3.301
629.600	209.904	3.302
629.800	209.905	3.302
630.000	209.906	3.302
630.200	209.904	3.302
630.400	209.904	3.302
630.600	209.905	3.302
630.800	209.904	3.302
631.000	209.905	3.302
631.200	209.906	3.302
631.400	209.906	3.302
631.600	209.905	3.302
631.800	209.905	3.302
632.000	209.904	3.302
632.200	209.905	3.302
632.400	209.902	3.302
632.600	209.906	3.302
632.800	209.906	3.302
633.000	209.904	3.302
633.200	209.905	3.302
633.400	209.903	3.302
633.600	209.903	3.302
633.800	209.906	3.302
634.000	209.906	3.302
634.200	209.904	3.302
634.400	209.903	3.302
634.600	209.903	3.302
634.800	209.902	3.302
635.000	209.903	3.302
635.200	209.903	3.302
635.400	209.903	3.302
635.600	209.904	3.302
635.800	209.905	3.303
636.000	209.904	3.303
636.200	209.903	3.303
636.400	209.904	3.303
636.600	209.903	3.303
636.800	209.903	3.303
637.000	209.903	3.303
637.200	209.903	3.303
637.400	209.904	3.303
637.600	209.904	3.303
637.800	209.903	3.303
638.000	209.905	3.303
638.200	209.903	3.303
638.400	209.903	3.303
638.600	209.903	3.303
638.800	209.905	3.303
639.000	209.903	3.303
639.200	209.903	3.303
639.400	209.903	3.303
639.600	209.903	3.303
639.800	209.903	3.303
640.000	209.903	3.303
640.200	209.905	3.303
640.400	209.905	3.303
640.600	209.904	3.303
640.800	209.903	3.303
641.000	209.904	3.303
641.200	209.903	3.303
641.400	209.902	3.303
641.600	209.903	3.303
641.800	209.903	3.303
642.000	209.903	3.304
642.200	209.904	3.304
642.400	209.903	3.304
642.600	209.905	3.304
642.800	209.904	3.304
643.000	209.903	3.304
643.200	209.903	3.304
643.400	209.904	3.304
643.600	209.904	3.304
643.800	209.904	3.304
644.000	209.904	3.304
644.200	209.905	3.304
644.400	209.905	3.304
644.600	209.903	3.304
644.800	209.907	3.304
645.000	209.905	3.304
645.200	209.905	3.304
645.400	209.905	3.304
645.600	209.905	3.304
645.800	209.905	3.304
646.000	209.906	3.304
646.200	209.905	3.304
646.400	209.905	3.304
646.600	209.905	3.304
646.800	209.903	3.304
647.000	209.904	3.304
647.200	209.903	3.304
647.400	209.905	3.304
647.600	209.906	3.304
647.800	209.906	3.304
648.000	209.904	3.304
648.200	209.904	3.304
648.400	209.904	3.304
648.600	209.905	3.304
648.800	209.905	3.304
649.000	209.905	3.304
649.200	209.905	3.305
649.400	209.905	3.305
649.600	209.906	3.305
649.800	209.906	3.305
650.000	209.907	3.305
650.200	209.906	3.305
650.400	209.906	3.305
650.600	209.905	3.305
650.800	209.907	3.305
651.000	209.906	3.305
651.200	209.905	3.305
651.400	209.906	3.305
651.600	209.905	3.305
651.800	209.906	3.305
652.000	209.907	3.305
652.200	209.908	3.305
652.400	209.907	3.305
652.600	209.908	3.305
652.800	209.907	3.305
653.000	209.908	3.305
653.200	209.907	3.305
653.400	209.907	3.305
653.600	209.908	3.305
653.800	209.908	3.305
654.000	209.906	3.305
654.200	209.905	3.305
654.400	209.906	3.305
654.600	209.906	3.305
654.800	209.906	3.305
655.000	209.907	3.305
655.200	209.907	3.306
655.400	209.906	3.306
655.600	209.907	3.306
655.800	209.906	3.306
656.000	209.907	3.306
656.200	209.907	3.306
656.400	209.906	3.306
656.600	209.906	3.306
656.800	209.907	3.306
657.000	209.908	3.306
657.200	209.907	3.306
657.400	209.907	3.306
657.600	209.905	3.306
657.800	209.904	3.306
658.000	209.905	3.306
658.200	209.907	3.306
658.400	209.906	3.306
658.600	209.906	3.306
658.800	209.906	3.306
659.000	209.905	3.306
659.200	209.907	3.306
659.400	209.907	3.306
659.600	209.906	3.306
659.800	209.906	3.306
660.000	209.904	3.306
660.200	209.904	3.306
660.400	209.902	3.306
660.600	209.906	3.306
660.800	209.904	3.306
661.000	209.905	3.306
661.200	209.906	3.306
661.400	209.905	3.306
661.600	209.905	3.306
661.800	209.905	3.306
662.000	209.904	3.307
662.200	209.905	3.307
662.400	209.904	3.307
662.600	209.906	3.307
662.800	209.906	3.307
663.000	209.904	3.307
663.200	209.905	3.307
663.400	209.906	3.307
663.600	209.905	3.307
663.800	209.904	3.307
664.000	209.906	3.307
664.200	209.906	3.307
664.400	209.905	3.307
664.600	209.904	3.307
664.800	209.905	3.307
665.000	209.904	3.307
665.200	209.905	3.307
665.400	209.904	3.307
665.600	209.905	3.307
665.800	209.905	3.307
666.000	209.905	3.307
666.200	209.906	3.307
666.400	209.905	3.307
666.600	209.905	3.307
666.800	209.906	3.307
667.000	209.905	3.307
667.200	209.905	3.307
667.400	209.904	3.307
667.600	209.905	3.307
667.800	209.906	3.307
668.000	209.906	3.307
668.200	209.907	3.307
668.400	209.905	3.307
668.600	209.906	3.307
668.800	209.905	3.308
669.000	209.904	3.308
669.200	209.906	3.308
669.400	209.907	3.308
669.600	209.905	3.308
669.800	209.906	3.308
670.000	209.907	3.308
670.200	209.906	3.308
670.400	209.907	3.308
670.600	209.906	3.308
670.800	209.906	3.308
671.000	209.905	3.308
671.200	209.905	3.308
671.400	209.906	3.308
671.600	209.904	3.308
671.800	209.906	3.308
672.000	209.907	3.308
672.200	209.907	3.308
672.400	209.905	3.308
672.600	209.906	3.308
672.800	209.905	3.308
673.000	209.904	3.308
673.200	209.904	3.308
673.400	209.905	3.308
673.600	209.905	3.308
673.800	209.904	3.308
674.000	209.905	3.308
674.200	209.906	3.308
674.400	209.905	3.308
674.600	209.907	3.308
674.800	209.906	3.308
675.000	209.906	3.308
675.200	209.906	3.308
675.400	209.907	3.309
675.600	209.906	3.309
675.800	209.905	3.309
676.000	209.906	3.309
676.200	209.906	3.309
676.400	209.907	3.309
676.600	209.906	3.309
676.800	209.906	3.309
677.000	209.905	3.309
677.200	209.906	3.309
677.400	209.907	3.309
677.600	209.907	3.309
677.800	209.906	3.309
678.000	209.908	3.309
678.200	209.906	3.309
678.400	209.907	3.309
678.600	209.908	3.309
678.800	209.907	3.309
679.000	209.908	3.309
679.200	209.906	3.309
679.400	209.905	3.309
679.600	209.906	3.309
679.800	209.906	3.309
680.000	209.907	3.309
680.200	209.907	3.309
680.400	209.908	3.309
680.600	209.906	3.309
680.800	209.906	3.309
681.000	209.908	3.309
681.200	209.908	3.309
681.400	209.907	3.309
681.600	209.906	3.309
681.800	209.906	3.310
682.000	209.907	3.310
682.200	209.908	3.310
682.400	209.907	3.310
682.600	209.909	3.310
682.800	209.907	3.310
683.000	209.908	3.310
683.200	209.906	3.310
683.400	209.907	3.310
683.600	209.906	3.310
683.800	209.904	3.310
684.000	209.906	3.310
684.200	209.905	3.310
684.400	209.906	3.310
684.600	209.906	3.310
684.800	209.907	3.310
685.000	209.906	3.310
685.200	209.906	3.310
685.400	209.905	3.310
685.600	209.904	3.310
685.800	209.904	3.310
686.000	209.905	3.310
686.200	209.907	3.310
686.400	209.906	3.310
686.600	209.906	3.310
686.800	209.906	3.310
687.000	209.906	3.310
687.200	209.907	3.310
687.400	209.906	3.310
687.600	209.905	3.310
687.800	209.905	3.310
688.000	209.904	3.310
688.200	209.906	3.310
688.400	209.905	3.310
688.600	209.906	3.310
688.800	209.905	3.310
689.000	209.904	3.311
689.200	209.905	3.311
689.400	209.905	3.311
689.600	209.905	3.311
689.800	209.905	3.311
690.000	209.905	3.311
690.200	209.902	3.311
690.400	209.903	3.311
690.600	209.905	3.311
690.800	209.905	3.311
691.000	209.904	3.311
691.200	209.904	3.311
691.400	209.906	3.311
691.600	209.904	3.311
691.800	209.904	3.311
692.000	209.905	3.311
692.200	209.904	3.311
692.400	209.905	3.311
692.600	209.907	3.311
692.800	209.904	3.311
693.000	209.904	3.311
693.200	209.904	3.311
693.400	209.903	3.311
693.600	209.903	3.311
693.800	209.903	3.311
694.000	209.902	3.311
694.200	209.903	3.311
694.400	209.903	3.311
694.600	209.903	3.311
694.800	209.903	3.311
695.000	209.905	3.311
695.200	209.904	3.311
695.400	209.904	3.311
695.600	209.905	3.312
695.800	209.904	3.312
696.000	209.903	3.312
696.200	209.904	3.312
696.400	209.905	3.312
696.600	209.904	3.312
696.800	209.905	3.312
697.000	209.903	3.312
697.200	209.905	3.312
697.400	209.904	3.312
697.600	209.904	3.312
697.800	209.904	3.312
698.000	209.905	3.312
698.200	209.906	3.312
698.400	209.905	3.312
698.600	209.907	3.312
698.800	209.906	3.312
699.000	209.904	3.312
699.200	209.906	3.312
699.400	209.905	3.312
699.600	209.905	3.312
699.800	209.905	3.312
700.000	209.908	3.312
700.200	209.906	3.312
700.400	209.905	3.312
700.600	209.909	3.312
700.800	209.906	3.312
701.000	209.907	3.312
701.200	209.906	3.312
701.400	209.906	3.312
701.600	209.905	3.312
701.800	209.904	3.312
702.000	209.907	3.313
702.200	209.906	3.313
702.400	209.907	3.313
702.600	209.907	3.313
702.800	209.906	3.313
703.000	209.906	3.313
703.200	209.906	3.313
703.400	209.905	3.313
703.600	209.904	3.313
703.800	209.906	3.313
704.000	209.906	3.313
704.200	209.905	3.313
704.400	209.903	3.313
704.600	209.906	3.313
704.800	209.906	3.313
705.000	209.906	3.313
705.200	209.905	3.313
705.400	209.905	3.313
705.600	209.906	3.313
705.800	209.906	3.313
706.000	209.907	3.313
706.200	209.907	3.313
706.400	209.907	3.313
706.600	209.907	3.313
706.800	209.907	3.313
707.000	209.906	3.313
707.200	209.906	3.313
707.400	209.906	3.313
707.600	209.905	3.313
707.800	209.907	3.313
708.000	209.906	3.313
708.200	209.907	3.313
708.400	209.907	3.313
708.600	209.907	3.313
708.800	209.907	3.313
709.000	209.906	3.314
709.200	209.907	3.314
709.400	209.906	3.314
709.600	209.905	3.314
709.800	209.905	3.314
710.000	209.905	3.314
710.200	209.906	3.314
710.400	209.906	3.314
710.600	209.906	3.314
710.800	209.907	3.314
711.000	209.907	3.314
711.200	209.908	3.314
711.400	209.907	3.314
711.600	209.908	3.314
711.800	209.908	3.314
712.000	209.907	3.314
712.200	209.905	3.314
712.400	209.906	3.314
712.600	209.907	3.314
712.800	209.907	3.314
713.000	209.907	3.314
713.200	209.907	3.314
713.400	209.908	3.314
713.600	209.906	3.314
713.800	209.908	3.314
714.000	209.907	3.314
714.200	209.909	3.314
714.400	209.908	3.314
714.600	209.907	3.314
714.800	209.906	3.314
715.000	209.906	3.314
715.200	209.907	3.315
715.400	209.908	3.315
715.600	209.905	3.315
715.800	209.905	3.315
716.000	209.907	3.315
716.200	209.907	3.315
716.400	209.907	3.315
716.600	209.908	3.315
716.800	209.907	3.315
717.000	209.907	3.315
717.200	209.909	3.315
717.400	209.909	3.315
717.600	209.909	3.315
717.800	209.908	3.315
718.000	209.909	3.315
718.200	209.910	3.315
718.400	209.908	3.315
718.600	209.908	3.315
718.800	209.909	3.315
719.000	209.909	3.315
719.200	209.909	3.315
719.400	209.909	3.315
719.600	209.910	3.315
719.800	209.908	3.315
720.000	209.907	3.315
720.200	209.908	3.315
720.400	209.907	3.315
720.600	209.909	3.315
720.800	209.910	3.315
721.000	209.909	3.315
721.200	209.908	3.315
721.400	209.908	3.315
721.600	209.911	3.315
721.800	209.911	3.315
722.000	209.909	3.315
722.200	209.910	3.316
722.400	209.909	3.316
722.600	209.907	3.316
722.800	209.908	3.316
723.000	209.908	3.316
723.200	209.908	3.316
723.400	209.907	3.316
723.600	209.908	3.316
723.800	209.909	3.316
724.000	209.911	3.316
724.200	209.911	3.316
724.400	209.910	3.316
724.600	209.910	3.316
724.800	209.909	3.316
725.000	209.908	3.316
725.200	209.908	3.316
725.400	209.908	3.316
725.600	209.908	3.316
725.800	209.910	3.316
726.000	209.908	3.316
726.200	209.909	3.316
726.400	209.908	3.316
726.600	209.908	3.316
726.800	209.910	3.316
727.000	209.909	3.316
727.200	209.907	3.316
727.400	209.908	3.316
727.600	209.908	3.316
727.800	209.909	3.316
728.000	209.908	3.316
728.200	209.908	3.316
728.400	209.907	3.316
728.600	209.908	3.316
728.800	209.907	3.316
729.000	209.906	3.316
729.200	209.906	3.316
729.400	209.908	3.317
729.600	209.908	3.316
729.800	209.906	3.317
730.000	209.906	3.317
730.200	209.907	3.317
730.400	209.906	3.317
730.600	209.906	3.317
730.800	209.908	3.317
731.000	209.908	3.317
731.200	209.906	3.317
731.400	209.906	3.317
731.600	209.907	3.317
731.800	209.906	3.317
732.000	209.905	3.317
732.200	209.905	3.317
732.400	209.905	3.317
732.600	209.904	3.317
732.800	209.905	3.317
733.000	209.905	3.317
733.200	209.905	3.317
733.400	209.905	3.317
733.600	209.904	3.317
733.800	209.904	3.317
734.000	209.904	3.317
734.200	209.905	3.317
734.400	209.904	3.317
734.600	209.904	3.317
734.800	209.905	3.317
735.000	209.905	3.317
735.200	209.905	3.317
735.400	209.905	3.317
735.600	209.906	3.317
735.800	209.906	3.317
736.000	209.907	3.317
736.200	209.906	3.317
736.400	209.905	3.317
736.600	209.905	3.318
736.800	209.905	3.318
737.000	209.907	3.318
737.200	209.905	3.318
737.400	209.905	3.318
737.600	209.904	3.318
737.800	209.904	3.318
738.000	209.904	3.318
738.200	209.905	3.318
738.400	209.905	3.318
738.600	209.906	3.318
738.800	209.906	3.318
739.000	209.907	3.318
739.200	209.906	3.318
739.400	209.907	3.318
739.600	209.904	3.318
739.800	209.905	3.318
740.000	209.905	3.318
740.200	209.906	3.318
740.400	209.906	3.318
740.600	209.906	3.318
740.800	209.907	3.318
741.000	209.907	3.318
741.200	209.906	3.318
741.400	209.907	3.318
741.600	209.906	3.318
741.800	209.906	3.318
742.000	209.906	3.318
742.200	209.906	3.318
742.400	209.907	3.318
742.600	209.908	3.318
742.800	209.908	3.318
743.000	209.908	3.318
743.200	209.907	3.318
743.400	209.908	3.318
743.600	209.906	3.318
743.800	209.908	3.318
744.000	209.909	3.318
744.200	209.908	3.318
744.400	209.909	3.319
744.600	209.907	3.319
744.800	209.908	3.319
745.000	209.906	3.319
745.200	209.908	3.319
745.400	209.908	3.319
745.600	209.907	3.319
745.800	209.907	3.319
746.000	209.907	3.319
746.200	209.907	3.319
746.400	209.908	3.319
746.600	209.907	3.319
746.800	209.907	3.319
747.000	209.905	3.319
747.200	209.906	3.319
747.400	209.906	3.319
747.600	209.909	3.319
747.800	209.906	3.319
748.000	209.907	3.319
748.200	209.907	3.319
748.400	209.908	3.319
748.600	209.906	3.319
748.800	209.909	3.319
749.000	209.911	3.319
749.200	209.910	3.319
749.400	209.909	3.319
749.600	209.909	3.319
749.800	209.908	3.319
750.000	209.909	3.319
750.200	209.910	3.319
750.400	209.908	3.319
750.600	209.909	3.319
750.800	209.907	3.319
751.000	209.909	3.319
751.200	209.909	3.319
751.400	209.910	3.319
751.600	209.908	3.319
751.800	209.908	3.320
752.000	209.908	3.320
752.200	209.909	3.320
752.400	209.907	3.320
752.600	209.909	3.320
752.800	209.909	3.320
753.000	209.906	3.320
753.200	209.907	3.320
753.400	209.907	3.320
753.600	209.909	3.320
753.800	209.909	3.320
754.000	209.910	3.320
754.200	209.910	3.320
754.400	209.910	3.320
754.600	209.909	3.320
754.800	209.910	3.320
755.000	209.910	3.320
755.200	209.910	3.320
755.400	209.910	3.320
755.600	209.909	3.320
755.800	209.910	3.320
756.000	209.910	3.320
756.200	209.908	3.320
756.400	209.909	3.320
756.600	209.911	3.320
756.800	209.910	3.320
757.000	209.911	3.320
757.200	209.910	3.320
757.400	209.910	3.320
757.600	209.908	3.320
757.800	209.908	3.320
758.000	209.908	3.320
758.200	209.909	3.320
758.400	209.908	3.320
758.600	209.910	3.320
758.800	209.910	3.321
759.000	209.910	3.321
759.200	209.911	3.321
759.400	209.908	3.321
759.600	209.909	3.321
759.800	209.908	3.321
760.000	209.910	3.321
760.200	209.909	3.321
760.400	209.909	3.321
760.600	209.909	3.321
760.800	209.911	3.321
761.000	209.910	3.321
761.200	209.910	3.321
761.400	209.911	3.321
761.600	209.910	3.321
761.800	209.908	3.321
762.000	209.909	3.321
762.200	209.909	3.321
762.400	209.910	3.321
762.600	209.908	3.321
762.800	209.908	3.321
763.000	209.908	3.321
763.200	209.910	3.321
763.400	209.909	3.321
763.600	209.908	3.321
763.800	209.908	3.321
764.000	209.908	3.321
764.200	209.907	3.321
764.400	209.908	3.321
764.600	209.911	3.321
764.800	209.909	3.321
765.000	209.910	3.321
765.200	209.911	3.321
765.400	209.909	3.322
765.600	209.909	3.322
765.800	209.910	3.322
766.000	209.908	3.322
766.200	209.910	3.322
766.400	209.911	3.322
766.600	209.909	3.322
766.800	209.909	3.322
767.000	209.909	3.322
767.200	209.908	3.322
767.400	209.908	3.322
767.600	209.909	3.322
767.800	209.910	3.322
768.000	209.910	3.322
768.200	209.909	3.322
768.400	209.910	3.322
768.600	209.911	3.322
768.800	209.909	3.322
769.000	209.908	3.322
769.200	209.909	3.322
769.400	209.908	3.322
769.600	209.909	3.322
769.800	209.908	3.322
770.000	209.909	3.322
770.200	209.910	3.322
770.400	209.909	3.322
770.600	209.908	3.322
770.800	209.908	3.322
771.000	209.909	3.322
771.200	209.910	3.322
771.400	209.910	3.322
771.600	209.909	3.322
771.800	209.911	3.322
772.000	209.911	3.322
772.200	209.909	3.322
772.400	209.911	3.322
772.600	209.908	3.322
772.800	209.910	3.322
773.000	209.911	3.323
773.200	209.909	3.323
773.400	209.908	3.323
773.600	209.908	3.323
773.800	209.910	3.323
774.000	209.911	3.323
774.200	209.912	3.323
774.400	209.909	3.323
774.600	209.909	3.323
774.800	209.909	3.323
775.000	209.910	3.323
775.200	209.909	3.323
775.400	209.910	3.323
775.600	209.910	3.323
775.800	209.911	3.323
776.000	209.911	3.323
776.200	209.910	3.323
776.400	209.911	3.323
776.600	209.909	3.323
776.800	209.910	3.323
777.000	209.908	3.323
777.200	209.911	3.323
777.400	209.910	3.323
777.600	209.912	3.323
777.800	209.910	3.323
778.000	209.911	3.323
778.200	209.911	3.323
778.400	209.911	3.323
778.600	209.911	3.323
778.800	209.911	3.323
779.000	209.910	3.323
779.200	209.908	3.323
779.400	209.909	3.323
779.600	209.909	3.323
779.800	209.909	3.323
780.000	209.907	3.324
780.200	209.907	3.324
780.400	209.909	3.324
780.600	209.910	3.324
780.800	209.909	3.324
781.000	209.910	3.324
781.200	209.909	3.324
781.400	209.910	3.324
781.600	209.909	3.324
781.800	209.910	3.324
782.000	209.909	3.324
782.200	209.909	3.324
782.400	209.908	3.324
782.600	209.907	3.324
782.800	209.909	3.324
783.000	209.909	3.324
783.200	209.910	3.324
783.400	209.909	3.324
783.600	209.910	3.324
783.800	209.909	3.324
784.000	209.909	3.324
784.200	209.911	3.324
784.400	209.911	3.324
784.600	209.911	3.324
784.800	209.911	3.324
785.000	209.908	3.324
785.200	209.910	3.324
785.400	209.911	3.324
785.600	209.911	3.324
785.800	209.910	3.324
786.000	209.911	3.324
786.200	209.911	3.324
786.400	209.912	3.324
786.600	209.910	3.324
786.800	209.911	3.324
787.000	209.909	3.325
787.200	209.910	3.325
787.400	209.911	3.325
787.600	209.911	3.325
787.800	209.911	3.325
788.000	209.911	3.325
788.200	209.911	3.325
788.400	209.908	3.325
788.600	209.909	3.325
788.800	209.909	3.325
789.000	209.911	3.325
789.200	209.910	3.325
789.400	209.910	3.325
789.600	209.908	3.325
789.800	209.910	3.325
790.000	209.910	3.325
790.200	209.910	3.325
790.400	209.911	3.325
790.600	209.910	3.325
790.800	209.911	3.325
791.000	209.910	3.325
791.200	209.911	3.325
791.400	209.911	3.325
791.600	209.909	3.325
791.800	209.907	3.325
792.000	209.910	3.325
792.200	209.911	3.325
792.400	209.907	3.325
792.600	209.911	3.325
792.800	209.910	3.325
793.000	209.908	3.325
793.200	209.909	3.325
793.400	209.909	3.325
793.600	209.910	3.325
793.800	209.907	3.325
794.000	209.910	3.325
794.200	209.911	3.325
794.400	209.910	3.325
794.600	209.909	3.325
794.800	209.909	3.325
795.000	209.910	3.326
795.200	209.909	3.326
795.400	209.910	3.326
795.600	209.911	3.326
795.800	209.911	3.326
796.000	209.911	3.326
796.200	209.911	3.326
796.400	209.912	3.326
796.600	209.910	3.326
796.800	209.911	3.326
797.000	209.910	3.326
797.200	209.909	3.326
797.400	209.910	3.326
797.600	209.911	3.326
797.800	209.911	3.326
798.000	209.912	3.326
798.200	209.910	3.326
798.400	209.911	3.326
798.600	209.909	3.326
798.800	209.911	3.326
799.000	209.909	3.326
799.200	209.910	3.326
799.400	209.910	3.326
799.600	209.909	3.326
799.800	209.910	3.326
800.000	209.909	3.326
800.200	209.911	3.326
800.400	209.910	3.326
800.600	209.909	3.326
800.800	209.907	3.326
801.000	209.908	3.326
801.200	209.909	3.326
801.400	209.908	3.326
801.600	209.908	3.326
801.800	209.907	3.326
802.000	209.909	3.327
802.200	209.908	3.327
802.400	209.909	3.327
802.600	209.909	3.327
802.800	209.910	3.327
803.000	209.908	3.327
803.200	209.910	3.327
803.400	209.909	3.327
803.600	209.909	3.327
803.800	209.908	3.327
804.000	209.910	3.327
804.200	209.909	3.327
804.400	209.910	3.327
804.600	209.909	3.327
804.800	209.911	3.327
805.000	209.909	3.327
805.200	209.911	3.327
805.400	209.912	3.327
805.600	209.911	3.327
805.800	209.912	3.327
806.000	209.910	3.327
806.200	209.911	3.327
806.400	209.910	3.327
806.600	209.910	3.327
806.800	209.911	3.327
807.000	209.913	3.327
807.200	209.913	3.327
807.400	209.911	3.327
807.600	209.910	3.327
807.800	209.909	3.327
808.000	209.909	3.327
808.200	209.911	3.327
808.400	209.911	3.327
808.600	209.912	3.327
808.800	209.910	3.327
809.000	209.912	3.328
809.200	209.913	3.328
809.400	209.912	3.328
809.600	209.910	3.328
809.800	209.912	3.328
810.000	209.910	3.328
810.200	209.911	3.328
810.400	209.910	3.328
810.600	209.910	3.328
810.800	209.909	3.328
811.000	209.911	3.328
811.200	209.911	3.328
811.400	209.911	3.328
811.600	209.910	3.328
811.800	209.910	3.328
812.000	209.910	3.328
812.200	209.910	3.328
812.400	209.911	3.328
812.600	209.911	3.328
812.800	209.910	3.328
813.000	209.912	3.328
813.200	209.912	3.328
813.400	209.911	3.328
813.600	209.909	3.328
813.800	209.910	3.328
814.000	209.910	3.328
814.200	209.911	3.328
814.400	209.910	3.328
814.600	209.910	3.328
814.800	209.909	3.328
815.000	209.911	3.328
815.200	209.910	3.328
815.400	209.910	3.328
815.600	209.909	3.328
815.800	209.908	3.328
816.000	209.908	3.328
816.200	209.909	3.328
816.400	209.910	3.328
816.600	209.912	3.329
816.800	209.910	3.329
817.000	209.910	3.329
817.200	209.911	3.329
817.400	209.911	3.329
817.600	209.908	3.329
817.800	209.909	3.329
818.000	209.909	3.329
818.200	209.909	3.329
818.400	209.911	3.329
818.600	209.910	3.329
818.800	209.909	3.329
819.000	209.910	3.329
819.200	209.910	3.329
819.400	209.909	3.329
819.600	209.910	3.329
819.800	209.910	3.329
820.000	209.910	3.329
820.200	209.911	3.329
820.400	209.910	3.329
820.600	209.910	3.329
820.800	209.910	3.329
821.000	209.911	3.329
821.200	209.911	3.329
821.400	209.910	3.329
821.600	209.912	3.329
821.800	209.909	3.329
822.000	209.910	3.329
822.200	209.910	3.329
822.400	209.908	3.329
822.600	209.910	3.329
822.800	209.911	3.329
823.000	209.913	3.329
823.200	209.912	3.329
823.400	209.912	3.329
823.600	209.912	3.329
823.800	209.911	3.330
824.000	209.911	3.330
824.200	209.909	3.330
824.400	209.912	3.330
824.600	209.909	3.330
824.800	209.910	3.330
825.000	209.910	3.330
825.200	209.912	3.330
825.400	209.911	3.330
825.600	209.910	3.330
825.800	209.910	3.330
826.000	209.911	3.330
826.200	209.909	3.330
826.400	209.911	3.330
826.600	209.909	3.330
826.800	209.908	3.330
827.000	209.910	3.330
827.200	209.909	3.330
827.400	209.910	3.330
827.600	209.910	3.330
827.800	209.909	3.330
828.000	209.909	3.330
828.200	209.910	3.330
828.400	209.909	3.330
828.600	209.909	3.330
828.800	209.911	3.330
829.000	209.911	3.330
829.200	209.910	3.330
829.400	209.909	3.330
829.600	209.909	3.330
829.800	209.911	3.330
830.000	209.912	3.330
830.200	209.907	3.330
830.400	209.909	3.330
830.600	209.908	3.330
830.800	209.910	3.330
831.000	209.909	3.330
831.200	209.911	3.330
831.400	209.910	3.330
831.600	209.911	3.330
831.800	209.908	3.331
832.000	209.908	3.331
832.200	209.908	3.331
832.400	209.909	3.331
832.600	209.908	3.331
832.800	209.909	3.331
833.000	209.910	3.331
833.200	209.909	3.331
833.400	209.907	3.331
833.600	209.909	3.331
833.800	209.908	3.331
834.000	209.907	3.331
834.200	209.907	3.331
834.400	209.910	3.331
834.600	209.909	3.331
834.800	209.908	3.331
835.000	209.909	3.331
835.200	209.908	3.331
835.400	209.908	3.331
835.600	209.910	3.331
835.800	209.907	3.331
836.000	209.907	3.331
836.200	209.908	3.331
836.400	209.910	3.331
836.600	209.909	3.331
836.800	209.908	3.331
837.000	209.909	3.331
837.200	209.908	3.331
837.400	209.908	3.331
837.600	209.908	3.331
837.800	209.907	3.331
838.000	209.907	3.331
838.200	209.908	3.331
838.400	209.908	3.331
838.600	209.909	3.331
838.800	209.908	3.331
839.000	209.910	3.331
839.200	209.907	3.331
839.400	209.908	3.331
839.600	209.909	3.332
839.800	209.907	3.332
840.000	209.907	3.332
840.200	209.909	3.332
840.400	209.906	3.332
840.600	209.906	3.332
840.800	209.910	3.332
841.000	209.908	3.332
841.200	209.908	3.332
841.400	209.910	3.332
841.600	209.909	3.332
841.800	209.909	3.332
842.000	209.909	3.332
842.200	209.911	3.332
842.400	209.909	3.332
842.600	209.911	3.332
842.800	209.909	3.332
843.000	209.908	3.332
843.200	209.909	3.332
843.400	209.909	3.332
843.600	209.909	3.332
843.800	209.906	3.332
844.000	209.905	3.332
844.200	209.906	3.332
844.400	209.908	3.332
844.600	209.908	3.332
844.800	209.909	3.332
845.000	209.909	3.332
845.200	209.908	3.332
845.400	209.910	3.332
845.600	209.909	3.332
845.800	209.910	3.332
846.000	209.909	3.332
846.200	209.909	3.332
846.400	209.908	3.332
846.600	209.908	3.332
846.800	209.907	3.332
847.000	209.908	3.333
847.200	209.906	3.332
847.400	209.908	3.333
847.600	209.906	3.333
847.800	209.907	3.333
848.000	209.906	3.333
848.200	209.906	3.333
848.400	209.907	3.333
848.600	209.908	3.333
848.800	209.909	3.333
849.000	209.909	3.333
849.200	209.907	3.333
849.400	209.909	3.333
849.600	209.907	3.333
849.800	209.908	3.333
850.000	209.909	3.333
850.200	209.908	3.333
850.400	209.908	3.333
850.600	209.907	3.333
850.800	209.909	3.333
851.000	209.907	3.333
851.200	209.908	3.333
851.400	209.908	3.333
851.600	209.909	3.333
851.800	209.907	3.333
852.000	209.907	3.333
852.200	209.907	3.333
852.400	209.907	3.333
852.600	209.905	3.333
852.800	209.906	3.333
853.000	209.908	3.333
853.200	209.908	3.333
853.400	209.907	3.333
853.600	209.907	3.333
853.800	209.907	3.333
854.000	209.908	3.333
854.200	209.906	3.333
854.400	209.906	3.334
854.600	209.906	3.334
854.800	209.906	3.334
855.000	209.907	3.334
855.200	209.907	3.334
855.400	209.907	3.334
855.600	209.906	3.334
855.800	209.907	3.334
856.000	209.907	3.334
856.200	209.907	3.334
856.400	209.908	3.334
856.600	209.906	3.334
856.800	209.909	3.334
857.000	209.907	3.334
857.200	209.907	3.334
857.400	209.907	3.334
857.600	209.906	3.334
857.800	209.908	3.334
858.000	209.909	3.334
858.200	209.906	3.334
858.400	209.907	3.334
858.600	209.907	3.334
858.800	209.908	3.334
859.000	209.907	3.334
859.200	209.907	3.334
859.400	209.908	3.334
859.600	209.905	3.334
859.800	209.909	3.334
860.000	209.908	3.334
860.200	209.908	3.334
860.400	209.907	3.334
860.600	209.907	3.334
860.800	209.907	3.334
861.000	209.906	3.334
861.200	209.908	3.334
861.400	209.908	3.334
861.600	209.906	3.334
861.800	209.908	3.334
862.000	209.907	3.334
862.200	209.906	3.334
862.400	209.907	3.334
862.600	209.907	3.335
862.800	209.906	3.335
863.000	209.908	3.335
863.200	209.906	3.335
863.400	209.906	3.335
863.600	209.908	3.335
863.800	209.909	3.335
864.000	209.909	3.335
864.200	209.908	3.335
864.400	209.909	3.335
864.600	209.907	3.335
864.800	209.906	3.335
865.000	209.908	3.335
865.200	209.907	3.335
865.400	209.907	3.335
865.600	209.907	3.335
865.800	209.906	3.335
866.000	209.908	3.335
866.200	209.908	3.335
866.400	209.907	3.335
866.600	209.909	3.335
866.800	209.906	3.335
867.000	209.908	3.335
867.200	209.908	3.335
867.400	209.909	3.335
867.600	209.909	3.335
867.800	209.908	3.335
868.000	209.910	3.335
868.200	209.910	3.335
868.400	209.908	3.335
868.600	209.908	3.335
868.800	209.908	3.335
869.000	209.909	3.335
869.200	209.908	3.335
869.400	209.909	3.335
869.600	209.910	3.336
869.800	209.907	3.336
870.000	209.906	3.336
870.200	209.908	3.336
870.400	209.905	3.336
870.600	209.908	3.336
870.800	209.907	3.336
871.000	209.908	3.336
871.200	209.907	3.336
871.400	209.906	3.336
871.600	209.909	3.336
871.800	209.908	3.336
872.000	209.907	3.336
872.200	209.906	3.336
872.400	209.906	3.336
872.600	209.907	3.336
872.800	209.908	3.336
873.000	209.909	3.336
873.200	209.909	3.336
873.400	209.907	3.336
873.600	209.908	3.336
873.800	209.909	3.336
874.000	209.908	3.336
874.200	209.907	3.336
874.400	209.905	3.336
874.600	209.908	3.336
874.800	209.908	3.336
875.000	209.908	3.336
875.200	209.908	3.336
875.400	209.906	3.336
875.600	209.906	3.336
875.800	209.908	3.336
876.000	209.909	3.336
876.200	209.910	3.336
876.400	209.908	3.336
876.600	209.907	3.336
876.800	209.911	3.336
877.000	209.908	3.336
877.200	209.910	3.337
877.400	209.909	3.337
877.600	209.908	3.337
877.800	209.908	3.337
878.000	209.909	3.337
878.200	209.908	3.337
878.400	209.909	3.337
878.600	209.910	3.337
878.800	209.907	3.337
879.000	209.908	3.337
879.200	209.908	3.337
879.400	209.908	3.337
879.600	209.907	3.337
879.800	209.909	3.337
880.000	209.910	3.337
880.200	209.910	3.337
880.400	209.906	3.337
880.600	209.907	3.337
880.800	209.909	3.337
881.000	209.906	3.337
881.200	209.909	3.337
881.400	209.908	3.337
881.600	209.906	3.337
881.800	209.906	3.337
882.000	209.906	3.337
882.200	209.906	3.337
882.400	209.908	3.337
882.600	209.908	3.337
882.800	209.908	3.337
883.000	209.907	3.337
883.200	209.907	3.337
883.400	209.909	3.337
883.600	209.909	3.337
883.800	209.908	3.337
884.000	209.910	3.337
884.200	209.908	3.337
884.400	209.907	3.337
884.600	209.906	3.337
884.800	209.908	3.337
885.000	209.907	3.337
885.200	209.907	3.337
885.400	209.907	3.337
885.600	209.908	3.338
885.800	209.907	3.338
886.000	209.906	3.338
886.200	209.910	3.338
886.400	209.907	3.338
886.600	209.908	3.338
886.800	209.909	3.338
887.000	209.907	3.338
887.200	209.907	3.338
887.400	209.906	3.338
887.600	209.907	3.338
887.800	209.909	3.338
888.000	209.907	3.338
888.200	209.907	3.338
888.400	209.907	3.338
888.600	209.908	3.338
888.800	209.908	3.338
889.000	209.909	3.338
889.200	209.910	3.338
889.400	209.908	3.338
889.600	209.908	3.338
889.800	209.906	3.338
890.000	209.904	3.338
890.200	209.904	3.338
890.400	209.905	3.338
890.600	209.908	3.338
890.800	209.907	3.338
891.000	209.908	3.338
891.200	209.909	3.338
891.400	209.907	3.338
891.600	209.908	3.338
891.800	209.907	3.338
892.000	209.907	3.338
892.200	209.909	3.338
892.400	209.907	3.338
892.600	209.908	3.338
892.800	209.905	3.338
893.000	209.907	3.338
893.200	209.907	3.338
893.400	209.909	3.339
893.600	209.908	3.339
893.800	209.906	3.339
894.000	209.909	3.339
894.200	209.906	3.339
894.400	209.908	3.339
894.600	209.908	3.339
894.800	209.908	3.339
895.000	209.906	3.339
895.200	209.906	3.339
895.400	209.908	3.339
895.600	209.909	3.339
895.800	209.906	3.339
896.000	209.907	3.339
896.200	209.908	3.339
896.400	209.908	3.339
896.600	209.906	3.339
896.800	209.906	3.339
897.000	209.906	3.339
897.200	209.906	3.339
897.400	209.907	3.339
897.600	209.908	3.339
897.800	209.906	3.339
898.000	209.908	3.339
898.200	209.908	3.339
898.400	209.906	3.339
898.600	209.909	3.339
898.800	209.907	3.339
899.000	209.907	3.339
899.200	209.908	3.339
899.400	209.906	3.339
899.600	209.905	3.339
899.800	209.906	3.339
900.000	209.906	3.339
900.200	209.905	3.339
900.400	209.905	3.339
900.600	209.906	3.339
900.800	209.907	3.339
901.000	209.908	3.339
901.200	209.907	3.340
901.400	209.906	3.340
901.600	209.905	3.340
901.800	209.907	3.340
902.000	209.906	3.340
902.200	209.905	3.340
902.400	209.907	3.340
902.600	209.906	3.340
902.800	209.908	3.340
903.000	209.906	3.340
903.200	209.907	3.340
903.400	209.905	3.340
903.600	209.908	3.340
903.800	209.908	3.340
904.000	209.905	3.340
904.200	209.906	3.340
904.400	209.907	3.340
904.600	209.909	3.340
904.800	209.907	3.340
905.000	209.908	3.340
905.200	209.907	3.340
905.400	209.909	3.340
905.600	209.907	3.340
905.800	209.908	3.340
906.000	209.909	3.340
906.200	209.907	3.340
906.400	209.908	3.340
906.600	209.909	3.340
906.800	209.907	3.340
907.000	209.909	3.340
907.200	209.910	3.340
907.400	209.909	3.340
907.600	209.908	3.340
907.800	209.908	3.340
908.000	209.907	3.340
908.200	209.909	3.340
908.400	209.908	3.340
908.600	209.908	3.340
908.800	209.908	3.340
909.000	209.908	3.340
909.200	209.908	3.340
909.400	209.909	3.341
909.600	209.906	3.341
909.800	209.905	3.341
910.000	209.907	3.341
910.200	209.909	3.341
910.400	209.908	3.341
910.600	209.908	3.341
910.800	209.907	3.341
911.000	209.907	3.341
911.200	209.907	3.341
911.400	209.906	3.341
911.600	209.906	3.341
911.800	209.907	3.341
912.000	209.905	3.341
912.200	209.907	3.341
912.400	209.907	3.341
912.600	209.908	3.341
912.800	209.907	3.341
913.000	209.907	3.341
913.200	209.905	3.341
913.400	209.906	3.341
913.600	209.906	3.341
913.800	209.907	3.341
914.000	209.906	3.341
914.200	209.908	3.341
914.400	209.907	3.341
914.600	209.907	3.341
914.800	209.907	3.341
915.000	209.907	3.341
915.200	209.909	3.341
915.400	209.907	3.341
915.600	209.906	3.341
915.800	209.908	3.341
916.000	209.909	3.341
916.200	209.908	3.341
916.400	209.906	3.341
916.600	209.907	3.341
916.800	209.907	3.341
917.000	209.907	3.341
917.200	209.908	3.342
917.400	209.907	3.342
917.600	209.907	3.342
917.800	209.908	3.342
918.000	209.907	3.342
918.200	209.909	3.342
918.400	209.909	3.342
918.600	209.907	3.342
918.800	209.907	3.342
919.000	209.908	3.342
919.200	209.906	3.342
919.400	209.909	3.342
919.600	209.909	3.342
919.800	209.909	3.342
920.000	209.906	3.342
920.200	209.906	3.342
920.400	209.905	3.342
920.600	209.906	3.342
920.800	209.906	3.342
921.000	209.906	3.342
921.200	209.907	3.342
921.400	209.905	3.342
921.600	209.906	3.342
921.800	209.908	3.342
922.000	209.907	3.342
922.200	209.908	3.342
922.400	209.908	3.342
922.600	209.906	3.342
922.800	209.907	3.342
923.000	209.906	3.342
923.200	209.907	3.342
923.400	209.908	3.342
923.600	209.908	3.342
923.800	209.907	3.342
924.000	209.907	3.342
924.200	209.909	3.342
924.400	209.907	3.342
924.600	209.908	3.342
924.800	209.909	3.342
925.000	209.909	3.342
925.200	209.907	3.342
925.400	209.907	3.342
925.600	209.907	3.342
925.800	209.909	3.342
926.000	209.910	3.342
926.200	209.910	3.343
926.400	209.909	3.343
926.600	209.908	3.343
926.800	209.909	3.343
927.000	209.908	3.343
927.200	209.909	3.343
927.400	209.909	3.343
927.600	209.908	3.343
927.800	209.908	3.343
928.000	209.910	3.343
928.200	209.906	3.343
928.400	209.907	3.343
928.600	209.908	3.343
928.800	209.907	3.343
929.000	209.906	3.343
929.200	209.905	3.343
929.400	209.908	3.343
929.600	209.906	3.343
929.800	209.906	3.343
930.000	209.906	3.343
930.200	209.907	3.343
930.400	209.907	3.343
930.600	209.907	3.343
930.800	209.905	3.343
931.000	209.906	3.343
931.200	209.906	3.343
931.400	209.909	3.343
931.600	209.910	3.343
931.800	209.908	3.343
932.000	209.908	3.343
932.200	209.909	3.343
932.400	209.907	3.343
932.600	209.905	3.343
932.800	209.905	3.343
933.000	209.906	3.343
933.200	209.907	3.343
933.400	209.906	3.343
933.600	209.906	3.343
933.800	209.906	3.343
934.000	209.907	3.343
934.200	209.905	3.343
934.400	209.905	3.343
934.600	209.906	3.343
934.800	209.905	3.344
935.000	209.907	3.344
935.200	209.904	3.344
935.400	209.905	3.344
935.600	209.905	3.344
935.800	209.906	3.344
936.000	209.904	3.344
936.200	209.906	3.344
936.400	209.905	3.344
936.600	209.906	3.344
936.800	209.907	3.344
937.000	209.907	3.344
937.200	209.905	3.344
937.400	209.906	3.344
937.600	209.905	3.344
937.800	209.905	3.344
938.000	209.906	3.344
938.200	209.906	3.344
938.400	209.905	3.344
938.600	209.905	3.344
938.800	209.906	3.344
939.000	209.905	3.344
939.200	209.905	3.344
939.400	209.905	3.344
939.600	209.904	3.344
939.800	209.905	3.344
940.000	209.906	3.344
940.200	209.905	3.344
940.400	209.905	3.344
940.600	209.905	3.344
940.800	209.903	3.344
941.000	209.906	3.344
941.200	209.907	3.344
941.400	209.904	3.344
941.600	209.907	3.344
941.800	209.905	3.344
942.000	209.906	3.344
942.200	209.904	3.344
942.400	209.905	3.344
942.600	209.903	3.344
942.800	209.903	3.344
943.000	209.906	3.345
943.200	209.905	3.345
943.400	209.907	3.345
943.600	209.905	3.345
943.800	209.905	3.345
944.000	209.905	3.345
944.200	209.906	3.345
944.400	209.905	3.345
944.600	209.905	3.345
944.800	209.906	3.345
945.000	209.906	3.345
945.200	209.905	3.345
945.400	209.907	3.345
945.600	209.904	3.345
945.800	209.904	3.345
946.000	209.905	3.345
946.200	209.905	3.345
946.400	209.905	3.345
946.600	209.905	3.345
946.800	209.906	3.345
947.000	209.906	3.345
947.200	209.907	3.345
947.400	209.906	3.345
947.600	209.905	3.345
947.800	209.906	3.345
948.000	209.903	3.345
948.200	209.905	3.345
948.400	209.907	3.345
948.600	209.907	3.345
948.800	209.906	3.345
949.000	209.906	3.345
949.200	209.905	3.345
949.400	209.906	3.345
949.600	209.906	3.345
949.800	209.908	3.345
950.000	209.907	3.345
950.200	209.908	3.345
950.400	209.909	3.346
950.600	209.907	3.346
950.800	209.907	3.346
951.000	209.907	3.346
951.200	209.907	3.346
951.400	209.906	3.346
951.600	209.908	3.346
951.800	209.907	3.346
952.000	209.909	3.346
952.200	209.909	3.346
952.400	209.910	3.346
952.600	209.908	3.346
952.800	209.909	3.346
953.000	209.908	3.346
953.200	209.907	3.346
953.400	209.906	3.346
953.600	209.908	3.346
953.800	209.907	3.346
954.000	209.907	3.346
954.200	209.908	3.346
954.400	209.907	3.346
954.600	209.906	3.346
954.800	209.907	3.346
955.000	209.906	3.346
955.200	209.906	3.346
955.400	209.907	3.346
955.600	209.908	3.346
955.800	209.908	3.346
956.000	209.906	3.346
956.200	209.906	3.346
956.400	209.906	3.346
956.600	209.907	3.346
956.800	209.907	3.346
957.000	209.909	3.346
957.200	209.909	3.346
957.400	209.908	3.346
957.600	209.908	3.346
957.800	209.907	3.346
958.000	209.905	3.346
958.200	209.907	3.346
958.400	209.906	3.346
958.600	209.907	3.347
958.800	209.909	3.347
959.000	209.908	3.347
959.200	209.909	3.347
959.400	209.908	3.347
959.600	209.909	3.347
959.800	209.908	3.347
960.000	209.908	3.347
960.200	209.909	3.347
960.400	209.907	3.347
960.600	209.908	3.347
960.800	209.910	3.347
961.000	209.909	3.347
961.200	209.908	3.347
961.400	209.909	3.347
961.600	209.907	3.347
961.800	209.910	3.347
962.000	209.909	3.347
962.200	209.909	3.347
962.400	209.909	3.347
962.600	209.906	3.347
962.800	209.907	3.347
963.000	209.909	3.347
963.200	209.908	3.347
963.400	209.908	3.347
963.600	209.907	3.347
963.800	209.906	3.347
964.000	209.910	3.347
964.200	209.908	3.347
964.400	209.907	3.347
964.600	209.910	3.347
964.800	209.908	3.347
965.000	209.907	3.347
965.200	209.907	3.347
965.400	209.907	3.347
965.600	209.907	3.347
965.800	209.907	3.347
966.000	209.906	3.347
966.200	209.908	3.347
966.400	209.907	3.347
966.600	209.908	3.347
966.800	209.907	3.347
967.000	209.905	3.348
967.200	209.909	3.348
967.400	209.908	3.348
967.600	209.907	3.348
967.800	209.907	3.348
968.000	209.907	3.348
968.200	209.907	3.348
968.400	209.908	3.348
968.600	209.906	3.348
968.800	209.907	3.348
969.000	209.905	3.348
969.200	209.909	3.348
969.400	209.907	3.348
969.600	209.905	3.348
969.800	209.906	3.348
970.000	209.907	3.348
970.200	209.906	3.348
970.400	209.907	3.348
970.600	209.907	3.348
970.800	209.909	3.348
971.000	209.907	3.348
971.200	209.907	3.348
971.400	209.907	3.348
971.600	209.907	3.348
971.800	209.908	3.348
972.000	209.906	3.348
972.200	209.907	3.348
972.400	209.909	3.348
972.600	209.907	3.348
972.800	209.909	3.348
973.000	209.908	3.348
973.200	209.907	3.348
973.400	209.907	3.348
973.600	209.910	3.348
973.800	209.909	3.348
974.000	209.909	3.348
974.200	209.909	3.348
974.400	209.909	3.348
974.600	209.907	3.348
974.800	209.908	3.349
975.000	209.908	3.349
975.200	209.909	3.349
975.400	209.909	3.349
975.600	209.910	3.349
975.800	209.909	3.349
976.000	209.907	3.349
976.200	209.911	3.349
976.400	209.911	3.349
976.600	209.909	3.349
976.800	209.909	3.349
977.000	209.909	3.349
977.200	209.909	3.349
977.400	209.910	3.349
977.600	209.908	3.349
977.800	209.909	3.349
978.000	209.911	3.349
978.200	209.910	3.349
978.400	209.911	3.349
978.600	209.911	3.349
978.800	209.911	3.349
979.000	209.911	3.349
979.200	209.909	3.349
979.400	209.910	3.349
979.600	209.910	3.349
979.800	209.910	3.349
980.000	209.910	3.349
980.200	209.909	3.349
980.400	209.910	3.349
980.600	209.908	3.349
980.800	209.909	3.349
981.000	209.909	3.349
981.200	209.908	3.349
981.400	209.909	3.349
981.600	209.908	3.349
981.800	209.908	3.349
982.000	209.908	3.349
982.200	209.909	3.349
982.400	209.909	3.349
982.600	209.908	3.349
982.800	209.907	3.349
983.000	209.908	3.349
983.200	209.908	3.350
983.400	209.908	3.349
983.600	209.908	3.350
983.800	209.909	3.350
984.000	209.908	3.350
984.200	209.907	3.350
984.400	209.906	3.350
984.600	209.906	3.350
984.800	209.906	3.350
985.000	209.907	3.350
985.200	209.910	3.350
985.400	209.907	3.350
985.600	209.908	3.350
985.800	209.907	3.350
986.000	209.910	3.350
986.200	209.909	3.350
986.400	209.910	3.350
986.600	209.910	3.350
986.800	209.910	3.350
987.000	209.908	3.350
987.200	209.909	3.350
987.400	209.910	3.350
987.600	209.909	3.350
987.800	209.909	3.350
988.000	209.910	3.350
988.200	209.908	3.350
988.400	209.908	3.350
988.600	209.907	3.350
988.800	209.908	3.350
989.000	209.909	3.350
989.200	209.908	3.350
989.400	209.908	3.350
989.600	209.909	3.350
989.800	209.909	3.350
990.000	209.909	3.350
990.200	209.909	3.350
990.400	209.909	3.350
990.600	209.910	3.350
990.800	209.908	3.350
991.000	209.907	3.350
991.200	209.908	3.350
991.400	209.908	3.351
991.600	209.907	3.350
991.800	209.907	3.351
992.000	209.906	3.351
992.200	209.907	3.351
992.400	209.906	3.351
992.600	209.908	3.351
992.800	209.908	3.351
993.000	209.908	3.351
993.200	209.909	3.351
993.400	209.908	3.351
993.600	209.905	3.351
993.800	209.907	3.351
994.000	209.910	3.351
994.200	209.906	3.351
994.400	209.908	3.351
994.600	209.907	3.351
994.800	209.907	3.351
995.000	209.907	3.351
995.200	209.907	3.351
995.400	209.909	3.351
995.600	209.907	3.351
995.800	209.910	3.351
996.000	209.906	3.351
996.200	209.906	3.351
996.400	209.907	3.351
996.600	209.907	3.351
996.800	209.908	3.351
997.000	209.908	3.351
997.200	209.907	3.351
997.400	209.908	3.351
997.600	209.907	3.351
997.800	209.907	3.351
998.000	209.906	3.351
998.200	209.909	3.351
998.400	209.906	3.351
998.600	209.907	3.351
998.800	209.907	3.351
999.000	209.909	3.351
999.200	209.908	3.351
999.400	209.908	3.351
999.600	209.906	3.351
999.800	209.907	3.352
1000.000	209.907	3.352
1000.200	209.906	3.352
1000.400	209.907	3.352
1000.600	209.908	3.352
1000.800	209.906	3.352
1001.000	209.906	3.352
1001.200	209.908	3.352
1001.400	209.907	3.352
1001.600	209.906	3.352
1001.800	209.908	3.352
1002.000	209.905	3.352
1002.200	209.905	3.352
1002.400	209.904	3.352
1002.600	209.906	3.352
1002.800	209.908	3.352
1003.000	209.905	3.352
1003.200	209.908	3.352
1003.400	209.905	3.352
1003.600	209.907	3.352
1003.800	209.908	3.352
1004.000	209.906	3.352
1004.200	209.907	3.352
1004.400	209.908	3.352
1004.600	209.906	3.352
1004.800	209.906	3.352
1005.000	209.905	3.352
1005.200	209.907	3.352
1005.400	209.907	3.352
1005.600	209.907	3.352
1005.800	209.908	3.352
1006.000	209.907	3.352
1006.200	209.905	3.352
1006.400	209.906	3.352
1006.600	209.906	3.352
1006.800	209.906	3.352
1007.000	209.906	3.352
1007.200	209.907	3.352
1007.400	209.907	3.352
1007.600	209.906	3.352
1007.800	209.907	3.352
1008.000	209.904	3.352
1008.200	209.905	3.352
1008.400	209.905	3.352
1008.600	209.904	3.353
1008.800	209.905	3.353
1009.000	209.906	3.353
1009.200	209.907	3.353
1009.400	209.908	3.353
1009.600	209.905	3.353
1009.800	209.906	3.353
1010.000	209.905	3.353
1010.200	209.906	3.353
1010.400	209.904	3.353
1010.600	209.904	3.353
1010.800	209.907	3.353
1011.000	209.907	3.353
1011.200	209.905	3.353
1011.400	209.906	3.353
1011.600	209.904	3.353
1011.800	209.904	3.353
1012.000	209.906	3.353
1012.200	209.906	3.353
1012.400	209.906	3.353
1012.600	209.908	3.353
1012.800	209.907	3.353
1013.000	209.906	3.353
1013.200	209.908	3.353
1013.400	209.907	3.353
1013.600	209.908	3.353
1013.800	209.906	3.353
1014.000	209.905	3.353
1014.200	209.908	3.353
1014.400	209.908	3.353
1014.600	209.908	3.353
1014.800	209.908	3.353
1015.000	209.907	3.353
1015.200	209.907	3.353
1015.400	209.906	3.353
1015.600	209.906	3.353
1015.800	209.905	3.353
1016.000	209.905	3.353
1016.200	209.906	3.353
1016.400	209.905	3.353
1016.600	209.905	3.354
1016.800	209.906	3.354
1017.000	209.905	3.353
1017.200	209.907	3.354
1017.400	209.906	3.354
1017.600	209.906	3.354
1017.800	209.907	3.354
1018.000	209.907	3.354
1018.200	209.906	3.354
1018.400	209.906	3.354
1018.600	209.907	3.354
1018.800	209.908	3.354
1019.000	209.906	3.354
1019.200	209.905	3.354
1019.400	209.906	3.354
1019.600	209.907	3.354
1019.800	209.906	3.354
1020.000	209.906	3.354
1020.200	209.906	3.354
1020.400	209.906	3.354
1020.600	209.908	3.354
1020.800	209.905	3.354
1021.000	209.906	3.354
1021.200	209.906	3.354
1021.400	209.906	3.354
1021.600	209.907	3.354
1021.800	209.907	3.354
1022.000	209.906	3.354
1022.200	209.906	3.354
1022.400	209.908	3.354
1022.600	209.907	3.354
1022.800	209.907	3.354
1023.000	209.907	3.354
1023.200	209.906	3.354
1023.400	209.906	3.354
1023.600	209.907	3.354
1023.800	209.907	3.354
1024.000	209.907	3.354
1024.200	209.908	3.354
1024.400	209.907	3.354
1024.600	209.907	3.354
1024.800	209.908	3.354
1025.000	209.907	3.354
1025.200	209.908	3.354
1025.400	209.906	3.354
1025.600	209.906	3.355
1025.800	209.907	3.355
1026.000	209.907	3.355
1026.200	209.906	3.355
1026.400	209.906	3.355
1026.600	209.908	3.355
1026.800	209.906	3.355
1027.000	209.905	3.355
1027.200	209.908	3.355
1027.400	209.906	3.355
1027.600	209.906	3.355
1027.800	209.905	3.355
1028.000	209.905	3.355
1028.200	209.904	3.355
1028.400	209.905	3.355
1028.600	209.905	3.355
1028.800	209.905	3.355
1029.000	209.904	3.355
1029.200	209.905	3.355
1029.400	209.903	3.355
1029.600	209.906	3.355
1029.800	209.905	3.355
1030.000	209.904	3.355
1030.200	209.903	3.355
1030.400	209.905	3.355
1030.600	209.903	3.355
1030.800	209.904	3.355
1031.000	209.904	3.355
1031.200	209.903	3.355
1031.400	209.905	3.355
1031.600	209.903	3.355
1031.800	209.904	3.355
1032.000	209.903	3.355
1032.200	209.903	3.355
1032.400	209.905	3.355
1032.600	209.905	3.355
1032.800	209.905	3.355
1033.000	209.905	3.355
1033.200	209.906	3.355
1033.400	209.906	3.355
1033.600	209.905	3.355
1033.800	209.905	3.355
1034.000	209.905	3.355
1034.200	209.906	3.355
1034.400	209.905	3.356
1034.600	209.905	3.356
1034.800	209.906	3.356
1035.000	209.905	3.356
1035.200	209.908	3.356
1035.400	209.906	3.356
1035.600	209.905	3.356
1035.800	209.906	3.356
1036.000	209.907	3.356
1036.200	209.907	3.356
1036.400	209.906	3.356
1036.600	209.906	3.356
1036.800	209.906	3.356
1037.000	209.906	3.356
1037.200	209.905	3.356
1037.400	209.905	3.356
1037.600	209.907	3.356
1037.800	209.906	3.356
1038.000	209.907	3.356
1038.200	209.904	3.356
1038.400	209.905	3.356
1038.600	209.904	3.356
1038.800	209.904	3.356
1039.000	209.905	3.356
1039.200	209.905	3.356
1039.400	209.905	3.356
1039.600	209.906	3.356
1039.800	209.905	3.356
1040.000	209.905	3.356
1040.200	209.904	3.356
1040.400	209.906	3.356
1040.600	209.904	3.356
1040.800	209.905	3.356
1041.000	209.904	3.356
1041.200	209.906	3.356
1041.400	209.907	3.356
1041.600	209.904	3.356
1041.800	209.905	3.356
1042.000	209.906	3.356
1042.200	209.907	3.356
1042.400	209.906	3.356
1042.600	209.906	3.356
1042.800	209.904	3.356
1043.000	209.905	3.356
1043.200	209.904	3.357
1043.400	209.906	3.357
1043.600	209.905	3.357
1043.800	209.906	3.357
1044.000	209.908	3.357
1044.200	209.907	3.357
1044.400	209.907	3.357
1044.600	209.908	3.357
1044.800	209.905	3.357
1045.000	209.907	3.357
1045.200	209.904	3.357
1045.400	209.907	3.357
1045.600	209.907	3.357
1045.800	209.907	3.357
1046.000	209.908	3.357
1046.200	209.907	3.357
1046.400	209.905	3.357
1046.600	209.906	3.357
1046.800	209.908	3.357
1047.000	209.906	3.357
1047.200	209.906	3.357
1047.400	209.904	3.357
1047.600	209.908	3.357
1047.800	209.908	3.357
1048.000	209.908	3.357
1048.200	209.908	3.357
1048.400	209.904	3.357
1048.600	209.904	3.357
1048.800	209.905	3.357
1049.000	209.907	3.357
1049.200	209.906	3.357
1049.400	209.909	3.357
1049.600	209.907	3.357
1049.800	209.905	3.357
1050.000	209.907	3.357
1050.200	209.907	3.357
1050.400	209.905	3.357
1050.600	209.905	3.357
1050.800	209.905	3.357
1051.000	209.907	3.357
1051.200	209.906	3.357
1051.400	209.908	3.358
1051.600	209.906	3.358
1051.800	209.908	3.358
1052.000	209.907	3.358
1052.200	209.907	3.358
1052.400	209.907	3.358
1052.600	209.907	3.358
1052.800	209.909	3.358
1053.000	209.909	3.358
1053.200	209.909	3.358
1053.400	209.908	3.358
1053.600	209.908	3.358
1053.800	209.907	3.358
1054.000	209.909	3.358
1054.200	209.908	3.358
1054.400	209.907	3.358
1054.600	209.908	3.358
1054.800	209.908	3.358
1055.000	209.906	3.358
1055.200	209.908	3.358
1055.400	209.907	3.358
1055.600	209.907	3.358
1055.800	209.906	3.358
1056.000	209.907	3.358
1056.200	209.909	3.358
1056.400	209.909	3.358
1056.600	209.908	3.358
1056.800	209.909	3.358
1057.000	209.908	3.358
1057.200	209.908	3.358
1057.400	209.908	3.358
1057.600	209.909	3.358
1057.800	209.910	3.358
1058.000	209.910	3.358
1058.200	209.909	3.358
1058.400	209.908	3.358
1058.600	209.910	3.358
1058.800	209.911	3.358
1059.000	209.908	3.358
1059.200	209.910	3.358
1059.400	209.908	3.358
1059.600	209.910	3.358
1059.800	209.910	3.359
1060.000	209.909	3.359
1060.200	209.910	3.359
1060.400	209.909	3.359
1060.600	209.910	3.359
1060.800	209.910	3.359
1061.000	209.910	3.359
1061.200	209.910	3.359
1061.400	209.910	3.359
1061.600	209.910	3.359
1061.800	209.912	3.359
1062.000	209.910	3.359
1062.200	209.910	3.359
1062.400	209.911	3.359
1062.600	209.909	3.359
1062.800	209.911	3.359
1063.000	209.912	3.359
1063.200	209.910	3.359
1063.400	209.911	3.359
1063.600	209.911	3.359
1063.800	209.910	3.359
1064.000	209.909	3.359
1064.200	209.910	3.359
1064.400	209.911	3.359
1064.600	209.912	3.359
1064.800	209.911	3.359
1065.000	209.911	3.359
1065.200	209.911	3.359
1065.400	209.908	3.359
1065.600	209.909	3.359
1065.800	209.910	3.359
1066.000	209.909	3.359
1066.200	209.910	3.359
1066.400	209.910	3.359
1066.600	209.909	3.359
1066.800	209.909	3.359
1067.000	209.908	3.359
1067.200	209.908	3.359
1067.400	209.909	3.359
1067.600	209.909	3.359
1067.800	209.910	3.359
1068.000	209.910	3.359
1068.200	209.910	3.359
1068.400	209.912	3.359
1068.600	209.911	3.360
1068.800	209.910	3.360
1069.000	209.911	3.360
1069.200	209.910	3.360
1069.400	209.911	3.360
1069.600	209.913	3.360
1069.800	209.911	3.360
1070.000	209.910	3.360
1070.200	209.911	3.360
1070.400	209.911	3.360
1070.600	209.912	3.360
1070.800	209.911	3.360
1071.000	209.912	3.360
1071.200	209.912	3.360
1071.400	209.910	3.360
1071.600	209.909	3.360
1071.800	209.911	3.360
1072.000	209.911	3.360
1072.200	209.910	3.360
1072.400	209.912	3.360
1072.600	209.910	3.360
1072.800	209.911	3.360
1073.000	209.912	3.360
1073.200	209.911	3.360
1073.400	209.910	3.360
1073.600	209.910	3.360
1073.800	209.908	3.360
1074.000	209.912	3.360
1074.200	209.912	3.360
1074.400	209.913	3.360
1074.600	209.911	3.360
1074.800	209.911	3.360
1075.000	209.910	3.360
1075.200	209.910	3.360
1075.400	209.910	3.360
1075.600	209.911	3.360
1075.800	209.912	3.360
1076.000	209.910	3.360
1076.200	209.910	3.360
1076.400	209.910	3.360
1076.600	209.911	3.360
1076.800	209.912	3.360
1077.000	209.912	3.360
1077.200	209.911	3.361
1077.400	209.911	3.361
1077.600	209.910	3.361
1077.800	209.910	3.361
1078.000	209.910	3.361
1078.200	209.910	3.361
1078.400	209.910	3.361
1078.600	209.910	3.361
1078.800	209.911	3.361
1079.000	209.911	3.361
1079.200	209.912	3.361
1079.400	209.912	3.361
1079.600	209.912	3.361
1079.800	209.912	3.361
1080.000	209.912	3.361
1080.200	209.910	3.361
1080.400	209.910	3.361
1080.600	209.912	3.361
1080.800	209.911	3.361
1081.000	209.911	3.361
1081.200	209.910	3.361
1081.400	209.912	3.361
1081.600	209.911	3.361
1081.800	209.910	3.361
1082.000	209.911	3.361
1082.200	209.910	3.361
1082.400	209.910	3.361
1082.600	209.911	3.361
1082.800	209.910	3.361
1083.000	209.911	3.361
1083.200	209.910	3.361
1083.400	209.911	3.361
1083.600	209.910	3.361
1083.800	209.910	3.361
1084.000	209.912	3.361
1084.200	209.912	3.361
1084.400	209.912	3.361
1084.600	209.910	3.361
1084.800	209.910	3.361
1085.000	209.910	3.361
1085.200	209.912	3.361
1085.400	209.912	3.361
1085.600	209.912	3.361
1085.800	209.912	3.361
1086.000	209.912	3.361
1086.200	209.911	3.362
1086.400	209.910	3.362
1086.600	209.910	3.362
1086.800	209.913	3.362
1087.000	209.912	3.362
1087.200	209.912	3.362
1087.400	209.911	3.362
1087.600	209.912	3.362
1087.800	209.912	3.362
1088.000	209.912	3.362
1088.200	209.910	3.362
1088.400	209.910	3.362
1088.600	209.911	3.362
1088.800	209.910	3.362
1089.000	209.910	3.362
1089.200	209.911	3.362
1089.400	209.910	3.362
1089.600	209.911	3.362
1089.800	209.909	3.362
1090.000	209.911	3.362
1090.200	209.912	3.362
1090.400	209.911	3.362
1090.600	209.911	3.362
1090.800	209.912	3.362
1091.000	209.910	3.362
1091.200	209.913	3.362
1091.400	209.912	3.362
1091.600	209.912	3.362
1091.800	209.910	3.362
1092.000	209.912	3.362
1092.200	209.911	3.362
1092.400	209.910	3.362
1092.600	209.910	3.362
1092.800	209.911	3.362
1093.000	209.911	3.362
1093.200	209.911	3.362
1093.400	209.911	3.362
1093.600	209.910	3.362
1093.800	209.910	3.362
1094.000	209.910	3.362
1094.200	209.913	3.362
1094.400	209.912	3.362
1094.600	209.912	3.362
1094.800	209.909	3.362
1095.000	209.910	3.362
1095.200	209.911	3.363
1095.400	209.911	3.363
1095.600	209.911	3.363
1095.800	209.911	3.363
1096.000	209.913	3.363
1096.200	209.911	3.363
1096.400	209.910	3.363
1096.600	209.910	3.363
1096.800	209.911	3.363
1097.000	209.912	3.363
1097.200	209.910	3.363
1097.400	209.910	3.363
1097.600	209.909	3.363
1097.800	209.910	3.363
1098.000	209.912	3.363
1098.200	209.909	3.363
1098.400	209.910	3.363
1098.600	209.911	3.363
1098.800	209.911	3.363
1099.000	209.912	3.363
1099.200	209.911	3.363
1099.400	209.912	3.363
1099.600	209.911	3.363
1099.800	209.911	3.363
1100.000	209.912	3.363
1100.200	209.910	3.363
1100.400	209.911	3.363
1100.600	209.911	3.363
1100.800	209.910	3.363
1101.000	209.914	3.363
1101.200	209.911	3.363
1101.400	209.911	3.363
1101.600	209.911	3.363
1101.800	209.911	3.363
1102.000	209.910	3.363
1102.200	209.909	3.363
1102.400	209.911	3.363
1102.600	209.910	3.363
1102.800	209.911	3.363
1103.000	209.911	3.363
1103.200	209.910	3.363
1103.400	209.911	3.363
1103.600	209.910	3.363
1103.800	209.909	3.363
1104.000	209.910	3.364
1104.200	209.910	3.364
1104.400	209.912	3.364
1104.600	209.911	3.364
1104.800	209.909	3.364
1105.000	209.910	3.364
1105.200	209.910	3.364
1105.400	209.909	3.364
1105.600	209.909	3.364
1105.800	209.908	3.364
1106.000	209.908	3.364
1106.200	209.909	3.364
1106.400	209.909	3.364
1106.600	209.909	3.364
1106.800	209.911	3.364
1107.000	209.910	3.364
1107.200	209.909	3.364
1107.400	209.910	3.364
1107.600	209.911	3.364
1107.800	209.911	3.364
1108.000	209.909	3.364
1108.200	209.910	3.364
1108.400	209.909	3.364
1108.600	209.909	3.364
1108.800	209.907	3.364
1109.000	209.908	3.364
1109.200	209.910	3.364
1109.400	209.910	3.364
1109.600	209.908	3.364
1109.800	209.909	3.364
1110.000	209.909	3.364
1110.200	209.910	3.364
1110.400	209.910	3.364
1110.600	209.909	3.364
1110.800	209.909	3.364
1111.000	209.910	3.364
1111.200	209.910	3.364
1111.400	209.913	3.364
1111.600	209.911	3.364
1111.800	209.909	3.364
1112.000	209.910	3.364
1112.200	209.909	3.364
1112.400	209.911	3.364
1112.600	209.909	3.364
1112.800	209.910	3.364
1113.000	209.911	3.364
1113.200	209.910	3.365
1113.400	209.910	3.365
1113.600	209.910	3.365
1113.800	209.911	3.365
1114.000	209.909	3.365
1114.200	209.911	3.365
1114.400	209.908	3.365
1114.600	209.909	3.365
1114.800	209.911	3.365
1115.000	209.912	3.365
1115.200	209.911	3.365
1115.400	209.910	3.365
1115.600	209.911	3.365
1115.800	209.912	3.365
1116.000	209.912	3.365
1116.200	209.911	3.365
1116.400	209.910	3.365
1116.600	209.911	3.365
1116.800	209.911	3.365
1117.000	209.911	3.365
1117.200	209.911	3.365
1117.400	209.911	3.365
1117.600	209.910	3.365
1117.800	209.910	3.365
1118.000	209.910	3.365
1118.200	209.912	3.365
1118.400	209.912	3.365
1118.600	209.912	3.365
1118.800	209.910	3.365
1119.000	209.909	3.365
1119.200	209.910	3.365
1119.400	209.912	3.365
1119.600	209.910	3.365
1119.800	209.911	3.365
1120.000	209.910	3.365
1120.200	209.910	3.365
1120.400	209.911	3.365
1120.600	209.911	3.365
1120.800	209.910	3.365
1121.000	209.909	3.365
1121.200	209.910	3.365
1121.400	209.910	3.365
1121.600	209.910	3.365
1121.800	209.909	3.365
1122.000	209.910	3.365
1122.200	209.910	3.365
1122.400	209.912	3.366
1122.600	209.911	3.366
1122.800	209.909	3.366
1123.000	209.910	3.366
1123.200	209.910	3.366
1123.400	209.912	3.366
1123.600	209.911	3.366
1123.800	209.911	3.366
1124.000	209.912	3.366
1124.200	209.911	3.366
1124.400	209.911	3.366
1124.600	209.911	3.366
1124.800	209.911	3.366
1125.000	209.912	3.366
1125.200	209.910	3.366
1125.400	209.912	3.366
1125.600	209.912	3.366
1125.800	209.911	3.366
1126.000	209.910	3.366
1126.200	209.910	3.366
1126.400	209.913	3.366
1126.600	209.911	3.366
1126.800	209.911	3.366
1127.000	209.913	3.366
1127.200	209.913	3.366
1127.400	209.915	3.366
1127.600	209.911	3.366
1127.800	209.911	3.366
1128.000	209.911	3.366
1128.200	209.911	3.366
1128.400	209.912	3.366
1128.600	209.912	3.366
1128.800	209.912	3.366
1129.000	209.912	3.366
1129.200	209.912	3.366
1129.400	209.913	3.366
1129.600	209.912	3.366
1129.800	209.912	3.366
1130.000	209.910	3.366
1130.200	209.910	3.366
1130.400	209.911	3.366
1130.600	209.912	3.366
1130.800	209.912	3.366
1131.000	209.911	3.366
1131.200	209.912	3.366
1131.400	209.913	3.366
1131.600	209.913	3.366
1131.800	209.911	3.367
1132.000	209.911	3.367
1132.200	209.911	3.367
1132.400	209.912	3.367
1132.600	209.912	3.367
1132.800	209.911	3.367
1133.000	209.911	3.367
1133.200	209.913	3.367
1133.400	209.913	3.367
1133.600	209.912	3.367
1133.800	209.912	3.367
1134.000	209.913	3.367
1134.200	209.912	3.367
1134.400	209.911	3.367
1134.600	209.913	3.367
1134.800	209.913	3.367
1135.000	209.913	3.367
1135.200	209.913	3.367
1135.400	209.912	3.367
1135.600	209.912	3.367
1135.800	209.912	3.367
1136.000	209.911	3.367
1136.200	209.913	3.367
1136.400	209.912	3.367
1136.600	209.913	3.367
1136.800	209.914	3.367
1137.000	209.912	3.367
1137.200	209.913	3.367
1137.400	209.913	3.367
1137.600	209.913	3.367
1137.800	209.912	3.367
1138.000	209.912	3.367
1138.200	209.913	3.367
1138.400	209.911	3.367
1138.600	209.911	3.367
1138.800	209.912	3.367
1139.000	209.911	3.367
1139.200	209.913	3.367
1139.400	209.912	3.367
1139.600	209.911	3.367
1139.800	209.910	3.367
1140.000	209.912	3.367
1140.200	209.912	3.367
1140.400	209.912	3.367
1140.600	209.909	3.367
1140.800	209.910	3.367
1141.000	209.911	3.367
1141.200	209.912	3.367
1141.400	209.914	3.367
1141.600	209.913	3.367
1141.800	209.913	3.367
1142.000	209.913	3.368
1142.200	209.913	3.368
1142.400	209.913	3.368
1142.600	209.912	3.368
1142.800	209.912	3.368
1143.000	209.911	3.368
1143.200	209.911	3.368
1143.400	209.911	3.368
1143.600	209.912	3.368
1143.800	209.913	3.368
1144.000	209.912	3.368
1144.200	209.913	3.368
1144.400	209.912	3.368
1144.600	209.912	3.368
1144.800	209.912	3.368
1145.000	209.911	3.368
1145.200	209.910	3.368
1145.400	209.912	3.368
1145.600	209.910	3.368
1145.800	209.912	3.368
1146.000	209.912	3.368
1146.200	209.912	3.368
1146.400	209.912	3.368
1146.600	209.912	3.368
1146.800	209.914	3.368
1147.000	209.910	3.368
1147.200	209.911	3.368
1147.400	209.911	3.368
1147.600	209.912	3.368
1147.800	209.912	3.368
1148.000	209.912	3.368
1148.200	209.912	3.368
1148.400	209.913	3.368
1148.600	209.912	3.368
1148.800	209.914	3.368
1149.000	209.913	3.368
1149.200	209.911	3.368
1149.400	209.911	3.368
1149.600	209.913	3.368
1149.800	209.912	3.368
1150.000	209.911	3.368
1150.200	209.913	3.368
1150.400	209.913	3.368
1150.600	209.912	3.368
1150.800	209.912	3.368
1151.000	209.912	3.368
1151.200	209.912	3.368
1151.400	209.912	3.369
1151.600	209.912	3.369
1151.800	209.911	3.369
1152.000	209.910	3.369
1152.200	209.910	3.369
1152.400	209.910	3.369
1152.600	209.912	3.369
1152.800	209.912	3.369
1153.000	209.913	3.369
1153.200	209.913	3.369
1153.400	209.912	3.369
1153.600	209.910	3.369
1153.800	209.912	3.369
1154.000	209.913	3.369
1154.200	209.912	3.369
1154.400	209.911	3.369
1154.600	209.911	3.369
1154.800	209.910	3.369
1155.000	209.912	3.369
1155.200	209.910	3.369
1155.400	209.909	3.369
1155.600	209.909	3.369
1155.800	209.910	3.369
1156.000	209.910	3.369
1156.200	209.909	3.369
1156.400	209.910	3.369
1156.600	209.909	3.369
1156.800	209.911	3.369
1157.000	209.911	3.369
1157.200	209.910	3.369
1157.400	209.909	3.369
1157.600	209.910	3.369
1157.800	209.908	3.369
1158.000	209.909	3.369
1158.200	209.909	3.369
1158.400	209.910	3.369
1158.600	209.910	3.369
1158.800	209.911	3.369
1159.000	209.910	3.369
1159.200	209.911	3.369
1159.400	209.910	3.369
1159.600	209.911	3.369
1159.800	209.912	3.369
1160.000	209.912	3.369
1160.200	209.912	3.369
1160.400	209.911	3.369
1160.600	209.912	3.370
1160.800	209.911	3.370
1161.000	209.912	3.370
1161.200	209.913	3.370
1161.400	209.911	3.370
1161.600	209.911	3.370
1161.800	209.910	3.370
1162.000	209.911	3.370
1162.200	209.910	3.370
1162.400	209.910	3.370
1162.600	209.910	3.370
1162.800	209.912	3.370
1163.000	209.910	3.370
1163.200	209.910	3.370
1163.400	209.911	3.370
1163.600	209.910	3.370
1163.800	209.910	3.370
1164.000	209.911	3.370
1164.200	209.909	3.370
1164.400	209.909	3.370
1164.600	209.911	3.370
1164.800	209.911	3.370
1165.000	209.911	3.370
1165.200	209.909	3.370
1165.400	209.911	3.370
1165.600	209.911	3.370
1165.800	209.911	3.370
1166.000	209.912	3.370
1166.200	209.912	3.370
1166.400	209.910	3.370
1166.600	209.909	3.370
1166.800	209.910	3.370
1167.000	209.910	3.370
1167.200	209.911	3.370
1167.400	209.911	3.370
1167.600	209.911	3.370
1167.800	209.912	3.370
1168.000	209.910	3.370
1168.200	209.911	3.370
1168.400	209.911	3.370
1168.600	209.909	3.370
1168.800	209.911	3.370
1169.000	209.911	3.370
1169.200	209.912	3.370
1169.400	209.912	3.370
1169.600	209.910	3.370
1169.800	209.910	3.370
1170.000	209.909	3.371
1170.200	209.908	3.371
1170.400	209.911	3.371
1170.600	209.909	3.371
1170.800	209.910	3.371
1171.000	209.908	3.371
1171.200	209.911	3.371
1171.400	209.910	3.371
1171.600	209.912	3.371
1171.800	209.912	3.371
1172.000	209.910	3.371
1172.200	209.910	3.371
1172.400	209.909	3.371
1172.600	209.909	3.371
1172.800	209.908	3.371
1173.000	209.909	3.371
1173.200	209.910	3.371
1173.400	209.910	3.371
1173.600	209.909	3.371
1173.800	209.909	3.371
1174.000	209.911	3.371
1174.200	209.910	3.371
1174.400	209.911	3.371
1174.600	209.909	3.371
1174.800	209.910	3.371
1175.000	209.911	3.371
1175.200	209.910	3.371
1175.400	209.910	3.371
1175.600	209.910	3.371
1175.800	209.910	3.371
1176.000	209.908	3.371
1176.200	209.910	3.371
1176.400	209.910	3.371
1176.600	209.910	3.371
1176.800	209.910	3.371
1177.000	209.909	3.371
1177.200	209.910	3.371
1177.400	209.909	3.371
1177.600	209.910	3.371
1177.800	209.910	3.371
1178.000	209.911	3.371
1178.200	209.910	3.371
1178.400	209.912	3.371
1178.600	209.910	3.371
1178.800	209.911	3.371
1179.000	209.910	3.371
1179.200	209.909	3.371
1179.400	209.909	3.371
1179.600	209.909	3.371
1179.800	209.912	3.372
1180.000	209.911	3.372
1180.200	209.912	3.372
1180.400	209.912	3.372
1180.600	209.911	3.372
1180.800	209.911	3.372
1181.000	209.911	3.372
1181.200	209.911	3.372
1181.400	209.912	3.372
1181.600	209.912	3.372
1181.800	209.911	3.372
1182.000	209.913	3.372
1182.200	209.912	3.372
1182.400	209.912	3.372
1182.600	209.910	3.372
1182.800	209.913	3.372
1183.000	209.911	3.372
1183.200	209.911	3.372
1183.400	209.911	3.372
1183.600	209.913	3.372
1183.800	209.913	3.372
1184.000	209.913	3.372
1184.200	209.912	3.372
1184.400	209.913	3.372
1184.600	209.910	3.372
1184.800	209.911	3.372
1185.000	209.910	3.372
1185.200	209.911	3.372
1185.400	209.910	3.372
1185.600	209.912	3.372
1185.800	209.912	3.372
1186.000	209.910	3.372
1186.200	209.912	3.372
1186.400	209.913	3.372
1186.600	209.911	3.372
1186.800	209.912	3.372
1187.000	209.911	3.372
1187.200	209.912	3.372
1187.400	209.913	3.372
1187.600	209.912	3.372
1187.800	209.911	3.372
1188.000	209.912	3.372
1188.200	209.912	3.372
1188.400	209.912	3.372
1188.600	209.912	3.372
1188.800	209.913	3.372
1189.000	209.913	3.372
1189.200	209.912	3.372
1189.400	209.913	3.372
1189.600	209.913	3.373
1189.800	209.913	3.373
1190.000	209.912	3.373
1190.200	209.911	3.373
1190.400	209.911	3.373
1190.600	209.913	3.373
1190.800	209.912	3.373
1191.000	209.913	3.373
1191.200	209.912	3.373
1191.400	209.911	3.373
1191.600	209.912	3.373
1191.800	209.913	3.373
1192.000	209.911	3.373
1192.200	209.911	3.373
1192.400	209.912	3.373
1192.600	209.911	3.373
1192.800	209.912	3.373
1193.000	209.912	3.373
1193.200	209.912	3.373
1193.400	209.913	3.373
1193.600	209.914	3.373
1193.800	209.911	3.373
1194.000	209.914	3.373
1194.200	209.913	3.373
1194.400	209.913	3.373
1194.600	209.911	3.373
1194.800	209.912	3.373
1195.000	209.913	3.373
1195.200	209.912	3.373
1195.400	209.912	3.373
1195.600	209.911	3.373
1195.800	209.910	3.373
1196.000	209.911	3.373
1196.200	209.910	3.373
1196.400	209.913	3.373
1196.600	209.911	3.373
1196.800	209.913	3.373
1197.000	209.912	3.373
1197.200	209.910	3.373
1197.400	209.911	3.373
1197.600	209.913	3.373
1197.800	209.912	3.373
1198.000	209.911	3.373
1198.200	209.907	3.373
1198.400	209.910	3.373
1198.600	209.911	3.373
1198.800	209.909	3.373
1199.000	209.910	3.374
1199.200	209.910	3.374
1199.400	209.912	3.374
1199.600	209.911	3.374
1199.800	209.911	3.374
1200.000	209.911	3.374
1200.200	209.911	3.374
1200.400	209.911	3.374
1200.600	209.911	3.374
1200.800	209.911	3.374
1201.000	209.912	3.374
1201.200	209.913	3.374
1201.400	209.909	3.374
1201.600	209.910	3.374
1201.800	209.911	3.374
1202.000	209.908	3.374
1202.200	209.909	3.374
1202.400	209.910	3.374
1202.600	209.910	3.374
1202.800	209.911	3.374
1203.000	209.911	3.374
1203.200	209.911	3.374
1203.400	209.910	3.374
1203.600	209.911	3.374
1203.800	209.910	3.374
1204.000	209.910	3.374
1204.200	209.909	3.374
1204.400	209.911	3.374
1204.600	209.910	3.374
1204.800	209.912	3.374
1205.000	209.912	3.374
1205.200	209.911	3.374
1205.400	209.914	3.374
1205.600	209.914	3.374
1205.800	209.911	3.374
1206.000	209.912	3.374
1206.200	209.911	3.374
1206.400	209.911	3.374
1206.600	209.912	3.374
1206.800	209.911	3.374
1207.000	209.912	3.374
1207.200	209.913	3.374
1207.400	209.913	3.374
1207.600	209.913	3.374
1207.800	209.910	3.374
1208.000	209.911	3.374
1208.200	209.912	3.374
1208.400	209.914	3.374
1208.600	209.912	3.374
1208.800	209.913	3.374
1209.000	209.912	3.374
1209.200	209.912	3.375
1209.400	209.912	3.375
1209.600	209.911	3.375
1209.800	209.913	3.375
1210.000	209.912	3.375
1210.200	209.911	3.375
1210.400	209.912	3.375
1210.600	209.911	3.375
1210.800	209.912	3.375
1211.000	209.912	3.375
1211.200	209.914	3.375
1211.400	209.913	3.375
1211.600	209.911	3.375
1211.800	209.913	3.375
1212.000	209.913	3.375
1212.200	209.913	3.375
1212.400	209.912	3.375
1212.600	209.911	3.375
1212.800	209.913	3.375
1213.000	209.914	3.375
1213.200	209.913	3.375
1213.400	209.912	3.375
1213.600	209.912	3.375
1213.800	209.912	3.375
1214.000	209.911	3.375
1214.200	209.912	3.375
1214.400	209.912	3.375
1214.600	209.912	3.375
1214.800	209.912	3.375
1215.000	209.912	3.375
1215.200	209.910	3.375
1215.400	209.911	3.375
1215.600	209.909	3.375
1215.800	209.911	3.375
1216.000	209.910	3.375
1216.200	209.912	3.375
1216.400	209.909	3.375
1216.600	209.912	3.375
1216.800	209.910	3.375
1217.000	209.912	3.375
1217.200	209.909	3.375
1217.400	209.909	3.375
1217.600	209.910	3.375
1217.800	209.909	3.375
1218.000	209.910	3.375
1218.200	209.910	3.375
1218.400	209.909	3.375
1218.600	209.909	3.375
1218.800	209.910	3.375
1219.000	209.910	3.376
1219.200	209.909	3.376
1219.400	209.909	3.376
1219.600	209.910	3.376
1219.800	209.909	3.376
1220.000	209.910	3.376
1220.200	209.911	3.376
1220.400	209.911	3.376
1220.600	209.910	3.376
1220.800	209.908	3.376
1221.000	209.911	3.376
1221.200	209.910	3.376
1221.400	209.911	3.376
1221.600	209.911	3.376
1221.800	209.910	3.376
1222.000	209.910	3.376
1222.200	209.911	3.376
1222.400	209.909	3.376
1222.600	209.909	3.376
1222.800	209.909	3.376
1223.000	209.911	3.376
1223.200	209.909	3.376
1223.400	209.910	3.376
1223.600	209.909	3.376
1223.800	209.910	3.376
1224.000	209.911	3.376
1224.200	209.913	3.376
1224.400	209.912	3.376
1224.600	209.912	3.376
1224.800	209.911	3.376
1225.000	209.911	3.376
1225.200	209.909	3.376
1225.400	209.910	3.376
1225.600	209.909	3.376
1225.800	209.908	3.376
1226.000	209.910	3.376
1226.200	209.910	3.376
1226.400	209.910	3.376
1226.600	209.912	3.376
1226.800	209.910	3.376
1227.000	209.912	3.376
1227.200	209.911	3.376
1227.400	209.911	3.376
1227.600	209.912	3.376
1227.800	209.912	3.376
1228.000	209.911	3.376
1228.200	209.910	3.376
1228.400	209.911	3.377
1228.600	209.909	3.377
1228.800	209.911	3.377
1229.000	209.912	3.377
1229.200	209.911	3.377
1229.400	209.911	3.377
1229.600	209.910	3.377
1229.800	209.913	3.377
1230.000	209.911	3.377
1230.200	209.910	3.377
1230.400	209.911	3.377
1230.600	209.911	3.377
1230.800	209.911	3.377
1231.000	209.913	3.377
1231.200	209.911	3.377
1231.400	209.912	3.377
1231.600	209.914	3.377
1231.800	209.913	3.377
1232.000	209.912	3.377
1232.200	209.912	3.377
1232.400	209.911	3.377
1232.600	209.910	3.377
1232.800	209.912	3.377
1233.000	209.911	3.377
1233.200	209.911	3.377
1233.400	209.910	3.377
1233.600	209.910	3.377
1233.800	209.911	3.377
1234.000	209.910	3.377
1234.200	209.910	3.377
1234.400	209.909	3.377
1234.600	209.909	3.377
1234.800	209.909	3.377
1235.000	209.909	3.377
1235.200	209.910	3.377
1235.400	209.911	3.377
1235.600	209.910	3.377
1235.800	209.911	3.377
1236.000	209.909	3.377
1236.200	209.911	3.377
1236.400	209.908	3.377
1236.600	209.908	3.377
1236.800	209.911	3.377
1237.000	209.909	3.377
1237.200	209.910	3.377
1237.400	209.911	3.377
1237.600	209.911	3.377
1237.800	209.911	3.377
1238.000	209.909	3.377
1238.200	209.911	3.377
1238.400	209.909	3.377
1238.600	209.910	3.378
1238.800	209.910	3.378
1239.000	209.910	3.378
1239.200	209.909	3.378
1239.400	209.912	3.378
1239.600	209.911	3.378
1239.800	209.912	3.378
1240.000	209.910	3.378
1240.200	209.911	3.378
1240.400	209.913	3.378
1240.600	209.913	3.378
1240.800	209.913	3.378
1241.000	209.911	3.378
1241.200	209.910	3.378
1241.400	209.910	3.378
1241.600	209.911	3.378
1241.800	209.911	3.378
1242.000	209.910	3.378
1242.200	209.912	3.378
1242.400	209.912	3.378
1242.600	209.909	3.378
1242.800	209.911	3.378
1243.000	209.911	3.378
1243.200	209.913	3.378
1243.400	209.913	3.378
1243.600	209.912	3.378
1243.800	209.911	3.378
1244.000	209.912	3.378
1244.200	209.911	3.378
1244.400	209.912	3.378
1244.600	209.912	3.378
1244.800	209.912	3.378
1245.000	209.912	3.378
1245.200	209.911	3.378
1245.400	209.912	3.378
1245.600	209.912	3.378
1245.800	209.912	3.378
1246.000	209.912	3.378
1246.200	209.909	3.378
1246.400	209.910	3.378
1246.600	209.911	3.378
1246.800	209.910	3.378
1247.000	209.910	3.378
1247.200	209.910	3.378
1247.400	209.911	3.378
1247.600	209.911	3.378
1247.800	209.911	3.378
1248.000	209.911	3.378
1248.200	209.911	3.378
1248.400	209.910	3.378
1248.600	209.910	3.378
1248.800	209.911	3.378
1249.000	209.911	3.378
1249.200	209.911	3.378
1249.400	209.911	3.379
1249.600	209.912	3.379
1249.800	209.912	3.379
1250.000	209.912	3.379
1250.200	209.912	3.379
1250.400	209.910	3.379
1250.600	209.911	3.379
1250.800	209.909	3.379
1251.000	209.909	3.379
1251.200	209.910	3.379
1251.400	209.911	3.379
1251.600	209.909	3.379
1251.800	209.912	3.379
1252.000	209.910	3.379
1252.200	209.912	3.379
1252.400	209.910	3.379
1252.600	209.911	3.379
1252.800	209.910	3.379
1253.000	209.911	3.379
1253.200	209.911	3.379
1253.400	209.910	3.379
1253.600	209.911	3.379
1253.800	209.910	3.379
1254.000	209.910	3.379
1254.200	209.910	3.379
1254.400	209.909	3.379
1254.600	209.911	3.379
1254.800	209.912	3.379
1255.000	209.912	3.379
1255.200	209.912	3.379
1255.400	209.912	3.379
1255.600	209.912	3.379
1255.800	209.910	3.379
1256.000	209.911	3.379
1256.200	209.912	3.379
1256.400	209.912	3.379
1256.600	209.912	3.379
1256.800	209.913	3.379
1257.000	209.913	3.379
1257.200	209.911	3.379
1257.400	209.910	3.379
1257.600	209.911	3.379
1257.800	209.911	3.379
1258.000	209.912	3.379
1258.200	209.910	3.379
1258.400	209.911	3.379
1258.600	209.914	3.379
1258.800	209.913	3.379
1259.000	209.912	3.379
1259.200	209.911	3.379
1259.400	209.911	3.379
1259.600	209.912	3.379
1259.800	209.911	3.379
1260.000	209.910	3.379
1260.200	209.911	3.380
1260.400	209.910	3.380
1260.600	209.911	3.380
1260.800	209.909	3.380
1261.000	209.910	3.380
1261.200	209.913	3.380
1261.400	209.912	3.380
1261.600	209.912	3.380
1261.800	209.912	3.380
1262.000	209.913	3.380
1262.200	209.912	3.380
1262.400	209.912	3.380
1262.600	209.913	3.380
1262.800	209.913	3.380
1263.000	209.914	3.380
1263.200	209.912	3.380
1263.400	209.912	3.380
1263.600	209.912	3.380
1263.800	209.913	3.380
1264.000	209.915	3.380
1264.200	209.914	3.380
1264.400	209.913	3.380
1264.600	209.912	3.380
1264.800	209.913	3.380
1265.000	209.912	3.380
1265.200	209.912	3.380
1265.400	209.912	3.380
1265.600	209.913	3.380
1265.800	209.913	3.380
1266.000	209.913	3.380
1266.200	209.913	3.380
1266.400	209.910	3.380
1266.600	209.911	3.380
1266.800	209.911	3.380
1267.000	209.912	3.380
1267.200	209.913	3.380
1267.400	209.911	3.380
1267.600	209.913	3.380
1267.800	209.913	3.380
1268.000	209.913	3.380
1268.200	209.911	3.380
1268.400	209.912	3.380
1268.600	209.911	3.380
1268.800	209.912	3.380
1269.000	209.913	3.380
1269.200	209.912	3.380
1269.400	209.913	3.380
1269.600	209.912	3.380
1269.800	209.912	3.380
1270.000	209.913	3.380
1270.200	209.913	3.380
1270.400	209.913	3.380
1270.600	209.912	3.380
1270.800	209.911	3.380
1271.000	209.911	3.381
1271.200	209.911	3.381
1271.400	209.912	3.381
1271.600	209.911	3.381
1271.800	209.911	3.381
1272.000	209.911	3.381
1272.200	209.911	3.381
1272.400	209.912	3.381
1272.600	209.911	3.381
1272.800	209.912	3.381
1273.000	209.912	3.381
1273.200	209.913	3.381
1273.400	209.914	3.381
1273.600	209.914	3.381
1273.800	209.913	3.381
1274.000	209.912	3.381
1274.200	209.912	3.381
1274.400	209.913	3.381
1274.600	209.913	3.381
1274.800	209.913	3.381
1275.000	209.912	3.381
1275.200	209.911	3.381
1275.400	209.911	3.381
1275.600	209.913	3.381
1275.800	209.912	3.381
1276.000	209.914	3.381
1276.200	209.913	3.381
1276.400	209.909	3.381
1276.600	209.910	3.381
1276.800	209.910	3.381
1277.000	209.911	3.381
1277.200	209.910	3.381
1277.400	209.910	3.381
1277.600	209.911	3.381
1277.800	209.911	3.381
1278.000	209.911	3.381
1278.200	209.911	3.381
1278.400	209.910	3.381
1278.600	209.909	3.381
1278.800	209.910	3.381
1279.000	209.911	3.381
1279.200	209.911	3.381
1279.400	209.912	3.381
1279.600	209.911	3.381
1279.800	209.912	3.381
1280.000	209.911	3.381
1280.200	209.909	3.381
1280.400	209.911	3.382
1280.600	209.909	3.382
1280.800	209.910	3.382
1281.000	209.910	3.382
1281.200	209.909	3.382
1281.400	209.912	3.382
1281.600	209.908	3.382
1281.800	209.911	3.382
1282.000	209.909	3.382
1282.200	209.910	3.382
1282.400	209.909	3.382
1282.600	209.911	3.382
1282.800	209.911	3.382
1283.000	209.912	3.382
1283.200	209.911	3.382
1283.400	209.909	3.382
1283.600	209.910	3.382
1283.800	209.909	3.382
1284.000	209.912	3.382
1284.200	209.910	3.382
1284.400	209.910	3.382
1284.600	209.912	3.382
1284.800	209.908	3.382
1285.000	209.911	3.382
1285.200	209.912	3.382
1285.400	209.911	3.382
1285.600	209.911	3.382
1285.800	209.912	3.382
1286.000	209.910	3.382
1286.200	209.910	3.382
1286.400	209.911	3.382
1286.600	209.910	3.382
1286.800	209.912	3.382
1287.000	209.912	3.382
1287.200	209.911	3.382
1287.400	209.911	3.382
1287.600	209.913	3.382
1287.800	209.911	3.382
1288.000	209.911	3.382
1288.200	209.909	3.382
1288.400	209.910	3.382
1288.600	209.910	3.382
1288.800	209.909	3.382
1289.000	209.911	3.382
1289.200	209.911	3.382
1289.400	209.910	3.382
1289.600	209.912	3.382
1289.800	209.910	3.382
1290.000	209.911	3.382
1290.200	209.912	3.382
1290.400	209.911	3.382
1290.600	209.910	3.382
1290.800	209.912	3.382
1291.000	209.911	3.382
1291.200	209.913	3.383
1291.400	209.911	3.383
1291.600	209.912	3.383
1291.800	209.912	3.383
1292.000	209.911	3.383
1292.200	209.910	3.383
1292.400	209.912	3.383
1292.600	209.911	3.383
1292.800	209.912	3.383
1293.000	209.911	3.383
1293.200	209.911	3.383
1293.400	209.913	3.383
1293.600	209.911	3.383
1293.800	209.912	3.383
1294.000	209.912	3.383
1294.200	209.910	3.383
1294.400	209.908	3.383
1294.600	209.910	3.383
1294.800	209.911	3.383
1295.000	209.912	3.383
1295.200	209.913	3.383
1295.400	209.911	3.383
1295.600	209.912	3.383
1295.800	209.911	3.383
1296.000	209.911	3.383
1296.200	209.911	3.383
1296.400	209.911	3.383
1296.600	209.911	3.383
1296.800	209.912	3.383
1297.000	209.911	3.383
1297.200	209.911	3.383
1297.400	209.910	3.383
1297.600	209.910	3.383
1297.800	209.911	3.383
1298.000	209.911	3.383
1298.200	209.911	3.383
1298.400	209.910	3.383
1298.600	209.911	3.383
1298.800	209.912	3.383
1299.000	209.913	3.383
1299.200	209.911	3.383
1299.400	209.912	3.383
1299.600	209.912	3.383
1299.800	209.911	3.383
1300.000	209.912	3.383
1300.200	209.912	3.383
1300.400	209.911	3.383
1300.600	209.911	3.383
1300.800	209.909	3.383
1301.000	209.909	3.383
1301.200	209.910	3.383
1301.400	209.911	3.383
1301.600	209.911	3.383
1301.800	209.910	3.383
1302.000	209.911	3.384
1302.200	209.911	3.384
1302.400	209.910	3.384
1302.600	209.910	3.384
1302.800	209.910	3.384
1303.000	209.911	3.384
1303.200	209.911	3.384
1303.400	209.909	3.384
1303.600	209.911	3.384
1303.800	209.909	3.384
1304.000	209.909	3.384
1304.200	209.910	3.384
1304.400	209.911	3.384
1304.600	209.912	3.384
1304.800	209.912	3.384
1305.000	209.911	3.384
1305.200	209.911	3.384
1305.400	209.910	3.384
1305.600	209.912	3.384
1305.800	209.913	3.384
1306.000	209.913	3.384
1306.200	209.912	3.384
1306.400	209.911	3.384
1306.600	209.910	3.384
1306.800	209.913	3.384
1307.000	209.910	3.384
1307.200	209.910	3.384
1307.400	209.908	3.384
1307.600	209.910	3.384
1307.800	209.908	3.384
1308.000	209.908	3.384
1308.200	209.910	3.384
1308.400	209.909	3.384
1308.600	209.907	3.384
1308.800	209.910	3.384
1309.000	209.911	3.384
1309.200	209.910	3.384
1309.400	209.909	3.384
1309.600	209.907	3.384
1309.800	209.910	3.384
1310.000	209.912	3.384
1310.200	209.911	3.384
1310.400	209.911	3.384
1310.600	209.911	3.384
1310.800	209.910	3.384
1311.000	209.911	3.384
1311.200	209.912	3.384
1311.400	209.912	3.384
1311.600	209.911	3.384
1311.800	209.911	3.384
1312.000	209.912	3.384
1312.200	209.911	3.385
1312.400	209.913	3.385
1312.600	209.910	3.385
1312.800	209.912	3.385
1313.000	209.913	3.385
1313.200	209.910	3.385
1313.400	209.911	3.385
1313.600	209.912	3.385
1313.800	209.911	3.385
1314.000	209.912	3.385
1314.200	209.912	3.385
1314.400	209.911	3.385
1314.600	209.912	3.385
1314.800	209.912	3.385
1315.000	209.911	3.385
1315.200	209.910	3.385
1315.400	209.911	3.385
1315.600	209.911	3.385
1315.800	209.912	3.385
1316.000	209.912	3.385
1316.200	209.911	3.385
1316.400	209.911	3.385
1316.600	209.910	3.385
1316.800	209.909	3.385
1317.000	209.908	3.385
1317.200	209.911	3.385
1317.400	209.910	3.385
1317.600	209.911	3.385
1317.800	209.911	3.385
1318.000	209.909	3.385
1318.200	209.909	3.385
1318.400	209.910	3.385
1318.600	209.911	3.385
1318.800	209.910	3.385
1319.000	209.908	3.385
1319.200	209.909	3.385
1319.400	209.907	3.385
1319.600	209.908	3.385
1319.800	209.909	3.385
1320.000	209.909	3.385
1320.200	209.909	3.385
1320.400	209.908	3.385
1320.600	209.908	3.385
1320.800	209.907	3.385
1321.000	209.908	3.385
1321.200	209.907	3.385
1321.400	209.909	3.385
1321.600	209.909	3.385
1321.800	209.907	3.385
1322.000	209.909	3.385
1322.200	209.909	3.385
1322.400	209.909	3.385
1322.600	209.909	3.385
1322.800	209.907	3.385
1323.000	209.908	3.386
1323.200	209.908	3.386
1323.400	209.910	3.386
1323.600	209.909	3.386
1323.800	209.909	3.386
1324.000	209.909	3.386
1324.200	209.909	3.386
1324.400	209.910	3.386
1324.600	209.911	3.386
1324.800	209.910	3.386
1325.000	209.910	3.386
1325.200	209.911	3.386
1325.400	209.908	3.386
1325.600	209.910	3.386
1325.800	209.910	3.386
1326.000	209.909	3.386
1326.200	209.912	3.386
1326.400	209.911	3.386
1326.600	209.912	3.386
1326.800	209.911	3.386
1327.000	209.911	3.386
1327.200	209.910	3.386
1327.400	209.911	3.386
1327.600	209.911	3.386
1327.800	209.912	3.386
1328.000	209.912	3.386
1328.200	209.910	3.386
1328.400	209.911	3.386
1328.600	209.910	3.386
1328.800	209.910	3.386
1329.000	209.908	3.386
1329.200	209.909	3.386
1329.400	209.910	3.386
1329.600	209.911	3.386
1329.800	209.911	3.386
1330.000	209.912	3.386
1330.200	209.911	3.386
1330.400	209.910	3.386
1330.600	209.913	3.386
1330.800	209.911	3.386
1331.000	209.910	3.386
1331.200	209.910	3.386
1331.400	209.911	3.386
1331.600	209.910	3.386
1331.800	209.912	3.386
1332.000	209.912	3.386
1332.200	209.910	3.386
1332.400	209.910	3.386
1332.600	209.910	3.386
1332.800	209.909	3.386
1333.000	209.909	3.386
1333.200	209.910	3.386
1333.400	209.911	3.386
1333.600	209.909	3.386
1333.800	209.908	3.386
1334.000	209.911	3.386
1334.200	209.911	3.386
1334.400	209.910	3.387
1334.600	209.913	3.387
1334.800	209.911	3.387
1335.000	209.911	3.387
1335.200	209.913	3.387
1335.400	209.911	3.387
1335.600	209.911	3.387
1335.800	209.911	3.387
1336.000	209.911	3.387
1336.200	209.911	3.387
1336.400	209.910	3.387
1336.600	209.910	3.387
1336.800	209.910	3.387
1337.000	209.911	3.387
1337.200	209.908	3.387
1337.400	209.909	3.387
1337.600	209.911	3.387
1337.800	209.912	3.387
1338.000	209.911	3.387
1338.200	209.913	3.387
1338.400	209.912	3.387
1338.600	209.911	3.387
1338.800	209.911	3.387
1339.000	209.911	3.387
1339.200	209.910	3.387
1339.400	209.911	3.387
1339.600	209.910	3.387
1339.800	209.908	3.387
1340.000	209.909	3.387
1340.200	209.910	3.387
1340.400	209.910	3.387
1340.600	209.908	3.387
1340.800	209.909	3.387
1341.000	209.908	3.387
1341.200	209.909	3.387
1341.400	209.909	3.387
1341.600	209.908	3.387
1341.800	209.908	3.387
1342.000	209.909	3.387
1342.200	209.908	3.387
1342.400	209.909	3.387
1342.600	209.910	3.387
1342.800	209.910	3.387
1343.000	209.908	3.387
1343.200	209.908	3.387
1343.400	209.908	3.387
1343.600	209.909	3.387
1343.800	209.910	3.387
1344.000	209.909	3.387
1344.200	209.907	3.387
1344.400	209.909	3.387
1344.600	209.909	3.387
1344.800	209.909	3.387
1345.000	209.908	3.387
1345.200	209.910	3.388
1345.400	209.908	3.388
1345.600	209.909	3.388
1345.800	209.910	3.388
1346.000	209.911	3.388
1346.200	209.909	3.388
1346.400	209.909	3.388
1346.600	209.909	3.388
1346.800	209.908	3.388
1347.000	209.909	3.388
1347.200	209.908	3.388
1347.400	209.909	3.388
1347.600	209.909	3.388
1347.800	209.909	3.388
1348.000	209.909	3.388
1348.200	209.909	3.388
1348.400	209.910	3.388
1348.600	209.907	3.388
1348.800	209.908	3.388
1349.000	209.907	3.388
1349.200	209.906	3.388
1349.400	209.910	3.388
1349.600	209.909	3.388
1349.800	209.908	3.388
1350.000	209.908	3.388
1350.200	209.909	3.388
1350.400	209.910	3.388
1350.600	209.910	3.388
1350.800	209.911	3.388
1351.000	209.909	3.388
1351.200	209.907	3.388
1351.400	209.909	3.388
1351.600	209.909	3.388
1351.800	209.909	3.388
1352.000	209.910	3.388
1352.200	209.907	3.388
1352.400	209.908	3.388
1352.600	209.908	3.388
1352.800	209.910	3.388
1353.000	209.909	3.388
1353.200	209.911	3.388
1353.400	209.909	3.388
1353.600	209.909	3.388
1353.800	209.908	3.388
1354.000	209.910	3.388
1354.200	209.910	3.388
1354.400	209.910	3.388
1354.600	209.910	3.388
1354.800	209.912	3.388
1355.000	209.911	3.388
1355.200	209.912	3.388
1355.400	209.910	3.388
1355.600	209.910	3.388
1355.800	209.909	3.389
1356.000	209.909	3.389
1356.200	209.910	3.389
1356.400	209.910	3.389
1356.600	209.909	3.389
1356.800	209.908	3.389
1357.000	209.909	3.389
1357.200	209.908	3.389
1357.400	209.909	3.389
1357.600	209.910	3.389
1357.800	209.909	3.389
1358.000	209.909	3.389
1358.200	209.907	3.389
1358.400	209.907	3.389
1358.600	209.911	3.389
1358.800	209.910	3.389
1359.000	209.910	3.389
1359.200	209.910	3.389
1359.400	209.909	3.389
1359.600	209.909	3.389
1359.800	209.909	3.389
1360.000	209.909	3.389
1360.200	209.909	3.389
1360.400	209.909	3.389
1360.600	209.909	3.389
1360.800	209.908	3.389
1361.000	209.909	3.389
1361.200	209.910	3.389
1361.400	209.907	3.389
1361.600	209.911	3.389
1361.800	209.908	3.389
1362.000	209.910	3.389
1362.200	209.910	3.389
1362.400	209.909	3.389
1362.600	209.911	3.389
1362.800	209.909	3.389
1363.000	209.909	3.389
1363.200	209.908	3.389
1363.400	209.911	3.389
1363.600	209.912	3.389
1363.800	209.913	3.389
1364.000	209.911	3.389
1364.200	209.911	3.389
1364.400	209.912	3.389
1364.600	209.911	3.389
1364.800	209.912	3.389
1365.000	209.909	3.389
1365.200	209.911	3.389
1365.400	209.909	3.389
1365.600	209.911	3.389
1365.800	209.910	3.389
1366.000	209.908	3.389
1366.200	209.909	3.389
1366.400	209.910	3.389
1366.600	209.909	3.389
1366.800	209.910	3.389
1367.000	209.909	3.389
1367.200	209.910	3.389
1367.400	209.910	3.389
1367.600	209.911	3.389
1367.800	209.909	3.390
1368.000	209.909	3.390
1368.200	209.908	3.390
1368.400	209.911	3.390
1368.600	209.907	3.390
1368.800	209.909	3.390
1369.000	209.909	3.390
1369.200	209.909	3.390
1369.400	209.910	3.390
1369.600	209.909	3.390
1369.800	209.908	3.390
1370.000	209.908	3.390
1370.200	209.909	3.390
1370.400	209.908	3.390
1370.600	209.908	3.390
1370.800	209.911	3.390
1371.000	209.908	3.390
1371.200	209.910	3.390
1371.400	209.911	3.390
1371.600	209.912	3.390
1371.800	209.910	3.390
1372.000	209.910	3.390
1372.200	209.910	3.390
1372.400	209.911	3.390
1372.600	209.912	3.390
1372.800	209.910	3.390
1373.000	209.910	3.390
1373.200	209.911	3.390
1373.400	209.911	3.390
1373.600	209.909	3.390
1373.800	209.911	3.390
1374.000	209.912	3.390
1374.200	209.911	3.390
1374.400	209.912	3.390
1374.600	209.911	3.390
1374.800	209.910	3.390
1375.000	209.911	3.390
1375.200	209.911	3.390
1375.400	209.913	3.390
1375.600	209.910	3.390
1375.800	209.911	3.390
1376.000	209.909	3.390
1376.200	209.910	3.390
1376.400	209.910	3.390
1376.600	209.910	3.390
1376.800	209.909	3.390
1377.000	209.908	3.390
1377.200	209.907	3.390
1377.400	209.909	3.390
1377.600	209.909	3.390
1377.800	209.910	3.390
1378.000	209.910	3.390
1378.200	209.911	3.390
1378.400	209.908	3.390
1378.600	209.908	3.391
1378.800	209.910	3.391
1379.000	209.909	3.391
1379.200	209.912	3.391
1379.400	209.909	3.391
1379.600	209.908	3.391
1379.800	209.908	3.391
1380.000	209.911	3.391
1380.200	209.911	3.391
1380.400	209.911	3.391
1380.600	209.910	3.391
1380.800	209.912	3.391
1381.000	209.913	3.391
1381.200	209.911	3.391
1381.400	209.910	3.391
1381.600	209.911	3.391
1381.800	209.910	3.391
1382.000	209.911	3.391
1382.200	209.912	3.391
1382.400	209.909	3.391
1382.600	209.909	3.391
1382.800	209.909	3.391
1383.000	209.910	3.391
1383.200	209.910	3.391
1383.400	209.910	3.391
1383.600	209.910	3.391
1383.800	209.909	3.391
1384.000	209.910	3.391
1384.200	209.912	3.391
1384.400	209.910	3.391
1384.600	209.911	3.391
1384.800	209.911	3.391
1385.000	209.909	3.391
1385.200	209.911	3.391
1385.400	209.911	3.391
1385.600	209.910	3.391
1385.800	209.910	3.391
1386.000	209.911	3.391
1386.200	209.909	3.391
1386.400	209.912	3.391
1386.600	209.912	3.391
1386.800	209.911	3.391
1387.000	209.911	3.391
1387.200	209.908	3.391
1387.400	209.910	3.391
1387.600	209.911	3.391
1387.800	209.909	3.391
1388.000	209.909	3.391
1388.200	209.910	3.391
1388.400	209.910	3.391
1388.600	209.911	3.391
1388.800	209.909	3.391
1389.000	209.910	3.391
1389.200	209.911	3.391
1389.400	209.909	3.391
1389.600	209.909	3.391
1389.800	209.911	3.391
1390.000	209.910	3.391
1390.200	209.911	3.391
1390.400	209.911	3.391
1390.600	209.912	3.391
1390.800	209.913	3.391
1391.000	209.912	3.392
1391.200	209.910	3.392
1391.400	209.911	3.392
1391.600	209.912	3.392
1391.800	209.912	3.392
1392.000	209.913	3.392
1392.200	209.912	3.392
1392.400	209.912	3.392
1392.600	209.912	3.392
1392.800	209.912	3.392
1393.000	209.911	3.392
1393.200	209.911	3.392
1393.400	209.912	3.392
1393.600	209.911	3.392
1393.800	209.912	3.392
1394.000	209.911	3.392
1394.200	209.910	3.392
1394.400	209.910	3.392
1394.600	209.912	3.392
1394.800	209.911	3.392
1395.000	209.910	3.392
1395.200	209.910	3.392
1395.400	209.909	3.392
1395.600	209.909	3.392
1395.800	209.908	3.392
1396.000	209.910	3.392
1396.200	209.910	3.392
1396.400	209.910	3.392
1396.600	209.912	3.392
1396.800	209.912	3.392
1397.000	209.912	3.392
1397.200	209.911	3.392
1397.400	209.911	3.392
1397.600	209.912	3.392
1397.800	209.912	3.392
1398.000	209.911	3.392
1398.200	209.911	3.392
1398.400	209.912	3.392
1398.600	209.911	3.392
1398.800	209.909	3.392
1399.000	209.912	3.392
1399.200	209.911	3.392
1399.400	209.911	3.392
1399.600	209.910	3.392
1399.800	209.909	3.392
1400.000	209.909	3.392
1400.200	209.911	3.392
1400.400	209.909	3.392
1400.600	209.910	3.392
1400.800	209.910	3.392
1401.000	209.908	3.392
1401.200	209.907	3.392
1401.400	209.911	3.392
1401.600	209.911	3.392
1401.800	209.909	3.392
1402.000	209.911	3.392
1402.200	209.911	3.392
1402.400	209.911	3.392
1402.600	209.910	3.392
1402.800	209.910	3.392
1403.000	209.912	3.393
1403.200	209.911	3.393
1403.400	209.909	3.393
1403.600	209.908	3.393
1403.800	209.909	3.393
1404.000	209.911	3.393
1404.200	209.910	3.393
1404.400	209.910	3.393
1404.600	209.910	3.393
1404.800	209.912	3.393
1405.000	209.910	3.393
1405.200	209.911	3.393
1405.400	209.912	3.393
1405.600	209.910	3.393
1405.800	209.910	3.393
1406.000	209.910	3.393
1406.200	209.910	3.393
1406.400	209.910	3.393
1406.600	209.910	3.393
1406.800	209.911	3.393
1407.000	209.910	3.393
1407.200	209.909	3.393
1407.400	209.911	3.393
1407.600	209.911	3.393
1407.800	209.910	3.393
1408.000	209.912	3.393
1408.200	209.911	3.393
1408.400	209.909	3.393
1408.600	209.910	3.393
1408.800	209.910	3.393
1409.000	209.911	3.393
1409.200	209.911	3.393
1409.400	209.910	3.393
1409.600	209.910	3.393
1409.800	209.911	3.393
1410.000	209.911	3.393
1410.200	209.911	3.393
1410.400	209.910	3.393
1410.600	209.912	3.393
1410.800	209.909	3.393
1411.000	209.910	3.393
1411.200	209.910	3.393
1411.400	209.910	3.393
1411.600	209.910	3.393
1411.800	209.911	3.393
1412.000	209.910	3.393
1412.200	209.910	3.393
1412.400	209.910	3.393
1412.600	209.911	3.393
1412.800	209.911	3.393
1413.000	209.911	3.393
1413.200	209.911	3.393
1413.400	209.910	3.393
1413.600	209.911	3.393
1413.800	209.909	3.393
1414.000	209.911	3.393
1414.200	209.913	3.393
1414.400	209.912	3.393
1414.600	209.913	3.394
1414.800	209.916	3.394
1415.000	209.912	3.394
1415.200	209.915	3.394
1415.400	209.912	3.394
1415.600	209.912	3.394
1415.800	209.911	3.394
1416.000	209.913	3.394
1416.200	209.914	3.394
1416.400	209.914	3.394
1416.600	209.914	3.394
1416.800	209.914	3.394
1417.000	209.913	3.394
1417.200	209.914	3.394
1417.400	209.912	3.394
1417.600	209.912	3.394
1417.800	209.914	3.394
1418.000	209.915	3.394
1418.200	209.913	3.394
1418.400	209.913	3.394
1418.600	209.911	3.394
1418.800	209.911	3.394
1419.000	209.912	3.394
1419.200	209.914	3.394
1419.400	209.913	3.394
1419.600	209.912	3.394
1419.800	209.911	3.394
1420.000	209.914	3.394
1420.200	209.913	3.394
1420.400	209.912	3.394
1420.600	209.912	3.394
1420.800	209.912	3.394
1421.000	209.911	3.394
1421.200	209.912	3.394
1421.400	209.912	3.394
1421.600	209.913	3.394
1421.800	209.913	3.394
1422.000	209.912	3.394
1422.200	209.911	3.394
1422.400	209.911	3.394
1422.600	209.913	3.394
1422.800	209.912	3.394
1423.000	209.913	3.394
1423.200	209.912	3.394
1423.400	209.913	3.394
1423.600	209.912	3.394
1423.800	209.913	3.394
1424.000	209.914	3.394
1424.200	209.913	3.394
1424.400	209.913	3.394
1424.600	209.912	3.394
1424.800	209.911	3.394
1425.000	209.911	3.394
1425.200	209.912	3.394
1425.400	209.913	3.394
1425.600	209.911	3.394
1425.800	209.912	3.394
1426.000	209.912	3.394
1426.200	209.913	3.395
1426.400	209.912	3.395
1426.600	209.912	3.395
1426.800	209.911	3.395
1427.000	209.910	3.395
1427.200	209.911	3.395
1427.400	209.911	3.395
1427.600	209.911	3.395
1427.800	209.911	3.395
1428.000	209.912	3.395
1428.200	209.912	3.395
1428.400	209.913	3.395
1428.600	209.913	3.395
1428.800	209.913	3.395
1429.000	209.912	3.395
1429.200	209.912	3.395
1429.400	209.912	3.395
1429.600	209.913	3.395
1429.800	209.914	3.395
1430.000	209.912	3.395
1430.200	209.913	3.395
1430.400	209.914	3.395
1430.600	209.912	3.395
1430.800	209.913	3.395
1431.000	209.913	3.395
1431.200	209.914	3.395
1431.400	209.912	3.395
1431.600	209.911	3.395
1431.800	209.911	3.395
1432.000	209.913	3.395
1432.200	209.913	3.395
1432.400	209.913	3.395
1432.600	209.913	3.395
1432.800	209.914	3.395
1433.000	209.914	3.395
1433.200	209.912	3.395
1433.400	209.913	3.395
1433.600	209.912	3.395
1433.800	209.914	3.395
1434.000	209.912	3.395
1434.200	209.913	3.395
1434.400	209.912	3.395
1434.600	209.912	3.395
1434.800	209.913	3.395
1435.000	209.913	3.395
1435.200	209.913	3.395
1435.400	209.914	3.395
1435.600	209.913	3.395
1435.800	209.913	3.395
1436.000	209.912	3.395
1436.200	209.913	3.395
1436.400	209.913	3.395
1436.600	209.914	3.395
1436.800	209.913	3.395
1437.000	209.914	3.395
1437.200	209.912	3.395
1437.400	209.912	3.395
1437.600	209.913	3.396
1437.800	209.913	3.396
1438.000	209.912	3.396
1438.200	209.912	3.396
1438.400	209.912	3.396
1438.600	209.913	3.396
1438.800	209.912	3.396
1439.000	209.912	3.396
1439.200	209.912	3.396
1439.400	209.912	3.396
1439.600	209.912	3.396
1439.800	209.913	3.396
1440.000	209.911	3.396
1440.200	209.911	3.396
1440.400	209.912	3.396
1440.600	209.913	3.396
1440.800	209.912	3.396
1441.000	209.912	3.396
1441.200	209.911	3.396
1441.400	209.912	3.396
1441.600	209.911	3.396
1441.800	209.913	3.396
1442.000	209.912	3.396
1442.200	209.912	3.396
1442.400	209.911	3.396
1442.600	209.913	3.396
1442.800	209.911	3.396
1443.000	209.912	3.396
1443.200	209.910	3.396
1443.400	209.913	3.396
1443.600	209.911	3.396
1443.800	209.910	3.396
1444.000	209.910	3.396
1444.200	209.912	3.396
1444.400	209.911	3.396
1444.600	209.911	3.396
1444.800	209.911	3.396
1445.000	209.911	3.396
1445.200	209.910	3.396
1445.400	209.911	3.396
1445.600	209.911	3.396
1445.800	209.912	3.396
1446.000	209.912	3.396
1446.200	209.913	3.396
1446.400	209.912	3.396
1446.600	209.912	3.396
1446.800	209.913	3.396
1447.000	209.911	3.396
1447.200	209.912	3.396
1447.400	209.911	3.396
1447.600	209.911	3.396
1447.800	209.913	3.396
1448.000	209.911	3.396
1448.200	209.912	3.396
1448.400	209.911	3.396
1448.600	209.911	3.396
1448.800	209.911	3.396
1449.000	209.911	3.396
1449.200	209.910	3.396
1449.400	209.911	3.396
1449.600	209.913	3.396
1449.800	209.914	3.397
1450.000	209.912	3.397
1450.200	209.913	3.397
1450.400	209.913	3.397
1450.600	209.912	3.397
1450.800	209.911	3.397
1451.000	209.912	3.397
1451.200	209.913	3.397
1451.400	209.911	3.397
1451.600	209.912	3.397
1451.800	209.911	3.397
1452.000	209.910	3.397
1452.200	209.910	3.397
1452.400	209.913	3.397
1452.600	209.911	3.397
1452.800	209.913	3.397
1453.000	209.914	3.397
1453.200	209.912	3.397
1453.400	209.911	3.397
1453.600	209.912	3.397
1453.800	209.911	3.397
1454.000	209.911	3.397
1454.200	209.912	3.397
1454.400	209.912	3.397
1454.600	209.910	3.397
1454.800	209.911	3.397
1455.000	209.911	3.397
1455.200	209.911	3.397
1455.400	209.911	3.397
1455.600	209.911	3.397
1455.800	209.912	3.397
1456.000	209.913	3.397
1456.200	209.912	3.397
1456.400	209.914	3.397
1456.600	209.912	3.397
1456.800	209.911	3.397
1457.000	209.912	3.397
1457.200	209.911	3.397
1457.400	209.913	3.397
1457.600	209.912	3.397
1457.800	209.910	3.397
1458.000	209.910	3.397
1458.200	209.910	3.397
1458.400	209.910	3.397
1458.600	209.911	3.397
1458.800	209.911	3.397
1459.000	209.911	3.397
1459.200	209.912	3.397
1459.400	209.913	3.397
1459.600	209.913	3.397
1459.800	209.913	3.397
1460.000	209.911	3.397
1460.200	209.914	3.397
1460.400	209.914	3.397
1460.600	209.913	3.397
1460.800	209.913	3.397
1461.000	209.912	3.397
1461.200	209.913	3.397
1461.400	209.915	3.397
1461.600	209.913	3.397
1461.800	209.913	3.397
1462.000	209.913	3.397
1462.200	209.912	3.398
1462.400	209.911	3.398
1462.600	209.914	3.398
1462.800	209.912	3.398
1463.000	209.912	3.398
1463.200	209.912	3.398
1463.400	209.912	3.398
1463.600	209.912	3.398
1463.800	209.912	3.398
1464.000	209.912	3.398
1464.200	209.912	3.398
1464.400	209.911	3.398
1464.600	209.913	3.398
1464.800	209.913	3.398
1465.000	209.912	3.398
1465.200	209.912	3.398
1465.400	209.910	3.398
1465.600	209.912	3.398
1465.800	209.912	3.398
1466.000	209.913	3.398
1466.200	209.913	3.398
1466.400	209.912	3.398
1466.600	209.911	3.398
1466.800	209.911	3.398
1467.000	209.912	3.398
1467.200	209.911	3.398
1467.400	209.912	3.398
1467.600	209.913	3.398
1467.800	209.912	3.398
1468.000	209.912	3.398
1468.200	209.910	3.398
1468.400	209.912	3.398
1468.600	209.911	3.398
1468.800	209.913	3.398
1469.000	209.913	3.398
1469.200	209.913	3.398
1469.400	209.913	3.398
1469.600	209.911	3.398
1469.800	209.913	3.398
1470.000	209.912	3.398
1470.200	209.911	3.398
1470.400	209.910	3.398
1470.600	209.911	3.398
1470.800	209.911	3.398
1471.000	209.912	3.398
1471.200	209.911	3.398
1471.400	209.911	3.398
1471.600	209.909	3.398
1471.800	209.912	3.398
1472.000	209.912	3.398
1472.200	209.912	3.398
1472.400	209.911	3.398
1472.600	209.910	3.398
1472.800	209.910	3.398
1473.000	209.909	3.398
1473.200	209.908	3.398
1473.400	209.911	3.398
1473.600	209.908	3.398
1473.800	209.909	3.398
1474.000	209.911	3.398
1474.200	209.910	3.398
1474.400	209.910	3.398
1474.600	209.911	3.399
1474.800	209.910	3.399
1475.000	209.910	3.399
1475.200	209.910	3.399
1475.400	209.909	3.399
1475.600	209.911	3.399
1475.800	209.911	3.399
1476.000	209.911	3.399
1476.200	209.912	3.399
1476.400	209.912	3.399
1476.600	209.909	3.399
1476.800	209.911	3.399
1477.000	209.911	3.399
1477.200	209.910	3.399
1477.400	209.911	3.399
1477.600	209.909	3.399
1477.800	209.909	3.399
1478.000	209.909	3.399
1478.200	209.909	3.399
1478.400	209.909	3.399
1478.600	209.911	3.399
1478.800	209.909	3.399
1479.000	209.911	3.399
1479.200	209.910	3.399
1479.400	209.912	3.399
1479.600	209.913	3.399
1479.800	209.911	3.399
1480.000	209.909	3.399
1480.200	209.909	3.399
1480.400	209.911	3.399
1480.600	209.911	3.399
1480.800	209.909	3.399
1481.000	209.909	3.399
1481.200	209.911	3.399
1481.400	209.912	3.399
1481.600	209.911	3.399
1481.800	209.912	3.399
1482.000	209.911	3.399
1482.200	209.911	3.399
1482.400	209.911	3.399
1482.600	209.910	3.399
1482.800	209.912	3.399
1483.000	209.913	3.399
1483.200	209.912	3.399
1483.400	209.911	3.399
1483.600	209.911	3.399
1483.800	209.911	3.399
1484.000	209.909	3.399
1484.200	209.911	3.399
1484.400	209.909	3.399
1484.600	209.908	3.399
1484.800	209.908	3.399
1485.000	209.912	3.399
1485.200	209.912	3.399
1485.400	209.911	3.399
1485.600	209.911	3.399
1485.800	209.910	3.399
1486.000	209.911	3.399
1486.200	209.910	3.400
1486.400	209.912	3.400
1486.600	209.909	3.400
1486.800	209.912	3.400
1487.000	209.913	3.400
1487.200	209.910	3.400
1487.400	209.909	3.400
1487.600	209.909	3.400
1487.800	209.912	3.400
1488.000	209.910	3.400
1488.200	209.911	3.400
1488.400	209.912	3.400
1488.600	209.911	3.400
1488.800	209.912	3.400
1489.000	209.911	3.400
1489.200	209.911	3.400
1489.400	209.912	3.400
1489.600	209.910	3.400
1489.800	209.911	3.400
1490.000	209.911	3.400
1490.200	209.911	3.400
1490.400	209.912	3.400
1490.600	209.912	3.400
1490.800	209.913	3.400
1491.000	209.912	3.400
1491.200	209.910	3.400
1491.400	209.909	3.400
1491.600	209.912	3.400
1491.800	209.910	3.400
1492.000	209.912	3.400
1492.200	209.911	3.400
1492.400	209.912	3.400
1492.600	209.913	3.400
1492.800	209.910	3.400
1493.000	209.912	3.400
1493.200	209.912	3.400
1493.400	209.913	3.400
1493.600	209.911	3.400
1493.800	209.910	3.400
1494.000	209.912	3.400
1494.200	209.913	3.400
1494.400	209.912	3.400
1494.600	209.914	3.400
1494.800	209.914	3.400
1495.000	209.914	3.400
1495.200	209.913	3.400
1495.400	209.915	3.400
1495.600	209.913	3.400
1495.800	209.913	3.400
1496.000	209.913	3.400
1496.200	209.914	3.400
1496.400	209.913	3.400
1496.600	209.912	3.400
1496.800	209.913	3.400
1497.000	209.912	3.400
1497.200	209.913	3.400
1497.400	209.913	3.400
1497.600	209.913	3.400
1497.800	209.914	3.400
1498.000	209.913	3.400
1498.200	209.914	3.400
1498.400	209.912	3.400
1498.600	209.914	3.400
1498.800	209.914	3.401
1499.000	209.914	3.401
1499.200	209.915	3.401
1499.400	209.914	3.401
1499.600	209.916	3.401
1499.800	209.914	3.401
1500.000	209.912	3.401
1500.200	209.914	3.401
1500.400	209.914	3.401
1500.600	209.914	3.401
1500.800	209.913	3.401
1501.000	209.913	3.401
1501.200	209.912	3.401
1501.400	209.914	3.401
1501.600	209.913	3.401
1501.800	209.912	3.401
1502.000	209.912	3.401
1502.200	209.913	3.401
1502.400	209.911	3.401
1502.600	209.913	3.401
1502.800	209.913	3.401
1503.000	209.913	3.401
1503.200	209.913	3.401
1503.400	209.912	3.401
1503.600	209.911	3.401
1503.800	209.911	3.401
1504.000	209.911	3.401
1504.200	209.912	3.401
1504.400	209.911	3.401
1504.600	209.911	3.401
1504.800	209.912	3.401
1505.000	209.912	3.401
1505.200	209.913	3.401
1505.400	209.912	3.401
1505.600	209.913	3.401
1505.800	209.914	3.401
1506.000	209.913	3.401
1506.200	209.912	3.401
1506.400	209.913	3.401
1506.600	209.913	3.401
1506.800	209.913	3.401
1507.000	209.912	3.401
1507.200	209.912	3.401
1507.400	209.914	3.401
1507.600	209.915	3.401
1507.800	209.915	3.401
1508.000	209.913	3.401
1508.200	209.913	3.401
1508.400	209.914	3.401
1508.600	209.913	3.401
1508.800	209.913	3.401
1509.000	209.912	3.401
1509.200	209.914	3.401
1509.400	209.913	3.401
1509.600	209.910	3.401
1509.800	209.911	3.401
1510.000	209.911	3.401
1510.200	209.912	3.401
1510.400	209.913	3.401
1510.600	209.911	3.401
1510.800	209.913	3.401
1511.000	209.912	3.401
1511.200	209.912	3.401
1511.400	209.912	3.401
1511.600	209.911	3.401
1511.800	209.913	3.402
1512.000	209.913	3.402
1512.200	209.912	3.402
1512.400	209.913	3.402
1512.600	209.914	3.402
1512.800	209.912	3.402
1513.000	209.912	3.402
1513.200	209.911	3.402
1513.400	209.911	3.402
1513.600	209.912	3.402
1513.800	209.913	3.402
1514.000	209.913	3.402
1514.200	209.912	3.402
1514.400	209.913	3.402
1514.600	209.911	3.402
1514.800	209.912	3.402
1515.000	209.911	3.402
1515.200	209.911	3.402
1515.400	209.911	3.402
1515.600	209.912	3.402
1515.800	209.912	3.402
1516.000	209.913	3.402
1516.200	209.912	3.402
1516.400	209.912	3.402
1516.600	209.914	3.402
1516.800	209.912	3.402
1517.000	209.912	3.402
1517.200	209.912	3.402
1517.400	209.909	3.402
1517.600	209.910	3.402
1517.800	209.912	3.402
1518.000	209.910	3.402
1518.200	209.911	3.402
1518.400	209.909	3.402
1518.600	209.913	3.402
1518.800	209.914	3.402
1519.000	209.914	3.402
1519.200	209.915	3.402
1519.400	209.914	3.402
1519.600	209.913	3.402
1519.800	209.914	3.402
1520.000	209.913	3.402
1520.200	209.913	3.402
1520.400	209.913	3.402
1520.600	209.912	3.402
1520.800	209.913	3.402
1521.000	209.910	3.402
1521.200	209.915	3.402
1521.400	209.913	3.402
1521.600	209.911	3.402
1521.800	209.911	3.402
1522.000	209.912	3.402
1522.200	209.913	3.402
1522.400	209.911	3.402
1522.600	209.913	3.402
1522.800	209.913	3.402
1523.000	209.912	3.402
1523.200	209.913	3.402
1523.400	209.911	3.402
1523.600	209.914	3.402
1523.800	209.915	3.402
1524.000	209.914	3.402
1524.200	209.911	3.402
1524.400	209.914	3.402
1524.600	209.913	3.403
1524.800	209.911	3.403
1525.000	209.913	3.403
1525.200	209.911	3.403
1525.400	209.914	3.403
1525.600	209.912	3.403
1525.800	209.913	3.403
1526.000	209.913	3.403
1526.200	209.912	3.403
1526.400	209.911	3.403
1526.600	209.909	3.403
1526.800	209.912	3.403
1527.000	209.912	3.403
1527.200	209.913	3.403
1527.400	209.913	3.403
1527.600	209.911	3.403
1527.800	209.911	3.403
1528.000	209.913	3.403
1528.200	209.911	3.403
1528.400	209.911	3.403
1528.600	209.912	3.403
1528.800	209.910	3.403
1529.000	209.909	3.403
1529.200	209.911	3.403
1529.400	209.912	3.403
1529.600	209.910	3.403
1529.800	209.910	3.403
1530.000	209.909	3.403
1530.200	209.914	3.403
1530.400	209.913	3.403
1530.600	209.912	3.403
1530.800	209.912	3.403
1531.000	209.912	3.403
1531.200	209.912	3.403
1531.400	209.913	3.403
1531.600	209.914	3.403
1531.800	209.913	3.403
1532.000	209.912	3.403
1532.200	209.913	3.403
1532.400	209.913	3.403
1532.600	209.915	3.403
1532.800	209.914	3.403
1533.000	209.912	3.403
1533.200	209.912	3.403
1533.400	209.912	3.403
1533.600	209.912	3.403
1533.800	209.911	3.403
1534.000	209.911	3.403
1534.200	209.914	3.403
1534.400	209.913	3.403
1534.600	209.912	3.403
1534.800	209.913	3.403
1535.000	209.912	3.403
1535.200	209.911	3.403
1535.400	209.913	3.403
1535.600	209.913	3.403
1535.800	209.912	3.403
1536.000	209.911	3.403
1536.200	209.912	3.403
1536.400	209.913	3.403
1536.600	209.912	3.403
1536.800	209.913	3.403
1537.000	209.913	3.403
1537.200	209.912	3.403
1537.400	209.910	3.404
1537.600	209.913	3.404
1537.800	209.910	3.404
1538.000	209.910	3.404
1538.200	209.911	3.404
1538.400	209.911	3.404
1538.600	209.912	3.404
1538.800	209.911	3.404
1539.000	209.911	3.404
1539.200	209.907	3.404
1539.400	209.910	3.404
1539.600	209.910	3.404
1539.800	209.912	3.404
1540.000	209.910	3.404
1540.200	209.911	3.404
1540.400	209.912	3.404
1540.600	209.911	3.404
1540.800	209.911	3.404
1541.000	209.911	3.404
1541.200	209.912	3.404
1541.400	209.910	3.404
1541.600	209.910	3.404
1541.800	209.912	3.404
1542.000	209.910	3.404
1542.200	209.911	3.404
1542.400	209.910	3.404
1542.600	209.911	3.404
1542.800	209.909	3.404
1543.000	209.907	3.404
1543.200	209.908	3.404
1543.400	209.908	3.404
1543.600	209.909	3.404
1543.800	209.909	3.404
1544.000	209.908	3.404
1544.200	209.908	3.404
1544.400	209.907	3.404
1544.600	209.909	3.404
1544.800	209.909	3.404
1545.000	209.911	3.404
1545.200	209.910	3.404
1545.400	209.912	3.404
1545.600	209.912	3.404
1545.800	209.910	3.404
1546.000	209.911	3.404
1546.200	209.911	3.404
1546.400	209.911	3.404
1546.600	209.909	3.404
1546.800	209.909	3.404
1547.000	209.912	3.404
1547.200	209.913	3.404
1547.400	209.912	3.404
1547.600	209.911	3.404
1547.800	209.912	3.404
1548.000	209.913	3.404
1548.200	209.912	3.404
1548.400	209.912	3.404
1548.600	209.910	3.404
1548.800	209.911	3.404
1549.000	209.911	3.404
1549.200	209.912	3.404
1549.400	209.911	3.404
1549.600	209.913	3.404
1549.800	209.911	3.404
1550.000	209.913	3.404
1550.200	209.912	3.404
1550.400	209.912	3.404
1550.600	209.913	3.404
1550.800	209.913	3.404
1551.000	209.912	3.404
1551.200	209.912	3.404
1551.400	209.911	3.404
1551.600	209.913	3.405
1551.800	209.913	3.404
1552.000	209.912	3.405
1552.200	209.913	3.404
1552.400	209.913	3.405
1552.600	209.914	3.405
1552.800	209.912	3.405
1553.000	209.914	3.405
1553.200	209.912	3.405
1553.400	209.913	3.405
1553.600	209.913	3.405
1553.800	209.914	3.405
1554.000	209.913	3.405
1554.200	209.913	3.405
1554.400	209.913	3.405
1554.600	209.910	3.405
1554.800	209.912	3.405
1555.000	209.913	3.405
1555.200	209.913	3.405
1555.400	209.913	3.405
1555.600	209.913	3.405
1555.800	209.912	3.405
1556.000	209.912	3.405
1556.200	209.914	3.405
1556.400	209.913	3.405
1556.600	209.914	3.405
1556.800	209.912	3.405
1557.000	209.912	3.405
1557.200	209.912	3.405
1557.400	209.913	3.405
1557.600	209.913	3.405
1557.800	209.913	3.405
1558.000	209.912	3.405
1558.200	209.914	3.405
1558.400	209.914	3.405
1558.600	209.913	3.405
1558.800	209.912	3.405
1559.000	209.913	3.405
1559.200	209.911	3.405
1559.400	209.912	3.405
1559.600	209.912	3.405
1559.800	209.912	3.405
1560.000	209.913	3.405
1560.200	209.913	3.405
1560.400	209.911	3.405
1560.600	209.911	3.405
1560.800	209.912	3.405
1561.000	209.912	3.405
1561.200	209.912	3.405
1561.400	209.912	3.405
1561.600	209.911	3.405
1561.800	209.914	3.405
1562.000	209.913	3.405
1562.200	209.913	3.405
1562.400	209.913	3.405
1562.600	209.912	3.405
1562.800	209.912	3.405
1563.000	209.912	3.405
1563.200	209.911	3.405
1563.400	209.912	3.405
1563.600	209.913	3.405
1563.800	209.912	3.405
1564.000	209.913	3.406
1564.200	209.913	3.406
1564.400	209.914	3.406
1564.600	209.913	3.406
1564.800	209.912	3.406
1565.000	209.913	3.406
1565.200	209.912	3.406
1565.400	209.913	3.406
1565.600	209.912	3.406
1565.800	209.913	3.406
1566.000	209.913	3.406
1566.200	209.913	3.406
1566.400	209.914	3.406
1566.600	209.912	3.406
1566.800	209.912	3.406
1567.000	209.914	3.406
1567.200	209.913	3.406
1567.400	209.913	3.406
1567.600	209.913	3.406
1567.800	209.913	3.406
1568.000	209.913	3.406
1568.200	209.913	3.406
1568.400	209.912	3.406
1568.600	209.911	3.406
1568.800	209.911	3.406
1569.000	209.913	3.406
1569.200	209.914	3.406
1569.400	209.913	3.406
1569.600	209.913	3.406
1569.800	209.913	3.406
1570.000	209.913	3.406
1570.200	209.913	3.406
1570.400	209.912	3.406
1570.600	209.912	3.406
1570.800	209.912	3.406
1571.000	209.912	3.406
1571.200	209.914	3.406
1571.400	209.913	3.406
1571.600	209.912	3.406
1571.800	209.913	3.406
1572.000	209.913	3.406
1572.200	209.913	3.406
1572.400	209.914	3.406
1572.600	209.913	3.406
1572.800	209.913	3.406
1573.000	209.913	3.406
1573.200	209.913	3.406
1573.400	209.912	3.406
1573.600	209.912	3.406
1573.800	209.913	3.406
1574.000	209.914	3.406
1574.200	209.912	3.406
1574.400	209.912	3.406
1574.600	209.914	3.406
1574.800	209.913	3.406
1575.000	209.912	3.406
1575.200	209.911	3.406
1575.400	209.913	3.406
1575.600	209.912	3.406
1575.800	209.912	3.406
1576.000	209.912	3.406
1576.200	209.912	3.406
1576.400	209.913	3.406
1576.600	209.914	3.407
1576.800	209.914	3.407
1577.000	209.912	3.407
1577.200	209.914	3.407
1577.400	209.912	3.407
1577.600	209.913	3.407
1577.800	209.915	3.407
1578.000	209.914	3.407
1578.200	209.913	3.407
1578.400	209.913	3.407
1578.600	209.913	3.407
1578.800	209.912	3.407
1579.000	209.912	3.407
1579.200	209.913	3.407
1579.400	209.912	3.407
1579.600	209.912	3.407
1579.800	209.911	3.407
1580.000	209.910	3.407
1580.200	209.912	3.407
1580.400	209.915	3.407
1580.600	209.913	3.407
1580.800	209.912	3.407
1581.000	209.914	3.407
1581.200	209.914	3.407
1581.400	209.913	3.407
1581.600	209.911	3.407
1581.800	209.914	3.407
1582.000	209.913	3.407
1582.200	209.915	3.407
1582.400	209.915	3.407
1582.600	209.915	3.407
1582.800	209.915	3.407
1583.000	209.913	3.407
1583.200	209.913	3.407
1583.400	209.914	3.407
1583.600	209.913	3.407
1583.800	209.913	3.407
1584.000	209.913	3.407
1584.200	209.913	3.407
1584.400	209.913	3.407
1584.600	209.913	3.407
1584.800	209.916	3.407
1585.000	209.915	3.407
1585.200	209.915	3.407
1585.400	209.915	3.407
1585.600	209.915	3.407
1585.800	209.915	3.407
1586.000	209.913	3.407
1586.200	209.915	3.407
1586.400	209.911	3.407
1586.600	209.914	3.407
1586.800	209.913	3.407
1587.000	209.913	3.407
1587.200	209.913	3.407
1587.400	209.914	3.407
1587.600	209.912	3.407
1587.800	209.911	3.407
1588.000	209.913	3.407
1588.200	209.913	3.407
1588.400	209.914	3.407
1588.600	209.913	3.407
1588.800	209.914	3.407
1589.000	209.914	3.407
1589.200	209.914	3.407
1589.400	209.912	3.407
1589.600	209.914	3.407
1589.800	209.915	3.407
1590.000	209.914	3.407
1590.200	209.914	3.407
1590.400	209.915	3.407
1590.600	209.913	3.407
1590.800	209.912	3.407
1591.000	209.913	3.407
1591.200	209.914	3.407
1591.400	209.913	3.407
1591.600	209.911	3.407
1591.800	209.913	3.408
1592.000	209.914	3.408
1592.200	209.914	3.408
1592.400	209.914	3.408
1592.600	209.914	3.408
1592.800	209.913	3.408
1593.000	209.912	3.408
1593.200	209.915	3.408
1593.400	209.914	3.408
1593.600	209.911	3.408
1593.800	209.912	3.408
1594.000	209.912	3.408
1594.200	209.911	3.408
1594.400	209.912	3.408
1594.600	209.912	3.408
1594.800	209.913	3.408
1595.000	209.913	3.408
1595.200	209.914	3.408
1595.400	209.915	3.408
1595.600	209.915	3.408
1595.800	209.914	3.408
1596.000	209.914	3.408
1596.200	209.913	3.408
1596.400	209.913	3.408
1596.600	209.913	3.408
1596.800	209.912	3.408
1597.000	209.912	3.408
1597.200	209.912	3.408
1597.400	209.912	3.408
1597.600	209.913	3.408
1597.800	209.913	3.408
1598.000	209.912	3.408
1598.200	209.912	3.408
1598.400	209.912	3.408
1598.600	209.911	3.408
1598.800	209.912	3.408
1599.000	209.911	3.408
1599.200	209.913	3.408
1599.400	209.911	3.408
1599.600	209.911	3.408
1599.800	209.912	3.408
1600.000	209.911	3.408
1600.200	209.910	3.408
1600.400	209.910	3.408
1600.600	209.910	3.408
1600.800	209.910	3.408
1601.000	209.910	3.408
1601.200	209.910	3.408
1601.400	209.910	3.408
1601.600	209.908	3.408
1601.800	209.909	3.408
1602.000	209.910	3.408
1602.200	209.911	3.408
1602.400	209.909	3.408
1602.600	209.910	3.408
1602.800	209.908	3.408
1603.000	209.910	3.408
1603.200	209.908	3.408
1603.400	209.909	3.408
1603.600	209.908	3.408
1603.800	209.911	3.408
1604.000	209.911	3.408
1604.200	209.911	3.408
1604.400	209.912	3.408
1604.600	209.911	3.408
1604.800	209.910	3.409
1605.000	209.912	3.409
1605.200	209.911	3.409
1605.400	209.910	3.409
1605.600	209.909	3.409
1605.800	209.911	3.409
1606.000	209.911	3.409
1606.200	209.911	3.409
1606.400	209.910	3.409
1606.600	209.910	3.409
1606.800	209.911	3.409
1607.000	209.910	3.409
1607.200	209.910	3.409
1607.400	209.912	3.409
1607.600	209.910	3.409
1607.800	209.910	3.409
1608.000	209.912	3.409
1608.200	209.912	3.409
1608.400	209.911	3.409
1608.600	209.911	3.409
1608.800	209.911	3.409
1609.000	209.910	3.409
1609.200	209.909	3.409
1609.400	209.911	3.409
1609.600	209.909	3.409
1609.800	209.910	3.409
1610.000	209.909	3.409
1610.200	209.911	3.409
1610.400	209.912	3.409
1610.600	209.910	3.409
1610.800	209.910	3.409
1611.000	209.909	3.409
1611.200	209.910	3.409
1611.400	209.911	3.409
1611.600	209.911	3.409
1611.800	209.912	3.409
1612.000	209.910	3.409
1612.200	209.910	3.409
1612.400	209.911	3.409
1612.600	209.910	3.409
1612.800	209.910	3.409
1613.000	209.910	3.409
1613.200	209.910	3.409
1613.400	209.911	3.409
1613.600	209.911	3.409
1613.800	209.911	3.409
1614.000	209.909	3.409
1614.200	209.911	3.409
1614.400	209.911	3.409
1614.600	209.910	3.409
1614.800	209.913	3.409
1615.000	209.910	3.409
1615.200	209.910	3.409
1615.400	209.910	3.409
1615.600	209.912	3.409
1615.800	209.909	3.409
1616.000	209.910	3.409
1616.200	209.909	3.409
1616.400	209.911	3.409
1616.600	209.911	3.409
1616.800	209.910	3.409
1617.000	209.909	3.409
1617.200	209.911	3.409
1617.400	209.911	3.409
1617.600	209.911	3.409
1617.800	209.910	3.409
1618.000	209.914	3.409
1618.200	209.912	3.409
1618.400	209.911	3.410
1618.600	209.911	3.410
1618.800	209.911	3.410
1619.000	209.909	3.410
1619.200	209.910	3.410
1619.400	209.909	3.410
1619.600	209.909	3.410
1619.800	209.910	3.410
1620.000	209.910	3.410
1620.200	209.910	3.410
1620.400	209.911	3.410
1620.600	209.911	3.410
1620.800	209.910	3.410
1621.000	209.911	3.410
1621.200	209.911	3.410
1621.400	209.912	3.410
1621.600	209.911	3.410
1621.800	209.911	3.410
1622.000	209.910	3.410
1622.200	209.909	3.410
1622.400	209.909	3.410
1622.600	209.911	3.410
1622.800	209.910	3.410
1623.000	209.910	3.410
1623.200	209.911	3.410
1623.400	209.909	3.410
1623.600	209.909	3.410
1623.800	209.910	3.410
1624.000	209.910	3.410
1624.200	209.909	3.410
1624.400	209.909	3.410
1624.600	209.910	3.410
1624.800	209.911	3.410
1625.000	209.909	3.410
1625.200	209.909	3.410
1625.400	209.910	3.410
1625.600	209.910	3.410
1625.800	209.909	3.410
1626.000	209.910	3.410
1626.200	209.910	3.410
1626.400	209.911	3.410
1626.600	209.910	3.410
1626.800	209.910	3.410
1627.000	209.909	3.410
1627.200	209.910	3.410
1627.400	209.908	3.410
1627.600	209.910	3.410
1627.800	209.911	3.410
1628.000	209.909	3.410
1628.200	209.908	3.410
1628.400	209.909	3.410
1628.600	209.910	3.410
1628.800	209.909	3.410
1629.000	209.908	3.410
1629.200	209.911	3.410
1629.400	209.910	3.410
1629.600	209.909	3.410
1629.800	209.910	3.410
1630.000	209.913	3.410
1630.200	209.911	3.410
1630.400	209.912	3.410
1630.600	209.911	3.410
1630.800	209.909	3.410
1631.000	209.910	3.410
1631.200	209.908	3.410
1631.400	209.912	3.410
1631.600	209.911	3.410
1631.800	209.912	3.410
1632.000	209.910	3.410
1632.200	209.910	3.410
1632.400	209.912	3.410
1632.600	209.910	3.410
1632.800	209.910	3.410
1633.000	209.911	3.411
1633.200	209.910	3.411
1633.400	209.912	3.411
1633.600	209.910	3.411
1633.800	209.910	3.411
1634.000	209.909	3.411
1634.200	209.909	3.411
1634.400	209.909	3.411
1634.600	209.909	3.411
1634.800	209.908	3.411
1635.000	209.908	3.411
1635.200	209.909	3.411
1635.400	209.910	3.411
1635.600	209.909	3.411
1635.800	209.910	3.411
1636.000	209.910	3.411
1636.200	209.910	3.411
1636.400	209.910	3.411
1636.600	209.910	3.411
1636.800	209.910	3.411
1637.000	209.911	3.411
1637.200	209.910	3.411
1637.400	209.912	3.411
1637.600	209.911	3.411
1637.800	209.910	3.411
1638.000	209.909	3.411
1638.200	209.911	3.411
1638.400	209.910	3.411
1638.600	209.909	3.411
1638.800	209.909	3.411
1639.000	209.910	3.411
1639.200	209.910	3.411
1639.400	209.909	3.411
1639.600	209.909	3.411
1639.800	209.910	3.411
1640.000	209.908	3.411
1640.200	209.909	3.411
1640.400	209.912	3.411
1640.600	209.909	3.411
1640.800	209.909	3.411
1641.000	209.909	3.411
1641.200	209.911	3.411
1641.400	209.909	3.411
1641.600	209.911	3.411
1641.800	209.911	3.411
1642.000	209.910	3.411
1642.200	209.912	3.411
1642.400	209.912	3.411
1642.600	209.909	3.411
1642.800	209.909	3.411
1643.000	209.910	3.411
1643.200	209.909	3.411
1643.400	209.910	3.411
1643.600	209.910	3.411
1643.800	209.910	3.411
1644.000	209.910	3.411
1644.200	209.909	3.411
1644.400	209.907	3.411
1644.600	209.909	3.411
1644.800	209.908	3.411
1645.000	209.909	3.411
1645.200	209.910	3.411
1645.400	209.909	3.411
1645.600	209.907	3.411
1645.800	209.909	3.411
1646.000	209.908	3.411
1646.200	209.908	3.411
1646.400	209.907	3.411
1646.600	209.906	3.411
1646.800	209.909	3.412
1647.000	209.908	3.412
1647.200	209.909	3.412
1647.400	209.909	3.412
1647.600	209.908	3.412
1647.800	209.908	3.412
1648.000	209.907	3.412
1648.200	209.909	3.412
1648.400	209.910	3.412
1648.600	209.909	3.412
1648.800	209.908	3.412
1649.000	209.908	3.412
1649.200	209.908	3.412
1649.400	209.909	3.412
1649.600	209.909	3.412
1649.800	209.909	3.412
1650.000	209.910	3.412
1650.200	209.911	3.412
1650.400	209.910	3.412
1650.600	209.912	3.412
1650.800	209.910	3.412
1651.000	209.911	3.412
1651.200	209.909	3.412
1651.400	209.911	3.412
1651.600	209.910	3.412
1651.800	209.911	3.412
1652.000	209.912	3.412
1652.200	209.912	3.412
1652.400	209.912	3.412
1652.600	209.911	3.412
1652.800	209.913	3.412
1653.000	209.911	3.412
1653.200	209.913	3.412
1653.400	209.913	3.412
1653.600	209.913	3.412
1653.800	209.913	3.412
1654.000	209.911	3.412
1654.200	209.911	3.412
1654.400	209.913	3.412
1654.600	209.911	3.412
1654.800	209.911	3.412
1655.000	209.911	3.412
1655.200	209.912	3.412
1655.400	209.913	3.412
1655.600	209.911	3.412
1655.800	209.911	3.412
1656.000	209.913	3.412
1656.200	209.909	3.412
1656.400	209.913	3.412
1656.600	209.912	3.412
1656.800	209.913	3.412
1657.000	209.912	3.412
1657.200	209.912	3.412
1657.400	209.913	3.412
1657.600	209.911	3.412
1657.800	209.911	3.412
1658.000	209.911	3.412
1658.200	209.912	3.412
1658.400	209.911	3.412
1658.600	209.910	3.412
1658.800	209.910	3.412
1659.000	209.912	3.412
1659.200	209.912	3.412
1659.400	209.911	3.412
1659.600	209.911	3.412
1659.800	209.912	3.412
1660.000	209.911	3.412
1660.200	209.911	3.412
1660.400	209.911	3.412
1660.600	209.912	3.413
1660.800	209.912	3.413
1661.000	209.912	3.413
1661.200	209.912	3.413
1661.400	209.912	3.413
1661.600	209.912	3.413
1661.800	209.913	3.413
1662.000	209.912	3.413
1662.200	209.913	3.413
1662.400	209.912	3.413
1662.600	209.913	3.413
1662.800	209.913	3.413
1663.000	209.911	3.413
1663.200	209.913	3.413
1663.400	209.912	3.413
1663.600	209.912	3.413
1663.800	209.911	3.413
1664.000	209.911	3.413
1664.200	209.913	3.413
1664.400	209.911	3.413
1664.600	209.912	3.413
1664.800	209.911	3.413
1665.000	209.911	3.413
1665.200	209.913	3.413
1665.400	209.912	3.413
1665.600	209.912	3.413
1665.800	209.910	3.413
1666.000	209.910	3.413
1666.200	209.913	3.413
1666.400	209.912	3.413
1666.600	209.910	3.413
1666.800	209.911	3.413
1667.000	209.912	3.413
1667.200	209.911	3.413
1667.400	209.912	3.413
1667.600	209.912	3.413
1667.800	209.912	3.413
1668.000	209.913	3.413
1668.200	209.912	3.413
1668.400	209.912	3.413
1668.600	209.913	3.413
1668.800	209.912	3.413
1669.000	209.914	3.413
1669.200	209.914	3.413
1669.400	209.913	3.413
1669.600	209.912	3.413
1669.800	209.911	3.413
1670.000	209.910	3.413
1670.200	209.911	3.413
1670.400	209.912	3.413
1670.600	209.913	3.413
1670.800	209.911	3.413
1671.000	209.911	3.413
1671.200	209.913	3.413
1671.400	209.912	3.413
1671.600	209.912	3.413
1671.800	209.911	3.413
1672.000	209.911	3.413
1672.200	209.912	3.413
1672.400	209.911	3.413
1672.600	209.911	3.413
1672.800	209.911	3.413
1673.000	209.912	3.413
1673.200	209.911	3.413
1673.400	209.912	3.413
1673.600	209.911	3.413
1673.800	209.911	3.413
1674.000	209.911	3.413
1674.200	209.911	3.413
1674.400	209.911	3.413
1674.600	209.912	3.413
1674.800	209.914	3.413
1675.000	209.913	3.414
1675.200	209.912	3.414
1675.400	209.910	3.414
1675.600	209.910	3.414
1675.800	209.910	3.414
1676.000	209.912	3.414
1676.200	209.913	3.414
1676.400	209.910	3.414
1676.600	209.913	3.414
1676.800	209.912	3.414
1677.000	209.914	3.414
1677.200	209.913	3.414
1677.400	209.914	3.414
1677.600	209.913	3.414
1677.800	209.911	3.414
1678.000	209.913	3.414
1678.200	209.913	3.414
1678.400	209.913	3.414
1678.600	209.912	3.414
1678.800	209.911	3.414
1679.000	209.913	3.414
1679.200	209.915	3.414
1679.400	209.915	3.414
1679.600	209.912	3.414
1679.800	209.913	3.414
1680.000	209.913	3.414
1680.200	209.911	3.414
1680.400	209.911	3.414
1680.600	209.913	3.414
1680.800	209.913	3.414
1681.000	209.914	3.414
1681.200	209.914	3.414
1681.400	209.915	3.414
1681.600	209.913	3.414
1681.800	209.913	3.414
1682.000	209.910	3.414
1682.200	209.912	3.414
1682.400	209.913	3.414
1682.600	209.913	3.414
1682.800	209.914	3.414
1683.000	209.912	3.414
1683.200	209.913	3.414
1683.400	209.915	3.414
1683.600	209.914	3.414
1683.800	209.916	3.414
1684.000	209.914	3.414
1684.200	209.914	3.414
1684.400	209.916	3.414
1684.600	209.915	3.414
1684.800	209.916	3.414
1685.000	209.916	3.414
1685.200	209.916	3.414
1685.400	209.918	3.414
1685.600	209.917	3.414
1685.800	209.913	3.414
1686.000	209.914	3.414
1686.200	209.913	3.414
1686.400	209.912	3.414
1686.600	209.914	3.414
1686.800	209.912	3.414
1687.000	209.913	3.414
1687.200	209.913	3.414
1687.400	209.913	3.414
1687.600	209.913	3.414
1687.800	209.912	3.414
1688.000	209.913	3.414
1688.200	209.914	3.414
1688.400	209.914	3.414
1688.600	209.913	3.414
1688.800	209.912	3.414
1689.000	209.915	3.414
1689.200	209.914	3.415
1689.400	209.915	3.415
1689.600	209.913	3.415
1689.800	209.914	3.415
1690.000	209.914	3.415
1690.200	209.914	3.415
1690.400	209.917	3.415
1690.600	209.914	3.415
1690.800	209.915	3.415
1691.000	209.913	3.415
1691.200	209.915	3.415
1691.400	209.914	3.415
1691.600	209.916	3.415
1691.800	209.916	3.415
1692.000	209.916	3.415
1692.200	209.915	3.415
1692.400	209.915	3.415
1692.600	209.915	3.415
1692.800	209.916	3.415
1693.000	209.915	3.415
1693.200	209.916	3.415
1693.400	209.913	3.415
1693.600	209.914	3.415
1693.800	209.915	3.415
1694.000	209.913	3.415
1694.200	209.914	3.415
1694.400	209.914	3.415
1694.600	209.916	3.415
1694.800	209.916	3.415
1695.000	209.915	3.415
1695.200	209.914	3.415
1695.400	209.915	3.415
1695.600	209.916	3.415
1695.800	209.916	3.415
1696.000	209.915	3.415
1696.200	209.916	3.415
1696.400	209.917	3.415
1696.600	209.916	3.415
1696.800	209.915	3.415
1697.000	209.915	3.415
1697.200	209.916	3.415
1697.400	209.915	3.415
1697.600	209.915	3.415
1697.800	209.916	3.415
1698.000	209.915	3.415
1698.200	209.917	3.415
1698.400	209.915	3.415
1698.600	209.914	3.415
1698.800	209.916	3.415
1699.000	209.916	3.415
1699.200	209.916	3.415
1699.400	209.915	3.415
1699.600	209.915	3.415
1699.800	209.915	3.415
1700.000	209.914	3.415
1700.200	209.913	3.415
1700.400	209.913	3.415
1700.600	209.915	3.415
1700.800	209.916	3.415
1701.000	209.914	3.415
1701.200	209.915	3.415
1701.400	209.915	3.415
1701.600	209.915	3.415
1701.800	209.915	3.415
1702.000	209.913	3.415
1702.200	209.913	3.415
1702.400	209.914	3.415
1702.600	209.914	3.415
1702.800	209.915	3.415
1703.000	209.914	3.415
1703.200	209.916	3.415
1703.400	209.914	3.415
1703.600	209.912	3.415
1703.800	209.913	3.415
1704.000	209.912	3.415
1704.200	209.911	3.415
1704.400	209.913	3.415
1704.600	209.915	3.415
1704.800	209.913	3.415
1705.000	209.914	3.415
1705.200	209.913	3.415
1705.400	209.913	3.416
1705.600	209.912	3.415
1705.800	209.914	3.416
1706.000	209.913	3.416
1706.200	209.912	3.416
1706.400	209.912	3.416
1706.600	209.912	3.416
1706.800	209.913	3.416
1707.000	209.913	3.416
1707.200	209.909	3.416
1707.400	209.913	3.416
1707.600	209.911	3.416
1707.800	209.911	3.416
1708.000	209.911	3.416
1708.200	209.911	3.416
1708.400	209.911	3.416
1708.600	209.912	3.416
1708.800	209.912	3.416
1709.000	209.912	3.416
1709.200	209.912	3.416
1709.400	209.912	3.416
1709.600	209.912	3.416
1709.800	209.913	3.416
1710.000	209.915	3.416
1710.200	209.912	3.416
1710.400	209.911	3.416
1710.600	209.912	3.416
1710.800	209.913	3.416
1711.000	209.915	3.416
1711.200	209.912	3.416
1711.400	209.913	3.416
1711.600	209.913	3.416
1711.800	209.912	3.416
1712.000	209.911	3.416
1712.200	209.914	3.416
1712.400	209.912	3.416
1712.600	209.912	3.416
1712.800	209.913	3.416
1713.000	209.913	3.416
1713.200	209.914	3.416
1713.400	209.914	3.416
1713.600	209.914	3.416
1713.800	209.913	3.416
1714.000	209.913	3.416
1714.200	209.913	3.416
1714.400	209.915	3.416
1714.600	209.914	3.416
1714.800	209.915	3.416
1715.000	209.913	3.416
1715.200	209.914	3.416
1715.400	209.912	3.416
1715.600	209.913	3.416
1715.800	209.914	3.416
1716.000	209.913	3.416
1716.200	209.914	3.416
1716.400	209.913	3.416
1716.600	209.914	3.416
1716.800	209.914	3.416
1717.000	209.914	3.416
1717.200	209.915	3.416
1717.400	209.916	3.416
1717.600	209.916	3.416
1717.800	209.915	3.416
1718.000	209.917	3.416
1718.200	209.915	3.416
1718.400	209.915	3.416
1718.600	209.914	3.416
1718.800	209.915	3.416
1719.000	209.915	3.416
1719.200	209.916	3.416
1719.400	209.917	3.416
1719.600	209.914	3.416
1719.800	209.914	3.416
1720.000	209.915	3.416
1720.200	209.915	3.416
1720.400	209.914	3.416
1720.600	209.915	3.416
1720.800	209.916	3.416
1721.000	209.916	3.416
1721.200	209.915	3.417
1721.400	209.915	3.417
1721.600	209.916	3.417
1721.800	209.916	3.417
1722.000	209.916	3.417
1722.200	209.916	3.417
1722.400	209.914	3.417
1722.600	209.915	3.417
1722.800	209.916	3.417
1723.000	209.914	3.417
1723.200	209.913	3.417
1723.400	209.914	3.417
1723.600	209.915	3.417
1723.800	209.915	3.417
1724.000	209.914	3.417
1724.200	209.912	3.417
1724.400	209.914	3.417
1724.600	209.916	3.417
1724.800	209.914	3.417
1725.000	209.915	3.417
1725.200	209.913	3.417
1725.400	209.913	3.417
1725.600	209.915	3.417
1725.800	209.914	3.417
1726.000	209.916	3.417
1726.200	209.916	3.417
1726.400	209.916	3.417
1726.600	209.916	3.417
1726.800	209.913	3.417
1727.000	209.916	3.417
1727.200	209.915	3.417
1727.400	209.915	3.417
1727.600	209.916	3.417
1727.800	209.915	3.417
1728.000	209.916	3.417
1728.200	209.916	3.417
1728.400	209.915	3.417
1728.600	209.918	3.417
1728.800	209.915	3.417
1729.000	209.916	3.417
1729.200	209.916	3.417
1729.400	209.915	3.417
1729.600	209.914	3.417
1729.800	209.915	3.417
1730.000	209.913	3.417
1730.200	209.915	3.417
1730.400	209.916	3.417
1730.600	209.915	3.417
1730.800	209.916	3.417
1731.000	209.918	3.417
1731.200	209.915	3.417
1731.400	209.917	3.417
1731.600	209.918	3.417
1731.800	209.917	3.417
1732.000	209.916	3.417
1732.200	209.917	3.417
1732.400	209.914	3.417
1732.600	209.914	3.417
1732.800	209.916	3.417
1733.000	209.915	3.417
1733.200	209.916	3.417
1733.400	209.916	3.417
1733.600	209.916	3.417
1733.800	209.918	3.417
1734.000	209.918	3.417
1734.200	209.917	3.417
1734.400	209.915	3.417
1734.600	209.917	3.417
1734.800	209.916	3.417
1735.000	209.916	3.417
1735.200	209.917	3.417
1735.400	209.915	3.418
1735.600	209.916	3.418
1735.800	209.918	3.418
1736.000	209.917	3.418
1736.200	209.916	3.418
1736.400	209.916	3.418
1736.600	209.914	3.418
1736.800	209.917	3.418
1737.000	209.917	3.418
1737.200	209.915	3.418
1737.400	209.914	3.418
1737.600	209.915	3.418
1737.800	209.916	3.418
1738.000	209.915	3.418
1738.200	209.915	3.418
1738.400	209.915	3.418
1738.600	209.917	3.418
1738.800	209.915	3.418
1739.000	209.916	3.418
1739.200	209.916	3.418
1739.400	209.916	3.418
1739.600	209.916	3.418
1739.800	209.916	3.418
1740.000	209.914	3.418
1740.200	209.915	3.418
1740.400	209.912	3.418
1740.600	209.916	3.418
1740.800	209.914	3.418
1741.000	209.916	3.418
1741.200	209.915	3.418
1741.400	209.915	3.418
1741.600	209.916	3.418
1741.800	209.916	3.418
1742.000	209.916	3.418
1742.200	209.917	3.418
1742.400	209.915	3.418
1742.600	209.916	3.418
1742.800	209.916	3.418
1743.000	209.917	3.418
1743.200	209.916	3.418
1743.400	209.916	3.418
1743.600	209.914	3.418
1743.800	209.914	3.418
1744.000	209.915	3.418
1744.200	209.915	3.418
1744.400	209.914	3.418
1744.600	209.914	3.418
1744.800	209.915	3.418
1745.000	209.915	3.418
1745.200	209.916	3.418
1745.400	209.916	3.418
1745.600	209.917	3.418
1745.800	209.916	3.418
1746.000	209.915	3.418
1746.200	209.917	3.418
1746.400	209.916	3.418
1746.600	209.916	3.418
1746.800	209.917	3.418
1747.000	209.915	3.418
1747.200	209.917	3.418
1747.400	209.915	3.418
1747.600	209.915	3.418
1747.800	209.915	3.418
1748.000	209.916	3.418
1748.200	209.914	3.418
1748.400	209.917	3.418
1748.600	209.916	3.418
1748.800	209.914	3.418
1749.000	209.915	3.418
1749.200	209.916	3.418
1749.400	209.917	3.418
1749.600	209.914	3.418
1749.800	209.914	3.419
1750.000	209.915	3.418
1750.200	209.917	3.419
1750.400	209.914	3.418
1750.600	209.915	3.419
1750.800	209.914	3.419
1751.000	209.915	3.419
1751.200	209.914	3.419
1751.400	209.916	3.419
1751.600	209.914	3.419
1751.800	209.918	3.419
1752.000	209.916	3.419
1752.200	209.917	3.419
1752.400	209.914	3.419
1752.600	209.916	3.419
1752.800	209.916	3.419
1753.000	209.916	3.419
1753.200	209.915	3.419
1753.400	209.915	3.419
1753.600	209.917	3.419
1753.800	209.916	3.419
1754.000	209.916	3.419
1754.200	209.916	3.419
1754.400	209.915	3.419
1754.600	209.914	3.419
1754.800	209.913	3.419
1755.000	209.913	3.419
1755.200	209.914	3.419
1755.400	209.915	3.419
1755.600	209.916	3.419
1755.800	209.915	3.419
1756.000	209.916	3.419
1756.200	209.915	3.419
1756.400	209.914	3.419
1756.600	209.913	3.419
1756.800	209.913	3.419
1757.000	209.912	3.419
1757.200	209.914	3.419
1757.400	209.913	3.419
1757.600	209.914	3.419
1757.800	209.913	3.419
1758.000	209.915	3.419
1758.200	209.916	3.419
1758.400	209.914	3.419
1758.600	209.915	3.419
1758.800	209.915	3.419
1759.000	209.915	3.419
1759.200	209.916	3.419
1759.400	209.913	3.419
1759.600	209.917	3.419
1759.800	209.914	3.419
1760.000	209.915	3.419
1760.200	209.914	3.419
1760.400	209.915	3.419
1760.600	209.914	3.419
1760.800	209.915	3.419
1761.000	209.914	3.419
1761.200	209.916	3.419
1761.400	209.915	3.419
1761.600	209.915	3.419
1761.800	209.913	3.419
1762.000	209.915	3.419
1762.200	209.915	3.419
1762.400	209.915	3.419
1762.600	209.916	3.419
1762.800	209.915	3.419
1763.000	209.916	3.419
1763.200	209.913	3.419
1763.400	209.915	3.419
1763.600	209.913	3.419
1763.800	209.913	3.419
1764.000	209.915	3.419
1764.200	209.914	3.419
1764.400	209.914	3.419
1764.600	209.915	3.419
1764.800	209.913	3.419
1765.000	209.914	3.419
1765.200	209.913	3.420
1765.400	209.911	3.419
1765.600	209.913	3.419
1765.800	209.913	3.419
1766.000	209.913	3.419
1766.200	209.914	3.420
1766.400	209.913	3.420
1766.600	209.912	3.420
1766.800	209.916	3.420
1767.000	209.912	3.420
1767.200	209.913	3.420
1767.400	209.914	3.420
1767.600	209.914	3.420
1767.800	209.912	3.420
1768.000	209.914	3.420
1768.200	209.916	3.420
1768.400	209.915	3.420
1768.600	209.915	3.420
1768.800	209.916	3.420
1769.000	209.916	3.420
1769.200	209.915	3.420
1769.400	209.916	3.420
1769.600	209.915	3.420
1769.800	209.914	3.420
1770.000	209.913	3.420
1770.200	209.915	3.420
1770.400	209.916	3.420
1770.600	209.914	3.420
1770.800	209.915	3.420
1771.000	209.914	3.420
1771.200	209.913	3.420
1771.400	209.914	3.420
1771.600	209.915	3.420
1771.800	209.916	3.420
1772.000	209.914	3.420
1772.200	209.914	3.420
1772.400	209.915	3.420
1772.600	209.914	3.420
1772.800	209.915	3.420
1773.000	209.915	3.420
1773.200	209.913	3.420
1773.400	209.915	3.420
1773.600	209.914	3.420
1773.800	209.914	3.420
1774.000	209.914	3.420
1774.200	209.915	3.420
1774.400	209.917	3.420
1774.600	209.914	3.420
1774.800	209.915	3.420
1775.000	209.917	3.420
1775.200	209.916	3.420
1775.400	209.916	3.420
1775.600	209.916	3.420
1775.800	209.916	3.420
1776.000	209.914	3.420
1776.200	209.915	3.420
1776.400	209.916	3.420
1776.600	209.914	3.420
1776.800	209.914	3.420
1777.000	209.915	3.420
1777.200	209.913	3.420
1777.400	209.914	3.420
1777.600	209.915	3.420
1777.800	209.913	3.420
1778.000	209.914	3.420
1778.200	209.915	3.420
1778.400	209.914	3.420
1778.600	209.916	3.420
1778.800	209.915	3.420
1779.000	209.913	3.420
1779.200	209.914	3.420
1779.400	209.915	3.420
1779.600	209.914	3.420
1779.800	209.916	3.420
1780.000	209.914	3.420
1780.200	209.914	3.420
1780.400	209.912	3.420
1780.600	209.914	3.421
1780.800	209.914	3.420
1781.000	209.914	3.421
1781.200	209.914	3.421
1781.400	209.915	3.421
1781.600	209.915	3.421
1781.800	209.914	3.421
1782.000	209.913	3.421
1782.200	209.915	3.421
1782.400	209.915	3.421
1782.600	209.914	3.421
1782.800	209.912	3.421
1783.000	209.914	3.421
1783.200	209.914	3.421
1783.400	209.913	3.421
1783.600	209.915	3.421
1783.800	209.915	3.421
1784.000	209.913	3.421
1784.200	209.913	3.421
1784.400	209.913	3.421
1784.600	209.915	3.421
1784.800	209.916	3.421
1785.000	209.916	3.421
1785.200	209.914	3.421
1785.400	209.914	3.421
1785.600	209.913	3.421
1785.800	209.914	3.421
1786.000	209.915	3.421
1786.200	209.915	3.421
1786.400	209.914	3.421
1786.600	209.914	3.421
1786.800	209.913	3.421
1787.000	209.914	3.421
1787.200	209.913	3.421
1787.400	209.911	3.421
1787.600	209.913	3.421
1787.800	209.914	3.421
1788.000	209.916	3.421
1788.200	209.914	3.421
1788.400	209.913	3.421
1788.600	209.913	3.421
1788.800	209.913	3.421
1789.000	209.915	3.421
1789.200	209.914	3.421
1789.400	209.913	3.421
1789.600	209.914	3.421
1789.800	209.915	3.421
1790.000	209.914	3.421
1790.200	209.914	3.421
1790.400	209.913	3.421
1790.600	209.912	3.421
1790.800	209.914	3.421
1791.000	209.915	3.421
1791.200	209.915	3.421
1791.400	209.914	3.421
1791.600	209.914	3.421
1791.800	209.917	3.421
1792.000	209.916	3.421
1792.200	209.914	3.421
1792.400	209.914	3.421
1792.600	209.914	3.421
1792.800	209.913	3.421
1793.000	209.913	3.421
1793.200	209.912	3.421
1793.400	209.913	3.421
1793.600	209.914	3.421
1793.800	209.913	3.421
1794.000	209.914	3.421
1794.200	209.914	3.421
1794.400	209.914	3.421
1794.600	209.914	3.421
1794.800	209.914	3.421
1795.000	209.913	3.421
1795.200	209.912	3.421
1795.400	209.913	3.421
1795.600	209.915	3.422
1795.800	209.914	3.421
1796.000	209.913	3.421
1796.200	209.917	3.422
1796.400	209.915	3.422
1796.600	209.914	3.422
1796.800	209.915	3.422
1797.000	209.914	3.422
1797.200	209.916	3.422
1797.400	209.916	3.422
1797.600	209.915	3.422
1797.800	209.915	3.422
1798.000	209.914	3.422
1798.200	209.914	3.422
1798.400	209.914	3.422
1798.600	209.914	3.422
1798.800	209.913	3.422
1799.000	209.913	3.422
1799.200	209.912	3.422
1799.400	209.913	3.422
1799.600	209.912	3.422
1799.800	209.913	3.422
1800.000	209.915	3.422
1800.200	209.915	3.422
1800.400	209.913	3.422
1800.600	209.913	3.422
1800.800	209.913	3.422
1801.000	209.913	3.422
1801.200	209.913	3.422
1801.400	209.915	3.422
1801.600	209.915	3.422
1801.800	209.914	3.422
1802.000	209.914	3.422
1802.200	209.914	3.422
1802.400	209.914	3.422
1802.600	209.914	3.422
1802.800	209.913	3.422
1803.000	209.913	3.422
1803.200	209.915	3.422
1803.400	209.912	3.422
1803.600	209.914	3.422
1803.800	209.914	3.422
1804.000	209.914	3.422
1804.200	209.915	3.422
1804.400	209.915	3.422
1804.600	209.914	3.422
1804.800	209.913	3.422
1805.000	209.913	3.422
1805.200	209.915	3.422
1805.400	209.916	3.422
1805.600	209.915	3.422
1805.800	209.913	3.422
1806.000	209.914	3.422
1806.200	209.915	3.422
1806.400	209.914	3.422
1806.600	209.914	3.422
1806.800	209.915	3.422
1807.000	209.914	3.422
1807.200	209.915	3.422
1807.400	209.915	3.422
1807.600	209.914	3.422
1807.800	209.914	3.422
1808.000	209.912	3.422
1808.200	209.912	3.422
1808.400	209.913	3.422
1808.600	209.914	3.422
1808.800	209.914	3.422
1809.000	209.914	3.422
1809.200	209.913	3.422
1809.400	209.913	3.422
1809.600	209.916	3.422
1809.800	209.913	3.422
1810.000	209.913	3.422
1810.200	209.915	3.422
1810.400	209.914	3.422
1810.600	209.913	3.422
1810.800	209.914	3.422
1811.000	209.912	3.422
1811.200	209.914	3.422
1811.400	209.911	3.422
1811.600	209.913	3.422
1811.800	209.912	3.422
1812.000	209.913	3.422
1812.200	209.910	3.422
1812.400	209.912	3.423
1812.600	209.911	3.422
1812.800	209.914	3.423
1813.000	209.912	3.422
1813.200	209.912	3.423
1813.400	209.915	3.423
1813.600	209.912	3.423
1813.800	209.915	3.423
1814.000	209.914	3.423
1814.200	209.916	3.423
1814.400	209.914	3.423
1814.600	209.913	3.423
1814.800	209.916	3.423
1815.000	209.915	3.423
1815.200	209.914	3.423
1815.400	209.914	3.423
1815.600	209.915	3.423
1815.800	209.912	3.423
1816.000	209.914	3.423
1816.200	209.913	3.423
1816.400	209.912	3.423
1816.600	209.914	3.423
1816.800	209.915	3.423
1817.000	209.915	3.423
1817.200	209.914	3.423
1817.400	209.915	3.423
1817.600	209.913	3.423
1817.800	209.914	3.423
1818.000	209.913	3.423
1818.200	209.914	3.423
1818.400	209.913	3.423
1818.600	209.913	3.423
1818.800	209.914	3.423
1819.000	209.913	3.423
1819.200	209.912	3.423
1819.400	209.915	3.423
1819.600	209.914	3.423
1819.800	209.915	3.423
1820.000	209.916	3.423
1820.200	209.914	3.423
1820.400	209.912	3.423
1820.600	209.912	3.423
1820.800	209.913	3.423
1821.000	209.914	3.423
1821.200	209.913	3.423
1821.400	209.915	3.423
1821.600	209.911	3.423
1821.800	209.914	3.423
1822.000	209.914	3.423
1822.200	209.914	3.423
1822.400	209.914	3.423
1822.600	209.914	3.423
1822.800	209.913	3.423
1823.000	209.912	3.423
1823.200	209.913	3.423
1823.400	209.915	3.423
1823.600	209.914	3.423
1823.800	209.913	3.423
1824.000	209.915	3.423
1824.200	209.915	3.423
1824.400	209.915	3.423
1824.600	209.913	3.423
1824.800	209.915	3.423
1825.000	209.915	3.423
1825.200	209.916	3.423
1825.400	209.915	3.423
1825.600	209.915	3.423
1825.800	209.915	3.423
1826.000	209.915	3.423
1826.200	209.914	3.423
1826.400	209.915	3.423
1826.600	209.915	3.423
1826.800	209.914	3.423
1827.000	209.915	3.423
1827.200	209.914	3.423
1827.400	209.917	3.423
1827.600	209.916	3.424
1827.800	209.917	3.424
1828.000	209.915	3.424
1828.200	209.914	3.424
1828.400	209.915	3.424
1828.600	209.916	3.424
1828.800	209.914	3.424
1829.000	209.915	3.424
1829.200	209.914	3.424
1829.400	209.915	3.424
1829.600	209.914	3.424
1829.800	209.914	3.424
1830.000	209.913	3.424
1830.200	209.914	3.424
1830.400	209.914	3.424
1830.600	209.916	3.424
1830.800	209.915	3.424
1831.000	209.916	3.424
1831.200	209.915	3.424
1831.400	209.914	3.424
1831.600	209.912	3.424
1831.800	209.913	3.424
1832.000	209.914	3.424
1832.200	209.913	3.424
1832.400	209.913	3.424
1832.600	209.915	3.424
1832.800	209.913	3.424
1833.000	209.915	3.424
1833.200	209.915	3.424
1833.400	209.914	3.424
1833.600	209.914	3.424
1833.800	209.914	3.424
1834.000	209.915	3.424
1834.200	209.915	3.424
1834.400	209.915	3.424
1834.600	209.915	3.424
1834.800	209.914	3.424
1835.000	209.912	3.424
1835.200	209.916	3.424
1835.400	209.914	3.424
1835.600	209.913	3.424
1835.800	209.914	3.424
1836.000	209.915	3.424
1836.200	209.914	3.424
1836.400	209.915	3.424
1836.600	209.914	3.424
1836.800	209.914	3.424
1837.000	209.916	3.424
1837.200	209.916	3.424
1837.400	209.916	3.424
1837.600	209.917	3.424
1837.800	209.916	3.424
1838.000	209.916	3.424
1838.200	209.917	3.424
1838.400	209.917	3.424
1838.600	209.915	3.424
1838.800	209.916	3.424
1839.000	209.916	3.424
1839.200	209.916	3.424
1839.400	209.914	3.424
1839.600	209.913	3.424
1839.800	209.915	3.424
1840.000	209.913	3.424
1840.200	209.914	3.424
1840.400	209.915	3.424
1840.600	209.913	3.424
1840.800	209.914	3.424
1841.000	209.916	3.424
1841.200	209.918	3.424
1841.400	209.918	3.424
1841.600	209.916	3.424
1841.800	209.915	3.424
1842.000	209.916	3.424
1842.200	209.914	3.424
1842.400	209.916	3.424
1842.600	209.917	3.424
1842.800	209.918	3.424
1843.000	209.915	3.424
1843.200	209.917	3.424
1843.400	209.916	3.424
1843.600	209.916	3.424
1843.800	209.916	3.424
1844.000	209.919	3.425
1844.200	209.918	3.425
1844.400	209.918	3.425
1844.600	209.917	3.425
1844.800	209.917	3.425
1845.000	209.915	3.425
1845.200	209.916	3.425
1845.400	209.917	3.425
1845.600	209.917	3.425
1845.800	209.917	3.425
1846.000	209.916	3.425
1846.200	209.917	3.425
1846.400	209.918	3.425
1846.600	209.918	3.425
1846.800	209.921	3.425
1847.000	209.919	3.425
1847.200	209.917	3.425
1847.400	209.918	3.425
1847.600	209.917	3.425
1847.800	209.917	3.425
1848.000	209.917	3.425
1848.200	209.916	3.425
1848.400	209.917	3.425
1848.600	209.917	3.425
1848.800	209.916	3.425
1849.000	209.916	3.425
1849.200	209.915	3.425
1849.400	209.916	3.425
1849.600	209.916	3.425
1849.800	209.918	3.425
1850.000	209.917	3.425
1850.200	209.916	3.425
1850.400	209.919	3.425
1850.600	209.918	3.425
1850.800	209.916	3.425
1851.000	209.917	3.425
1851.200	209.918	3.425
1851.400	209.918	3.425
1851.600	209.919	3.425
1851.800	209.916	3.425
1852.000	209.917	3.425
1852.200	209.918	3.425
1852.400	209.918	3.425
1852.600	209.916	3.425
1852.800	209.919	3.425
1853.000	209.919	3.425
1853.200	209.916	3.425
1853.400	209.917	3.425
1853.600	209.915	3.425
1853.800	209.915	3.425
1854.000	209.915	3.425
1854.200	209.917	3.425
1854.400	209.917	3.425
1854.600	209.915	3.425
1854.800	209.916	3.425
1855.000	209.916	3.425
1855.200	209.917	3.425
1855.400	209.915	3.425
1855.600	209.917	3.425
1855.800	209.916	3.425
1856.000	209.916	3.425
1856.200	209.914	3.425
1856.400	209.916	3.425
1856.600	209.914	3.425
1856.800	209.914	3.425
1857.000	209.916	3.425
1857.200	209.914	3.425
1857.400	209.914	3.425
1857.600	209.915	3.425
1857.800	209.916	3.425
1858.000	209.915	3.425
1858.200	209.915	3.425
1858.400	209.913	3.425
1858.600	209.915	3.425
1858.800	209.915	3.425
1859.000	209.917	3.425
1859.200	209.914	3.425
1859.400	209.913	3.425
1859.600	209.916	3.426
1859.800	209.914	3.425
1860.000	209.913	3.426
1860.200	209.914	3.426
1860.400	209.913	3.426
1860.600	209.913	3.426
1860.800	209.913	3.426
1861.000	209.914	3.426
1861.200	209.915	3.426
1861.400	209.915	3.426
1861.600	209.915	3.426
1861.800	209.914	3.426
1862.000	209.916	3.426
1862.200	209.915	3.426
1862.400	209.914	3.426
1862.600	209.914	3.426
1862.800	209.913	3.426
1863.000	209.914	3.426
1863.200	209.914	3.426
1863.400	209.914	3.426
1863.600	209.916	3.426
1863.800	209.914	3.426
1864.000	209.914	3.426
1864.200	209.913	3.426
1864.400	209.912	3.426
1864.600	209.912	3.426
1864.800	209.913	3.426
1865.000	209.912	3.426
1865.200	209.913	3.426
1865.400	209.914	3.426
1865.600	209.915	3.426
1865.800	209.913	3.426
1866.000	209.914	3.426
1866.200	209.915	3.426
1866.400	209.914	3.426
1866.600	209.913	3.426
1866.800	209.914	3.426
1867.000	209.913	3.426
1867.200	209.914	3.426
1867.400	209.914	3.426
1867.600	209.916	3.426
1867.800	209.915	3.426
1868.000	209.916	3.426
1868.200	209.916	3.426
1868.400	209.916	3.426
1868.600	209.916	3.426
1868.800	209.915	3.426
1869.000	209.916	3.426
1869.200	209.916	3.426
1869.400	209.915	3.426
1869.600	209.915	3.426
1869.800	209.915	3.426
1870.000	209.914	3.426
1870.200	209.914	3.426
1870.400	209.916	3.426
1870.600	209.916	3.426
1870.800	209.915	3.426
1871.000	209.914	3.426
1871.200	209.916	3.426
1871.400	209.914	3.426
1871.600	209.914	3.426
1871.800	209.914	3.426
1872.000	209.915	3.426
1872.200	209.915	3.426
1872.400	209.916	3.426
1872.600	209.916	3.426
1872.800	209.916	3.426
1873.000	209.914	3.426
1873.200	209.914	3.426
1873.400	209.915	3.426
1873.600	209.915	3.426
1873.800	209.916	3.426
1874.000	209.915	3.426
1874.200	209.916	3.426
1874.400	209.914	3.426
1874.600	209.915	3.426
1874.800	209.917	3.426
1875.000	209.916	3.426
1875.200	209.917	3.427
1875.400	209.918	3.427
1875.600	209.917	3.427
1875.800	209.918	3.427
1876.000	209.918	3.427
1876.200	209.918	3.427
1876.400	209.918	3.427
1876.600	209.917	3.427
1876.800	209.919	3.427
1877.000	209.919	3.427
1877.200	209.919	3.427
1877.400	209.917	3.427
1877.600	209.917	3.427
1877.800	209.917	3.427
1878.000	209.916	3.427
1878.200	209.918	3.427
1878.400	209.919	3.427
1878.600	209.917	3.427
1878.800	209.917	3.427
1879.000	209.918	3.427
1879.200	209.917	3.427
1879.400	209.919	3.427
1879.600	209.916	3.427
1879.800	209.916	3.427
1880.000	209.916	3.427
1880.200	209.915	3.427
1880.400	209.918	3.427
1880.600	209.917	3.427
1880.800	209.917	3.427
1881.000	209.917	3.427
1881.200	209.917	3.427
1881.400	209.917	3.427
1881.600	209.917	3.427
1881.800	209.918	3.427
1882.000	209.916	3.427
1882.200	209.914	3.427
1882.400	209.914	3.427
1882.600	209.914	3.427
1882.800	209.915	3.427
1883.000	209.915	3.427
1883.200	209.916	3.427
1883.400	209.916	3.427
1883.600	209.916	3.427
1883.800	209.916	3.427
1884.000	209.917	3.427
1884.200	209.915	3.427
1884.400	209.918	3.427
1884.600	209.916	3.427
1884.800	209.915	3.427
1885.000	209.915	3.427
1885.200	209.916	3.427
1885.400	209.917	3.427
1885.600	209.917	3.427
1885.800	209.917	3.427
1886.000	209.918	3.427
1886.200	209.915	3.427
1886.400	209.918	3.427
1886.600	209.917	3.427
1886.800	209.917	3.427
1887.000	209.917	3.427
1887.200	209.917	3.427
1887.400	209.917	3.427
1887.600	209.917	3.427
1887.800	209.916	3.427
1888.000	209.913	3.427
1888.200	209.915	3.427
1888.400	209.914	3.427
1888.600	209.914	3.427
1888.800	209.916	3.427
1889.000	209.916	3.427
1889.200	209.914	3.427
1889.400	209.913	3.427
1889.600	209.915	3.427
1889.800	209.915	3.427
1890.000	209.916	3.427
1890.200	209.915	3.427
1890.400	209.913	3.427
1890.600	209.912	3.427
1890.800	209.914	3.427
1891.000	209.913	3.427
1891.200	209.915	3.427
1891.400	209.914	3.427
1891.600	209.914	3.428
1891.800	209.914	3.428
1892.000	209.914	3.428
1892.200	209.914	3.428
1892.400	209.915	3.428
1892.600	209.913	3.428
1892.800	209.915	3.428
1893.000	209.917	3.428
1893.200	209.917	3.428
1893.400	209.915	3.428
1893.600	209.914	3.428
1893.800	209.915	3.428
1894.000	209.912	3.428
1894.200	209.914	3.428
1894.400	209.913	3.428
1894.600	209.913	3.428
1894.800	209.914	3.428
1895.000	209.916	3.428
1895.200	209.915	3.428
1895.400	209.915	3.428
1895.600	209.913	3.428
1895.800	209.915	3.428
1896.000	209.913	3.428
1896.200	209.914	3.428
1896.400	209.914	3.428
1896.600	209.915	3.428
1896.800	209.912	3.428
1897.000	209.914	3.428
1897.200	209.914	3.428
1897.400	209.915	3.428
1897.600	209.913	3.428
1897.800	209.914	3.428
1898.000	209.912	3.428
1898.200	209.913	3.428
1898.400	209.916	3.428
1898.600	209.914	3.428
1898.800	209.912	3.428
1899.000	209.913	3.428
1899.200	209.914	3.428
1899.400	209.914	3.428
1899.600	209.914	3.428
1899.800	209.914	3.428
1900.000	209.913	3.428
1900.200	209.914	3.428
1900.400	209.912	3.428
1900.600	209.912	3.428
1900.800	209.915	3.428
1901.000	209.914	3.428
1901.200	209.915	3.428
1901.400	209.914	3.428
1901.600	209.914	3.428
1901.800	209.914	3.428
1902.000	209.914	3.428
1902.200	209.914	3.428
1902.400	209.913	3.428
1902.600	209.913	3.428
1902.800	209.913	3.428
1903.000	209.914	3.428
1903.200	209.912	3.428
1903.400	209.914	3.428
1903.600	209.914	3.428
1903.800	209.915	3.428
1904.000	209.913	3.428
1904.200	209.915	3.428
1904.400	209.914	3.428
1904.600	209.913	3.428
1904.800	209.913	3.428
1905.000	209.913	3.428
1905.200	209.913	3.428
1905.400	209.914	3.428
1905.600	209.914	3.428
1905.800	209.914	3.428
1906.000	209.915	3.428
1906.200	209.913	3.428
1906.400	209.913	3.428
1906.600	209.913	3.428
1906.800	209.915	3.428
1907.000	209.914	3.428
1907.200	209.913	3.428
1907.400	209.915	3.428
1907.600	209.914	3.428
1907.800	209.914	3.428
1908.000	209.913	3.428
1908.200	209.915	3.428
1908.400	209.914	3.428
1908.600	209.916	3.429
1908.800	209.916	3.429
1909.000	209.915	3.429
1909.200	209.916	3.429
1909.400	209.915	3.429
1909.600	209.915	3.429
1909.800	209.913	3.429
1910.000	209.914	3.429
1910.200	209.914	3.429
1910.400	209.914	3.429
1910.600	209.913	3.429
1910.800	209.916	3.429
1911.000	209.917	3.429
1911.200	209.916	3.429
1911.400	209.917	3.429
1911.600	209.917	3.429
1911.800	209.916	3.429
1912.000	209.918	3.429
1912.200	209.918	3.429
1912.400	209.916	3.429
1912.600	209.917	3.429
1912.800	209.915	3.429
1913.000	209.916	3.429
1913.200	209.914	3.429
1913.400	209.916	3.429
1913.600	209.912	3.429
1913.800	209.914	3.429
1914.000	209.914	3.429
1914.200	209.916	3.429
1914.400	209.916	3.429
1914.600	209.916	3.429
1914.800	209.915	3.429
1915.000	209.914	3.429
1915.200	209.914	3.429
1915.400	209.915	3.429
1915.600	209.914	3.429
1915.800	209.915	3.429
1916.000	209.914	3.429
1916.200	209.914	3.429
1916.400	209.912	3.429
1916.600	209.913	3.429
1916.800	209.915	3.429
1917.000	209.914	3.429
1917.200	209.914	3.429
1917.400	209.914	3.429
1917.600	209.914	3.429
1917.800	209.914	3.429
1918.000	209.912	3.429
1918.200	209.912	3.429
1918.400	209.912	3.429
1918.600	209.912	3.429
1918.800	209.912	3.429
1919.000	209.912	3.429
1919.200	209.914	3.429
1919.400	209.913	3.429
1919.600	209.913	3.429
1919.800	209.915	3.429
1920.000	209.915	3.429
1920.200	209.913	3.429
1920.400	209.913	3.429
1920.600	209.912	3.429
1920.800	209.911	3.429
1921.000	209.912	3.429
1921.200	209.911	3.429
1921.400	209.912	3.429
1921.600	209.913	3.429
1921.800	209.912	3.429
1922.000	209.912	3.429
1922.200	209.912	3.429
1922.400	209.914	3.429
1922.600	209.914	3.429
1922.800	209.914	3.429
1923.000	209.914	3.429
1923.200	209.914	3.429
1923.400	209.914	3.429
1923.600	209.913	3.429
1923.800	209.912	3.429
1924.000	209.915	3.429
1924.200	209.915	3.429
1924.400	209.914	3.429
1924.600	209.915	3.429
1924.800	209.913	3.429
1925.000	209.913	3.430
1925.200	209.915	3.430
1925.400	209.915	3.430
1925.600	209.915	3.430
1925.800	209.915	3.430
1926.000	209.917	3.430
1926.200	209.915	3.430
1926.400	209.914	3.430
1926.600	209.914	3.430
1926.800	209.914	3.430
1927.000	209.913	3.430
1927.200	209.914	3.430
1927.400	209.912	3.430
1927.600	209.913	3.430
1927.800	209.913	3.430
1928.000	209.913	3.430
1928.200	209.913	3.430
1928.400	209.914	3.430
1928.600	209.913	3.430
1928.800	209.914	3.430
1929.000	209.913	3.430
1929.200	209.913	3.430
1929.400	209.914	3.430
1929.600	209.914	3.430
1929.800	209.915	3.430
1930.000	209.913	3.430
1930.200	209.915	3.430
1930.400	209.914	3.430
1930.600	209.915	3.430
1930.800	209.913	3.430
1931.000	209.914	3.430
1931.200	209.915	3.430
1931.400	209.914	3.430
1931.600	209.916	3.430
1931.800	209.916	3.430
1932.000	209.915	3.430
1932.200	209.916	3.430
1932.400	209.916	3.430
1932.600	209.915	3.430
1932.800	209.915	3.430
1933.000	209.915	3.430
1933.200	209.915	3.430
1933.400	209.916	3.430
1933.600	209.915	3.430
1933.800	209.915	3.430
1934.000	209.915	3.430
1934.200	209.917	3.430
1934.400	209.917	3.430
1934.600	209.914	3.430
1934.800	209.917	3.430
1935.000	209.914	3.430
1935.200	209.916	3.430
1935.400	209.917	3.430
1935.600	209.917	3.430
1935.800	209.915	3.430
1936.000	209.916	3.430
1936.200	209.915	3.430
1936.400	209.914	3.430
1936.600	209.914	3.430
1936.800	209.915	3.430
1937.000	209.916	3.430
1937.200	209.914	3.430
1937.400	209.915	3.430
1937.600	209.914	3.430
1937.800	209.914	3.430
1938.000	209.914	3.430
1938.200	209.914	3.430
1938.400	209.912	3.430
1938.600	209.913	3.430
1938.800	209.915	3.430
1939.000	209.914	3.430
1939.200	209.915	3.430
1939.400	209.915	3.430
1939.600	209.914	3.430
1939.800	209.915	3.430
1940.000	209.915	3.430
1940.200	209.915	3.430
1940.400	209.914	3.430
1940.600	209.912	3.430
1940.800	209.914	3.431
1941.000	209.914	3.431
1941.200	209.913	3.431
1941.400	209.912	3.431
1941.600	209.915	3.431
1941.800	209.913	3.431
1942.000	209.913	3.431
1942.200	209.913	3.431
1942.400	209.913	3.431
1942.600	209.915	3.431
1942.800	209.914	3.431
1943.000	209.913	3.431
1943.200	209.912	3.431
1943.400	209.912	3.431
1943.600	209.912	3.431
1943.800	209.913	3.431
1944.000	209.913	3.431
1944.200	209.913	3.431
1944.400	209.912	3.431
1944.600	209.912	3.431
1944.800	209.913	3.431
1945.000	209.914	3.431
1945.200	209.914	3.431
1945.400	209.915	3.431
1945.600	209.915	3.431
1945.800	209.915	3.431
1946.000	209.916	3.431
1946.200	209.913	3.431
1946.400	209.914	3.431
1946.600	209.913	3.431
1946.800	209.913	3.431
1947.000	209.913	3.431
1947.200	209.915	3.431
1947.400	209.915	3.431
1947.600	209.913	3.431
1947.800	209.915	3.431
1948.000	209.913	3.431
1948.200	209.913	3.431
1948.400	209.914	3.431
1948.600	209.912	3.431
1948.800	209.913	3.431
1949.000	209.913	3.431
1949.200	209.913	3.431
1949.400	209.913	3.431
1949.600	209.914	3.431
1949.800	209.916	3.431
1950.000	209.915	3.431
1950.200	209.914	3.431
1950.400	209.912	3.431
1950.600	209.913	3.431
1950.800	209.913	3.431
1951.000	209.913	3.431
1951.200	209.911	3.431
1951.400	209.911	3.431
1951.600	209.912	3.431
1951.800	209.914	3.431
1952.000	209.914	3.431
1952.200	209.913	3.431
1952.400	209.915	3.431
1952.600	209.913	3.431
1952.800	209.911	3.431
1953.000	209.913	3.431
1953.200	209.912	3.431
1953.400	209.916	3.431
1953.600	209.914	3.431
1953.800	209.913	3.431
1954.000	209.912	3.431
1954.200	209.913	3.431
1954.400	209.913	3.431
1954.600	209.913	3.431
1954.800	209.913	3.431
1955.000	209.912	3.431
1955.200	209.913	3.431
1955.400	209.912	3.431
1955.600	209.912	3.431
1955.800	209.914	3.431
1956.000	209.914	3.431
1956.200	209.913	3.431
1956.400	209.914	3.431
1956.600	209.916	3.431
1956.800	209.915	3.431
1957.000	209.915	3.431
1957.200	209.913	3.431
1957.400	209.912	3.431
1957.600	209.913	3.431
1957.800	209.914	3.431
1958.000	209.915	3.431
1958.200	209.915	3.431
1958.400	209.914	3.431
1958.600	209.914	3.431
1958.800	209.913	3.432
1959.000	209.915	3.431
1959.200	209.914	3.431
1959.400	209.914	3.432
1959.600	209.914	3.432
1959.800	209.916	3.432
1960.000	209.913	3.432
1960.200	209.913	3.432
1960.400	209.914	3.432
1960.600	209.913	3.432
1960.800	209.914	3.432
1961.000	209.914	3.432
1961.200	209.914	3.432
1961.400	209.916	3.432
1961.600	209.917	3.432
1961.800	209.915	3.432
1962.000	209.917	3.432
1962.200	209.916	3.432
1962.400	209.915	3.432
1962.600	209.915	3.432
1962.800	209.916	3.432
1963.000	209.914	3.432
1963.200	209.914	3.432
1963.400	209.914	3.432
1963.600	209.913	3.432
1963.800	209.916	3.432
1964.000	209.915	3.432
1964.200	209.914	3.432
1964.400	209.915	3.432
1964.600	209.914	3.432
1964.800	209.915	3.432
1965.000	209.914	3.432
1965.200	209.912	3.432
1965.400	209.913	3.432
1965.600	209.914	3.432
1965.800	209.912	3.432
1966.000	209.915	3.432
1966.200	209.916	3.432
1966.400	209.914	3.432
1966.600	209.914	3.432
1966.800	209.913	3.432
1967.000	209.913	3.432
1967.200	209.913	3.432
1967.400	209.914	3.432
1967.600	209.915	3.432
1967.800	209.913	3.432
1968.000	209.913	3.432
1968.200	209.915	3.432
1968.400	209.915	3.432
1968.600	209.915	3.432
1968.800	209.915	3.432
1969.000	209.916	3.432
1969.200	209.918	3.432
1969.400	209.915	3.432
1969.600	209.915	3.432
1969.800	209.916	3.432
1970.000	209.915	3.432
1970.200	209.914	3.432
1970.400	209.916	3.432
1970.600	209.916	3.432
1970.800	209.915	3.432
1971.000	209.914	3.432
1971.200	209.915	3.432
1971.400	209.914	3.432
1971.600	209.914	3.432
1971.800	209.914	3.432
1972.000	209.915	3.432
1972.200	209.914	3.432
1972.400	209.914	3.432
1972.600	209.915	3.432
1972.800	209.913	3.432
1973.000	209.912	3.432
1973.200	209.913	3.432
1973.400	209.913	3.432
1973.600	209.912	3.432
1973.800	209.914	3.432
1974.000	209.915	3.432
1974.200	209.912	3.432
1974.400	209.915	3.432
1974.600	209.914	3.432
1974.800	209.914	3.432
1975.000	209.914	3.432
1975.200	209.913	3.432
1975.400	209.914	3.432
1975.600	209.915	3.433
1975.800	209.916	3.433
1976.000	209.915	3.433
1976.200	209.914	3.433
1976.400	209.914	3.433
1976.600	209.915	3.433
1976.800	209.916	3.433
1977.000	209.914	3.433
1977.200	209.914	3.433
1977.400	209.916	3.433
1977.600	209.915	3.433
1977.800	209.915	3.433
1978.000	209.914	3.433
1978.200	209.914	3.433
1978.400	209.916	3.433
1978.600	209.913	3.433
1978.800	209.917	3.433
1979.000	209.917	3.433
1979.200	209.917	3.433
1979.400	209.916	3.433
1979.600	209.918	3.433
1979.800	209.917	3.433
1980.000	209.917	3.433
1980.200	209.916	3.433
1980.400	209.916	3.433
1980.600	209.916	3.433
1980.800	209.916	3.433
1981.000	209.919	3.433
1981.200	209.915	3.433
1981.400	209.917	3.433
1981.600	209.917	3.433
1981.800	209.916	3.433
1982.000	209.916	3.433
1982.200	209.915	3.433
1982.400	209.914	3.433
1982.600	209.915	3.433
1982.800	209.917	3.433
1983.000	209.916	3.433
1983.200	209.916	3.433
1983.400	209.917	3.433
1983.600	209.916	3.433
1983.800	209.915	3.433
1984.000	209.918	3.433
1984.200	209.917	3.433
1984.400	209.917	3.433
1984.600	209.915	3.433
1984.800	209.917	3.433
1985.000	209.917	3.433
1985.200	209.917	3.433
1985.400	209.917	3.433
1985.600	209.916	3.433
1985.800	209.915	3.433
1986.000	209.913	3.433
1986.200	209.916	3.433
1986.400	209.916	3.433
1986.600	209.914	3.433
1986.800	209.913	3.433
1987.000	209.914	3.433
1987.200	209.916	3.433
1987.400	209.918	3.433
1987.600	209.917	3.433
1987.800	209.918	3.433
1988.000	209.916	3.433
1988.200	209.917	3.433
1988.400	209.917	3.433
1988.600	209.917	3.433
1988.800	209.917	3.433
1989.000	209.916	3.433
1989.200	209.915	3.433
1989.400	209.918	3.433
1989.600	209.918	3.433
1989.800	209.916	3.433
1990.000	209.915	3.433
1990.200	209.917	3.433
1990.400	209.915	3.433
1990.600	209.915	3.433
1990.800	209.917	3.433
1991.000	209.916	3.433
1991.200	209.918	3.433
1991.400	209.917	3.434
1991.600	209.917	3.434
1991.800	209.917	3.434
1992.000	209.915	3.434
1992.200	209.916	3.434
1992.400	209.916	3.434
1992.600	209.917	3.434
1992.800	209.915	3.434
1993.000	209.916	3.434
1993.200	209.916	3.434
1993.400	209.917	3.434
1993.600	209.916	3.434
1993.800	209.916	3.434
1994.000	209.916	3.434
1994.200	209.916	3.434
1994.400	209.915	3.434
1994.600	209.917	3.434
1994.800	209.917	3.434
1995.000	209.916	3.434
1995.200	209.916	3.434
1995.400	209.917	3.434
1995.600	209.915	3.434
1995.800	209.917	3.434
1996.000	209.915	3.434
1996.200	209.916	3.434
1996.400	209.914	3.434
1996.600	209.916	3.434
1996.800	209.915	3.434
1997.000	209.915	3.434
1997.200	209.915	3.434
1997.400	209.915	3.434
1997.600	209.915	3.434
1997.800	209.915	3.434
1998.000	209.915	3.434
1998.200	209.915	3.434
1998.400	209.915	3.434
1998.600	209.913	3.434
1998.800	209.915	3.434
1999.000	209.914	3.434
1999.200	209.915	3.434
1999.400	209.914	3.434
1999.600	209.915	3.434
1999.800	209.915	3.434
2000.000	209.916	3.434
2000.200	209.913	3.434
2000.400	209.916	3.434
2000.600	209.913	3.434
2000.800	209.915	3.434
2001.000	209.916	3.434
2001.200	209.915	3.434
2001.400	209.915	3.434
2001.600	209.915	3.434
2001.800	209.915	3.434
2002.000	209.915	3.434
2002.200	209.916	3.434
2002.400	209.915	3.434
2002.600	209.915	3.434
2002.800	209.916	3.434
2003.000	209.916	3.434
2003.200	209.916	3.434
2003.400	209.916	3.434
2003.600	209.917	3.434
2003.800	209.914	3.434
2004.000	209.915	3.434
2004.200	209.914	3.434
2004.400	209.912	3.434
2004.600	209.915	3.434
2004.800	209.915	3.434
2005.000	209.914	3.434
2005.200	209.915	3.434
2005.400	209.914	3.434
2005.600	209.915	3.434
2005.800	209.913	3.434
2006.000	209.914	3.434
2006.200	209.913	3.434
2006.400	209.914	3.434
2006.600	209.914	3.434
2006.800	209.915	3.434
2007.000	209.912	3.434
2007.200	209.913	3.434
2007.400	209.915	3.434
2007.600	209.915	3.434
2007.800	209.916	3.434
2008.000	209.916	3.434
2008.200	209.916	3.434
2008.400	209.916	3.434
2008.600	209.914	3.434
2008.800	209.915	3.434
2009.000	209.916	3.435
2009.200	209.914	3.435
2009.400	209.915	3.435
2009.600	209.915	3.435
2009.800	209.914	3.435
2010.000	209.916	3.435
2010.200	209.914	3.435
2010.400	209.915	3.435
2010.600	209.915	3.435
2010.800	209.914	3.435
2011.000	209.916	3.435
2011.200	209.915	3.435
2011.400	209.916	3.435
2011.600	209.916	3.435
2011.800	209.916	3.435
2012.000	209.916	3.435
2012.200	209.915	3.435
2012.400	209.913	3.435
2012.600	209.913	3.435
2012.800	209.914	3.435
2013.000	209.912	3.435
2013.200	209.915	3.435
2013.400	209.913	3.435
2013.600	209.915	3.435
2013.800	209.913	3.435
2014.000	209.912	3.435
2014.200	209.913	3.435
2014.400	209.913	3.435
2014.600	209.913	3.435
2014.800	209.916	3.435
2015.000	209.912	3.435
2015.200	209.915	3.435
2015.400	209.916	3.435
2015.600	209.915	3.435
2015.800	209.915	3.435
2016.000	209.913	3.435
2016.200	209.913	3.435
2016.400	209.914	3.435
2016.600	209.914	3.435
2016.800	209.914	3.435
2017.000	209.916	3.435
2017.200	209.915	3.435
2017.400	209.916	3.435
2017.600	209.914	3.435
2017.800	209.916	3.435
2018.000	209.915	3.435
2018.200	209.914	3.435
2018.400	209.914	3.435
2018.600	209.914	3.435
2018.800	209.915	3.435
2019.000	209.916	3.435
2019.200	209.915	3.435
2019.400	209.914	3.435
2019.600	209.913	3.435
2019.800	209.915	3.435
2020.000	209.914	3.435
2020.200	209.916	3.435
2020.400	209.916	3.435
2020.600	209.915	3.435
2020.800	209.916	3.435
2021.000	209.917	3.435
2021.200	209.915	3.435
2021.400	209.917	3.435
2021.600	209.917	3.435
2021.800	209.918	3.435
2022.000	209.918	3.435
2022.200	209.916	3.435
2022.400	209.915	3.435
2022.600	209.914	3.435
2022.800	209.914	3.435
2023.000	209.914	3.435
2023.200	209.915	3.435
2023.400	209.916	3.435
2023.600	209.915	3.435
2023.800	209.916	3.435
2024.000	209.918	3.435
2024.200	209.916	3.435
2024.400	209.916	3.435
2024.600	209.918	3.435
2024.800	209.918	3.435
2025.000	209.918	3.435
2025.200	209.918	3.435
2025.400	209.916	3.435
2025.600	209.917	3.435
2025.800	209.916	3.435
2026.000	209.916	3.435
2026.200	209.917	3.436
2026.400	209.916	3.435
2026.600	209.915	3.436
2026.800	209.915	3.436
2027.000	209.916	3.436
2027.200	209.916	3.436
2027.400	209.917	3.436
2027.600	209.915	3.436
2027.800	209.916	3.436
2028.000	209.915	3.436
2028.200	209.915	3.436
2028.400	209.915	3.436
2028.600	209.915	3.436
2028.800	209.917	3.436
2029.000	209.914	3.436
2029.200	209.918	3.436
2029.400	209.917	3.436
2029.600	209.916	3.436
2029.800	209.916	3.436
2030.000	209.916	3.436
2030.200	209.915	3.436
2030.400	209.916	3.436
2030.600	209.916	3.436
2030.800	209.915	3.436
2031.000	209.915	3.436
2031.200	209.916	3.436
2031.400	209.918	3.436
2031.600	209.916	3.436
2031.800	209.917	3.436
2032.000	209.915	3.436
2032.200	209.915	3.436
2032.400	209.917	3.436
2032.600	209.919	3.436
2032.800	209.917	3.436
2033.000	209.916	3.436
2033.200	209.916	3.436
2033.400	209.916	3.436
2033.600	209.918	3.436
2033.800	209.917	3.436
2034.000	209.917	3.436
2034.200	209.917	3.436
2034.400	209.915	3.436
2034.600	209.917	3.436
2034.800	209.917	3.436
2035.000	209.918	3.436
2035.200	209.916	3.436
2035.400	209.914	3.436
2035.600	209.915	3.436
2035.800	209.916	3.436
2036.000	209.917	3.436
2036.200	209.917	3.436
2036.400	209.915	3.436
2036.600	209.915	3.436
2036.800	209.916	3.436
2037.000	209.915	3.436
2037.200	209.914	3.436
2037.400	209.915	3.436
2037.600	209.916	3.436
2037.800	209.916	3.436
2038.000	209.918	3.436
2038.200	209.917	3.436
2038.400	209.917	3.436
2038.600	209.916	3.436
2038.800	209.918	3.436
2039.000	209.918	3.436
2039.200	209.916	3.436
2039.400	209.918	3.436
2039.600	209.917	3.436
2039.800	209.915	3.436
2040.000	209.915	3.436
2040.200	209.916	3.436
2040.400	209.916	3.436
2040.600	209.917	3.436
2040.800	209.915	3.436
2041.000	209.916	3.436
2041.200	209.916	3.436
2041.400	209.915	3.436
2041.600	209.917	3.436
2041.800	209.916	3.436
2042.000	209.916	3.436
2042.200	209.918	3.436
2042.400	209.916	3.437
2042.600	209.916	3.436
2042.800	209.917	3.436
2043.000	209.917	3.437
2043.200	209.918	3.437
2043.400	209.918	3.437
2043.600	209.917	3.437
2043.800	209.917	3.437
2044.000	209.917	3.437
2044.200	209.918	3.437
2044.400	209.915	3.437
2044.600	209.916	3.437
2044.800	209.917	3.437
2045.000	209.918	3.437
2045.200	209.918	3.437
2045.400	209.918	3.437
2045.600	209.916	3.437
2045.800	209.917	3.437
2046.000	209.918	3.437
2046.200	209.918	3.437
2046.400	209.917	3.437
2046.600	209.917	3.437
2046.800	209.918	3.437
2047.000	209.919	3.437
2047.200	209.918	3.437
2047.400	209.917	3.437
2047.600	209.919	3.437
2047.800	209.919	3.437
2048.000	209.918	3.437
2048.200	209.919	3.437
2048.400	209.919	3.437
2048.600	209.920	3.437
2048.800	209.919	3.437
2049.000	209.919	3.437
2049.200	209.919	3.437
2049.400	209.917	3.437
2049.600	209.917	3.437
2049.800	209.918	3.437
2050.000	209.919	3.437
2050.200	209.918	3.437
2050.400	209.917	3.437
2050.600	209.917	3.437
2050.800	209.918	3.437
2051.000	209.918	3.437
2051.200	209.917	3.437
2051.400	209.917	3.437
2051.600	209.918	3.437
2051.800	209.919	3.437
2052.000	209.919	3.437
2052.200	209.918	3.437
2052.400	209.917	3.437
2052.600	209.918	3.437
2052.800	209.916	3.437
2053.000	209.916	3.437
2053.200	209.917	3.437
2053.400	209.918	3.437
2053.600	209.919	3.437
2053.800	209.919	3.437
2054.000	209.917	3.437
2054.200	209.918	3.437
2054.400	209.918	3.437
2054.600	209.917	3.437
2054.800	209.920	3.437
2055.000	209.917	3.437
2055.200	209.919	3.437
2055.400	209.917	3.437
2055.600	209.920	3.437
2055.800	209.918	3.437
2056.000	209.918	3.437
2056.200	209.919	3.437
2056.400	209.918	3.437
2056.600	209.919	3.437
2056.800	209.917	3.437
2057.000	209.917	3.437
2057.200	209.918	3.437
2057.400	209.917	3.437
2057.600	209.918	3.437
2057.800	209.919	3.437
2058.000	209.917	3.437
2058.200	209.917	3.437
2058.400	209.917	3.437
2058.600	209.918	3.437
2058.800	209.917	3.437
2059.000	209.918	3.437
2059.200	209.919	3.437
2059.400	209.920	3.438
2059.600	209.919	3.438
2059.800	209.918	3.438
2060.000	209.919	3.438
2060.200	209.919	3.438
2060.400	209.919	3.438
2060.600	209.917	3.438
2060.800	209.919	3.438
2061.000	209.918	3.438
2061.200	209.919	3.438
2061.400	209.920	3.438
2061.600	209.918	3.438
2061.800	209.918	3.438
2062.000	209.918	3.438
2062.200	209.918	3.438
2062.400	209.917	3.438
2062.600	209.917	3.438
2062.800	209.917	3.438
2063.000	209.920	3.438
2063.200	209.918	3.438
2063.400	209.918	3.438
2063.600	209.918	3.438
2063.800	209.919	3.438
2064.000	209.920	3.438
2064.200	209.918	3.438
2064.400	209.918	3.438
2064.600	209.920	3.438
2064.800	209.917	3.438
2065.000	209.920	3.438
2065.200	209.920	3.438
2065.400	209.917	3.438
2065.600	209.919	3.438
2065.800	209.918	3.438
2066.000	209.917	3.438
2066.200	209.917	3.438
2066.400	209.918	3.438
2066.600	209.918	3.438
2066.800	209.920	3.438
2067.000	209.919	3.438
2067.200	209.918	3.438
2067.400	209.916	3.438
2067.600	209.916	3.438
2067.800	209.918	3.438
2068.000	209.916	3.438
2068.200	209.916	3.438
2068.400	209.919	3.438
2068.600	209.918	3.438
2068.800	209.916	3.438
2069.000	209.918	3.438
2069.200	209.918	3.438
2069.400	209.917	3.438
2069.600	209.917	3.438
2069.800	209.918	3.438
2070.000	209.917	3.438
2070.200	209.918	3.438
2070.400	209.917	3.438
2070.600	209.917	3.438
2070.800	209.915	3.438
2071.000	209.918	3.438
2071.200	209.919	3.438
2071.400	209.919	3.438
2071.600	209.919	3.438
2071.800	209.920	3.438
2072.000	209.919	3.438
2072.200	209.918	3.438
2072.400	209.920	3.438
2072.600	209.918	3.438
2072.800	209.919	3.438
2073.000	209.919	3.438
2073.200	209.917	3.438
2073.400	209.918	3.438
2073.600	209.917	3.438
2073.800	209.917	3.438
2074.000	209.917	3.438
2074.200	209.919	3.438
2074.400	209.919	3.438
2074.600	209.918	3.438
2074.800	209.918	3.438
2075.000	209.919	3.438
2075.200	209.917	3.438
2075.400	209.918	3.438
2075.600	209.919	3.438
2075.800	209.919	3.438
2076.000	209.919	3.438
2076.200	209.919	3.438
2076.400	209.919	3.438
2076.600	209.923	3.438
2076.800	209.919	3.438
2077.000	209.918	3.438
2077.200	209.918	3.438
2077.400	209.917	3.438
2077.600	209.921	3.439
2077.800	209.921	3.439
2078.000	209.919	3.439
2078.200	209.920	3.439
2078.400	209.921	3.439
2078.600	209.922	3.439
2078.800	209.919	3.439
2079.000	209.919	3.439
2079.200	209.918	3.439
2079.400	209.921	3.439
2079.600	209.921	3.439
2079.800	209.922	3.439
2080.000	209.920	3.439
2080.200	209.921	3.439
2080.400	209.921	3.439
2080.600	209.921	3.439
2080.800	209.919	3.439
2081.000	209.920	3.439
2081.200	209.921	3.439
2081.400	209.920	3.439
2081.600	209.920	3.439
2081.800	209.917	3.439
2082.000	209.918	3.439
2082.200	209.920	3.439
2082.400	209.918	3.439
2082.600	209.922	3.439
2082.800	209.921	3.439
2083.000	209.921	3.439
2083.200	209.921	3.439
2083.400	209.920	3.439
2083.600	209.921	3.439
2083.800	209.920	3.439
2084.000	209.920	3.439
2084.200	209.920	3.439
2084.400	209.921	3.439
2084.600	209.919	3.439
2084.800	209.918	3.439
2085.000	209.919	3.439
2085.200	209.920	3.439
2085.400	209.919	3.439
2085.600	209.917	3.439
2085.800	209.918	3.439
2086.000	209.920	3.439
2086.200	209.918	3.439
2086.400	209.917	3.439
2086.600	209.919	3.439
2086.800	209.918	3.439
2087.000	209.918	3.439
2087.200	209.919	3.439
2087.400	209.919	3.439
2087.600	209.917	3.439
2087.800	209.920	3.439
2088.000	209.916	3.439
2088.200	209.918	3.439
2088.400	209.919	3.439
2088.600	209.918	3.439
2088.800	209.918	3.439
2089.000	209.919	3.439
2089.200	209.917	3.439
2089.400	209.919	3.439
2089.600	209.919	3.439
2089.800	209.920	3.439
2090.000	209.918	3.439
2090.200	209.919	3.439
2090.400	209.918	3.439
2090.600	209.919	3.439
2090.800	209.919	3.439
2091.000	209.919	3.439
2091.200	209.919	3.439
2091.400	209.920	3.439
2091.600	209.918	3.439
2091.800	209.919	3.439
2092.000	209.919	3.439
2092.200	209.917	3.439
2092.400	209.918	3.439
2092.600	209.919	3.439
2092.800	209.919	3.439
2093.000	209.919	3.439
2093.200	209.921	3.439
2093.400	209.919	3.439
2093.600	209.920	3.439
2093.800	209.917	3.439
2094.000	209.918	3.439
2094.200	209.917	3.439
2094.400	209.921	3.439
2094.600	209.921	3.439
2094.800	209.919	3.439
2095.000	209.920	3.439
2095.200	209.920	3.439
2095.400	209.921	3.439
2095.600	209.921	3.439
2095.800	209.922	3.439
2096.000	209.922	3.439
2096.200	209.921	3.439
2096.400	209.919	3.440
2096.600	209.920	3.440
2096.800	209.920	3.440
2097.000	209.918	3.440
2097.200	209.918	3.440
2097.400	209.919	3.440
2097.600	209.919	3.440
2097.800	209.919	3.440
2098.000	209.918	3.440
2098.200	209.920	3.440
2098.400	209.921	3.440
2098.600	209.920	3.440
2098.800	209.918	3.440
2099.000	209.917	3.440
2099.200	209.920	3.440
2099.400	209.918	3.440
2099.600	209.917	3.440
2099.800	209.919	3.440
2100.000	209.919	3.440
2100.200	209.920	3.440
2100.400	209.918	3.440
2100.600	209.921	3.440
2100.800	209.919	3.440
2101.000	209.921	3.440
2101.200	209.920	3.440
2101.400	209.921	3.440
2101.600	209.922	3.440
2101.800	209.921	3.440
2102.000	209.920	3.440
2102.200	209.920	3.440
2102.400	209.919	3.440
2102.600	209.918	3.440
2102.800	209.918	3.440
2103.000	209.919	3.440
2103.200	209.918	3.440
2103.400	209.918	3.440
2103.600	209.919	3.440
2103.800	209.921	3.440
2104.000	209.921	3.440
2104.200	209.919	3.440
2104.400	209.920	3.440
2104.600	209.918	3.440
2104.800	209.920	3.440
2105.000	209.921	3.440
2105.200	209.920	3.440
2105.400	209.919	3.440
2105.600	209.919	3.440
2105.800	209.920	3.440
2106.000	209.919	3.440
2106.200	209.921	3.440
2106.400	209.921	3.440
2106.600	209.922	3.440
2106.800	209.919	3.440
2107.000	209.920	3.440
2107.200	209.921	3.440
2107.400	209.919	3.440
2107.600	209.920	3.440
2107.800	209.920	3.440
2108.000	209.920	3.440
2108.200	209.920	3.440
2108.400	209.920	3.440
2108.600	209.920	3.440
2108.800	209.920	3.440
2109.000	209.919	3.440
2109.200	209.920	3.440
2109.400	209.920	3.440
2109.600	209.918	3.440
2109.800	209.920	3.440
2110.000	209.920	3.440
2110.200	209.920	3.440
2110.400	209.918	3.440
2110.600	209.918	3.440
2110.800	209.920	3.440
2111.000	209.923	3.440
2111.200	209.919	3.440
2111.400	209.921	3.440
2111.600	209.919	3.440
2111.800	209.919	3.440
2112.000	209.919	3.440
2112.200	209.919	3.440
2112.400	209.922	3.440
2112.600	209.920	3.440
2112.800	209.919	3.440
2113.000	209.920	3.440
2113.200	209.921	3.440
2113.400	209.919	3.440
2113.600	209.920	3.440
2113.800	209.922	3.440
2114.000	209.919	3.440
2114.200	209.919	3.440
2114.400	209.921	3.440
2114.600	209.920	3.440
2114.800	209.923	3.440
2115.000	209.923	3.440
2115.200	209.921	3.440
2115.400	209.919	3.440
2115.600	209.920	3.440
2115.800	209.922	3.441
2116.000	209.920	3.441
2116.200	209.920	3.440
2116.400	209.920	3.441
2116.600	209.919	3.441
2116.800	209.920	3.441
2117.000	209.919	3.441
2117.200	209.919	3.441
2117.400	209.919	3.441
2117.600	209.919	3.441
2117.800	209.921	3.441
2118.000	209.921	3.441
2118.200	209.921	3.441
2118.400	209.920	3.441
2118.600	209.921	3.441
2118.800	209.918	3.441
2119.000	209.919	3.441
2119.200	209.920	3.441
2119.400	209.922	3.441
2119.600	209.921	3.441
2119.800	209.921	3.441
2120.000	209.920	3.441
2120.200	209.919	3.441
2120.400	209.921	3.441
2120.600	209.921	3.441
2120.800	209.919	3.441
2121.000	209.918	3.441
2121.200	209.920	3.441
2121.400	209.920	3.441
2121.600	209.920	3.441
2121.800	209.921	3.441
2122.000	209.920	3.441
2122.200	209.921	3.441
2122.400	209.920	3.441
2122.600	209.921	3.441
2122.800	209.922	3.441
2123.000	209.920	3.441
2123.200	209.922	3.441
2123.400	209.921	3.441
2123.600	209.922	3.441
2123.800	209.920	3.441
2124.000	209.922	3.441
2124.200	209.922	3.441
2124.400	209.921	3.441
2124.600	209.922	3.441
2124.800	209.922	3.441
2125.000	209.923	3.441
2125.200	209.920	3.441
2125.400	209.922	3.441
2125.600	209.923	3.441
2125.800	209.924	3.441
2126.000	209.922	3.441
2126.200	209.921	3.441
2126.400	209.922	3.441
2126.600	209.921	3.441
2126.800	209.919	3.441
2127.000	209.922	3.441
2127.200	209.919	3.441
2127.400	209.921	3.441
2127.600	209.920	3.441
2127.800	209.921	3.441
2128.000	209.921	3.441
2128.200	209.923	3.441
2128.400	209.921	3.441
2128.600	209.922	3.441
2128.800	209.921	3.441
2129.000	209.921	3.441
2129.200	209.921	3.441
2129.400	209.921	3.441
2129.600	209.921	3.441
2129.800	209.920	3.441
2130.000	209.921	3.441
2130.200	209.921	3.441
2130.400	209.921	3.441
2130.600	209.920	3.441
2130.800	209.921	3.441
2131.000	209.920	3.441
2131.200	209.919	3.441
2131.400	209.921	3.441
2131.600	209.921	3.441
2131.800	209.921	3.441
2132.000	209.921	3.441
2132.200	209.921	3.441
2132.400	209.921	3.441
2132.600	209.919	3.441
2132.800	209.919	3.441
2133.000	209.919	3.441
2133.200	209.919	3.441
2133.400	209.919	3.441
2133.600	209.921	3.441
2133.800	209.919	3.441
2134.000	209.920	3.441
2134.200	209.918	3.441
2134.400	209.921	3.441
2134.600	209.920	3.442
2134.800	209.923	3.442
2135.000	209.922	3.442
2135.200	209.919	3.442
2135.400	209.920	3.442
2135.600	209.920	3.442
2135.800	209.919	3.442
2136.000	209.920	3.442
2136.200	209.920	3.442
2136.400	209.920	3.442
2136.600	209.919	3.442
2136.800	209.920	3.442
2137.000	209.918	3.442
2137.200	209.919	3.442
2137.400	209.920	3.442
2137.600	209.921	3.442
2137.800	209.921	3.442
2138.000	209.921	3.442
2138.200	209.921	3.442
2138.400	209.920	3.442
2138.600	209.921	3.442
2138.800	209.920	3.442
2139.000	209.920	3.442
2139.200	209.921	3.442
2139.400	209.922	3.442
2139.600	209.921	3.442
2139.800	209.920	3.442
2140.000	209.921	3.442
2140.200	209.919	3.442
2140.400	209.920	3.442
2140.600	209.921	3.442
2140.800	209.921	3.442
2141.000	209.919	3.442
2141.200	209.920	3.442
2141.400	209.922	3.442
2141.600	209.921	3.442
2141.800	209.921	3.442
2142.000	209.920	3.442
2142.200	209.920	3.442
2142.400	209.921	3.442
2142.600	209.921	3.442
2142.800	209.922	3.442
2143.000	209.922	3.442
2143.200	209.921	3.442
2143.400	209.922	3.442
2143.600	209.921	3.442
2143.800	209.922	3.442
2144.000	209.923	3.442
2144.200	209.922	3.442
2144.400	209.921	3.442
2144.600	209.920	3.442
2144.800	209.922	3.442
2145.000	209.921	3.442
2145.200	209.921	3.442
2145.400	209.922	3.442
2145.600	209.923	3.442
2145.800	209.919	3.442
2146.000	209.922	3.442
2146.200	209.921	3.442
2146.400	209.922	3.442
2146.600	209.921	3.442
2146.800	209.921	3.442
2147.000	209.921	3.442
2147.200	209.922	3.442
2147.400	209.922	3.442
2147.600	209.919	3.442
2147.800	209.920	3.442
2148.000	209.920	3.442
2148.200	209.922	3.442
2148.400	209.921	3.442
2148.600	209.922	3.442
2148.800	209.920	3.442
2149.000	209.919	3.442
2149.200	209.920	3.442
2149.400	209.923	3.442
2149.600	209.920	3.442
2149.800	209.919	3.442
2150.000	209.920	3.442
2150.200	209.921	3.442
2150.400	209.922	3.442
2150.600	209.922	3.442
2150.800	209.922	3.442
2151.000	209.921	3.442
2151.200	209.920	3.442
2151.400	209.922	3.442
2151.600	209.922	3.442
2151.800	209.920	3.442
2152.000	209.922	3.443
2152.200	209.922	3.443
2152.400	209.921	3.443
2152.600	209.919	3.443
2152.800	209.922	3.443
2153.000	209.921	3.443
2153.200	209.919	3.443
2153.400	209.921	3.443
2153.600	209.920	3.443
2153.800	209.920	3.443
2154.000	209.920	3.443
2154.200	209.920	3.443
2154.400	209.920	3.443
2154.600	209.921	3.443
2154.800	209.920	3.443
2155.000	209.919	3.443
2155.200	209.921	3.443
2155.400	209.922	3.443
2155.600	209.922	3.443
2155.800	209.922	3.443
2156.000	209.920	3.443
2156.200	209.920	3.443
2156.400	209.921	3.443
2156.600	209.920	3.443
2156.800	209.921	3.443
2157.000	209.923	3.443
2157.200	209.922	3.443
2157.400	209.921	3.443
2157.600	209.923	3.443
2157.800	209.921	3.443
2158.000	209.922	3.443
2158.200	209.923	3.443
2158.400	209.921	3.443
2158.600	209.920	3.443
2158.800	209.921	3.443
2159.000	209.922	3.443
2159.200	209.921	3.443
2159.400	209.922	3.443
2159.600	209.922	3.443
2159.800	209.922	3.443
2160.000	209.924	3.443
2160.200	209.922	3.443
2160.400	209.921	3.443
2160.600	209.923	3.443
2160.800	209.921	3.443
2161.000	209.920	3.443
2161.200	209.921	3.443
2161.400	209.922	3.443
2161.600	209.920	3.443
2161.800	209.922	3.443
2162.000	209.921	3.443
2162.200	209.922	3.443
2162.400	209.922	3.443
2162.600	209.921	3.443
2162.800	209.920	3.443
2163.000	209.922	3.443
2163.200	209.921	3.443
2163.400	209.922	3.443
2163.600	209.923	3.443
2163.800	209.922	3.443
2164.000	209.923	3.443
2164.200	209.922	3.443
2164.400	209.922	3.443
2164.600	209.922	3.443
2164.800	209.923	3.443
2165.000	209.921	3.443
2165.200	209.921	3.443
2165.400	209.921	3.443
2165.600	209.921	3.443
2165.800	209.921	3.443
2166.000	209.922	3.443
2166.200	209.922	3.443
2166.400	209.920	3.443
2166.600	209.920	3.443
2166.800	209.920	3.443
2167.000	209.920	3.443
2167.200	209.921	3.443
2167.400	209.921	3.443
2167.600	209.921	3.443
2167.800	209.921	3.443
2168.000	209.921	3.443
2168.200	209.922	3.443
2168.400	209.923	3.443
2168.600	209.920	3.443
2168.800	209.920	3.443
2169.000	209.922	3.443
2169.200	209.923	3.443
2169.400	209.921	3.443
2169.600	209.917	3.443
2169.800	209.920	3.443
2170.000	209.921	3.443
2170.200	209.921	3.443
2170.400	209.921	3.443
2170.600	209.921	3.443
2170.800	209.922	3.443
2171.000	209.921	3.444
2171.200	209.920	3.444
2171.400	209.923	3.444
2171.600	209.922	3.444
2171.800	209.922	3.444
2172.000	209.921	3.444
2172.200	209.921	3.444
2172.400	209.921	3.444
2172.600	209.922	3.444
2172.800	209.920	3.444
2173.000	209.920	3.444
2173.200	209.922	3.444
2173.400	209.921	3.444
2173.600	209.922	3.444
2173.800	209.922	3.444
2174.000	209.921	3.444
2174.200	209.920	3.444
2174.400	209.921	3.444
2174.600	209.919	3.444
2174.800	209.920	3.444
2175.000	209.921	3.444
2175.200	209.919	3.444
2175.400	209.919	3.444
2175.600	209.921	3.444
2175.800	209.920	3.444
2176.000	209.923	3.444
2176.200	209.922	3.444
2176.400	209.920	3.444
2176.600	209.921	3.444
2176.800	209.921	3.444
2177.000	209.922	3.444
2177.200	209.921	3.444
2177.400	209.920	3.444
2177.600	209.921	3.444
2177.800	209.919	3.444
2178.000	209.919	3.444
2178.200	209.917	3.444
2178.400	209.918	3.444
2178.600	209.918	3.444
2178.800	209.919	3.444
2179.000	209.920	3.444
2179.200	209.919	3.444
2179.400	209.918	3.444
2179.600	209.919	3.444
2179.800	209.921	3.444
2180.000	209.918	3.444
2180.200	209.920	3.444
2180.400	209.920	3.444
2180.600	209.920	3.444
2180.800	209.921	3.444
2181.000	209.920	3.444
2181.200	209.919	3.444
2181.400	209.922	3.444
2181.600	209.922	3.444
2181.800	209.921	3.444
2182.000	209.920	3.444
2182.200	209.920	3.444
2182.400	209.923	3.444
2182.600	209.921	3.444
2182.800	209.921	3.444
2183.000	209.922	3.444
2183.200	209.920	3.444
2183.400	209.920	3.444
2183.600	209.919	3.444
2183.800	209.921	3.444
2184.000	209.919	3.444
2184.200	209.919	3.444
2184.400	209.919	3.444
2184.600	209.918	3.444
2184.800	209.919	3.444
2185.000	209.918	3.444
2185.200	209.919	3.444
2185.400	209.919	3.444
2185.600	209.918	3.444
2185.800	209.918	3.444
2186.000	209.918	3.444
2186.200	209.919	3.444
2186.400	209.918	3.444
2186.600	209.919	3.444
2186.800	209.919	3.444
2187.000	209.920	3.444
2187.200	209.920	3.444
2187.400	209.920	3.444
2187.600	209.922	3.444
2187.800	209.921	3.444
2188.000	209.921	3.444
2188.200	209.921	3.444
2188.400	209.921	3.444
2188.600	209.920	3.444
2188.800	209.919	3.444
2189.000	209.920	3.444
2189.200	209.918	3.444
2189.400	209.920	3.444
2189.600	209.919	3.444
2189.800	209.920	3.444
2190.000	209.919	3.444
2190.200	209.920	3.444
2190.400	209.919	3.445
2190.600	209.919	3.445
2190.800	209.919	3.445
2191.000	209.920	3.445
2191.200	209.920	3.445
2191.400	209.919	3.445
2191.600	209.919	3.445
2191.800	209.920	3.445
2192.000	209.921	3.445
2192.200	209.920	3.445
2192.400	209.921	3.445
2192.600	209.921	3.445
2192.800	209.920	3.445
2193.000	209.920	3.445
2193.200	209.920	3.445
2193.400	209.921	3.445
2193.600	209.921	3.445
2193.800	209.918	3.445
2194.000	209.919	3.445
2194.200	209.921	3.445
2194.400	209.920	3.445
2194.600	209.921	3.445
2194.800	209.921	3.445
2195.000	209.920	3.445
2195.200	209.921	3.445
2195.400	209.921	3.445
2195.600	209.919	3.445
2195.800	209.921	3.445
2196.000	209.922	3.445
2196.200	209.921	3.445
2196.400	209.921	3.445
2196.600	209.923	3.445
2196.800	209.922	3.445
2197.000	209.921	3.445
2197.200	209.921	3.445
2197.400	209.922	3.445
2197.600	209.920	3.445
2197.800	209.920	3.445
2198.000	209.919	3.445
2198.200	209.920	3.445
2198.400	209.920	3.445
2198.600	209.922	3.445
2198.800	209.921	3.445
2199.000	209.919	3.445
2199.200	209.918	3.445
2199.400	209.919	3.445
2199.600	209.919	3.445
2199.800	209.918	3.445
2200.000	209.921	3.445
2200.200	209.921	3.445
2200.400	209.919	3.445
2200.600	209.920	3.445
2200.800	209.918	3.445
2201.000	209.920	3.445
2201.200	209.920	3.445
2201.400	209.921	3.445
2201.600	209.921	3.445
2201.800	209.920	3.445
2202.000	209.918	3.445
2202.200	209.919	3.445
2202.400	209.918	3.445
2202.600	209.918	3.445
2202.800	209.920	3.445
2203.000	209.921	3.445
2203.200	209.919	3.445
2203.400	209.919	3.445
2203.600	209.920	3.445
2203.800	209.920	3.445
2204.000	209.919	3.445
2204.200	209.919	3.445
2204.400	209.921	3.445
2204.600	209.919	3.445
2204.800	209.921	3.445
2205.000	209.919	3.445
2205.200	209.920	3.445
2205.400	209.920	3.445
2205.600	209.920	3.445
2205.800	209.920	3.445
2206.000	209.920	3.445
2206.200	209.922	3.445
2206.400	209.920	3.445
2206.600	209.920	3.445
2206.800	209.923	3.445
2207.000	209.921	3.445
2207.200	209.921	3.445
2207.400	209.922	3.445
2207.600	209.922	3.445
2207.800	209.920	3.445
2208.000	209.922	3.445
2208.200	209.922	3.445
2208.400	209.922	3.445
2208.600	209.923	3.446
2208.800	209.920	3.445
2209.000	209.922	3.445
2209.200	209.920	3.446
2209.400	209.922	3.446
2209.600	209.921	3.446
2209.800	209.922	3.446
2210.000	209.920	3.446
2210.200	209.921	3.446
2210.400	209.921	3.446
2210.600	209.922	3.446
2210.800	209.922	3.446
2211.000	209.921	3.446
2211.200	209.920	3.446
2211.400	209.919	3.446
2211.600	209.920	3.446
2211.800	209.921	3.446
2212.000	209.920	3.446
2212.200	209.920	3.446
2212.400	209.920	3.446
2212.600	209.921	3.446
2212.800	209.922	3.446
2213.000	209.921	3.446
2213.200	209.923	3.446
2213.400	209.923	3.446
2213.600	209.922	3.446
2213.800	209.922	3.446
2214.000	209.923	3.446
2214.200	209.923	3.446
2214.400	209.923	3.446
2214.600	209.922	3.446
2214.800	209.921	3.446
2215.000	209.921	3.446
2215.200	209.921	3.446
2215.400	209.923	3.446
2215.600	209.920	3.446
2215.800	209.921	3.446
2216.000	209.921	3.446
2216.200	209.921	3.446
2216.400	209.921	3.446
2216.600	209.921	3.446
2216.800	209.919	3.446
2217.000	209.919	3.446
2217.200	209.920	3.446
2217.400	209.918	3.446
2217.600	209.919	3.446
2217.800	209.919	3.446
2218.000	209.921	3.446
2218.200	209.918	3.446
2218.400	209.920	3.446
2218.600	209.919	3.446
2218.800	209.920	3.446
2219.000	209.921	3.446
2219.200	209.920	3.446
2219.400	209.923	3.446
2219.600	209.920	3.446
2219.800	209.920	3.446
2220.000	209.919	3.446
2220.200	209.921	3.446
2220.400	209.920	3.446
2220.600	209.922	3.446
2220.800	209.922	3.446
2221.000	209.922	3.446
2221.200	209.922	3.446
2221.400	209.922	3.446
2221.600	209.920	3.446
2221.800	209.922	3.446
2222.000	209.922	3.446
2222.200	209.922	3.446
2222.400	209.920	3.446
2222.600	209.921	3.446
2222.800	209.921	3.446
2223.000	209.921	3.446
2223.200	209.921	3.446
2223.400	209.920	3.446
2223.600	209.921	3.446
2223.800	209.921	3.446
2224.000	209.921	3.446
2224.200	209.920	3.446
2224.400	209.920	3.446
2224.600	209.920	3.446
2224.800	209.921	3.446
2225.000	209.922	3.446
2225.200	209.919	3.446
2225.400	209.920	3.446
2225.600	209.920	3.446
2225.800	209.920	3.446
2226.000	209.920	3.446
2226.200	209.919	3.446
2226.400	209.917	3.446
2226.600	209.917	3.446
2226.800	209.918	3.446
2227.000	209.920	3.446
2227.200	209.920	3.446
2227.400	209.918	3.446
2227.600	209.920	3.446
2227.800	209.921	3.447
2228.000	209.921	3.447
2228.200	209.921	3.447
2228.400	209.920	3.447
2228.600	209.920	3.447
2228.800	209.919	3.447
2229.000	209.919	3.447
2229.200	209.919	3.447
2229.400	209.918	3.447
2229.600	209.920	3.447
2229.800	209.918	3.447
2230.000	209.919	3.447
2230.200	209.917	3.447
2230.400	209.918	3.447
2230.600	209.917	3.447
2230.800	209.917	3.447
2231.000	209.916	3.447
2231.200	209.918	3.447
2231.400	209.917	3.447
2231.600	209.917	3.447
2231.800	209.917	3.447
2232.000	209.917	3.447
2232.200	209.918	3.447
2232.400	209.916	3.447
2232.600	209.917	3.447
2232.800	209.917	3.447
2233.000	209.918	3.447
2233.200	209.920	3.447
2233.400	209.919	3.447
2233.600	209.920	3.447
2233.800	209.919	3.447
2234.000	209.919	3.447
2234.200	209.918	3.447
2234.400	209.920	3.447
2234.600	209.920	3.447
2234.800	209.917	3.447
2235.000	209.917	3.447
2235.200	209.916	3.447
2235.400	209.920	3.447
2235.600	209.918	3.447
2235.800	209.918	3.447
2236.000	209.919	3.447
2236.200	209.918	3.447
2236.400	209.918	3.447
2236.600	209.920	3.447
2236.800	209.919	3.447
2237.000	209.920	3.447
2237.200	209.921	3.447
2237.400	209.918	3.447
2237.600	209.920	3.447
2237.800	209.921	3.447
2238.000	209.921	3.447
2238.200	209.922	3.447
2238.400	209.921	3.447
2238.600	209.922	3.447
2238.800	209.923	3.447
2239.000	209.920	3.447
2239.200	209.920	3.447
2239.400	209.921	3.447
2239.600	209.920	3.447
2239.800	209.920	3.447
2240.000	209.918	3.447
2240.200	209.919	3.447
2240.400	209.918	3.447
2240.600	209.919	3.447
2240.800	209.918	3.447
2241.000	209.918	3.447
2241.200	209.918	3.447
2241.400	209.920	3.447
2241.600	209.921	3.447
2241.800	209.921	3.447
2242.000	209.921	3.447
2242.200	209.921	3.447
2242.400	209.920	3.447
2242.600	209.918	3.447
2242.800	209.919	3.447
2243.000	209.920	3.447
2243.200	209.918	3.447
2243.400	209.920	3.447
2243.600	209.919	3.447
2243.800	209.920	3.447
2244.000	209.920	3.447
2244.200	209.918	3.447
2244.400	209.918	3.447
2244.600	209.918	3.447
2244.800	209.917	3.447
2245.000	209.917	3.447
2245.200	209.918	3.447
2245.400	209.918	3.447
2245.600	209.919	3.447
2245.800	209.918	3.447
2246.000	209.918	3.447
2246.200	209.919	3.447
2246.400	209.919	3.447
2246.600	209.917	3.447
2246.800	209.918	3.447
2247.000	209.918	3.447
2247.200	209.918	3.447
2247.400	209.916	3.447
2247.600	209.919	3.447
2247.800	209.920	3.447
2248.000	209.920	3.447
2248.200	209.920	3.447
2248.400	209.920	3.447
2248.600	209.917	3.447
2248.800	209.920	3.447
2249.000	209.918	3.447
2249.200	209.919	3.448
2249.400	209.919	3.448
2249.600	209.919	3.448
2249.800	209.917	3.448
2250.000	209.919	3.448
2250.200	209.920	3.448
2250.400	209.919	3.448
2250.600	209.920	3.448
2250.800	209.919	3.448
2251.000	209.919	3.448
2251.200	209.919	3.448
2251.400	209.920	3.448
2251.600	209.921	3.448
2251.800	209.920	3.448
2252.000	209.920	3.448
2252.200	209.920	3.448
2252.400	209.920	3.448
2252.600	209.918	3.448
2252.800	209.919	3.448
2253.000	209.918	3.448
2253.200	209.919	3.448
2253.400	209.918	3.448
2253.600	209.917	3.448
2253.800	209.917	3.448
2254.000	209.918	3.448
2254.200	209.919	3.448
2254.400	209.918	3.448
2254.600	209.919	3.448
2254.800	209.918	3.448
2255.000	209.918	3.448
2255.200	209.918	3.448
2255.400	209.917	3.448
2255.600	209.918	3.448
2255.800	209.918	3.448
2256.000	209.917	3.448
2256.200	209.917	3.448
2256.400	209.918	3.448
2256.600	209.919	3.448
2256.800	209.919	3.448
2257.000	209.919	3.448
2257.200	209.916	3.448
2257.400	209.917	3.448
2257.600	209.918	3.448
2257.800	209.918	3.448
2258.000	209.918	3.448
2258.200	209.916	3.448
2258.400	209.919	3.448
2258.600	209.919	3.448
2258.800	209.920	3.448
2259.000	209.920	3.448
2259.200	209.921	3.448
2259.400	209.920	3.448
2259.600	209.920	3.448
2259.800	209.919	3.448
2260.000	209.917	3.448
2260.200	209.918	3.448
2260.400	209.917	3.448
2260.600	209.917	3.448
2260.800	209.920	3.448
2261.000	209.919	3.448
2261.200	209.918	3.448
2261.400	209.918	3.448
2261.600	209.920	3.448
2261.800	209.920	3.448
2262.000	209.919	3.448
2262.200	209.920	3.448
2262.400	209.919	3.448
2262.600	209.921	3.448
2262.800	209.920	3.448
2263.000	209.919	3.448
2263.200	209.919	3.448
2263.400	209.920	3.448
2263.600	209.921	3.448
2263.800	209.920	3.448
2264.000	209.919	3.448
2264.200	209.920	3.448
2264.400	209.920	3.448
2264.600	209.920	3.448
2264.800	209.919	3.448
2265.000	209.919	3.448
2265.200	209.919	3.448
2265.400	209.919	3.448
2265.600	209.920	3.448
2265.800	209.919	3.448
2266.000	209.919	3.448
2266.200	209.921	3.448
2266.400	209.921	3.448
2266.600	209.919	3.448
2266.800	209.921	3.448
2267.000	209.920	3.448
2267.200	209.921	3.448
2267.400	209.919	3.448
2267.600	209.922	3.448
2267.800	209.921	3.448
2268.000	209.919	3.448
2268.200	209.919	3.448
2268.400	209.920	3.448
2268.600	209.920	3.449
2268.800	209.919	3.449
2269.000	209.921	3.449
2269.200	209.921	3.449
2269.400	209.922	3.449
2269.600	209.922	3.449
2269.800	209.920	3.449
2270.000	209.918	3.449
2270.200	209.921	3.449
2270.400	209.918	3.449
2270.600	209.918	3.449
2270.800	209.919	3.449
2271.000	209.919	3.449
2271.200	209.920	3.449
2271.400	209.920	3.449
2271.600	209.920	3.449
2271.800	209.922	3.449
2272.000	209.921	3.449
2272.200	209.922	3.449
2272.400	209.924	3.449
2272.600	209.921	3.449
2272.800	209.922	3.449
2273.000	209.921	3.449
2273.200	209.922	3.449
2273.400	209.921	3.449
2273.600	209.921	3.449
2273.800	209.920	3.449
2274.000	209.921	3.449
2274.200	209.920	3.449
2274.400	209.921	3.449
2274.600	209.919	3.449
2274.800	209.920	3.449
2275.000	209.920	3.449
2275.200	209.920	3.449
2275.400	209.921	3.449
2275.600	209.922	3.449
2275.800	209.921	3.449
2276.000	209.921	3.449
2276.200	209.921	3.449
2276.400	209.921	3.449
2276.600	209.920	3.449
2276.800	209.924	3.449
2277.000	209.922	3.449
2277.200	209.922	3.449
2277.400	209.919	3.449
2277.600	209.920	3.449
2277.800	209.921	3.449
2278.000	209.920	3.449
2278.200	209.919	3.449
2278.400	209.921	3.449
2278.600	209.918	3.449
2278.800	209.918	3.449
2279.000	209.919	3.449
2279.200	209.920	3.449
2279.400	209.919	3.449
2279.600	209.919	3.449
2279.800	209.920	3.449
2280.000	209.919	3.449
2280.200	209.920	3.449
2280.400	209.920	3.449
2280.600	209.920	3.449
2280.800	209.920	3.449
2281.000	209.921	3.449
2281.200	209.920	3.449
2281.400	209.921	3.449
2281.600	209.921	3.449
2281.800	209.919	3.449
2282.000	209.920	3.449
2282.200	209.921	3.449
2282.400	209.919	3.449
2282.600	209.920	3.449
2282.800	209.921	3.449
2283.000	209.920	3.449
2283.200	209.921	3.449
2283.400	209.921	3.449
2283.600	209.921	3.449
2283.800	209.919	3.449
2284.000	209.921	3.449
2284.200	209.918	3.449
2284.400	209.920	3.449
2284.600	209.920	3.449
2284.800	209.919	3.449
2285.000	209.919	3.449
2285.200	209.919	3.449
2285.400	209.918	3.449
2285.600	209.919	3.449
2285.800	209.918	3.449
2286.000	209.919	3.449
2286.200	209.919	3.449
2286.400	209.918	3.449
2286.600	209.920	3.449
2286.800	209.919	3.449
2287.000	209.918	3.449
2287.200	209.917	3.449
2287.400	209.918	3.449
2287.600	209.918	3.449
2287.800	209.919	3.449
2288.000	209.916	3.449
2288.200	209.919	3.449
2288.400	209.920	3.450
2288.600	209.918	3.450
2288.800	209.920	3.450
2289.000	209.917	3.450
2289.200	209.919	3.450
2289.400	209.919	3.450
2289.600	209.918	3.450
2289.800	209.917	3.450
2290.000	209.918	3.450
2290.200	209.919	3.450
2290.400	209.919	3.450
2290.600	209.917	3.450
2290.800	209.917	3.450
2291.000	209.918	3.450
2291.200	209.920	3.450
2291.400	209.919	3.450
2291.600	209.920	3.450
2291.800	209.919	3.450
2292.000	209.919	3.450
2292.200	209.918	3.450
2292.400	209.917	3.450
2292.600	209.919	3.450
2292.800	209.918	3.450
2293.000	209.918	3.450
2293.200	209.920	3.450
2293.400	209.919	3.450
2293.600	209.920	3.450
2293.800	209.920	3.450
2294.000	209.919	3.450
2294.200	209.918	3.450
2294.400	209.919	3.450
2294.600	209.917	3.450
2294.800	209.919	3.450
2295.000	209.918	3.450
2295.200	209.918	3.450
2295.400	209.918	3.450
2295.600	209.918	3.450
2295.800	209.917	3.450
2296.000	209.918	3.450
2296.200	209.920	3.450
2296.400	209.920	3.450
2296.600	209.918	3.450
2296.800	209.920	3.450
2297.000	209.918	3.450
2297.200	209.918	3.450
2297.400	209.918	3.450
2297.600	209.918	3.450
2297.800	209.919	3.450
2298.000	209.918	3.450
2298.200	209.919	3.450
2298.400	209.918	3.450
2298.600	209.916	3.450
2298.800	209.919	3.450
2299.000	209.919	3.450
2299.200	209.919	3.450
2299.400	209.919	3.450
2299.600	209.918	3.450
2299.800	209.918	3.450
2300.000	209.918	3.450
2300.200	209.918	3.450
2300.400	209.918	3.450
2300.600	209.919	3.450
2300.800	209.917	3.450
2301.000	209.917	3.450
2301.200	209.917	3.450
2301.400	209.918	3.450
2301.600	209.918	3.450
2301.800	209.917	3.450
2302.000	209.920	3.450
2302.200	209.917	3.450
2302.400	209.919	3.450
2302.600	209.917	3.450
2302.800	209.918	3.450
2303.000	209.918	3.450
2303.200	209.920	3.450
2303.400	209.919	3.450
2303.600	209.919	3.450
2303.800	209.919	3.450
2304.000	209.917	3.450
2304.200	209.919	3.450
2304.400	209.919	3.450
2304.600	209.919	3.450
2304.800	209.919	3.450
2305.000	209.919	3.450
2305.200	209.920	3.450
2305.400	209.919	3.450
2305.600	209.919	3.450
2305.800	209.918	3.450
2306.000	209.918	3.450
2306.200	209.919	3.450
2306.400	209.919	3.450
2306.600	209.918	3.450
2306.800	209.918	3.450
2307.000	209.918	3.450
2307.200	209.918	3.450
2307.400	209.917	3.450
2307.600	209.919	3.450
2307.800	209.920	3.450
2308.000	209.918	3.450
2308.200	209.917	3.450
2308.400	209.918	3.450
2308.600	209.919	3.450
2308.800	209.919	3.450
2309.000	209.918	3.450
2309.200	209.919	3.450
2309.400	209.921	3.450
2309.600	209.918	3.450
2309.800	209.915	3.450
2310.000	209.919	3.450
2310.200	209.917	3.450
2310.400	209.919	3.451
2310.600	209.918	3.451
2310.800	209.920	3.451
2311.000	209.919	3.451
2311.200	209.918	3.451
2311.400	209.919	3.451
2311.600	209.918	3.451
2311.800	209.918	3.451
2312.000	209.917	3.451
2312.200	209.918	3.451
2312.400	209.917	3.451
2312.600	209.915	3.451
2312.800	209.917	3.451
2313.000	209.916	3.451
2313.200	209.917	3.451
2313.400	209.916	3.451
2313.600	209.918	3.451
2313.800	209.918	3.451
2314.000	209.918	3.451
2314.200	209.918	3.451
2314.400	209.916	3.451
2314.600	209.916	3.451
2314.800	209.916	3.451
2315.000	209.916	3.451
2315.200	209.918	3.451
2315.400	209.916	3.451
2315.600	209.917	3.451
2315.800	209.918	3.451
2316.000	209.918	3.451
2316.200	209.917	3.451
2316.400	209.917	3.451
2316.600	209.918	3.451
2316.800	209.916	3.451
2317.000	209.917	3.451
2317.200	209.918	3.451
2317.400	209.916	3.451
2317.600	209.917	3.451
2317.800	209.916	3.451
2318.000	209.915	3.451
2318.200	209.917	3.451
2318.400	209.917	3.451
2318.600	209.917	3.451
2318.800	209.917	3.451
2319.000	209.917	3.451
2319.200	209.916	3.451
2319.400	209.918	3.451
2319.600	209.918	3.451
2319.800	209.918	3.451
2320.000	209.918	3.451
2320.200	209.918	3.451
2320.400	209.917	3.451
2320.600	209.917	3.451
2320.800	209.918	3.451
2321.000	209.918	3.451
2321.200	209.918	3.451
2321.400	209.916	3.451
2321.600	209.919	3.451
2321.800	209.920	3.451
2322.000	209.918	3.451
2322.200	209.917	3.451
2322.400	209.917	3.451
2322.600	209.916	3.451
2322.800	209.918	3.451
2323.000	209.918	3.451
2323.200	209.919	3.451
2323.400	209.920	3.451
2323.600	209.918	3.451
2323.800	209.918	3.451
2324.000	209.920	3.451
2324.200	209.920	3.451
2324.400	209.919	3.451
2324.600	209.921	3.451
2324.800	209.919	3.451
2325.000	209.919	3.451
2325.200	209.919	3.451
2325.400	209.919	3.451
2325.600	209.919	3.451
2325.800	209.918	3.451
2326.000	209.917	3.451
2326.200	209.919	3.451
2326.400	209.921	3.451
2326.600	209.918	3.451
2326.800	209.918	3.451
2327.000	209.920	3.451
2327.200	209.919	3.451
2327.400	209.918	3.451
2327.600	209.918	3.451
2327.800	209.918	3.451
2328.000	209.919	3.451
2328.200	209.919	3.451
2328.400	209.919	3.451
2328.600	209.919	3.451
2328.800	209.917	3.451
2329.000	209.917	3.451
2329.200	209.918	3.451
2329.400	209.919	3.451
2329.600	209.917	3.451
2329.800	209.918	3.451
2330.000	209.918	3.451
2330.200	209.919	3.451
2330.400	209.918	3.451
2330.600	209.918	3.451
2330.800	209.920	3.451
2331.000	209.918	3.451
2331.200	209.918	3.451
2331.400	209.919	3.451
2331.600	209.918	3.452
2331.800	209.917	3.451
2332.000	209.921	3.451
2332.200	209.918	3.452
2332.400	209.918	3.452
2332.600	209.920	3.452
2332.800	209.919	3.452
2333.000	209.919	3.452
2333.200	209.918	3.452
2333.400	209.918	3.452
2333.600	209.918	3.452
2333.800	209.919	3.452
2334.000	209.918	3.452
2334.200	209.918	3.452
2334.400	209.919	3.452
2334.600	209.918	3.452
2334.800	209.919	3.452
2335.000	209.917	3.452
2335.200	209.918	3.452
2335.400	209.919	3.452
2335.600	209.918	3.452
2335.800	209.920	3.452
2336.000	209.919	3.452
2336.200	209.916	3.452
2336.400	209.918	3.452
2336.600	209.917	3.452
2336.800	209.917	3.452
2337.000	209.918	3.452
2337.200	209.918	3.452
2337.400	209.919	3.452
2337.600	209.917	3.452
2337.800	209.918	3.452
2338.000	209.919	3.452
2338.200	209.920	3.452
2338.400	209.919	3.452
2338.600	209.919	3.452
2338.800	209.920	3.452
2339.000	209.917	3.452
2339.200	209.918	3.452
2339.400	209.918	3.452
2339.600	209.918	3.452
2339.800	209.916	3.452
2340.000	209.918	3.452
2340.200	209.916	3.452
2340.400	209.919	3.452
2340.600	209.919	3.452
2340.800	209.918	3.452
2341.000	209.919	3.452
2341.200	209.916	3.452
2341.400	209.917	3.452
2341.600	209.916	3.452
2341.800	209.917	3.452
2342.000	209.918	3.452
2342.200	209.916	3.452
2342.400	209.916	3.452
2342.600	209.915	3.452
2342.800	209.918	3.452
2343.000	209.918	3.452
2343.200	209.915	3.452
2343.400	209.917	3.452
2343.600	209.919	3.452
2343.800	209.917	3.452
2344.000	209.916	3.452
2344.200	209.916	3.452
2344.400	209.917	3.452
2344.600	209.917	3.452
2344.800	209.917	3.452
2345.000	209.916	3.452
2345.200	209.916	3.452
2345.400	209.917	3.452
2345.600	209.915	3.452
2345.800	209.919	3.452
2346.000	209.918	3.452
2346.200	209.916	3.452
2346.400	209.917	3.452
2346.600	209.917	3.452
2346.800	209.917	3.452
2347.000	209.918	3.452
2347.200	209.918	3.452
2347.400	209.917	3.452
2347.600	209.917	3.452
2347.800	209.915	3.452
2348.000	209.917	3.452
2348.200	209.917	3.452
2348.400	209.917	3.452
2348.600	209.917	3.452
2348.800	209.917	3.452
2349.000	209.918	3.452
2349.200	209.917	3.452
2349.400	209.918	3.452
2349.600	209.916	3.452
2349.800	209.915	3.452
2350.000	209.916	3.452
2350.200	209.916	3.452
2350.400	209.915	3.452
2350.600	209.915	3.452
2350.800	209.914	3.452
2351.000	209.916	3.452
2351.200	209.917	3.452
2351.400	209.918	3.452
2351.600	209.915	3.452
2351.800	209.916	3.452
2352.000	209.916	3.452
2352.200	209.915	3.452
2352.400	209.915	3.452
2352.600	209.915	3.452
2352.800	209.914	3.452
2353.000	209.915	3.452
2353.200	209.914	3.452
2353.400	209.914	3.452
2353.600	209.913	3.452
2353.800	209.914	3.452
2354.000	209.915	3.452
2354.200	209.917	3.452
2354.400	209.916	3.452
2354.600	209.915	3.453
2354.800	209.916	3.452
2355.000	209.914	3.452
2355.200	209.914	3.452
2355.400	209.915	3.452
2355.600	209.914	3.453
2355.800	209.913	3.453
2356.000	209.915	3.453
2356.200	209.915	3.453
2356.400	209.913	3.453
2356.600	209.912	3.453
2356.800	209.913	3.453
2357.000	209.914	3.453
2357.200	209.914	3.453
2357.400	209.915	3.453
2357.600	209.914	3.453
2357.800	209.914	3.453
2358.000	209.915	3.453
2358.200	209.914	3.453
2358.400	209.914	3.453
2358.600	209.916	3.453
2358.800	209.915	3.453
2359.000	209.912	3.453
2359.200	209.913	3.453
2359.400	209.914	3.453
2359.600	209.914	3.453
2359.800	209.916	3.453
2360.000	209.916	3.453
2360.200	209.914	3.453
2360.400	209.914	3.453
2360.600	209.916	3.453
2360.800	209.914	3.453
2361.000	209.915	3.453
2361.200	209.916	3.453
2361.400	209.916	3.453
2361.600	209.913	3.453
2361.800	209.916	3.453
2362.000	209.916	3.453
2362.200	209.914	3.453
2362.400	209.915	3.453
2362.600	209.914	3.453
2362.800	209.916	3.453
2363.000	209.916	3.453
2363.200	209.916	3.453
2363.400	209.913	3.453
2363.600	209.916	3.453
2363.800	209.915	3.453
2364.000	209.915	3.453
2364.200	209.917	3.453
2364.400	209.915	3.453
2364.600	209.916	3.453
2364.800	209.917	3.453
2365.000	209.915	3.453
2365.200	209.913	3.453
2365.400	209.914	3.453
2365.600	209.916	3.453
2365.800	209.915	3.453
2366.000	209.915	3.453
2366.200	209.917	3.453
2366.400	209.916	3.453
2366.600	209.916	3.453
2366.800	209.915	3.453
2367.000	209.915	3.453
2367.200	209.914	3.453
2367.400	209.916	3.453
2367.600	209.916	3.453
2367.800	209.916	3.453
2368.000	209.917	3.453
2368.200	209.915	3.453
2368.400	209.917	3.453
2368.600	209.917	3.453
2368.800	209.914	3.453
2369.000	209.914	3.453
2369.200	209.916	3.453
2369.400	209.917	3.453
2369.600	209.916	3.453
2369.800	209.916	3.453
2370.000	209.916	3.453
2370.200	209.916	3.453
2370.400	209.915	3.453
2370.600	209.915	3.453
2370.800	209.917	3.453
2371.000	209.917	3.453
2371.200	209.915	3.453
2371.400	209.917	3.453
2371.600	209.915	3.453
2371.800	209.915	3.453
2372.000	209.916	3.453
2372.200	209.916	3.453
2372.400	209.917	3.453
2372.600	209.919	3.453
2372.800	209.918	3.453
2373.000	209.916	3.453
2373.200	209.916	3.453
2373.400	209.915	3.453
2373.600	209.918	3.453
2373.800	209.917	3.453
2374.000	209.917	3.453
2374.200	209.918	3.453
2374.400	209.918	3.453
2374.600	209.917	3.453
2374.800	209.917	3.453
2375.000	209.917	3.453
2375.200	209.917	3.453
2375.400	209.916	3.453
2375.600	209.917	3.453
2375.800	209.919	3.453
2376.000	209.918	3.453
2376.200	209.918	3.453
2376.400	209.916	3.453
2376.600	209.915	3.453
2376.800	209.915	3.453
2377.000	209.917	3.453
2377.200	209.916	3.453
2377.400	209.915	3.453
2377.600	209.917	3.453
2377.800	209.917	3.454
2378.000	209.918	3.453
2378.200	209.917	3.454
2378.400	209.918	3.454
2378.600	209.919	3.454
2378.800	209.917	3.454
2379.000	209.915	3.454
2379.200	209.915	3.454
2379.400	209.917	3.454
2379.600	209.916	3.454
2379.800	209.917	3.454
2380.000	209.917	3.454
2380.200	209.918	3.454
2380.400	209.917	3.454
2380.600	209.916	3.454
2380.800	209.916	3.454
2381.000	209.916	3.454
2381.200	209.916	3.454
2381.400	209.916	3.454
2381.600	209.919	3.454
2381.800	209.917	3.454
2382.000	209.915	3.454
2382.200	209.917	3.454
2382.400	209.916	3.454
2382.600	209.919	3.454
2382.800	209.918	3.454
2383.000	209.918	3.454
2383.200	209.917	3.454
2383.400	209.916	3.454
2383.600	209.917	3.454
2383.800	209.917	3.454
2384.000	209.918	3.454
2384.200	209.918	3.454
2384.400	209.917	3.454
2384.600	209.917	3.454
2384.800	209.917	3.454
2385.000	209.915	3.454
2385.200	209.916	3.454
2385.400	209.917	3.454
2385.600	209.915	3.454
2385.800	209.917	3.454
2386.000	209.915	3.454
2386.200	209.915	3.454
2386.400	209.917	3.454
2386.600	209.917	3.454
2386.800	209.917	3.454
2387.000	209.917	3.454
2387.200	209.918	3.454
2387.400	209.916	3.454
2387.600	209.917	3.454
2387.800	209.917	3.454
2388.000	209.915	3.454
2388.200	209.918	3.454
2388.400	209.916	3.454
2388.600	209.916	3.454
2388.800	209.915	3.454
2389.000	209.917	3.454
2389.200	209.914	3.454
2389.400	209.915	3.454
2389.600	209.914	3.454
2389.800	209.915	3.454
2390.000	209.916	3.454
2390.200	209.917	3.454
2390.400	209.914	3.454
2390.600	209.915	3.454
2390.800	209.916	3.454
2391.000	209.915	3.454
2391.200	209.915	3.454
2391.400	209.916	3.454
2391.600	209.916	3.454
2391.800	209.916	3.454
2392.000	209.917	3.454
2392.200	209.916	3.454
2392.400	209.917	3.454
2392.600	209.917	3.454
2392.800	209.915	3.454
2393.000	209.917	3.454
2393.200	209.917	3.454
2393.400	209.918	3.454
2393.600	209.917	3.454
2393.800	209.918	3.454
2394.000	209.918	3.454
2394.200	209.918	3.454
2394.400	209.920	3.454
2394.600	209.917	3.454
2394.800	209.917	3.454
2395.000	209.917	3.454
2395.200	209.917	3.454
2395.400	209.918	3.454
2395.600	209.917	3.454
2395.800	209.918	3.454
2396.000	209.918	3.454
2396.200	209.918	3.454
2396.400	209.917	3.454
2396.600	209.919	3.454
2396.800	209.918	3.454
2397.000	209.920	3.454
2397.200	209.917	3.454
2397.400	209.916	3.454
2397.600	209.918	3.454
2397.800	209.919	3.454
2398.000	209.919	3.454
2398.200	209.919	3.454
2398.400	209.920	3.454
2398.600	209.918	3.454
2398.800	209.916	3.454
2399.000	209.917	3.454
2399.200	209.920	3.455
2399.400	209.918	3.454
2399.600	209.919	3.454
2399.800	209.918	3.454
2400.000	209.919	3.454
2400.200	209.920	3.455
2400.400	209.919	3.455
2400.600	209.920	3.455
2400.800	209.919	3.455
2401.000	209.920	3.455
2401.200	209.920	3.455
2401.400	209.919	3.455
2401.600	209.918	3.455
2401.800	209.917	3.455
2402.000	209.917	3.455
2402.200	209.918	3.455
2402.400	209.920	3.455
2402.600	209.920	3.455
2402.800	209.918	3.455
2403.000	209.920	3.455
2403.200	209.919	3.455
2403.400	209.918	3.455
2403.600	209.919	3.455
2403.800	209.919	3.455
2404.000	209.920	3.455
2404.200	209.919	3.455
2404.400	209.920	3.455
2404.600	209.917	3.455
2404.800	209.919	3.455
2405.000	209.920	3.455
2405.200	209.921	3.455
2405.400	209.921	3.455
2405.600	209.920	3.455
2405.800	209.921	3.455
2406.000	209.919	3.455
2406.200	209.920	3.455
2406.400	209.920	3.455
2406.600	209.919	3.455
2406.800	209.921	3.455
2407.000	209.921	3.455
2407.200	209.920	3.455
2407.400	209.920	3.455
2407.600	209.919	3.455
2407.800	209.919	3.455
2408.000	209.920	3.455
2408.200	209.922	3.455
2408.400	209.922	3.455
2408.600	209.921	3.455
2408.800	209.920	3.455
2409.000	209.917	3.455
2409.200	209.920	3.455
2409.400	209.922	3.455
2409.600	209.922	3.455
2409.800	209.920	3.455
2410.000	209.920	3.455
2410.200	209.920	3.455
2410.400	209.920	3.455
2410.600	209.922	3.455
2410.800	209.921	3.455
2411.000	209.919	3.455
2411.200	209.921	3.455
2411.400	209.920	3.455
2411.600	209.919	3.455
2411.800	209.920	3.455
2412.000	209.921	3.455
2412.200	209.920	3.455
2412.400	209.920	3.455
2412.600	209.923	3.455
2412.800	209.921	3.455
2413.000	209.921	3.455
2413.200	209.919	3.455
2413.400	209.920	3.455
2413.600	209.922	3.455
2413.800	209.921	3.455
2414.000	209.922	3.455
2414.200	209.922	3.455
2414.400	209.922	3.455
2414.600	209.920	3.455
2414.800	209.921	3.455
2415.000	209.921	3.455
2415.200	209.922	3.455
2415.400	209.924	3.455
2415.600	209.921	3.455
2415.800	209.921	3.455
2416.000	209.922	3.455
2416.200	209.922	3.455
2416.400	209.921	3.455
2416.600	209.921	3.455
2416.800	209.922	3.455
2417.000	209.921	3.455
2417.200	209.919	3.455
2417.400	209.920	3.455
2417.600	209.920	3.455
2417.800	209.919	3.455
2418.000	209.920	3.455
2418.200	209.920	3.455
2418.400	209.919	3.455
2418.600	209.921	3.455
2418.800	209.920	3.455
2419.000	209.919	3.455
2419.200	209.921	3.455
2419.400	209.919	3.455
2419.600	209.920	3.455
2419.800	209.919	3.455
2420.000	209.920	3.455
2420.200	209.921	3.455
2420.400	209.920	3.455
2420.600	209.921	3.455
2420.800	209.921	3.455
2421.000	209.920	3.455
2421.200	209.920	3.455
2421.400	209.920	3.455
2421.600	209.922	3.455
2421.800	209.920	3.455
2422.000	209.919	3.455
2422.200	209.921	3.455
2422.400	209.920	3.456
2422.600	209.920	3.455
2422.800	209.919	3.455
2423.000	209.918	3.456
2423.200	209.919	3.455
2423.400	209.918	3.456
2423.600	209.920	3.456
2423.800	209.920	3.456
2424.000	209.919	3.456
2424.200	209.919	3.456
2424.400	209.920	3.456
2424.600	209.920	3.456
2424.800	209.918	3.456
2425.000	209.917	3.456
2425.200	209.917	3.456
2425.400	209.918	3.456
2425.600	209.918	3.456
2425.800	209.916	3.456
2426.000	209.917	3.456
2426.200	209.917	3.456
2426.400	209.919	3.456
2426.600	209.916	3.456
2426.800	209.918	3.456
2427.000	209.918	3.456
2427.200	209.919	3.456
2427.400	209.919	3.456
2427.600	209.920	3.456
2427.800	209.918	3.456
2428.000	209.918	3.456
2428.200	209.920	3.456
2428.400	209.918	3.456
2428.600	209.918	3.456
2428.800	209.919	3.456
2429.000	209.919	3.456
2429.200	209.920	3.456
2429.400	209.917	3.456
2429.600	209.917	3.456
2429.800	209.916	3.456
2430.000	209.919	3.456
2430.200	209.917	3.456
2430.400	209.918	3.456
2430.600	209.919	3.456
2430.800	209.918	3.456
2431.000	209.917	3.456
2431.200	209.918	3.456
2431.400	209.919	3.456
2431.600	209.919	3.456
2431.800	209.922	3.456
2432.000	209.919	3.456
2432.200	209.918	3.456
2432.400	209.919	3.456
2432.600	209.919	3.456
2432.800	209.920	3.456
2433.000	209.920	3.456
2433.200	209.921	3.456
2433.400	209.921	3.456
2433.600	209.921	3.456
2433.800	209.921	3.456
2434.000	209.921	3.456
2434.200	209.921	3.456
2434.400	209.920	3.456
2434.600	209.920	3.456
2434.800	209.918	3.456
2435.000	209.919	3.456
2435.200	209.921	3.456
2435.400	209.920	3.456
2435.600	209.920	3.456
2435.800	209.919	3.456
2436.000	209.919	3.456
2436.200	209.919	3.456
2436.400	209.918	3.456
2436.600	209.919	3.456
2436.800	209.920	3.456
2437.000	209.920	3.456
2437.200	209.920	3.456
2437.400	209.920	3.456
2437.600	209.920	3.456
2437.800	209.920	3.456
2438.000	209.919	3.456
2438.200	209.920	3.456
2438.400	209.919	3.456
2438.600	209.918	3.456
2438.800	209.920	3.456
2439.000	209.918	3.456
2439.200	209.918	3.456
2439.400	209.917	3.456
2439.600	209.918	3.456
2439.800	209.918	3.456
2440.000	209.921	3.456
2440.200	209.921	3.456
2440.400	209.919	3.456
2440.600	209.919	3.456
2440.800	209.919	3.456
2441.000	209.920	3.456
2441.200	209.919	3.456
2441.400	209.919	3.456
2441.600	209.919	3.456
2441.800	209.919	3.456
2442.000	209.918	3.456
2442.200	209.916	3.456
2442.400	209.918	3.456
2442.600	209.918	3.456
2442.800	209.920	3.456
2443.000	209.920	3.456
2443.200	209.921	3.456
2443.400	209.919	3.456
2443.600	209.918	3.456
2443.800	209.919	3.456
2444.000	209.919	3.456
2444.200	209.920	3.456
2444.400	209.920	3.456
2444.600	209.921	3.456
2444.800	209.920	3.456
2445.000	209.921	3.456
2445.200	209.921	3.456
2445.400	209.920	3.456
2445.600	209.920	3.456
2445.800	209.919	3.456
2446.000	209.918	3.456
2446.200	209.920	3.456
2446.400	209.921	3.456
2446.600	209.920	3.456
2446.800	209.919	3.456
2447.000	209.917	3.456
2447.200	209.919	3.456
2447.400	209.920	3.456
2447.600	209.919	3.456
2447.800	209.918	3.456
2448.000	209.919	3.456
2448.200	209.917	3.456
2448.400	209.920	3.456
2448.600	209.918	3.457
2448.800	209.917	3.457
2449.000	209.918	3.457
2449.200	209.917	3.457
2449.400	209.917	3.457
2449.600	209.916	3.457
2449.800	209.917	3.457
2450.000	209.919	3.457
2450.200	209.917	3.457
2450.400	209.918	3.457
2450.600	209.919	3.457
2450.800	209.918	3.457
2451.000	209.918	3.457
2451.200	209.920	3.457
2451.400	209.918	3.457
2451.600	209.916	3.457
2451.800	209.917	3.457
2452.000	209.917	3.457
2452.200	209.917	3.457
2452.400	209.917	3.457
2452.600	209.917	3.457
2452.800	209.917	3.457
2453.000	209.918	3.457
2453.200	209.918	3.457
2453.400	209.918	3.457
2453.600	209.919	3.457
2453.800	209.919	3.457
2454.000	209.917	3.457
2454.200	209.917	3.457
2454.400	209.919	3.457
2454.600	209.916	3.457
2454.800	209.917	3.457
2455.000	209.914	3.457
2455.200	209.916	3.457
2455.400	209.916	3.457
2455.600	209.918	3.457
2455.800	209.916	3.457
2456.000	209.918	3.457
2456.200	209.917	3.457
2456.400	209.919	3.457
2456.600	209.917	3.457
2456.800	209.917	3.457
2457.000	209.917	3.457
2457.200	209.919	3.457
2457.400	209.918	3.457
2457.600	209.919	3.457
2457.800	209.920	3.457
2458.000	209.919	3.457
2458.200	209.918	3.457
2458.400	209.919	3.457
2458.600	209.919	3.457
2458.800	209.919	3.457
2459.000	209.919	3.457
2459.200	209.917	3.457
2459.400	209.918	3.457
2459.600	209.918	3.457
2459.800	209.918	3.457
2460.000	209.918	3.457
2460.200	209.917	3.457
2460.400	209.916	3.457
2460.600	209.917	3.457
2460.800	209.917	3.457
2461.000	209.917	3.457
2461.200	209.918	3.457
2461.400	209.919	3.457
2461.600	209.916	3.457
2461.800	209.918	3.457
2462.000	209.919	3.457
2462.200	209.918	3.457
2462.400	209.920	3.457
2462.600	209.919	3.457
2462.800	209.918	3.457
2463.000	209.919	3.457
2463.200	209.917	3.457
2463.400	209.918	3.457
2463.600	209.918	3.457
2463.800	209.918	3.457
2464.000	209.919	3.457
2464.200	209.919	3.457
2464.400	209.920	3.457
2464.600	209.919	3.457
2464.800	209.919	3.457
2465.000	209.920	3.457
2465.200	209.919	3.457
2465.400	209.917	3.457
2465.600	209.919	3.457
2465.800	209.917	3.457
2466.000	209.920	3.457
2466.200	209.919	3.457
2466.400	209.919	3.457
2466.600	209.916	3.457
2466.800	209.917	3.457
2467.000	209.918	3.457
2467.200	209.919	3.457
2467.400	209.920	3.457
2467.600	209.920	3.457
2467.800	209.918	3.457
2468.000	209.920	3.457
2468.200	209.918	3.457
2468.400	209.920	3.457
2468.600	209.919	3.457
2468.800	209.917	3.457
2469.000	209.917	3.457
2469.200	209.918	3.457
2469.400	209.916	3.457
2469.600	209.918	3.457
2469.800	209.916	3.457
2470.000	209.917	3.457
2470.200	209.918	3.457
2470.400	209.918	3.457
2470.600	209.916	3.457
2470.800	209.915	3.457
2471.000	209.916	3.457
2471.200	209.916	3.457
2471.400	209.916	3.457
2471.600	209.915	3.457
2471.800	209.917	3.457
2472.000	209.917	3.457
2472.200	209.918	3.457
2472.400	209.919	3.457
2472.600	209.918	3.458
2472.800	209.917	3.458
2473.000	209.918	3.458
2473.200	209.917	3.458
2473.400	209.918	3.458
2473.600	209.919	3.458
2473.800	209.918	3.458
2474.000	209.917	3.458
2474.200	209.918	3.458
2474.400	209.917	3.458
2474.600	209.917	3.458
2474.800	209.919	3.458
2475.000	209.919	3.458
2475.200	209.920	3.458
2475.400	209.918	3.458
2475.600	209.918	3.458
2475.800	209.919	3.458
2476.000	209.920	3.458
2476.200	209.919	3.458
2476.400	209.918	3.458
2476.600	209.918	3.458
2476.800	209.917	3.458
2477.000	209.919	3.458
2477.200	209.917	3.458
2477.400	209.916	3.458
2477.600	209.916	3.458
2477.800	209.916	3.458
2478.000	209.919	3.458
2478.200	209.918	3.458
2478.400	209.917	3.458
2478.600	209.918	3.458
2478.800	209.917	3.458
2479.000	209.916	3.458
2479.200	209.917	3.458
2479.400	209.915	3.458
2479.600	209.916	3.458
2479.800	209.917	3.458
2480.000	209.918	3.458
2480.200	209.918	3.458
2480.400	209.919	3.458
2480.600	209.917	3.458
2480.800	209.917	3.458
2481.000	209.917	3.458
2481.200	209.916	3.458
2481.400	209.917	3.458
2481.600	209.917	3.458
2481.800	209.917	3.458
2482.000	209.918	3.458
2482.200	209.917	3.458
2482.400	209.915	3.458
2482.600	209.916	3.458
2482.800	209.917	3.458
2483.000	209.918	3.458
2483.200	209.918	3.458
2483.400	209.918	3.458
2483.600	209.917	3.458
2483.800	209.918	3.458
2484.000	209.917	3.458
2484.200	209.918	3.458
2484.400	209.918	3.458
2484.600	209.915	3.458
2484.800	209.918	3.458
2485.000	209.917	3.458
2485.200	209.917	3.458
2485.400	209.916	3.458
2485.600	209.918	3.458
2485.800	209.918	3.458
2486.000	209.915	3.458
2486.200	209.916	3.458
2486.400	209.915	3.458
2486.600	209.916	3.458
2486.800	209.917	3.458
2487.000	209.916	3.458
2487.200	209.914	3.458
2487.400	209.917	3.458
2487.600	209.917	3.458
2487.800	209.918	3.458
2488.000	209.918	3.458
2488.200	209.917	3.458
2488.400	209.918	3.458
2488.600	209.919	3.458
2488.800	209.918	3.458
2489.000	209.918	3.458
2489.200	209.917	3.458
2489.400	209.918	3.458
2489.600	209.918	3.458
2489.800	209.919	3.458
2490.000	209.920	3.458
2490.200	209.919	3.458
2490.400	209.916	3.458
2490.600	209.919	3.458
2490.800	209.918	3.458
2491.000	209.920	3.458
2491.200	209.919	3.458
2491.400	209.920	3.458
2491.600	209.919	3.458
2491.800	209.919	3.458
2492.000	209.919	3.458
2492.200	209.921	3.458
2492.400	209.919	3.458
2492.600	209.919	3.458
2492.800	209.921	3.458
2493.000	209.921	3.458
2493.200	209.921	3.458
2493.400	209.921	3.458
2493.600	209.918	3.458
2493.800	209.919	3.458
2494.000	209.920	3.458
2494.200	209.921	3.458
2494.400	209.920	3.458
2494.600	209.919	3.458
2494.800	209.922	3.458
2495.000	209.919	3.458
2495.200	209.918	3.458
2495.400	209.919	3.458
2495.600	209.917	3.458
2495.800	209.919	3.458
2496.000	209.920	3.458
2496.200	209.920	3.458
2496.400	209.921	3.458
2496.600	209.921	3.458
2496.800	209.920	3.458
2497.000	209.919	3.458
2497.200	209.918	3.458
2497.400	209.917	3.458
2497.600	209.920	3.458
2497.800	209.919	3.459
2498.000	209.921	3.459
2498.200	209.920	3.458
2498.400	209.919	3.458
2498.600	209.920	3.459
2498.800	209.921	3.459
2499.000	209.920	3.459
2499.200	209.921	3.459
2499.400	209.919	3.459
2499.600	209.922	3.459
2499.800	209.922	3.459
2500.000	209.921	3.459
2500.200	209.923	3.459
2500.400	209.920	3.459
2500.600	209.922	3.459
2500.800	209.919	3.459
2501.000	209.921	3.459
2501.200	209.921	3.459
2501.400	209.920	3.459
2501.600	209.921	3.459
2501.800	209.920	3.459
2502.000	209.921	3.459
2502.200	209.920	3.459
2502.400	209.921	3.459
2502.600	209.922	3.459
2502.800	209.922	3.459
2503.000	209.923	3.459
2503.200	209.921	3.459
2503.400	209.921	3.459
2503.600	209.920	3.459
2503.800	209.920	3.459
2504.000	209.921	3.459
2504.200	209.921	3.459
2504.400	209.920	3.459
2504.600	209.920	3.459
2504.800	209.919	3.459
2505.000	209.919	3.459
2505.200	209.919	3.459
2505.400	209.917	3.459
2505.600	209.918	3.459
2505.800	209.918	3.459
2506.000	209.920	3.459
2506.200	209.918	3.459
2506.400	209.919	3.459
2506.600	209.920	3.459
2506.800	209.919	3.459
2507.000	209.918	3.459
2507.200	209.919	3.459
2507.400	209.916	3.459
2507.600	209.917	3.459
2507.800	209.916	3.459
2508.000	209.917	3.459
2508.200	209.917	3.459
2508.400	209.918	3.459
2508.600	209.917	3.459
2508.800	209.919	3.459
2509.000	209.919	3.459
2509.200	209.919	3.459
2509.400	209.918	3.459
2509.600	209.920	3.459
2509.800	209.919	3.459
2510.000	209.917	3.459
2510.200	209.918	3.459
2510.400	209.918	3.459
2510.600	209.920	3.459
2510.800	209.919	3.459
2511.000	209.919	3.459
2511.200	209.919	3.459
2511.400	209.919	3.459
2511.600	209.921	3.459
2511.800	209.921	3.459
2512.000	209.922	3.459
2512.200	209.919	3.459
2512.400	209.921	3.459
2512.600	209.920	3.459
2512.800	209.920	3.459
2513.000	209.921	3.459
2513.200	209.920	3.459
2513.400	209.919	3.459
2513.600	209.920	3.459
2513.800	209.921	3.459
2514.000	209.920	3.459
2514.200	209.920	3.459
2514.400	209.919	3.459
2514.600	209.921	3.459
2514.800	209.919	3.459
2515.000	209.920	3.459
2515.200	209.921	3.459
2515.400	209.920	3.459
2515.600	209.921	3.459
2515.800	209.922	3.459
2516.000	209.919	3.459
2516.200	209.921	3.459
2516.400	209.920	3.459
2516.600	209.918	3.459
2516.800	209.918	3.459
2517.000	209.921	3.459
2517.200	209.918	3.459
2517.400	209.920	3.459
2517.600	209.919	3.459
2517.800	209.918	3.459
2518.000	209.916	3.459
2518.200	209.918	3.459
2518.400	209.919	3.459
2518.600	209.919	3.459
2518.800	209.920	3.459
2519.000	209.918	3.459
2519.200	209.919	3.459
2519.400	209.920	3.459
2519.600	209.919	3.459
2519.800	209.918	3.459
2520.000	209.917	3.459
2520.200	209.918	3.459
2520.400	209.917	3.459
2520.600	209.917	3.459
2520.800	209.916	3.459
2521.000	209.918	3.459
2521.200	209.919	3.459
2521.400	209.918	3.459
2521.600	209.919	3.459
2521.800	209.919	3.459
2522.000	209.920	3.459
2522.200	209.918	3.459
2522.400	209.918	3.459
2522.600	209.917	3.459
2522.800	209.917	3.459
2523.000	209.918	3.459
2523.200	209.918	3.459
2523.400	209.918	3.459
2523.600	209.918	3.459
2523.800	209.918	3.459
2524.000	209.917	3.459
2524.200	209.919	3.459
2524.400	209.919	3.459
2524.600	209.919	3.459
2524.800	209.920	3.459
2525.000	209.920	3.459
2525.200	209.919	3.459
2525.400	209.919	3.459
2525.600	209.921	3.459
2525.800	209.920	3.459
2526.000	209.920	3.459
2526.200	209.920	3.459
2526.400	209.919	3.459
2526.600	209.919	3.459
2526.800	209.919	3.459
2527.000	209.920	3.459
2527.200	209.917	3.459
2527.400	209.916	3.459
2527.600	209.916	3.459
2527.800	209.916	3.459
2528.000	209.917	3.459
2528.200	209.918	3.459
2528.400	209.917	3.459
2528.600	209.918	3.459
2528.800	209.918	3.459
2529.000	209.919	3.460
2529.200	209.917	3.460
2529.400	209.916	3.459
2529.600	209.917	3.460
2529.800	209.918	3.460
2530.000	209.919	3.460
2530.200	209.918	3.460
2530.400	209.919	3.460
2530.600	209.919	3.460
2530.800	209.916	3.460
2531.000	209.918	3.460
2531.200	209.920	3.460
2531.400	209.919	3.460
2531.600	209.920	3.460
2531.800	209.921	3.460
2532.000	209.919	3.460
2532.200	209.920	3.460
2532.400	209.920	3.460
2532.600	209.919	3.460
2532.800	209.918	3.460
2533.000	209.920	3.460
2533.200	209.920	3.460
2533.400	209.920	3.460
2533.600	209.920	3.460
2533.800	209.918	3.460
2534.000	209.918	3.460
2534.200	209.919	3.460
2534.400	209.919	3.460
2534.600	209.921	3.460
2534.800	209.920	3.460
2535.000	209.918	3.460
2535.200	209.919	3.460
2535.400	209.920	3.460
2535.600	209.917	3.460
2535.800	209.917	3.460
2536.000	209.920	3.460
2536.200	209.917	3.460
2536.400	209.918	3.460
2536.600	209.918	3.460
2536.800	209.918	3.460
2537.000	209.918	3.460
2537.200	209.919	3.460
2537.400	209.920	3.460
2537.600	209.919	3.460
2537.800	209.920	3.460
2538.000	209.918	3.460
2538.200	209.919	3.460
2538.400	209.920	3.460
2538.600	209.921	3.460
2538.800	209.920	3.460
2539.000	209.922	3.460
2539.200	209.920	3.460
2539.400	209.919	3.460
2539.600	209.919	3.460
2539.800	209.919	3.460
2540.000	209.919	3.460
2540.200	209.919	3.460
2540.400	209.919	3.460
2540.600	209.919	3.460
2540.800	209.920	3.460
2541.000	209.919	3.460
2541.200	209.919	3.460
2541.400	209.921	3.460
2541.600	209.920	3.460
2541.800	209.921	3.460
2542.000	209.919	3.460
2542.200	209.920	3.460
2542.400	209.920	3.460
2542.600	209.921	3.460
2542.800	209.919	3.460
2543.000	209.920	3.460
2543.200	209.921	3.460
2543.400	209.922	3.460
2543.600	209.921	3.460
2543.800	209.920	3.460
2544.000	209.919	3.460
2544.200	209.920	3.460
2544.400	209.919	3.460
2544.600	209.921	3.460
2544.800	209.919	3.460
2545.000	209.917	3.460
2545.200	209.920	3.460
2545.400	209.920	3.460
2545.600	209.918	3.460
2545.800	209.920	3.460
2546.000	209.920	3.460
2546.200	209.919	3.460
2546.400	209.919	3.460
2546.600	209.920	3.460
2546.800	209.920	3.460
2547.000	209.920	3.460
2547.200	209.920	3.460
2547.400	209.920	3.460
2547.600	209.921	3.460
2547.800	209.920	3.460
2548.000	209.920	3.460
2548.200	209.920	3.460
2548.400	209.921	3.460
2548.600	209.918	3.460
2548.800	209.919	3.460
2549.000	209.918	3.460
2549.200	209.918	3.460
2549.400	209.918	3.460
2549.600	209.918	3.460
2549.800	209.919	3.460
2550.000	209.919	3.460
2550.200	209.921	3.460
2550.400	209.921	3.460
2550.600	209.920	3.460
2550.800	209.919	3.460
2551.000	209.919	3.460
2551.200	209.919	3.460
2551.400	209.919	3.460
2551.600	209.921	3.460
2551.800	209.918	3.460
2552.000	209.920	3.460
2552.200	209.917	3.460
2552.400	209.919	3.460
2552.600	209.918	3.460
2552.800	209.919	3.460
2553.000	209.919	3.460
2553.200	209.918	3.460
2553.400	209.919	3.460
2553.600	209.919	3.460
2553.800	209.919	3.460
2554.000	209.918	3.460
2554.200	209.916	3.460
2554.400	209.919	3.460
2554.600	209.917	3.460
2554.800	209.918	3.460
2555.000	209.917	3.460
2555.200	209.915	3.460
2555.400	209.917	3.460
2555.600	209.918	3.460
2555.800	209.918	3.461
2556.000	209.920	3.461
2556.200	209.917	3.460
2556.400	209.920	3.461
2556.600	209.920	3.461
2556.800	209.917	3.461
2557.000	209.918	3.461
2557.200	209.917	3.461
2557.400	209.918	3.461
2557.600	209.917	3.460
2557.800	209.920	3.461
2558.000	209.918	3.460
2558.200	209.918	3.461
2558.400	209.916	3.461
2558.600	209.917	3.461
2558.800	209.917	3.461
2559.000	209.918	3.461
2559.200	209.919	3.461
2559.400	209.916	3.461
2559.600	209.917	3.461
2559.800	209.919	3.461
2560.000	209.918	3.461
2560.200	209.917	3.461
2560.400	209.917	3.461
2560.600	209.918	3.461
2560.800	209.918	3.461
2561.000	209.917	3.461
2561.200	209.918	3.461
2561.400	209.920	3.461
2561.600	209.920	3.461
2561.800	209.921	3.461
2562.000	209.919	3.461
2562.200	209.919	3.461
2562.400	209.918	3.461
2562.600	209.920	3.461
2562.800	209.919	3.461
2563.000	209.919	3.461
2563.200	209.920	3.461
2563.400	209.918	3.461
2563.600	209.919	3.461
2563.800	209.919	3.461
2564.000	209.918	3.461
2564.200	209.918	3.461
2564.400	209.919	3.461
2564.600	209.917	3.461
2564.800	209.918	3.461
2565.000	209.921	3.461
2565.200	209.919	3.461
2565.400	209.920	3.461
2565.600	209.918	3.461
2565.800	209.919	3.461
2566.000	209.919	3.461
2566.200	209.920	3.461
2566.400	209.919	3.461
2566.600	209.920	3.461
2566.800	209.919	3.461
2567.000	209.916	3.461
2567.200	209.918	3.461
2567.400	209.918	3.461
2567.600	209.921	3.461
2567.800	209.917	3.461
2568.000	209.917	3.461
2568.200	209.918	3.461
2568.400	209.917	3.461
2568.600	209.919	3.461
2568.800	209.920	3.461
2569.000	209.920	3.461
2569.200	209.919	3.461
2569.400	209.918	3.461
2569.600	209.919	3.461
2569.800	209.919	3.461
2570.000	209.918	3.461
2570.200	209.918	3.461
2570.400	209.921	3.461
2570.600	209.919	3.461
2570.800	209.920	3.461
2571.000	209.920	3.461
2571.200	209.919	3.461
2571.400	209.921	3.461
2571.600	209.920	3.461
2571.800	209.919	3.461
2572.000	209.919	3.461
2572.200	209.920	3.461
2572.400	209.923	3.461
2572.600	209.923	3.461
2572.800	209.921	3.461
2573.000	209.921	3.461
2573.200	209.921	3.461
2573.400	209.921	3.461
2573.600	209.923	3.461
2573.800	209.921	3.461
2574.000	209.922	3.461
2574.200	209.921	3.461
2574.400	209.919	3.461
2574.600	209.919	3.461
2574.800	209.921	3.461
2575.000	209.919	3.461
2575.200	209.920	3.461
2575.400	209.919	3.461
2575.600	209.919	3.461
2575.800	209.921	3.461
2576.000	209.922	3.461
2576.200	209.920	3.461
2576.400	209.919	3.461
2576.600	209.919	3.461
2576.800	209.920	3.461
2577.000	209.919	3.461
2577.200	209.919	3.461
2577.400	209.921	3.461
2577.600	209.922	3.461
2577.800	209.919	3.461
2578.000	209.920	3.461
2578.200	209.920	3.461
2578.400	209.920	3.461
2578.600	209.920	3.461
2578.800	209.920	3.461
2579.000	209.918	3.461
2579.200	209.920	3.461
2579.400	209.918	3.461
2579.600	209.919	3.461
2579.800	209.921	3.461
2580.000	209.920	3.461
2580.200	209.919	3.461
2580.400	209.917	3.461
2580.600	209.920	3.461
2580.800	209.920	3.461
2581.000	209.918	3.461
2581.200	209.919	3.461
2581.400	209.917	3.461
2581.600	209.920	3.461
2581.800	209.917	3.461
2582.000	209.917	3.461
2582.200	209.917	3.461
2582.400	209.917	3.461
2582.600	209.919	3.461
2582.800	209.917	3.461
2583.000	209.918	3.461
2583.200	209.918	3.461
2583.400	209.917	3.461
2583.600	209.919	3.461
2583.800	209.920	3.461
2584.000	209.918	3.461
2584.200	209.921	3.461
2584.400	209.919	3.461
2584.600	209.919	3.461
2584.800	209.918	3.461
2585.000	209.919	3.461
2585.200	209.917	3.461
2585.400	209.916	3.461
2585.600	209.916	3.461
2585.800	209.918	3.461
2586.000	209.919	3.461
2586.200	209.917	3.461
2586.400	209.917	3.461
2586.600	209.916	3.461
2586.800	209.917	3.461
2587.000	209.917	3.461
2587.200	209.918	3.461
2587.400	209.918	3.461
2587.600	209.918	3.461
2587.800	209.918	3.461
2588.000	209.917	3.462
2588.200	209.917	3.461
2588.400	209.918	3.462
2588.600	209.916	3.462
2588.800	209.918	3.462
2589.000	209.917	3.462
2589.200	209.917	3.462
2589.400	209.917	3.462
2589.600	209.920	3.462
2589.800	209.918	3.462
2590.000	209.918	3.462
2590.200	209.918	3.462
2590.400	209.917	3.462
2590.600	209.918	3.462
2590.800	209.918	3.462
2591.000	209.918	3.462
2591.200	209.917	3.462
2591.400	209.918	3.462
2591.600	209.918	3.462
2591.800	209.918	3.462
2592.000	209.919	3.462
2592.200	209.918	3.462
2592.400	209.917	3.462
2592.600	209.919	3.462
2592.800	209.918	3.462
2593.000	209.919	3.462
2593.200	209.917	3.462
2593.400	209.918	3.462
2593.600	209.919	3.462
2593.800	209.919	3.462
2594.000	209.918	3.462
2594.200	209.919	3.462
2594.400	209.919	3.462
2594.600	209.920	3.462
2594.800	209.920	3.462
2595.000	209.918	3.462
2595.200	209.918	3.462
2595.400	209.918	3.462
2595.600	209.916	3.462
2595.800	209.919	3.462
2596.000	209.918	3.462
2596.200	209.917	3.462
2596.400	209.918	3.462
2596.600	209.919	3.462
2596.800	209.918	3.462
2597.000	209.918	3.462
2597.200	209.920	3.462
2597.400	209.921	3.462
2597.600	209.919	3.462
2597.800	209.919	3.462
2598.000	209.917	3.462
2598.200	209.918	3.462
2598.400	209.918	3.462
2598.600	209.917	3.462
2598.800	209.918	3.462
2599.000	209.918	3.462
2599.200	209.918	3.462
2599.400	209.919	3.462
2599.600	209.918	3.462
2599.800	209.918	3.462
2600.000	209.919	3.462
2600.200	209.917	3.462
2600.400	209.917	3.462
2600.600	209.918	3.462
2600.800	209.917	3.462
2601.000	209.917	3.462
2601.200	209.917	3.462
2601.400	209.919	3.462
2601.600	209.918	3.462
2601.800	209.918	3.462
2602.000	209.920	3.462
2602.200	209.919	3.462
2602.400	209.917	3.462
2602.600	209.917	3.462
2602.800	209.918	3.462
2603.000	209.918	3.462
2603.200	209.920	3.462
2603.400	209.919	3.462
2603.600	209.919	3.462
2603.800	209.918	3.462
2604.000	209.919	3.462
2604.200	209.916	3.462
2604.400	209.918	3.462
2604.600	209.918	3.462
2604.800	209.917	3.462
2605.000	209.918	3.462
2605.200	209.920	3.462
2605.400	209.919	3.462
2605.600	209.917	3.462
2605.800	209.918	3.462
2606.000	209.917	3.462
2606.200	209.917	3.462
2606.400	209.917	3.462
2606.600	209.917	3.462
2606.800	209.917	3.462
2607.000	209.917	3.462
2607.200	209.914	3.462
2607.400	209.915	3.462
2607.600	209.914	3.462
2607.800	209.914	3.462
2608.000	209.915	3.462
2608.200	209.915	3.462
2608.400	209.916	3.462
2608.600	209.915	3.462
2608.800	209.914	3.462
2609.000	209.914	3.462
2609.200	209.914	3.462
2609.400	209.915	3.462
2609.600	209.913	3.462
2609.800	209.914	3.462
2610.000	209.914	3.462
2610.200	209.915	3.462
2610.400	209.915	3.462
2610.600	209.915	3.462
2610.800	209.916	3.462
2611.000	209.915	3.462
2611.200	209.913	3.462
2611.400	209.916	3.462
2611.600	209.915	3.462
2611.800	209.917	3.462
2612.000	209.914	3.462
2612.200	209.916	3.462
2612.400	209.916	3.462
2612.600	209.916	3.462
2612.800	209.916	3.462
2613.000	209.917	3.462
2613.200	209.916	3.462
2613.400	209.915	3.462
2613.600	209.914	3.462
2613.800	209.914	3.462
2614.000	209.913	3.462
2614.200	209.914	3.462
2614.400	209.915	3.462
2614.600	209.915	3.462
2614.800	209.915	3.462
2615.000	209.914	3.462
2615.200	209.916	3.462
2615.400	209.915	3.462
2615.600	209.916	3.462
2615.800	209.916	3.462
2616.000	209.915	3.462
2616.200	209.914	3.462
2616.400	209.915	3.462
2616.600	209.916	3.462
2616.800	209.918	3.462
2617.000	209.916	3.462
2617.200	209.918	3.462
2617.400	209.916	3.462
2617.600	209.916	3.462
2617.800	209.916	3.462
2618.000	209.917	3.462
2618.200	209.915	3.462
2618.400	209.916	3.462
2618.600	209.915	3.462
2618.800	209.916	3.462
2619.000	209.916	3.462
2619.200	209.916	3.462
2619.400	209.916	3.462
2619.600	209.915	3.462
2619.800	209.914	3.462
2620.000	209.914	3.462
2620.200	209.916	3.462
2620.400	209.915	3.462
2620.600	209.915	3.462
2620.800	209.915	3.462
2621.000	209.915	3.462
2621.200	209.916	3.462
2621.400	209.915	3.462
2621.600	209.916	3.462
2621.800	209.916	3.462
2622.000	209.916	3.462
2622.200	209.916	3.462
2622.400	209.918	3.462
2622.600	209.914	3.462
2622.800	209.914	3.462
2623.000	209.916	3.462
2623.200	209.914	3.462
2623.400	209.915	3.463
2623.600	209.915	3.463
2623.800	209.914	3.462
2624.000	209.914	3.462
2624.200	209.917	3.463
2624.400	209.918	3.463
2624.600	209.916	3.463
2624.800	209.917	3.463
2625.000	209.917	3.463
2625.200	209.915	3.463
2625.400	209.915	3.463
2625.600	209.915	3.463
2625.800	209.916	3.463
2626.000	209.917	3.463
2626.200	209.915	3.463
2626.400	209.914	3.463
2626.600	209.916	3.463
2626.800	209.917	3.463
2627.000	209.916	3.463
2627.200	209.917	3.463
2627.400	209.915	3.463
2627.600	209.916	3.463
2627.800	209.915	3.463
2628.000	209.916	3.463
2628.200	209.916	3.463
2628.400	209.918	3.463
2628.600	209.914	3.463
2628.800	209.916	3.463
2629.000	209.916	3.463
2629.200	209.917	3.463
2629.400	209.916	3.463
2629.600	209.916	3.463
2629.800	209.917	3.463
2630.000	209.915	3.463
2630.200	209.917	3.463
2630.400	209.916	3.463
2630.600	209.918	3.463
2630.800	209.917	3.463
2631.000	209.916	3.463
2631.200	209.913	3.463
2631.400	209.915	3.463
2631.600	209.916	3.463
2631.800	209.914	3.463
2632.000	209.915	3.463
2632.200	209.915	3.463
2632.400	209.917	3.463
2632.600	209.916	3.463
2632.800	209.914	3.463
2633.000	209.915	3.463
2633.200	209.916	3.463
2633.400	209.916	3.463
2633.600	209.916	3.463
2633.800	209.916	3.463
2634.000	209.917	3.463
2634.200	209.916	3.463
2634.400	209.917	3.463
2634.600	209.917	3.463
2634.800	209.916	3.463
2635.000	209.916	3.463
2635.200	209.915	3.463
2635.400	209.918	3.463
2635.600	209.917	3.463
2635.800	209.918	3.463
2636.000	209.917	3.463
2636.200	209.915	3.463
2636.400	209.915	3.463
2636.600	209.916	3.463
2636.800	209.917	3.463
2637.000	209.917	3.463
2637.200	209.917	3.463
2637.400	209.917	3.463
2637.600	209.916	3.463
2637.800	209.915	3.463
2638.000	209.917	3.463
2638.200	209.916	3.463
2638.400	209.916	3.463
2638.600	209.916	3.463
2638.800	209.916	3.463
2639.000	209.917	3.463
2639.200	209.916	3.463
2639.400	209.915	3.463
2639.600	209.919	3.463
2639.800	209.918	3.463
2640.000	209.918	3.463
2640.200	209.917	3.463
2640.400	209.918	3.463
2640.600	209.918	3.463
2640.800	209.919	3.463
2641.000	209.919	3.463
2641.200	209.917	3.463
2641.400	209.917	3.463
2641.600	209.916	3.463
2641.800	209.917	3.463
2642.000	209.917	3.463
2642.200	209.918	3.463
2642.400	209.917	3.463
2642.600	209.918	3.463
2642.800	209.917	3.463
2643.000	209.917	3.463
2643.200	209.919	3.463
2643.400	209.920	3.463
2643.600	209.918	3.463
2643.800	209.918	3.463
2644.000	209.918	3.463
2644.200	209.917	3.463
2644.400	209.918	3.463
2644.600	209.919	3.463
2644.800	209.919	3.463
2645.000	209.919	3.463
2645.200	209.918	3.463
2645.400	209.917	3.463
2645.600	209.919	3.463
2645.800	209.919	3.463
2646.000	209.917	3.463
2646.200	209.916	3.463
2646.400	209.917	3.463
2646.600	209.919	3.463
2646.800	209.917	3.463
2647.000	209.917	3.463
2647.200	209.917	3.463
2647.400	209.918	3.463
2647.600	209.916	3.463
2647.800	209.917	3.463
2648.000	209.918	3.463
2648.200	209.918	3.463
2648.400	209.919	3.463
2648.600	209.918	3.463
2648.800	209.918	3.463
2649.000	209.917	3.463
2649.200	209.917	3.463
2649.400	209.918	3.463
2649.600	209.919	3.463
2649.800	209.919	3.463
2650.000	209.919	3.463
2650.200	209.919	3.463
2650.400	209.918	3.463
2650.600	209.918	3.463
2650.800	209.916	3.463
2651.000	209.918	3.463
2651.200	209.918	3.463
2651.400	209.918	3.463
2651.600	209.921	3.463
2651.800	209.919	3.463
2652.000	209.918	3.463
2652.200	209.916	3.463
2652.400	209.917	3.463
2652.600	209.915	3.463
2652.800	209.916	3.463
2653.000	209.916	3.463
2653.200	209.917	3.463
2653.400	209.917	3.463
2653.600	209.918	3.463
2653.800	209.917	3.463
2654.000	209.916	3.463
2654.200	209.917	3.463
2654.400	209.916	3.463
2654.600	209.916	3.463
2654.800	209.918	3.463
2655.000	209.918	3.463
2655.200	209.917	3.463
2655.400	209.917	3.463
2655.600	209.918	3.463
2655.800	209.918	3.463
2656.000	209.920	3.463
2656.200	209.919	3.463
2656.400	209.920	3.463
2656.600	209.919	3.463
2656.800	209.919	3.463
2657.000	209.917	3.463
2657.200	209.919	3.463
2657.400	209.917	3.463
2657.600	209.919	3.463
2657.800	209.919	3.463
2658.000	209.921	3.463
2658.200	209.920	3.463
2658.400	209.918	3.463
2658.600	209.920	3.463
2658.800	209.921	3.463
2659.000	209.921	3.463
2659.200	209.919	3.463
2659.400	209.920	3.464
2659.600	209.919	3.464
2659.800	209.919	3.464
2660.000	209.919	3.464
2660.200	209.919	3.464
2660.400	209.918	3.464
2660.600	209.921	3.464
2660.800	209.920	3.464
2661.000	209.920	3.464
2661.200	209.920	3.464
2661.400	209.920	3.464
2661.600	209.918	3.464
2661.800	209.920	3.464
2662.000	209.917	3.464
2662.200	209.919	3.464
2662.400	209.918	3.464
2662.600	209.918	3.464
2662.800	209.918	3.464
2663.000	209.919	3.464
2663.200	209.921	3.464
2663.400	209.920	3.464
2663.600	209.918	3.464
2663.800	209.918	3.464
2664.000	209.918	3.464
2664.200	209.921	3.464
2664.400	209.919	3.464
2664.600	209.919	3.464
2664.800	209.918	3.464
2665.000	209.920	3.464
2665.200	209.921	3.464
2665.400	209.918	3.464
2665.600	209.918	3.464
2665.800	209.917	3.464
2666.000	209.917	3.464
2666.200	209.918	3.464
2666.400	209.919	3.464
2666.600	209.918	3.464
2666.800	209.919	3.464
2667.000	209.918	3.464
2667.200	209.919	3.464
2667.400	209.917	3.464
2667.600	209.917	3.464
2667.800	209.920	3.464
2668.000	209.918	3.464
2668.200	209.918	3.464
2668.400	209.919	3.464
2668.600	209.917	3.464
2668.800	209.917	3.464
2669.000	209.918	3.464
2669.200	209.918	3.464
2669.400	209.920	3.464
2669.600	209.918	3.464
2669.800	209.918	3.464
2670.000	209.918	3.464
2670.200	209.917	3.464
2670.400	209.918	3.464
2670.600	209.915	3.464
2670.800	209.917	3.464
2671.000	209.919	3.464
2671.200	209.919	3.464
2671.400	209.918	3.464
2671.600	209.920	3.464
2671.800	209.920	3.464
2672.000	209.920	3.464
2672.200	209.919	3.464
2672.400	209.919	3.464
2672.600	209.919	3.464
2672.800	209.920	3.464
2673.000	209.920	3.464
2673.200	209.921	3.464
2673.400	209.921	3.464
2673.600	209.918	3.464
2673.800	209.919	3.464
2674.000	209.919	3.464
2674.200	209.921	3.464
2674.400	209.921	3.464
2674.600	209.920	3.464
2674.800	209.919	3.464
2675.000	209.920	3.464
2675.200	209.918	3.464
2675.400	209.920	3.464
2675.600	209.918	3.464
2675.800	209.921	3.464
2676.000	209.920	3.464
2676.200	209.919	3.464
2676.400	209.919	3.464
2676.600	209.918	3.464
2676.800	209.919	3.464
2677.000	209.920	3.464
2677.200	209.919	3.464
2677.400	209.920	3.464
2677.600	209.919	3.464
2677.800	209.919	3.464
2678.000	209.920	3.464
2678.200	209.918	3.464
2678.400	209.918	3.464
2678.600	209.920	3.464
2678.800	209.919	3.464
2679.000	209.921	3.464
2679.200	209.919	3.464
2679.400	209.919	3.464
2679.600	209.918	3.464
2679.800	209.918	3.464
2680.000	209.917	3.464
2680.200	209.915	3.464
2680.400	209.917	3.464
2680.600	209.916	3.464
2680.800	209.917	3.464
2681.000	209.917	3.464
2681.200	209.917	3.464
2681.400	209.916	3.464
2681.600	209.917	3.464
2681.800	209.917	3.464
2682.000	209.918	3.464
2682.200	209.918	3.464
2682.400	209.918	3.464
2682.600	209.917	3.464
2682.800	209.918	3.464
2683.000	209.916	3.464
2683.200	209.917	3.464
2683.400	209.916	3.464
2683.600	209.917	3.464
2683.800	209.918	3.464
2684.000	209.916	3.464
2684.200	209.915	3.464
2684.400	209.916	3.464
2684.600	209.915	3.464
2684.800	209.918	3.464
2685.000	209.917	3.464
2685.200	209.918	3.464
2685.400	209.918	3.464
2685.600	209.917	3.464
2685.800	209.917	3.464
2686.000	209.916	3.464
2686.200	209.915	3.464
2686.400	209.918	3.464
2686.600	209.918	3.464
2686.800	209.917	3.464
2687.000	209.917	3.464
2687.200	209.917	3.464
2687.400	209.917	3.464
2687.600	209.917	3.464
2687.800	209.918	3.464
2688.000	209.918	3.464
2688.200	209.918	3.464
2688.400	209.918	3.464
2688.600	209.916	3.464
2688.800	209.916	3.464
2689.000	209.917	3.464
2689.200	209.917	3.464
2689.400	209.916	3.464
2689.600	209.917	3.464
2689.800	209.917	3.464
2690.000	209.918	3.464
2690.200	209.916	3.464
2690.400	209.916	3.464
2690.600	209.916	3.464
2690.800	209.917	3.464
2691.000	209.917	3.464
2691.200	209.916	3.464
2691.400	209.916	3.464
2691.600	209.916	3.464
2691.800	209.918	3.464
2692.000	209.918	3.464
2692.200	209.917	3.464
2692.400	209.919	3.464
2692.600	209.918	3.464
2692.800	209.917	3.464
2693.000	209.917	3.464
2693.200	209.916	3.464
2693.400	209.918	3.464
2693.600	209.916	3.464
2693.800	209.916	3.464
2694.000	209.917	3.464
2694.200	209.916	3.464
2694.400	209.917	3.464
2694.600	209.917	3.464
2694.800	209.917	3.464
2695.000	209.916	3.464
2695.200	209.917	3.464
2695.400	209.917	3.464
2695.600	209.917	3.464
2695.800	209.917	3.464
2696.000	209.918	3.464
2696.200	209.918	3.464
2696.400	209.917	3.464
2696.600	209.917	3.464
2696.800	209.917	3.464
2697.000	209.918	3.464
2697.200	209.919	3.464
2697.400	209.917	3.464
2697.600	209.919	3.464
2697.800	209.917	3.464
2698.000	209.918	3.464
2698.200	209.919	3.464
2698.400	209.916	3.464
2698.600	209.920	3.464
2698.800	209.922	3.464
2699.000	209.921	3.464
2699.200	209.920	3.464
2699.400	209.920	3.464
2699.600	209.922	3.464
2699.800	209.920	3.464
2700.000	209.921	3.464
2700.200	209.920	3.464
2700.400	209.919	3.464
2700.600	209.919	3.464
2700.800	209.919	3.464
2701.000	209.920	3.464
2701.200	209.920	3.464
2701.400	209.919	3.464
2701.600	209.920	3.464
2701.800	209.920	3.464
2702.000	209.920	3.464
2702.200	209.920	3.464
2702.400	209.920	3.464
2702.600	209.919	3.464
2702.800	209.920	3.464
2703.000	209.921	3.464
2703.200	209.921	3.464
2703.400	209.922	3.464
2703.600	209.922	3.465
2703.800	209.920	3.465
2704.000	209.919	3.465
2704.200	209.919	3.465
2704.400	209.920	3.465
2704.600	209.919	3.465
2704.800	209.920	3.465
2705.000	209.918	3.465
2705.200	209.921	3.465
2705.400	209.919	3.465
2705.600	209.919	3.465
2705.800	209.920	3.465
2706.000	209.919	3.465
2706.200	209.919	3.465
2706.400	209.920	3.465
2706.600	209.919	3.465
2706.800	209.920	3.465
2707.000	209.919	3.465
2707.200	209.918	3.465
2707.400	209.919	3.465
2707.600	209.918	3.465
2707.800	209.919	3.465
2708.000	209.918	3.465
2708.200	209.920	3.465
2708.400	209.918	3.465
2708.600	209.920	3.465
2708.800	209.920	3.465
2709.000	209.920	3.465
2709.200	209.920	3.465
2709.400	209.918	3.465
2709.600	209.921	3.465
2709.800	209.919	3.465
2710.000	209.920	3.465
2710.200	209.920	3.465
2710.400	209.920	3.465
2710.600	209.920	3.465
2710.800	209.920	3.465
2711.000	209.921	3.465
2711.200	209.921	3.465
2711.400	209.919	3.465
2711.600	209.920	3.465
2711.800	209.920	3.465
2712.000	209.920	3.465
2712.200	209.920	3.465
2712.400	209.919	3.465
2712.600	209.919	3.465
2712.800	209.919	3.465
2713.000	209.919	3.465
2713.200	209.919	3.465
2713.400	209.918	3.465
2713.600	209.917	3.465
2713.800	209.918	3.465
2714.000	209.917	3.465
2714.200	209.917	3.465
2714.400	209.918	3.465
2714.600	209.916	3.465
2714.800	209.915	3.465
2715.000	209.916	3.465
2715.200	209.917	3.465
2715.400	209.919	3.465
2715.600	209.917	3.465
2715.800	209.918	3.465
2716.000	209.919	3.465
2716.200	209.918	3.465
2716.400	209.917	3.465
2716.600	209.916	3.465
2716.800	209.917	3.465
2717.000	209.916	3.465
2717.200	209.918	3.465
2717.400	209.919	3.465
2717.600	209.918	3.465
2717.800	209.917	3.465
2718.000	209.917	3.465
2718.200	209.917	3.465
2718.400	209.916	3.465
2718.600	209.915	3.465
2718.800	209.916	3.465
2719.000	209.917	3.465
2719.200	209.917	3.465
2719.400	209.917	3.465
2719.600	209.916	3.465
2719.800	209.917	3.465
2720.000	209.916	3.465
2720.200	209.917	3.465
2720.400	209.916	3.465
2720.600	209.915	3.465
2720.800	209.918	3.465
2721.000	209.915	3.465
2721.200	209.916	3.465
2721.400	209.918	3.465
2721.600	209.917	3.465
2721.800	209.918	3.465
2722.000	209.918	3.465
2722.200	209.918	3.465
2722.400	209.917	3.465
2722.600	209.917	3.465
2722.800	209.918	3.465
2723.000	209.917	3.465
2723.200	209.917	3.465
2723.400	209.918	3.465
2723.600	209.916	3.465
2723.800	209.917	3.465
2724.000	209.917	3.465
2724.200	209.916	3.465
2724.400	209.916	3.465
2724.600	209.915	3.465
2724.800	209.916	3.465
2725.000	209.915	3.465
2725.200	209.917	3.465
2725.400	209.916	3.465
2725.600	209.915	3.465
2725.800	209.917	3.465
2726.000	209.916	3.465
2726.200	209.918	3.465
2726.400	209.915	3.465
2726.600	209.914	3.465
2726.800	209.916	3.465
2727.000	209.914	3.465
2727.200	209.915	3.465
2727.400	209.914	3.465
2727.600	209.915	3.465
2727.800	209.915	3.465
2728.000	209.916	3.465
2728.200	209.917	3.465
2728.400	209.916	3.465
2728.600	209.917	3.465
2728.800	209.916	3.465
2729.000	209.917	3.465
2729.200	209.914	3.465
2729.400	209.916	3.465
2729.600	209.916	3.465
2729.800	209.915	3.465
2730.000	209.917	3.465
2730.200	209.914	3.465
2730.400	209.916	3.465
2730.600	209.914	3.465
2730.800	209.913	3.465
2731.000	209.915	3.465
2731.200	209.914	3.465
2731.400	209.915	3.465
2731.600	209.915	3.465
2731.800	209.913	3.465
2732.000	209.915	3.465
2732.200	209.914	3.465
2732.400	209.916	3.465
2732.600	209.915	3.465
2732.800	209.917	3.465
2733.000	209.915	3.465
2733.200	209.917	3.465
2733.400	209.917	3.465
2733.600	209.914	3.465
2733.800	209.916	3.465
2734.000	209.917	3.465
2734.200	209.915	3.465
2734.400	209.916	3.465
2734.600	209.917	3.465
2734.800	209.918	3.465
2735.000	209.916	3.465
2735.200	209.918	3.465
2735.400	209.914	3.465
2735.600	209.915	3.465
2735.800	209.916	3.465
2736.000	209.917	3.465
2736.200	209.916	3.465
2736.400	209.915	3.465
2736.600	209.914	3.465
2736.800	209.917	3.465
2737.000	209.917	3.465
2737.200	209.917	3.465
2737.400	209.916	3.465
2737.600	209.916	3.465
2737.800	209.916	3.465
2738.000	209.916	3.465
2738.200	209.917	3.465
2738.400	209.917	3.465
2738.600	209.915	3.465
2738.800	209.917	3.465
2739.000	209.917	3.465
2739.200	209.918	3.465
2739.400	209.918	3.465
2739.600	209.917	3.465
2739.800	209.918	3.465
2740.000	209.918	3.465
2740.200	209.917	3.465
2740.400	209.917	3.465
2740.600	209.918	3.465
2740.800	209.918	3.465
2741.000	209.915	3.465
2741.200	209.916	3.465
2741.400	209.918	3.465
2741.600	209.915	3.465
2741.800	209.916	3.465
2742.000	209.917	3.465
2742.200	209.916	3.465
2742.400	209.915	3.465
2742.600	209.916	3.465
2742.800	209.916	3.465
2743.000	209.917	3.465
2743.200	209.917	3.465
2743.400	209.918	3.465
2743.600	209.918	3.465
2743.800	209.918	3.465
2744.000	209.918	3.465
2744.200	209.916	3.465
2744.400	209.917	3.465
2744.600	209.917	3.465
2744.800	209.916	3.465
2745.000	209.918	3.465
2745.200	209.917	3.465
2745.400	209.917	3.465
2745.600	209.916	3.465
2745.800	209.917	3.465
2746.000	209.917	3.465
2746.200	209.917	3.465
2746.400	209.918	3.465
2746.600	209.916	3.465
2746.800	209.916	3.465
2747.000	209.917	3.465
2747.200	209.915	3.465
2747.400	209.917	3.465
2747.600	209.917	3.465
2747.800	209.918	3.465
2748.000	209.917	3.465
2748.200	209.918	3.465
2748.400	209.916	3.465
2748.600	209.917	3.465
2748.800	209.915	3.465
2749.000	209.916	3.465
2749.200	209.916	3.465
2749.400	209.915	3.465
2749.600	209.917	3.465
2749.800	209.917	3.465
2750.000	209.918	3.465
2750.200	209.919	3.465
2750.400	209.919	3.465
2750.600	209.918	3.465
2750.800	209.917	3.466
2751.000	209.918	3.465
2751.200	209.916	3.465
2751.400	209.917	3.466
2751.600	209.917	3.465
2751.800	209.918	3.466
2752.000	209.918	3.466
2752.200	209.917	3.466
2752.400	209.918	3.466
2752.600	209.917	3.466
2752.800	209.918	3.466
2753.000	209.917	3.466
2753.200	209.917	3.466
2753.400	209.918	3.466
2753.600	209.918	3.466
2753.800	209.920	3.466
2754.000	209.918	3.466
2754.200	209.918	3.466
2754.400	209.918	3.466
2754.600	209.919	3.466
2754.800	209.919	3.466
2755.000	209.918	3.466
2755.200	209.917	3.466
2755.400	209.917	3.466
2755.600	209.916	3.466
2755.800	209.916	3.466
2756.000	209.917	3.466
2756.200	209.917	3.466
2756.400	209.917	3.466
2756.600	209.916	3.466
2756.800	209.917	3.466
2757.000	209.914	3.466
2757.200	209.916	3.466
2757.400	209.917	3.466
2757.600	209.918	3.466
2757.800	209.916	3.466
2758.000	209.917	3.466
2758.200	209.915	3.466
2758.400	209.918	3.466
2758.600	209.919	3.466
2758.800	209.918	3.466
2759.000	209.919	3.466
2759.200	209.918	3.466
2759.400	209.918	3.466
2759.600	209.918	3.466
2759.800	209.917	3.466
2760.000	209.917	3.466
2760.200	209.917	3.466
2760.400	209.919	3.466
2760.600	209.919	3.466
2760.800	209.915	3.466
2761.000	209.915	3.466
2761.200	209.917	3.466
2761.400	209.917	3.466
2761.600	209.916	3.466
2761.800	209.917	3.466
2762.000	209.919	3.466
2762.200	209.916	3.466
2762.400	209.918	3.466
2762.600	209.917	3.466
2762.800	209.917	3.466
2763.000	209.919	3.466
2763.200	209.917	3.466
2763.400	209.917	3.466
2763.600	209.916	3.466
2763.800	209.916	3.466
2764.000	209.915	3.466
2764.200	209.917	3.466
2764.400	209.914	3.466
2764.600	209.915	3.466
2764.800	209.916	3.466
2765.000	209.914	3.466
2765.200	209.916	3.466
2765.400	209.915	3.466
2765.600	209.914	3.466
2765.800	209.914	3.466
2766.000	209.915	3.466
2766.200	209.916	3.466
2766.400	209.914	3.466
2766.600	209.915	3.466
2766.800	209.917	3.466
2767.000	209.915	3.466
2767.200	209.913	3.466
2767.400	209.912	3.466
2767.600	209.913	3.466
2767.800	209.915	3.466
2768.000	209.916	3.466
2768.200	209.914	3.466
2768.400	209.916	3.466
2768.600	209.914	3.466
2768.800	209.915	3.466
2769.000	209.916	3.466
2769.200	209.915	3.466
2769.400	209.913	3.466
2769.600	209.914	3.466
2769.800	209.914	3.466
2770.000	209.913	3.466
2770.200	209.916	3.466
2770.400	209.914	3.466
2770.600	209.917	3.466
2770.800	209.916	3.466
2771.000	209.915	3.466
2771.200	209.916	3.466
2771.400	209.915	3.466
2771.600	209.915	3.466
2771.800	209.914	3.466
2772.000	209.916	3.466
2772.200	209.916	3.466
2772.400	209.917	3.466
2772.600	209.917	3.466
2772.800	209.916	3.466
2773.000	209.917	3.466
2773.200	209.919	3.466
2773.400	209.918	3.466
2773.600	209.918	3.466
2773.800	209.918	3.466
2774.000	209.916	3.466
2774.200	209.916	3.466
2774.400	209.917	3.466
2774.600	209.917	3.466
2774.800	209.916	3.466
2775.000	209.916	3.466
2775.200	209.918	3.466
2775.400	209.917	3.466
2775.600	209.914	3.466
2775.800	209.916	3.466
2776.000	209.916	3.466
2776.200	209.915	3.466
2776.400	209.916	3.466
2776.600	209.917	3.466
2776.800	209.918	3.466
2777.000	209.917	3.466
2777.200	209.916	3.466
2777.400	209.916	3.466
2777.600	209.914	3.466
2777.800	209.916	3.466
2778.000	209.914	3.466
2778.200	209.915	3.466
2778.400	209.917	3.466
2778.600	209.916	3.466
2778.800	209.916	3.466
2779.000	209.915	3.466
2779.200	209.917	3.466
2779.400	209.917	3.466
2779.600	209.917	3.466
2779.800	209.917	3.466
2780.000	209.919	3.466
2780.200	209.916	3.466
2780.400	209.917	3.466
2780.600	209.917	3.466
2780.800	209.917	3.466
2781.000	209.917	3.466
2781.200	209.915	3.466
2781.400	209.915	3.466
2781.600	209.915	3.466
2781.800	209.913	3.466
2782.000	209.916	3.466
2782.200	209.916	3.466
2782.400	209.919	3.466
2782.600	209.916	3.466
2782.800	209.914	3.466
2783.000	209.916	3.466
2783.200	209.916	3.466
2783.400	209.915	3.466
2783.600	209.915	3.466
2783.800	209.916	3.466
2784.000	209.916	3.466
2784.200	209.915	3.466
2784.400	209.916	3.466
2784.600	209.915	3.466
2784.800	209.917	3.466
2785.000	209.917	3.466
2785.200	209.917	3.466
2785.400	209.916	3.466
2785.600	209.917	3.466
2785.800	209.918	3.466
2786.000	209.918	3.466
2786.200	209.916	3.466
2786.400	209.916	3.466
2786.600	209.917	3.466
2786.800	209.917	3.466
2787.000	209.918	3.466
2787.200	209.917	3.466
2787.400	209.918	3.466
2787.600	209.916	3.466
2787.800	209.917	3.466
2788.000	209.916	3.466
2788.200	209.916	3.466
2788.400	209.916	3.466
2788.600	209.916	3.466
2788.800	209.918	3.466
2789.000	209.917	3.466
2789.200	209.918	3.466
2789.400	209.917	3.466
2789.600	209.915	3.466
2789.800	209.916	3.466
2790.000	209.917	3.466
2790.200	209.918	3.466
2790.400	209.916	3.466
2790.600	209.918	3.466
2790.800	209.919	3.466
2791.000	209.918	3.466
2791.200	209.918	3.466
2791.400	209.919	3.466
2791.600	209.918	3.466
2791.800	209.918	3.466
2792.000	209.917	3.466
2792.200	209.918	3.466
2792.400	209.917	3.466
2792.600	209.916	3.466
2792.800	209.917	3.466
2793.000	209.917	3.466
2793.200	209.918	3.466
2793.400	209.915	3.466
2793.600	209.918	3.466
2793.800	209.917	3.466
2794.000	209.918	3.466
2794.200	209.917	3.466
2794.400	209.919	3.466
2794.600	209.920	3.466
2794.800	209.919	3.466
2795.000	209.920	3.466
2795.200	209.918	3.466
2795.400	209.919	3.466
2795.600	209.919	3.467
2795.800	209.917	3.467
2796.000	209.917	3.466
2796.200	209.918	3.466
2796.400	209.918	3.467
2796.600	209.919	3.467
2796.800	209.917	3.467
2797.000	209.918	3.467
2797.200	209.918	3.467
2797.400	209.919	3.467
2797.600	209.917	3.467
2797.800	209.918	3.467
2798.000	209.919	3.467
2798.200	209.918	3.467
2798.400	209.918	3.467
2798.600	209.917	3.467
2798.800	209.918	3.467
2799.000	209.917	3.467
2799.200	209.917	3.467
2799.400	209.918	3.467
2799.600	209.917	3.467
2799.800	209.918	3.467
2800.000	209.918	3.467
2800.200	209.918	3.467
2800.400	209.919	3.467
2800.600	209.917	3.467
2800.800	209.918	3.467
2801.000	209.918	3.467
2801.200	209.919	3.467
2801.400	209.920	3.467
2801.600	209.919	3.467
2801.800	209.919	3.467
2802.000	209.919	3.467
2802.200	209.919	3.467
2802.400	209.916	3.467
2802.600	209.918	3.467
2802.800	209.920	3.467
2803.000	209.916	3.467
2803.200	209.918	3.467
2803.400	209.918	3.467
2803.600	209.918	3.467
2803.800	209.916	3.467
2804.000	209.919	3.467
2804.200	209.919	3.467
2804.400	209.917	3.467
2804.600	209.918	3.467
2804.800	209.917	3.467
2805.000	209.917	3.467
2805.200	209.918	3.467
2805.400	209.919	3.467
2805.600	209.919	3.467
2805.800	209.919	3.467
2806.000	209.917	3.467
2806.200	209.917	3.467
2806.400	209.917	3.467
2806.600	209.918	3.467
2806.800	209.918	3.467
2807.000	209.918	3.467
2807.200	209.917	3.467
2807.400	209.919	3.467
2807.600	209.918	3.467
2807.800	209.917	3.467
2808.000	209.918	3.467
2808.200	209.919	3.467
2808.400	209.918	3.467
2808.600	209.919	3.467
2808.800	209.918	3.467
2809.000	209.918	3.467
2809.200	209.919	3.467
2809.400	209.918	3.467
2809.600	209.919	3.467
2809.800	209.920	3.467
2810.000	209.918	3.467
2810.200	209.918	3.467
2810.400	209.916	3.467
2810.600	209.917	3.467
2810.800	209.917	3.467
2811.000	209.917	3.467
2811.200	209.917	3.467
2811.400	209.919	3.467
2811.600	209.918	3.467
2811.800	209.918	3.467
2812.000	209.917	3.467
2812.200	209.917	3.467
2812.400	209.919	3.467
2812.600	209.918	3.467
2812.800	209.917	3.467
2813.000	209.918	3.467
2813.200	209.918	3.467
2813.400	209.920	3.467
2813.600	209.919	3.467
2813.800	209.918	3.467
2814.000	209.919	3.467
2814.200	209.918	3.467
2814.400	209.920	3.467
2814.600	209.919	3.467
2814.800	209.919	3.467
2815.000	209.919	3.467
2815.200	209.918	3.467
2815.400	209.920	3.467
2815.600	209.920	3.467
2815.800	209.918	3.467
2816.000	209.918	3.467
2816.200	209.918	3.467
2816.400	209.918	3.467
2816.600	209.918	3.467
2816.800	209.918	3.467
2817.000	209.918	3.467
2817.200	209.918	3.467
2817.400	209.918	3.467
2817.600	209.919	3.467
2817.800	209.917	3.467
2818.000	209.918	3.467
2818.200	209.920	3.467
2818.400	209.918	3.467
2818.600	209.917	3.467
2818.800	209.918	3.467
2819.000	209.919	3.467
2819.200	209.919	3.467
2819.400	209.918	3.467
2819.600	209.922	3.467
2819.800	209.921	3.467
2820.000	209.920	3.467
2820.200	209.919	3.467
2820.400	209.919	3.467
2820.600	209.921	3.467
2820.800	209.919	3.467
2821.000	209.920	3.467
2821.200	209.920	3.467
2821.400	209.920	3.467
2821.600	209.920	3.467
2821.800	209.919	3.467
2822.000	209.922	3.467
2822.200	209.921	3.467
2822.400	209.921	3.467
2822.600	209.919	3.467
2822.800	209.919	3.467
2823.000	209.921	3.467
2823.200	209.921	3.467
2823.400	209.921	3.467
2823.600	209.920	3.467
2823.800	209.921	3.467
2824.000	209.921	3.467
2824.200	209.920	3.467
2824.400	209.919	3.467
2824.600	209.919	3.467
2824.800	209.919	3.467
2825.000	209.921	3.467
2825.200	209.920	3.467
2825.400	209.922	3.467
2825.600	209.924	3.467
2825.800	209.923	3.467
2826.000	209.920	3.467
2826.200	209.920	3.467
2826.400	209.920	3.467
2826.600	209.921	3.467
2826.800	209.922	3.467
2827.000	209.921	3.467
2827.200	209.921	3.467
2827.400	209.923	3.467
2827.600	209.923	3.467
2827.800	209.922	3.467
2828.000	209.923	3.467
2828.200	209.921	3.467
2828.400	209.922	3.467
2828.600	209.924	3.467
2828.800	209.923	3.467
2829.000	209.923	3.467
2829.200	209.922	3.467
2829.400	209.921	3.467
2829.600	209.923	3.467
2829.800	209.925	3.467
2830.000	209.926	3.467
2830.200	209.925	3.467
2830.400	209.925	3.467
2830.600	209.923	3.467
2830.800	209.923	3.467
2831.000	209.921	3.467
2831.200	209.923	3.467
2831.400	209.924	3.467
2831.600	209.925	3.467
2831.800	209.924	3.467
2832.000	209.924	3.467
2832.200	209.921	3.467
2832.400	209.923	3.467
2832.600	209.923	3.467
2832.800	209.925	3.467
2833.000	209.925	3.467
2833.200	209.924	3.467
2833.400	209.923	3.467
2833.600	209.923	3.467
2833.800	209.924	3.467
2834.000	209.924	3.467
2834.200	209.925	3.467
2834.400	209.925	3.467
2834.600	209.926	3.467
2834.800	209.923	3.467
2835.000	209.924	3.467
2835.200	209.924	3.467
2835.400	209.922	3.467
2835.600	209.921	3.467
2835.800	209.923	3.467
2836.000	209.924	3.467
2836.200	209.923	3.467
2836.400	209.922	3.467
2836.600	209.924	3.467
2836.800	209.922	3.467
2837.000	209.923	3.467
2837.200	209.923	3.467
2837.400	209.923	3.467
2837.600	209.923	3.467
2837.800	209.924	3.467
2838.000	209.922	3.467
2838.200	209.922	3.467
2838.400	209.923	3.467
2838.600	209.922	3.467
2838.800	209.923	3.467
2839.000	209.924	3.467
2839.200	209.924	3.467
2839.400	209.924	3.467
2839.600	209.923	3.467
2839.800	209.923	3.467
2840.000	209.926	3.467
2840.200	209.924	3.467
2840.400	209.924	3.467
2840.600	209.922	3.467
2840.800	209.925	3.468
2841.000	209.921	3.468
2841.200	209.923	3.468
2841.400	209.922	3.468
2841.600	209.923	3.468
2841.800	209.922	3.468
2842.000	209.925	3.468
2842.200	209.924	3.468
2842.400	209.923	3.468
2842.600	209.925	3.468
2842.800	209.924	3.468
2843.000	209.926	3.468
2843.200	209.925	3.468
2843.400	209.927	3.468
2843.600	209.925	3.468
2843.800	209.926	3.468
2844.000	209.926	3.468
2844.200	209.923	3.468
2844.400	209.923	3.468
2844.600	209.925	3.468
2844.800	209.924	3.468
2845.000	209.924	3.468
2845.200	209.922	3.468
2845.400	209.925	3.468
2845.600	209.923	3.468
2845.800	209.923	3.468
2846.000	209.922	3.468
2846.200	209.921	3.468
2846.400	209.922	3.468
2846.600	209.922	3.468
2846.800	209.922	3.468
2847.000	209.921	3.468
2847.200	209.922	3.468
2847.400	209.921	3.468
2847.600	209.922	3.468
2847.800	209.922	3.468
2848.000	209.923	3.468
2848.200	209.923	3.468
2848.400	209.923	3.468
2848.600	209.924	3.468
2848.800	209.924	3.468
2849.000	209.925	3.468
2849.200	209.922	3.468
2849.400	209.922	3.468
2849.600	209.923	3.468
2849.800	209.923	3.468
2850.000	209.923	3.468
2850.200	209.923	3.468
2850.400	209.924	3.468
2850.600	209.924	3.468
2850.800	209.923	3.468
2851.000	209.923	3.468
2851.200	209.922	3.468
2851.400	209.923	3.468
2851.600	209.922	3.468
2851.800	209.920	3.468
2852.000	209.922	3.468
2852.200	209.921	3.468
2852.400	209.922	3.468
2852.600	209.922	3.468
2852.800	209.920	3.468
2853.000	209.920	3.468
2853.200	209.920	3.468
2853.400	209.919	3.468
2853.600	209.920	3.468
2853.800	209.920	3.468
2854.000	209.921	3.468
2854.200	209.920	3.468
2854.400	209.921	3.468
2854.600	209.921	3.468
2854.800	209.921	3.468
2855.000	209.921	3.468
2855.200	209.922	3.468
2855.400	209.919	3.468
2855.600	209.921	3.468
2855.800	209.920	3.468
2856.000	209.920	3.468
2856.200	209.919	3.468
2856.400	209.920	3.468
2856.600	209.922	3.468
2856.800	209.921	3.468
2857.000	209.919	3.468
2857.200	209.922	3.468
2857.400	209.921	3.468
2857.600	209.922	3.468
2857.800	209.920	3.468
2858.000	209.921	3.468
2858.200	209.921	3.468
2858.400	209.921	3.468
2858.600	209.921	3.468
2858.800	209.922	3.468
2859.000	209.919	3.468
2859.200	209.920	3.468
2859.400	209.920	3.468
2859.600	209.922	3.468
2859.800	209.921	3.468
2860.000	209.922	3.468
2860.200	209.922	3.468
2860.400	209.921	3.468
2860.600	209.920	3.468
2860.800	209.922	3.468
2861.000	209.921	3.468
2861.200	209.920	3.468
2861.400	209.921	3.468
2861.600	209.921	3.468
2861.800	209.921	3.468
2862.000	209.922	3.468
2862.200	209.920	3.468
2862.400	209.921	3.468
2862.600	209.920	3.468
2862.800	209.921	3.468
2863.000	209.921	3.468
2863.200	209.920	3.468
2863.400	209.921	3.468
2863.600	209.921	3.468
2863.800	209.923	3.468
2864.000	209.921	3.468
2864.200	209.923	3.468
2864.400	209.922	3.468
2864.600	209.921	3.468
2864.800	209.922	3.468
2865.000	209.923	3.468
2865.200	209.922	3.468
2865.400	209.921	3.468
2865.600	209.924	3.468
2865.800	209.922	3.468
2866.000	209.921	3.468
2866.200	209.921	3.468
2866.400	209.921	3.468
2866.600	209.921	3.468
2866.800	209.922	3.468
2867.000	209.920	3.468
2867.200	209.922	3.468
2867.400	209.921	3.468
2867.600	209.921	3.468
2867.800	209.920	3.468
2868.000	209.921	3.468
2868.200	209.920	3.468
2868.400	209.922	3.468
2868.600	209.921	3.468
2868.800	209.919	3.468
2869.000	209.922	3.468
2869.200	209.921	3.468
2869.400	209.920	3.468
2869.600	209.921	3.468
2869.800	209.921	3.468
2870.000	209.922	3.468
2870.200	209.923	3.468
2870.400	209.922	3.468
2870.600	209.921	3.468
2870.800	209.921	3.468
2871.000	209.922	3.468
2871.200	209.921	3.468
2871.400	209.922	3.468
2871.600	209.920	3.468
2871.800	209.921	3.468
2872.000	209.921	3.468
2872.200	209.921	3.468
2872.400	209.922	3.468
2872.600	209.922	3.468
2872.800	209.921	3.468
2873.000	209.921	3.468
2873.200	209.921	3.468
2873.400	209.921	3.468
2873.600	209.922	3.468
2873.800	209.921	3.468
2874.000	209.921	3.468
2874.200	209.922	3.468
2874.400	209.921	3.468
2874.600	209.921	3.468
2874.800	209.920	3.468
2875.000	209.920	3.468
2875.200	209.922	3.468
2875.400	209.922	3.468
2875.600	209.922	3.468
2875.800	209.923	3.468
2876.000	209.921	3.468
2876.200	209.921	3.468
2876.400	209.922	3.468
2876.600	209.923	3.468
2876.800	209.921	3.468
2877.000	209.922	3.468
2877.200	209.922	3.468
2877.400	209.921	3.468
2877.600	209.919	3.468
2877.800	209.920	3.468
2878.000	209.921	3.468
2878.200	209.920	3.468
2878.400	209.921	3.468
2878.600	209.921	3.468
2878.800	209.920	3.468
2879.000	209.922	3.468
2879.200	209.922	3.468
2879.400	209.921	3.468
2879.600	209.920	3.468
2879.800	209.921	3.468
2880.000	209.921	3.468
2880.200	209.921	3.468
2880.400	209.923	3.468
2880.600	209.923	3.468
2880.800	209.924	3.468
2881.000	209.923	3.468
2881.200	209.921	3.468
2881.400	209.921	3.468
2881.600	209.923	3.468
2881.800	209.923	3.468
2882.000	209.921	3.468
2882.200	209.923	3.468
2882.400	209.922	3.468
2882.600	209.921	3.468
2882.800	209.921	3.468
2883.000	209.922	3.468
2883.200	209.922	3.468
2883.400	209.920	3.468
2883.600	209.921	3.468
2883.800	209.922	3.468
2884.000	209.921	3.468
2884.200	209.923	3.468
2884.400	209.924	3.468
2884.600	209.922	3.468
2884.800	209.922	3.468
2885.000	209.922	3.468
2885.200	209.924	3.468
2885.400	209.921	3.468
2885.600	209.923	3.468
2885.800	209.923	3.468
2886.000	209.923	3.468
2886.200	209.924	3.468
2886.400	209.922	3.468
2886.600	209.923	3.468
2886.800	209.922	3.468
2887.000	209.922	3.468
2887.200	209.922	3.468
2887.400	209.923	3.468
2887.600	209.922	3.468
2887.800	209.921	3.468
2888.000	209.922	3.468
2888.200	209.921	3.468
2888.400	209.924	3.468
2888.600	209.922	3.468
2888.800	209.923	3.468
2889.000	209.922	3.468
2889.200	209.924	3.468
2889.400	209.924	3.468
2889.600	209.924	3.468
2889.800	209.923	3.468
2890.000	209.923	3.468
2890.200	209.921	3.468
2890.400	209.921	3.468
2890.600	209.923	3.468
2890.800	209.923	3.468
2891.000	209.921	3.468
2891.200	209.922	3.468
2891.400	209.922	3.468
2891.600	209.923	3.468
2891.800	209.923	3.468
2892.000	209.920	3.468
2892.200	209.921	3.468
2892.400	209.920	3.468
2892.600	209.918	3.468
2892.800	209.922	3.468
2893.000	209.923	3.468
2893.200	209.923	3.468
2893.400	209.923	3.468
2893.600	209.921	3.468
2893.800	209.923	3.468
2894.000	209.923	3.468
2894.200	209.922	3.468
2894.400	209.922	3.468
2894.600	209.923	3.469
2894.800	209.924	3.469
2895.000	209.923	3.469
2895.200	209.924	3.469
2895.400	209.922	3.468
2895.600	209.923	3.469
2895.800	209.924	3.469
2896.000	209.923	3.469
2896.200	209.923	3.469
2896.400	209.922	3.469
2896.600	209.920	3.469
2896.800	209.921	3.469
2897.000	209.921	3.469
2897.200	209.920	3.469
2897.400	209.920	3.469
2897.600	209.921	3.469
2897.800	209.921	3.469
2898.000	209.922	3.469
2898.200	209.922	3.469
2898.400	209.920	3.469
2898.600	209.921	3.469
2898.800	209.922	3.469
2899.000	209.922	3.469
2899.200	209.922	3.469
2899.400	209.922	3.469
2899.600	209.923	3.469
2899.800	209.921	3.469
2900.000	209.921	3.469
2900.200	209.922	3.469
2900.400	209.921	3.469
2900.600	209.920	3.469
2900.800	209.923	3.469
2901.000	209.922	3.469
2901.200	209.922	3.469
2901.400	209.923	3.469
2901.600	209.921	3.469
2901.800	209.921	3.469
2902.000	209.920	3.469
2902.200	209.917	3.469
2902.400	209.918	3.469
2902.600	209.920	3.469
2902.800	209.922	3.469
2903.000	209.920	3.469
2903.200	209.921	3.469
2903.400	209.921	3.469
2903.600	209.919	3.469
2903.800	209.921	3.469
2904.000	209.921	3.469
2904.200	209.921	3.469
2904.400	209.921	3.469
2904.600	209.922	3.469
2904.800	209.922	3.469
2905.000	209.921	3.469
2905.200	209.921	3.469
2905.400	209.919	3.469
2905.600	209.920	3.469
2905.800	209.918	3.469
2906.000	209.919	3.469
2906.200	209.920	3.469
2906.400	209.919	3.469
2906.600	209.922	3.469
2906.800	209.920	3.469
2907.000	209.920	3.469
2907.200	209.920	3.469
2907.400	209.920	3.469
2907.600	209.922	3.469
2907.800	209.921	3.469
2908.000	209.920	3.469
2908.200	209.921	3.469
2908.400	209.919	3.469
2908.600	209.919	3.469
2908.800	209.919	3.469
2909.000	209.920	3.469
2909.200	209.919	3.469
2909.400	209.920	3.469
2909.600	209.920	3.469
2909.800	209.919	3.469
2910.000	209.920	3.469
2910.200	209.919	3.469
2910.400	209.921	3.469
2910.600	209.921	3.469
2910.800	209.922	3.469
2911.000	209.921	3.469
2911.200	209.919	3.469
2911.400	209.919	3.469
2911.600	209.921	3.469
2911.800	209.919	3.469
2912.000	209.919	3.469
2912.200	209.918	3.469
2912.400	209.918	3.469
2912.600	209.920	3.469
2912.800	209.918	3.469
2913.000	209.918	3.469
2913.200	209.918	3.469
2913.400	209.920	3.469
2913.600	209.918	3.469
2913.800	209.919	3.469
2914.000	209.919	3.469
2914.200	209.920	3.469
2914.400	209.920	3.469
2914.600	209.919	3.469
2914.800	209.920	3.469
2915.000	209.919	3.469
2915.200	209.918	3.469
2915.400	209.918	3.469
2915.600	209.921	3.469
2915.800	209.919	3.469
2916.000	209.919	3.469
2916.200	209.919	3.469
2916.400	209.920	3.469
2916.600	209.919	3.469
2916.800	209.918	3.469
2917.000	209.918	3.469
2917.200	209.921	3.469
2917.400	209.919	3.469
2917.600	209.919	3.469
2917.800	209.920	3.469
2918.000	209.919	3.469
2918.200	209.918	3.469
2918.400	209.917	3.469
2918.600	209.917	3.469
2918.800	209.920	3.469
2919.000	209.919	3.469
2919.200	209.919	3.469
2919.400	209.920	3.469
2919.600	209.920	3.469
2919.800	209.919	3.469
2920.000	209.918	3.469
2920.200	209.921	3.469
2920.400	209.921	3.469
2920.600	209.919	3.469
2920.800	209.922	3.469
2921.000	209.920	3.469
2921.200	209.918	3.469
2921.400	209.918	3.469
2921.600	209.918	3.469
2921.800	209.920	3.469
2922.000	209.919	3.469
2922.200	209.917	3.469
2922.400	209.920	3.469
2922.600	209.919	3.469
2922.800	209.921	3.469
2923.000	209.921	3.469
2923.200	209.919	3.469
2923.400	209.919	3.469
2923.600	209.920	3.469
2923.800	209.916	3.469
2924.000	209.919	3.469
2924.200	209.917	3.469
2924.400	209.919	3.469
2924.600	209.919	3.469
2924.800	209.920	3.469
2925.000	209.920	3.469
2925.200	209.920	3.469
2925.400	209.921	3.469
2925.600	209.920	3.469
2925.800	209.919	3.469
2926.000	209.920	3.469
2926.200	209.919	3.469
2926.400	209.918	3.469
2926.600	209.919	3.469
2926.800	209.920	3.469
2927.000	209.920	3.469
2927.200	209.920	3.469
2927.400	209.920	3.469
2927.600	209.922	3.469
2927.800	209.921	3.469
2928.000	209.921	3.469
2928.200	209.920	3.469
2928.400	209.920	3.469
2928.600	209.920	3.469
2928.800	209.921	3.469
2929.000	209.921	3.469
2929.200	209.921	3.469
2929.400	209.920	3.469
2929.600	209.919	3.469
2929.800	209.919	3.469
2930.000	209.917	3.469
2930.200	209.919	3.469
2930.400	209.920	3.469
2930.600	209.921	3.469
2930.800	209.922	3.469
2931.000	209.921	3.469
2931.200	209.921	3.469
2931.400	209.922	3.469
2931.600	209.920	3.469
2931.800	209.921	3.469
2932.000	209.921	3.469
2932.200	209.921	3.469
2932.400	209.921	3.469
2932.600	209.920	3.469
2932.800	209.918	3.469
2933.000	209.920	3.469
2933.200	209.919	3.469
2933.400	209.919	3.469
2933.600	209.920	3.469
2933.800	209.922	3.469
2934.000	209.921	3.469
2934.200	209.920	3.469
2934.400	209.921	3.469
2934.600	209.920	3.469
2934.800	209.921	3.469
2935.000	209.919	3.469
2935.200	209.919	3.469
2935.400	209.919	3.469
2935.600	209.917	3.469
2935.800	209.920	3.469
2936.000	209.920	3.469
2936.200	209.918	3.469
2936.400	209.918	3.469
2936.600	209.918	3.469
2936.800	209.919	3.469
2937.000	209.916	3.469
2937.200	209.917	3.469
2937.400	209.917	3.469
2937.600	209.917	3.469
2937.800	209.917	3.469
2938.000	209.919	3.469
2938.200	209.919	3.469
2938.400	209.918	3.469
2938.600	209.919	3.469
2938.800	209.918	3.469
2939.000	209.920	3.469
2939.200	209.919	3.469
2939.400	209.918	3.469
2939.600	209.917	3.469
2939.800	209.917	3.469
2940.000	209.919	3.469
2940.200	209.919	3.469
2940.400	209.918	3.469
2940.600	209.919	3.469
2940.800	209.918	3.469
2941.000	209.920	3.469
2941.200	209.918	3.469
2941.400	209.918	3.469
2941.600	209.919	3.469
2941.800	209.919	3.469
2942.000	209.919	3.469
2942.200	209.920	3.469
2942.400	209.918	3.469
2942.600	209.918	3.469
2942.800	209.919	3.469
2943.000	209.918	3.469
2943.200	209.919	3.469
2943.400	209.918	3.469
2943.600	209.918	3.469
2943.800	209.917	3.469
2944.000	209.918	3.469
2944.200	209.918	3.469
2944.400	209.918	3.469
2944.600	209.919	3.469
2944.800	209.920	3.469
2945.000	209.917	3.469
2945.200	209.918	3.469
2945.400	209.920	3.469
2945.600	209.921	3.469
2945.800	209.919	3.469
2946.000	209.921	3.469
2946.200	209.918	3.469
2946.400	209.921	3.469
2946.600	209.918	3.469
2946.800	209.920	3.469
2947.000	209.919	3.469
2947.200	209.920	3.469
2947.400	209.920	3.469
2947.600	209.918	3.470
2947.800	209.922	3.470
2948.000	209.921	3.469
2948.200	209.920	3.469
2948.400	209.920	3.470
2948.600	209.919	3.470
2948.800	209.922	3.470
2949.000	209.921	3.470
2949.200	209.920	3.470
2949.400	209.920	3.470
2949.600	209.920	3.470
2949.800	209.920	3.470
2950.000	209.920	3.470
2950.200	209.919	3.470
2950.400	209.920	3.470
2950.600	209.919	3.470
2950.800	209.920	3.470
2951.000	209.921	3.470
2951.200	209.920	3.470
2951.400	209.920	3.470
2951.600	209.920	3.470
2951.800	209.920	3.470
2952.000	209.921	3.470
2952.200	209.920	3.470
2952.400	209.920	3.470
2952.600	209.919	3.470
2952.800	209.921	3.470
2953.000	209.921	3.470
2953.200	209.921	3.470
2953.400	209.922	3.470
2953.600	209.921	3.470
2953.800	209.919	3.470
2954.000	209.920	3.470
2954.200	209.920	3.470
2954.400	209.919	3.470
2954.600	209.921	3.470
2954.800	209.921	3.470
2955.000	209.922	3.470
2955.200	209.921	3.470
2955.400	209.920	3.470
2955.600	209.921	3.470
2955.800	209.922	3.470
2956.000	209.921	3.470
2956.200	209.921	3.470
2956.400	209.922	3.470
2956.600	209.922	3.470
2956.800	209.921	3.470
2957.000	209.921	3.470
2957.200	209.921	3.470
2957.400	209.921	3.470
2957.600	209.922	3.470
2957.800	209.923	3.470
2958.000	209.923	3.470
2958.200	209.923	3.470
2958.400	209.922	3.470
2958.600	209.924	3.470
2958.800	209.924	3.470
2959.000	209.921	3.470
2959.200	209.921	3.470
2959.400	209.923	3.470
2959.600	209.921	3.470
2959.800	209.921	3.470
2960.000	209.921	3.470
2960.200	209.922	3.470
2960.400	209.921	3.470
2960.600	209.920	3.470
2960.800	209.923	3.470
2961.000	209.920	3.470
2961.200	209.924	3.470
2961.400	209.921	3.470
2961.600	209.920	3.470
2961.800	209.922	3.470
2962.000	209.922	3.470
2962.200	209.922	3.470
2962.400	209.923	3.470
2962.600	209.922	3.470
2962.800	209.921	3.470
2963.000	209.921	3.470
2963.200	209.922	3.470
2963.400	209.921	3.470
2963.600	209.922	3.470
2963.800	209.921	3.470
2964.000	209.922	3.470
2964.200	209.922	3.470
2964.400	209.922	3.470
2964.600	209.922	3.470
2964.800	209.923	3.470
2965.000	209.921	3.470
2965.200	209.921	3.470
2965.400	209.920	3.470
2965.600	209.921	3.470
2965.800	209.922	3.470
2966.000	209.923	3.470
2966.200	209.921	3.470
2966.400	209.922	3.470
2966.600	209.921	3.470
2966.800	209.923	3.470
2967.000	209.923	3.470
2967.200	209.919	3.470
2967.400	209.922	3.470
2967.600	209.923	3.470
2967.800	209.921	3.470
2968.000	209.919	3.470
2968.200	209.922	3.470
2968.400	209.920	3.470
2968.600	209.922	3.470
2968.800	209.922	3.470
2969.000	209.923	3.470
2969.200	209.921	3.470
2969.400	209.921	3.470
2969.600	209.922	3.470
2969.800	209.921	3.470
2970.000	209.921	3.470
2970.200	209.921	3.470
2970.400	209.921	3.470
2970.600	209.922	3.470
2970.800	209.921	3.470
2971.000	209.922	3.470
2971.200	209.921	3.470
2971.400	209.922	3.470
2971.600	209.924	3.470
2971.800	209.923	3.470
2972.000	209.921	3.470
2972.200	209.920	3.470
2972.400	209.922	3.470
2972.600	209.921	3.470
2972.800	209.921	3.470
2973.000	209.921	3.470
2973.200	209.921	3.470
2973.400	209.923	3.470
2973.600	209.924	3.470
2973.800	209.922	3.470
2974.000	209.921	3.470
2974.200	209.923	3.470
2974.400	209.923	3.470
2974.600	209.924	3.470
2974.800	209.923	3.470
2975.000	209.924	3.470
2975.200	209.923	3.470
2975.400	209.922	3.470
2975.600	209.922	3.470
2975.800	209.924	3.470
2976.000	209.923	3.470
2976.200	209.924	3.470
2976.400	209.923	3.470
2976.600	209.923	3.470
2976.800	209.922	3.470
2977.000	209.922	3.470
2977.200	209.923	3.470
2977.400	209.922	3.470
2977.600	209.923	3.470
2977.800	209.923	3.470
2978.000	209.923	3.470
2978.200	209.924	3.470
2978.400	209.924	3.470
2978.600	209.922	3.470
2978.800	209.923	3.470
2979.000	209.922	3.470
2979.200	209.922	3.470
2979.400	209.922	3.470
2979.600	209.923	3.470
2979.800	209.922	3.470
2980.000	209.922	3.470
2980.200	209.923	3.470
2980.400	209.922	3.470
2980.600	209.921	3.470
2980.800	209.924	3.470
2981.000	209.924	3.470
2981.200	209.924	3.470
2981.400	209.923	3.470
2981.600	209.924	3.470
2981.800	209.922	3.470
2982.000	209.923	3.470
2982.200	209.922	3.470
2982.400	209.921	3.470
2982.600	209.923	3.470
2982.800	209.923	3.470
2983.000	209.924	3.470
2983.200	209.924	3.470
2983.400	209.922	3.470
2983.600	209.923	3.470
2983.800	209.923	3.470
2984.000	209.923	3.470
2984.200	209.922	3.470
2984.400	209.923	3.470
2984.600	209.923	3.470
2984.800	209.923	3.470
2985.000	209.925	3.470
2985.200	209.924	3.470
2985.400	209.925	3.470
2985.600	209.924	3.470
2985.800	209.924	3.470
2986.000	209.923	3.470
2986.200	209.926	3.470
2986.400	209.925	3.470
2986.600	209.925	3.470
2986.800	209.925	3.470
2987.000	209.925	3.470
2987.200	209.924	3.470
2987.400	209.925	3.470
2987.600	209.925	3.470
2987.800	209.925	3.470
2988.000	209.925	3.470
2988.200	209.927	3.470
2988.400	209.924	3.470
2988.600	209.922	3.470
2988.800	209.924	3.470
2989.000	209.923	3.470
2989.200	209.924	3.470
2989.400	209.924	3.470
2989.600	209.925	3.470
2989.800	209.924	3.470
2990.000	209.924	3.470
2990.200	209.923	3.470
2990.400	209.925	3.470
2990.600	209.926	3.470
2990.800	209.926	3.470
2991.000	209.924	3.470
2991.200	209.924	3.470
2991.400	209.924	3.470
2991.600	209.924	3.470
2991.800	209.923	3.470
2992.000	209.924	3.470
2992.200	209.926	3.470
2992.400	209.926	3.470
2992.600	209.927	3.470
2992.800	209.926	3.470
2993.000	209.927	3.470
2993.200	209.927	3.470
2993.400	209.926	3.470
2993.600	209.925	3.470
2993.800	209.925	3.470
2994.000	209.925	3.470
2994.200	209.925	3.470
2994.400	209.924	3.470
2994.600	209.926	3.470
2994.800	209.924	3.470
2995.000	209.923	3.470
2995.200	209.925	3.470
2995.400	209.923	3.470
2995.600	209.922	3.470
2995.800	209.924	3.470
2996.000	209.924	3.470
2996.200	209.923	3.470
2996.400	209.925	3.470
2996.600	209.923	3.470
2996.800	209.926	3.470
2997.000	209.927	3.470
2997.200	209.927	3.471
2997.400	209.925	3.470
2997.600	209.925	3.470
2997.800	209.924	3.470
2998.000	209.925	3.470
2998.200	209.925	3.470
2998.400	209.924	3.470
2998.600	209.926	3.470
2998.800	209.926	3.470
2999.000	209.928	3.470
2999.200	209.928	3.470
2999.400	209.928	3.471
2999.600	209.926	3.470
2999.800	209.927	3.471
3000.000	209.926	3.471
3000.200	209.927	3.470
3000.400	209.926	3.471
3000.600	209.927	3.471
3000.800	209.928	3.471
3001.000	209.925	3.471
3001.200	209.925	3.471
3001.400	209.927	3.471
3001.600	209.926	3.471
3001.800	209.925	3.471
3002.000	209.925	3.471
3002.200	209.925	3.471
3002.400	209.927	3.471
3002.600	209.924	3.471
3002.800	209.925	3.471
3003.000	209.924	3.471
3003.200	209.926	3.471
3003.400	209.927	3.471
3003.600	209.926	3.471
3003.800	209.928	3.471
3004.000	209.927	3.471
3004.200	209.929	3.471
3004.400	209.925	3.471
3004.600	209.924	3.471
3004.800	209.927	3.471
3005.000	209.925	3.471
3005.200	209.927	3.471
3005.400	209.927	3.471
3005.600	209.926	3.471
3005.800	209.923	3.471
3006.000	209.924	3.471
3006.200	209.926	3.471
3006.400	209.925	3.471
3006.600	209.925	3.471
3006.800	209.925	3.471
3007.000	209.925	3.471
3007.200	209.926	3.471
3007.400	209.926	3.471
3007.600	209.926	3.471
3007.800	209.925	3.471
3008.000	209.923	3.471
3008.200	209.924	3.471
3008.400	209.923	3.471
3008.600	209.926	3.471
3008.800	209.925	3.471
3009.000	209.926	3.471
3009.200	209.924	3.471
3009.400	209.927	3.471
3009.600	209.925	3.471
3009.800	209.925	3.471
3010.000	209.925	3.471
3010.200	209.925	3.471
3010.400	209.925	3.471
3010.600	209.925	3.471
3010.800	209.926	3.471
3011.000	209.924	3.471
3011.200	209.925	3.471
3011.400	209.926	3.471
3011.600	209.925	3.471
3011.800	209.925	3.471
3012.000	209.926	3.471
3012.200	209.926	3.471
3012.400	209.926	3.471
3012.600	209.925	3.471
3012.800	209.925	3.471
3013.000	209.925	3.471
3013.200	209.925	3.471
3013.400	209.925	3.471
3013.600	209.927	3.471
3013.800	209.924	3.471
3014.000	209.927	3.471
3014.200	209.925	3.471
3014.400	209.926	3.471
3014.600	209.924	3.471
3014.800	209.923	3.471
3015.000	209.925	3.471
3015.200	209.924	3.471
3015.400	209.924	3.471
3015.600	209.925	3.471
3015.800	209.922	3.471
3016.000	209.923	3.471
3016.200	209.926	3.471
3016.400	209.923	3.471
3016.600	209.922	3.471
3016.800	209.923	3.471
3017.000	209.925	3.471
3017.200	209.923	3.471
3017.400	209.923	3.471
3017.600	209.924	3.471
3017.800	209.925	3.471
3018.000	209.924	3.471
3018.200	209.925	3.471
3018.400	209.924	3.471
3018.600	209.923	3.471
3018.800	209.923	3.471
3019.000	209.924	3.471
3019.200	209.925	3.471
3019.400	209.925	3.471
3019.600	209.925	3.471
3019.800	209.926	3.471
3020.000	209.925	3.471
3020.200	209.924	3.471
3020.400	209.924	3.471
3020.600	209.924	3.471
3020.800	209.925	3.471
3021.000	209.923	3.471
3021.200	209.924	3.471
3021.400	209.923	3.471
3021.600	209.924	3.471
3021.800	209.925	3.471
3022.000	209.924	3.471
3022.200	209.926	3.471
3022.400	209.925	3.471
3022.600	209.925	3.471
3022.800	209.927	3.471
3023.000	209.925	3.471
3023.200	209.925	3.471
3023.400	209.924	3.471
3023.600	209.924	3.471
3023.800	209.926	3.471
3024.000	209.924	3.471
3024.200	209.925	3.471
3024.400	209.924	3.471
3024.600	209.925	3.471
3024.800	209.928	3.471
3025.000	209.924	3.471
3025.200	209.925	3.471
3025.400	209.923	3.471
3025.600	209.925	3.471
3025.800	209.926	3.471
3026.000	209.923	3.471
3026.200	209.924	3.471
3026.400	209.923	3.471
3026.600	209.924	3.471
3026.800	209.926	3.471
3027.000	209.925	3.471
3027.200	209.927	3.471
3027.400	209.926	3.471
3027.600	209.924	3.471
3027.800	209.925	3.471
3028.000	209.925	3.471
3028.200	209.925	3.471
3028.400	209.926	3.471
3028.600	209.927	3.471
3028.800	209.925	3.471
3029.000	209.925	3.471
3029.200	209.925	3.471
3029.400	209.925	3.471
3029.600	209.925	3.471
3029.800	209.923	3.471
3030.000	209.923	3.471
3030.200	209.924	3.471
3030.400	209.924	3.471
3030.600	209.923	3.471
3030.800	209.925	3.471
3031.000	209.923	3.471
3031.200	209.926	3.471
3031.400	209.924	3.471
3031.600	209.924	3.471
3031.800	209.925	3.471
3032.000	209.926	3.471
3032.200	209.924	3.471
3032.400	209.925	3.471
3032.600	209.923	3.471
3032.800	209.926	3.471
3033.000	209.923	3.471
3033.200	209.925	3.471
3033.400	209.926	3.471
3033.600	209.926	3.471
3033.800	209.925	3.471
3034.000	209.926	3.471
3034.200	209.925	3.471
3034.400	209.925	3.471
3034.600	209.927	3.471
3034.800	209.928	3.471
3035.000	209.926	3.471
3035.200	209.925	3.471
3035.400	209.925	3.471
3035.600	209.927	3.471
3035.800	209.927	3.471
3036.000	209.926	3.471
3036.200	209.925	3.471
3036.400	209.925	3.471
3036.600	209.925	3.471
3036.800	209.924	3.471
3037.000	209.926	3.471
3037.200	209.926	3.471
3037.400	209.925	3.471
3037.600	209.924	3.471
3037.800	209.925	3.471
3038.000	209.926	3.471
3038.200	209.926	3.471
3038.400	209.925	3.471
3038.600	209.924	3.471
3038.800	209.925	3.471
3039.000	209.925	3.471
3039.200	209.924	3.471
3039.400	209.922	3.471
3039.600	209.924	3.471
3039.800	209.924	3.471
3040.000	209.927	3.471
3040.200	209.925	3.471
3040.400	209.923	3.471
3040.600	209.924	3.471
3040.800	209.924	3.471
3041.000	209.924	3.471
3041.200	209.925	3.471
3041.400	209.928	3.471
3041.600	209.927	3.471
3041.800	209.925	3.471
3042.000	209.924	3.471
3042.200	209.925	3.471
3042.400	209.926	3.471
3042.600	209.926	3.471
3042.800	209.926	3.471
3043.000	209.924	3.471
3043.200	209.923	3.471
3043.400	209.924	3.471
3043.600	209.922	3.471
3043.800	209.924	3.471
3044.000	209.924	3.471
3044.200	209.923	3.471
3044.400	209.925	3.471
3044.600	209.923	3.471
3044.800	209.924	3.471
3045.000	209.922	3.471
3045.200	209.923	3.471
3045.400	209.924	3.471
3045.600	209.924	3.471
3045.800	209.923	3.471
3046.000	209.924	3.471
3046.200	209.923	3.471
3046.400	209.924	3.471
3046.600	209.922	3.471
3046.800	209.924	3.471
3047.000	209.922	3.471
3047.200	209.925	3.471
3047.400	209.925	3.471
3047.600	209.925	3.471
3047.800	209.924	3.471
3048.000	209.922	3.471
3048.200	209.923	3.471
3048.400	209.925	3.471
3048.600	209.923	3.471
3048.800	209.923	3.471
3049.000	209.924	3.471
3049.200	209.923	3.471
3049.400	209.924	3.471
3049.600	209.924	3.471
3049.800	209.924	3.471
3050.000	209.923	3.471
3050.200	209.922	3.471
3050.400	209.925	3.471
3050.600	209.924	3.471
3050.800	209.925	3.471
3051.000	209.925	3.471
3051.200	209.923	3.471
3051.400	209.923	3.471
3051.600	209.924	3.471
3051.800	209.923	3.471
3052.000	209.924	3.471
3052.200	209.924	3.471
3052.400	209.924	3.471
3052.600	209.924	3.471
3052.800	209.923	3.471
3053.000	209.926	3.471
3053.200	209.924	3.471
3053.400	209.923	3.471
3053.600	209.922	3.471
3053.800	209.923	3.471
3054.000	209.922	3.471
3054.200	209.922	3.471
3054.400	209.920	3.471
3054.600	209.923	3.471
3054.800	209.925	3.471
3055.000	209.926	3.471
3055.200	209.924	3.471
3055.400	209.923	3.471
3055.600	209.924	3.471
3055.800	209.924	3.471
3056.000	209.922	3.471
3056.200	209.923	3.471
3056.400	209.924	3.471
3056.600	209.923	3.471
3056.800	209.922	3.471
3057.000	209.921	3.471
3057.200	209.922	3.471
3057.400	209.924	3.471
3057.600	209.924	3.471
3057.800	209.923	3.471
3058.000	209.921	3.471
3058.200	209.923	3.471
3058.400	209.925	3.471
3058.600	209.924	3.471
3058.800	209.923	3.471
3059.000	209.924	3.471
3059.200	209.925	3.471
3059.400	209.924	3.471
3059.600	209.924	3.471
3059.800	209.924	3.471
3060.000	209.922	3.471
3060.200	209.923	3.471
3060.400	209.925	3.471
3060.600	209.923	3.471
3060.800	209.925	3.471
3061.000	209.925	3.471
3061.200	209.924	3.471
3061.400	209.922	3.471
3061.600	209.922	3.471
3061.800	209.923	3.471
3062.000	209.924	3.471
3062.200	209.924	3.471
3062.400	209.922	3.471
3062.600	209.921	3.471
3062.800	209.924	3.471
3063.000	209.921	3.471
3063.200	209.922	3.471
3063.400	209.922	3.472
3063.600	209.923	3.472
3063.800	209.922	3.472
3064.000	209.922	3.472
3064.200	209.923	3.472
3064.400	209.926	3.472
3064.600	209.925	3.472
3064.800	209.925	3.472
3065.000	209.924	3.472
3065.200	209.922	3.472
3065.400	209.922	3.472
3065.600	209.922	3.472
3065.800	209.923	3.472
3066.000	209.921	3.472
3066.200	209.921	3.472
3066.400	209.922	3.472
3066.600	209.922	3.472
3066.800	209.922	3.472
3067.000	209.921	3.472
3067.200	209.922	3.472
3067.400	209.922	3.472
3067.600	209.922	3.472
3067.800	209.921	3.472
3068.000	209.921	3.472
3068.200	209.924	3.472
3068.400	209.924	3.472
3068.600	209.924	3.472
3068.800	209.921	3.472
3069.000	209.923	3.472
3069.200	209.923	3.472
3069.400	209.921	3.472
3069.600	209.924	3.472
3069.800	209.922	3.472
3070.000	209.921	3.472
3070.200	209.923	3.472
3070.400	209.925	3.472
3070.600	209.923	3.472
3070.800	209.924	3.472
3071.000	209.922	3.472
3071.200	209.922	3.472
3071.400	209.923	3.472
3071.600	209.923	3.472
3071.800	209.924	3.472
3072.000	209.926	3.472
3072.200	209.926	3.472
3072.400	209.924	3.472
3072.600	209.923	3.472
3072.800	209.925	3.472
3073.000	209.925	3.472
3073.200	209.925	3.472
3073.400	209.924	3.472
3073.600	209.923	3.472
3073.800	209.924	3.472
3074.000	209.925	3.472
3074.200	209.926	3.472
3074.400	209.924	3.472
3074.600	209.923	3.472
3074.800	209.923	3.472
3075.000	209.925	3.472
3075.200	209.926	3.472
3075.400	209.924	3.472
3075.600	209.924	3.472
3075.800	209.924	3.472
3076.000	209.924	3.472
3076.200	209.925	3.472
3076.400	209.928	3.472
3076.600	209.927	3.472
3076.800	209.925	3.472
3077.000	209.924	3.472
3077.200	209.923	3.472
3077.400	209.924	3.472
3077.600	209.925	3.472
3077.800	209.925	3.472
3078.000	209.922	3.472
3078.200	209.923	3.472
3078.400	209.924	3.472
3078.600	209.924	3.472
3078.800	209.924	3.472
3079.000	209.925	3.472
3079.200	209.923	3.472
3079.400	209.925	3.472
3079.600	209.922	3.472
3079.800	209.921	3.472
3080.000	209.923	3.472
3080.200	209.924	3.472
3080.400	209.925	3.472
3080.600	209.924	3.472
3080.800	209.925	3.472
3081.000	209.924	3.472
3081.200	209.923	3.472
3081.400	209.924	3.472
3081.600	209.923	3.472
3081.800	209.925	3.472
3082.000	209.923	3.472
3082.200	209.923	3.472
3082.400	209.924	3.472
3082.600	209.924	3.472
3082.800	209.922	3.472
3083.000	209.922	3.472
3083.200	209.924	3.472
3083.400	209.924	3.472
3083.600	209.923	3.472
3083.800	209.922	3.472
3084.000	209.924	3.472
3084.200	209.923	3.472
3084.400	209.925	3.472
3084.600	209.924	3.472
3084.800	209.925	3.472
3085.000	209.926	3.472
3085.200	209.926	3.472
3085.400	209.925	3.472
3085.600	209.925	3.472
3085.800	209.925	3.472
3086.000	209.926	3.472
3086.200	209.925	3.472
3086.400	209.923	3.472
3086.600	209.922	3.472
3086.800	209.925	3.472
3087.000	209.926	3.472
3087.200	209.925	3.472
3087.400	209.926	3.472
3087.600	209.923	3.472
3087.800	209.926	3.472
3088.000	209.923	3.472
3088.200	209.923	3.472
3088.400	209.925	3.472
3088.600	209.926	3.472
3088.800	209.925	3.472
3089.000	209.923	3.472
3089.200	209.924	3.472
3089.400	209.923	3.472
3089.600	209.924	3.472
3089.800	209.923	3.472
3090.000	209.924	3.472
3090.200	209.924	3.472
3090.400	209.924	3.472
3090.600	209.925	3.472
3090.800	209.925	3.472
3091.000	209.925	3.472
3091.200	209.923	3.472
3091.400	209.924	3.472
3091.600	209.926	3.472
3091.800	209.925	3.472
3092.000	209.925	3.472
3092.200	209.926	3.472
3092.400	209.924	3.472
3092.600	209.925	3.472
3092.800	209.924	3.472
3093.000	209.926	3.472
3093.200	209.926	3.472
3093.400	209.925	3.472
3093.600	209.925	3.472
3093.800	209.923	3.472
3094.000	209.924	3.472
3094.200	209.924	3.472
3094.400	209.923	3.472
3094.600	209.925	3.472
3094.800	209.923	3.472
3095.000	209.923	3.472
3095.200	209.923	3.472
3095.400	209.925	3.472
3095.600	209.924	3.472
3095.800	209.925	3.472
3096.000	209.923	3.472
3096.200	209.924	3.472
3096.400	209.924	3.472
3096.600	209.923	3.472
3096.800	209.923	3.472
3097.000	209.924	3.472
3097.200	209.923	3.472
3097.400	209.922	3.472
3097.600	209.923	3.472
3097.800	209.923	3.472
3098.000	209.924	3.472
3098.200	209.924	3.472
3098.400	209.925	3.472
3098.600	209.922	3.472
3098.800	209.924	3.472
3099.000	209.926	3.472
3099.200	209.923	3.472
3099.400	209.923	3.472
3099.600	209.925	3.472
3099.800	209.923	3.472
3100.000	209.924	3.472
3100.200	209.924	3.472
3100.400	209.925	3.472
3100.600	209.926	3.472
3100.800	209.926	3.472
3101.000	209.926	3.472
3101.200	209.926	3.472
3101.400	209.924	3.472
3101.600	209.924	3.472
3101.800	209.926	3.472
3102.000	209.925	3.472
3102.200	209.925	3.472
3102.400	209.925	3.472
3102.600	209.923	3.472
3102.800	209.923	3.472
3103.000	209.924	3.472
3103.200	209.926	3.472
3103.400	209.925	3.472
3103.600	209.926	3.472
3103.800	209.926	3.472
3104.000	209.926	3.472
3104.200	209.925	3.472
3104.400	209.925	3.472
3104.600	209.926	3.472
3104.800	209.924	3.472
3105.000	209.926	3.472
3105.200	209.926	3.472
3105.400	209.926	3.472
3105.600	209.926	3.472
3105.800	209.925	3.472
3106.000	209.925	3.472
3106.200	209.928	3.472
3106.400	209.926	3.472
3106.600	209.925	3.472
3106.800	209.924	3.472
3107.000	209.925	3.472
3107.200	209.927	3.472
3107.400	209.926	3.472
3107.600	209.926	3.472
3107.800	209.925	3.472
3108.000	209.925	3.472
3108.200	209.925	3.472
3108.400	209.926	3.472
3108.600	209.923	3.472
3108.800	209.925	3.472
3109.000	209.926	3.472
3109.200	209.926	3.472
3109.400	209.925	3.472
3109.600	209.925	3.472
3109.800	209.924	3.472
3110.000	209.924	3.472
3110.200	209.924	3.472
3110.400	209.924	3.472
3110.600	209.926	3.472
3110.800	209.926	3.472
3111.000	209.925	3.472
3111.200	209.923	3.472
3111.400	209.927	3.472
3111.600	209.926	3.472
3111.800	209.925	3.472
3112.000	209.926	3.472
3112.200	209.923	3.472
3112.400	209.925	3.472
3112.600	209.924	3.472
3112.800	209.926	3.472
3113.000	209.926	3.472
3113.200	209.926	3.472
3113.400	209.926	3.472
3113.600	209.927	3.472
3113.800	209.927	3.472
3114.000	209.926	3.472
3114.200	209.927	3.472
3114.400	209.926	3.473
3114.600	209.923	3.472
3114.800	209.925	3.472
3115.000	209.926	3.472
3115.200	209.926	3.473
3115.400	209.922	3.472
3115.600	209.924	3.473
3115.800	209.926	3.473
3116.000	209.925	3.473
3116.200	209.925	3.473
3116.400	209.926	3.473
3116.600	209.926	3.473
3116.800	209.927	3.473
3117.000	209.926	3.473
3117.200	209.925	3.473
3117.400	209.927	3.473
3117.600	209.923	3.473
3117.800	209.926	3.473
3118.000	209.926	3.473
3118.200	209.925	3.473
3118.400	209.925	3.473
3118.600	209.926	3.473
3118.800	209.924	3.473
3119.000	209.924	3.473
3119.200	209.927	3.473
3119.400	209.922	3.473
3119.600	209.925	3.473
3119.800	209.924	3.473
3120.000	209.923	3.473
3120.200	209.923	3.473
3120.400	209.924	3.473
3120.600	209.924	3.473
3120.800	209.921	3.473
3121.000	209.926	3.473
3121.200	209.924	3.473
3121.400	209.924	3.473
3121.600	209.924	3.473
3121.800	209.924	3.473
3122.000	209.925	3.473
3122.200	209.925	3.473
3122.400	209.926	3.473
3122.600	209.923	3.473
3122.800	209.925	3.473
3123.000	209.926	3.473
3123.200	209.926	3.473
3123.400	209.925	3.473
3123.600	209.923	3.473
3123.800	209.923	3.473
3124.000	209.924	3.473
3124.200	209.925	3.473
3124.400	209.924	3.473
3124.600	209.925	3.473
3124.800	209.924	3.473
3125.000	209.923	3.473
3125.200	209.922	3.473
3125.400	209.922	3.473
3125.600	209.921	3.473
3125.800	209.923	3.473
3126.000	209.922	3.473
3126.200	209.921	3.473
3126.400	209.921	3.473
3126.600	209.921	3.473
3126.800	209.922	3.473
3127.000	209.922	3.473
3127.200	209.925	3.473
3127.400	209.922	3.473
3127.600	209.923	3.473
3127.800	209.924	3.473
3128.000	209.924	3.473
3128.200	209.924	3.473
3128.400	209.923	3.473
3128.600	209.923	3.473
3128.800	209.922	3.473
3129.000	209.921	3.473
3129.200	209.921	3.473
3129.400	209.922	3.473
3129.600	209.922	3.473
3129.800	209.921	3.473
3130.000	209.923	3.473
3130.200	209.923	3.473
3130.400	209.925	3.473
3130.600	209.922	3.473
3130.800	209.923	3.473
3131.000	209.923	3.473
3131.200	209.923	3.473
3131.400	209.921	3.473
3131.600	209.923	3.473
3131.800	209.923	3.473
3132.000	209.923	3.473
3132.200	209.920	3.473
3132.400	209.923	3.473
3132.600	209.923	3.473
3132.800	209.922	3.473
3133.000	209.921	3.473
3133.200	209.921	3.473
3133.400	209.922	3.473
3133.600	209.921	3.473
3133.800	209.923	3.473
3134.000	209.923	3.473
3134.200	209.924	3.473
3134.400	209.925	3.473
3134.600	209.923	3.473
3134.800	209.924	3.473
3135.000	209.922	3.473
3135.200	209.922	3.473
3135.400	209.923	3.473
3135.600	209.923	3.473
3135.800	209.922	3.473
3136.000	209.922	3.473
3136.200	209.922	3.473
3136.400	209.923	3.473
3136.600	209.923	3.473
3136.800	209.923	3.473
3137.000	209.924	3.473
3137.200	209.925	3.473
3137.400	209.923	3.473
3137.600	209.924	3.473
3137.800	209.923	3.473
3138.000	209.925	3.473
3138.200	209.925	3.473
3138.400	209.922	3.473
3138.600	209.924	3.473
3138.800	209.924	3.473
3139.000	209.925	3.473
3139.200	209.923	3.473
3139.400	209.925	3.473
3139.600	209.925	3.473
3139.800	209.924	3.473
3140.000	209.925	3.473
3140.200	209.925	3.473
3140.400	209.925	3.473
3140.600	209.924	3.473
3140.800	209.925	3.473
3141.000	209.924	3.473
3141.200	209.925	3.473
3141.400	209.925	3.473
3141.600	209.924	3.473
3141.800	209.924	3.473
3142.000	209.923	3.473
3142.200	209.923	3.473
3142.400	209.923	3.473
3142.600	209.924	3.473
3142.800	209.924	3.473
3143.000	209.925	3.473
3143.200	209.925	3.473
3143.400	209.925	3.473
3143.600	209.924	3.473
3143.800	209.922	3.473
3144.000	209.923	3.473
3144.200	209.924	3.473
3144.400	209.924	3.473
3144.600	209.925	3.473
3144.800	209.923	3.473
3145.000	209.924	3.473
3145.200	209.925	3.473
3145.400	209.924	3.473
3145.600	209.924	3.473
3145.800	209.923	3.473
3146.000	209.925	3.473
3146.200	209.922	3.473
3146.400	209.925	3.473
3146.600	209.924	3.473
3146.800	209.924	3.473
3147.000	209.924	3.473
3147.200	209.924	3.473
3147.400	209.923	3.473
3147.600	209.924	3.473
3147.800	209.924	3.473
3148.000	209.922	3.473
3148.200	209.922	3.473
3148.400	209.924	3.473
3148.600	209.923	3.473
3148.800	209.923	3.473
3149.000	209.923	3.473
3149.200	209.923	3.473
3149.400	209.924	3.473
3149.600	209.924	3.473
3149.800	209.924	3.473
3150.000	209.926	3.473
3150.200	209.925	3.473
3150.400	209.924	3.473
3150.600	209.923	3.473
3150.800	209.924	3.473
3151.000	209.923	3.473
3151.200	209.923	3.473
3151.400	209.924	3.473
3151.600	209.924	3.473
3151.800	209.923	3.473
3152.000	209.923	3.473
3152.200	209.923	3.473
3152.400	209.923	3.473
3152.600	209.924	3.473
3152.800	209.924	3.473
3153.000	209.924	3.473
3153.200	209.924	3.473
3153.400	209.925	3.473
3153.600	209.926	3.473
3153.800	209.924	3.473
3154.000	209.925	3.473
3154.200	209.925	3.473
3154.400	209.923	3.473
3154.600	209.923	3.473
3154.800	209.924	3.473
3155.000	209.925	3.473
3155.200	209.926	3.473
3155.400	209.925	3.473
3155.600	209.923	3.473
3155.800	209.923	3.473
3156.000	209.923	3.473
3156.200	209.925	3.473
3156.400	209.923	3.473
3156.600	209.924	3.473
3156.800	209.924	3.473
3157.000	209.926	3.473
3157.200	209.925	3.473
3157.400	209.923	3.473
3157.600	209.924	3.473
3157.800	209.924	3.473
3158.000	209.923	3.473
3158.200	209.923	3.473
3158.400	209.924	3.473
3158.600	209.925	3.473
3158.800	209.923	3.473
3159.000	209.923	3.473
3159.200	209.923	3.473
3159.400	209.925	3.473
3159.600	209.924	3.473
3159.800	209.922	3.473
3160.000	209.922	3.473
3160.200	209.922	3.473
3160.400	209.922	3.473
3160.600	209.920	3.473
3160.800	209.923	3.473
3161.000	209.924	3.473
3161.200	209.922	3.473
3161.400	209.921	3.473
3161.600	209.922	3.473
3161.800	209.922	3.473
3162.000	209.922	3.473
3162.200	209.923	3.473
3162.400	209.924	3.473
3162.600	209.923	3.473
3162.800	209.922	3.473
3163.000	209.922	3.473
3163.200	209.924	3.473
3163.400	209.923	3.473
3163.600	209.926	3.473
3163.800	209.924	3.473
3164.000	209.923	3.473
3164.200	209.922	3.473
3164.400	209.923	3.473
3164.600	209.924	3.473
3164.800	209.924	3.473
3165.000	209.925	3.473
3165.200	209.924	3.473
3165.400	209.925	3.473
3165.600	209.925	3.473
3165.800	209.924	3.473
3166.000	209.924	3.473
3166.200	209.923	3.473
3166.400	209.923	3.473
3166.600	209.923	3.473
3166.800	209.924	3.473
3167.000	209.923	3.473
3167.200	209.923	3.473
3167.400	209.925	3.473
3167.600	209.925	3.473
3167.800	209.924	3.473
3168.000	209.924	3.473
3168.200	209.923	3.473
3168.400	209.923	3.473
3168.600	209.923	3.473
3168.800	209.923	3.473
3169.000	209.925	3.473
3169.200	209.924	3.474
3169.400	209.924	3.473
3169.600	209.922	3.473
3169.800	209.923	3.473
3170.000	209.922	3.473
3170.200	209.922	3.473
3170.400	209.924	3.474
3170.600	209.924	3.474
3170.800	209.924	3.474
3171.000	209.923	3.474
3171.200	209.924	3.474
3171.400	209.924	3.474
3171.600	209.924	3.474
3171.800	209.922	3.474
3172.000	209.922	3.474
3172.200	209.921	3.474
3172.400	209.924	3.474
3172.600	209.924	3.474
3172.800	209.924	3.474
3173.000	209.924	3.474
3173.200	209.924	3.474
3173.400	209.921	3.474
3173.600	209.922	3.474
3173.800	209.923	3.474
3174.000	209.924	3.474
3174.200	209.924	3.474
3174.400	209.923	3.474
3174.600	209.925	3.474
3174.800	209.923	3.474
3175.000	209.925	3.474
3175.200	209.923	3.474
3175.400	209.923	3.474
3175.600	209.924	3.474
3175.800	209.922	3.474
3176.000	209.923	3.474
3176.200	209.922	3.474
3176.400	209.923	3.474
3176.600	209.922	3.474
3176.800	209.923	3.474
3177.000	209.923	3.474
3177.200	209.920	3.474
3177.400	209.922	3.474
3177.600	209.922	3.474
3177.800	209.920	3.474
3178.000	209.923	3.474
3178.200	209.922	3.474
3178.400	209.923	3.474
3178.600	209.925	3.474
3178.800	209.924	3.474
3179.000	209.923	3.474
3179.200	209.923	3.474
3179.400	209.923	3.474
3179.600	209.925	3.474
3179.800	209.922	3.474
3180.000	209.923	3.474
3180.200	209.923	3.474
3180.400	209.924	3.474
3180.600	209.924	3.474
3180.800	209.924	3.474
3181.000	209.923	3.474
3181.200	209.924	3.474
3181.400	209.924	3.474
3181.600	209.922	3.474
3181.800	209.922	3.474
3182.000	209.923	3.474
3182.200	209.921	3.474
3182.400	209.923	3.474
3182.600	209.922	3.474
3182.800	209.922	3.474
3183.000	209.922	3.474
3183.200	209.921	3.474
3183.400	209.922	3.474
3183.600	209.921	3.474
3183.800	209.921	3.474
3184.000	209.919	3.474
3184.200	209.922	3.474
3184.400	209.921	3.474
3184.600	209.919	3.474
3184.800	209.922	3.474
3185.000	209.922	3.474
3185.200	209.921	3.474
3185.400	209.923	3.474
3185.600	209.923	3.474
3185.800	209.922	3.474
3186.000	209.920	3.474
3186.200	209.922	3.474
3186.400	209.924	3.474
3186.600	209.921	3.474
3186.800	209.923	3.474
3187.000	209.923	3.474
3187.200	209.924	3.474
3187.400	209.923	3.474
3187.600	209.923	3.474
3187.800	209.923	3.474
3188.000	209.923	3.474
3188.200	209.921	3.474
3188.400	209.922	3.474
3188.600	209.922	3.474
3188.800	209.922	3.474
3189.000	209.923	3.474
3189.200	209.923	3.474
3189.400	209.922	3.474
3189.600	209.924	3.474
3189.800	209.924	3.474
3190.000	209.923	3.474
3190.200	209.923	3.474
3190.400	209.925	3.474
3190.600	209.924	3.474
3190.800	209.924	3.474
3191.000	209.923	3.474
3191.200	209.923	3.474
3191.400	209.923	3.474
3191.600	209.924	3.474
3191.800	209.922	3.474
3192.000	209.924	3.474
3192.200	209.924	3.474
3192.400	209.924	3.474
3192.600	209.924	3.474
3192.800	209.926	3.474
3193.000	209.926	3.474
3193.200	209.924	3.474
3193.400	209.924	3.474
3193.600	209.925	3.474
3193.800	209.924	3.474
3194.000	209.923	3.474
3194.200	209.923	3.474
3194.400	209.925	3.474
3194.600	209.924	3.474
3194.800	209.925	3.474
3195.000	209.923	3.474
3195.200	209.923	3.474
3195.400	209.923	3.474
3195.600	209.924	3.474
3195.800	209.923	3.474
3196.000	209.925	3.474
3196.200	209.925	3.474
3196.400	209.923	3.474
3196.600	209.923	3.474
3196.800	209.924	3.474
3197.000	209.923	3.474
3197.200	209.921	3.474
3197.400	209.923	3.474
3197.600	209.921	3.474
3197.800	209.922	3.474
3198.000	209.923	3.474
3198.200	209.921	3.474
3198.400	209.921	3.474
3198.600	209.921	3.474
3198.800	209.921	3.474
3199.000	209.922	3.474
3199.200	209.923	3.474
3199.400	209.922	3.474
3199.600	209.922	3.474
3199.800	209.921	3.474
3200.000	209.923	3.474
3200.200	209.921	3.474
3200.400	209.921	3.474
3200.600	209.922	3.474
3200.800	209.921	3.474
3201.000	209.922	3.474
3201.200	209.923	3.474
3201.400	209.922	3.474
3201.600	209.922	3.474
3201.800	209.922	3.474
3202.000	209.921	3.474
3202.200	209.921	3.474
3202.400	209.921	3.474
3202.600	209.921	3.474
3202.800	209.922	3.474
3203.000	209.921	3.474
3203.200	209.922	3.474
3203.400	209.921	3.474
3203.600	209.922	3.474
3203.800	209.923	3.474
3204.000	209.923	3.474
3204.200	209.921	3.474
3204.400	209.922	3.474
3204.600	209.921	3.474
3204.800	209.922	3.474
3205.000	209.924	3.474
3205.200	209.923	3.474
3205.400	209.923	3.474
3205.600	209.923	3.474
3205.800	209.925	3.474
3206.000	209.924	3.474
3206.200	209.924	3.474
3206.400	209.923	3.474
3206.600	209.924	3.474
3206.800	209.923	3.474
3207.000	209.922	3.474
3207.200	209.923	3.474
3207.400	209.922	3.474
3207.600	209.923	3.474
3207.800	209.923	3.474
3208.000	209.922	3.474
3208.200	209.922	3.474
3208.400	209.921	3.474
3208.600	209.923	3.474
3208.800	209.923	3.474
3209.000	209.922	3.474
3209.200	209.922	3.474
3209.400	209.921	3.474
3209.600	209.921	3.474
3209.800	209.921	3.474
3210.000	209.921	3.474
3210.200	209.921	3.474
3210.400	209.922	3.474
3210.600	209.923	3.474
3210.800	209.923	3.474
3211.000	209.923	3.474
3211.200	209.924	3.474
3211.400	209.924	3.474
3211.600	209.922	3.474
3211.800	209.923	3.474
3212.000	209.923	3.474
3212.200	209.925	3.474
3212.400	209.924	3.474
3212.600	209.923	3.474
3212.800	209.922	3.474
3213.000	209.923	3.474
3213.200	209.923	3.474
3213.400	209.924	3.474
3213.600	209.924	3.474
3213.800	209.923	3.474
3214.000	209.923	3.474
3214.200	209.923	3.474
3214.400	209.924	3.474
3214.600	209.926	3.474
3214.800	209.925	3.474
3215.000	209.924	3.474
3215.200	209.925	3.474
3215.400	209.924	3.474
3215.600	209.923	3.474
3215.800	209.924	3.474
3216.000	209.923	3.474
3216.200	209.925	3.474
3216.400	209.923	3.474
3216.600	209.925	3.474
3216.800	209.923	3.474
3217.000	209.924	3.474
3217.200	209.923	3.474
3217.400	209.923	3.474
3217.600	209.922	3.474
3217.800	209.923	3.474
3218.000	209.923	3.474
3218.200	209.923	3.474
3218.400	209.925	3.474
3218.600	209.924	3.474
3218.800	209.923	3.474
3219.000	209.923	3.474
3219.200	209.922	3.474
3219.400	209.920	3.474
3219.600	209.921	3.474
3219.800	209.921	3.474
3220.000	209.922	3.474
3220.200	209.921	3.474
3220.400	209.922	3.474
3220.600	209.922	3.474
3220.800	209.922	3.474
3221.000	209.921	3.474
3221.200	209.921	3.474
3221.400	209.922	3.474
3221.600	209.922	3.474
3221.800	209.923	3.474
3222.000	209.921	3.474
3222.200	209.921	3.474
3222.400	209.920	3.474
3222.600	209.920	3.474
3222.800	209.922	3.474
3223.000	209.922	3.474
3223.200	209.921	3.474
3223.400	209.923	3.474
3223.600	209.923	3.474
3223.800	209.922	3.474
3224.000	209.921	3.474
3224.200	209.921	3.474
3224.400	209.922	3.474
3224.600	209.921	3.474
3224.800	209.921	3.474
3225.000	209.922	3.474
3225.200	209.922	3.474
3225.400	209.923	3.474
3225.600	209.922	3.474
3225.800	209.924	3.474
3226.000	209.924	3.474
3226.200	209.924	3.474
3226.400	209.922	3.474
3226.600	209.922	3.474
3226.800	209.922	3.474
3227.000	209.921	3.474
3227.200	209.923	3.474
3227.400	209.922	3.474
3227.600	209.923	3.474
3227.800	209.920	3.474
3228.000	209.922	3.474
3228.200	209.920	3.474
3228.400	209.922	3.474
3228.600	209.923	3.474
3228.800	209.923	3.474
3229.000	209.921	3.474
3229.200	209.922	3.474
3229.400	209.919	3.474
3229.600	209.921	3.475
3229.800	209.920	3.474
3230.000	209.921	3.475
3230.200	209.921	3.475
3230.400	209.921	3.475
3230.600	209.922	3.475
3230.800	209.921	3.475
3231.000	209.921	3.475
3231.200	209.920	3.475
3231.400	209.923	3.474
3231.600	209.921	3.475
3231.800	209.922	3.475
3232.000	209.920	3.475
3232.200	209.921	3.475
3232.400	209.921	3.475
3232.600	209.920	3.475
3232.800	209.921	3.475
3233.000	209.922	3.475
3233.200	209.921	3.475
3233.400	209.920	3.475
3233.600	209.922	3.475
3233.800	209.923	3.475
3234.000	209.922	3.475
3234.200	209.922	3.475
3234.400	209.923	3.475
3234.600	209.922	3.475
3234.800	209.924	3.475
3235.000	209.922	3.475
3235.200	209.920	3.475
3235.400	209.922	3.475
3235.600	209.922	3.475
3235.800	209.921	3.475
3236.000	209.921	3.475
3236.200	209.921	3.475
3236.400	209.919	3.475
3236.600	209.922	3.475
3236.800	209.920	3.475
3237.000	209.922	3.475
3237.200	209.922	3.475
3237.400	209.921	3.475
3237.600	209.921	3.475
3237.800	209.920	3.475
3238.000	209.919	3.475
3238.200	209.918	3.475
3238.400	209.918	3.475
3238.600	209.918	3.475
3238.800	209.919	3.475
3239.000	209.920	3.475
3239.200	209.918	3.475
3239.400	209.919	3.475
3239.600	209.919	3.475
3239.800	209.921	3.475
3240.000	209.919	3.475
3240.200	209.918	3.475
3240.400	209.921	3.475
3240.600	209.922	3.475
3240.800	209.920	3.475
3241.000	209.919	3.475
3241.200	209.920	3.475
3241.400	209.918	3.475
3241.600	209.920	3.475
3241.800	209.921	3.475
3242.000	209.922	3.475
3242.200	209.920	3.475
3242.400	209.921	3.475
3242.600	209.919	3.475
3242.800	209.921	3.475
3243.000	209.921	3.475
3243.200	209.921	3.475
3243.400	209.921	3.475
3243.600	209.919	3.475
3243.800	209.920	3.475
3244.000	209.921	3.475
3244.200	209.919	3.475
3244.400	209.921	3.475
3244.600	209.921	3.475
3244.800	209.921	3.475
3245.000	209.920	3.475
3245.200	209.922	3.475
3245.400	209.919	3.475
3245.600	209.920	3.475
3245.800	209.919	3.475
3246.000	209.919	3.475
3246.200	209.920	3.475
3246.400	209.920	3.475
3246.600	209.919	3.475
3246.800	209.918	3.475
3247.000	209.919	3.475
3247.200	209.920	3.475
3247.400	209.919	3.475
3247.600	209.919	3.475
3247.800	209.922	3.475
3248.000	209.920	3.475
3248.200	209.920	3.475
3248.400	209.922	3.475
3248.600	209.920	3.475
3248.800	209.920	3.475
3249.000	209.922	3.475
3249.200	209.921	3.475
3249.400	209.919	3.475
3249.600	209.919	3.475
3249.800	209.920	3.475
3250.000	209.923	3.475
3250.200	209.921	3.475
3250.400	209.921	3.475
3250.600	209.922	3.475
3250.800	209.920	3.475
3251.000	209.920	3.475
3251.200	209.920	3.475
3251.400	209.920	3.475
3251.600	209.919	3.475
3251.800	209.921	3.475
3252.000	209.920	3.475
3252.200	209.921	3.475
3252.400	209.921	3.475
3252.600	209.919	3.475
3252.800	209.920	3.475
3253.000	209.920	3.475
3253.200	209.919	3.475
3253.400	209.919	3.475
3253.600	209.919	3.475
3253.800	209.921	3.475
3254.000	209.920	3.475
3254.200	209.919	3.475
3254.400	209.920	3.475
3254.600	209.920	3.475
3254.800	209.922	3.475
3255.000	209.919	3.475
3255.200	209.919	3.475
3255.400	209.920	3.475
3255.600	209.919	3.475
3255.800	209.919	3.475
3256.000	209.921	3.475
3256.200	209.920	3.475
3256.400	209.921	3.475
3256.600	209.920	3.475
3256.800	209.919	3.475
3257.000	209.920	3.475
3257.200	209.921	3.475
3257.400	209.922	3.475
3257.600	209.920	3.475
3257.800	209.922	3.475
3258.000	209.923	3.475
3258.200	209.921	3.475
3258.400	209.923	3.475
3258.600	209.920	3.475
3258.800	209.921	3.475
3259.000	209.923	3.475
3259.200	209.921	3.475
3259.400	209.919	3.475
3259.600	209.921	3.475
3259.800	209.921	3.475
3260.000	209.922	3.475
3260.200	209.921	3.475
3260.400	209.923	3.475
3260.600	209.922	3.475
3260.800	209.922	3.475
3261.000	209.923	3.475
3261.200	209.921	3.475
3261.400	209.921	3.475
3261.600	209.921	3.475
3261.800	209.922	3.475
3262.000	209.922	3.475
3262.200	209.921	3.475
3262.400	209.920	3.475
3262.600	209.920	3.475
3262.800	209.920	3.475
3263.000	209.921	3.475
3263.200	209.919	3.475
3263.400	209.920	3.475
3263.600	209.921	3.475
3263.800	209.920	3.475
3264.000	209.921	3.475
3264.200	209.920	3.475
3264.400	209.920	3.475
3264.600	209.921	3.475
3264.800	209.920	3.475
3265.000	209.922	3.475
3265.200	209.920	3.475
3265.400	209.921	3.475
3265.600	209.920	3.475
3265.800	209.920	3.475
3266.000	209.922	3.475
3266.200	209.922	3.475
3266.400	209.921	3.475
3266.600	209.919	3.475
3266.800	209.921	3.475
3267.000	209.921	3.475
3267.200	209.920	3.475
3267.400	209.920	3.475
3267.600	209.920	3.475
3267.800	209.918	3.475
3268.000	209.919	3.475
3268.200	209.920	3.475
3268.400	209.918	3.475
3268.600	209.921	3.475
3268.800	209.919	3.475
3269.000	209.920	3.475
3269.200	209.919	3.475
3269.400	209.922	3.475
3269.600	209.920	3.475
3269.800	209.919	3.475
3270.000	209.919	3.475
3270.200	209.920	3.475
3270.400	209.919	3.475
3270.600	209.920	3.475
3270.800	209.921	3.475
3271.000	209.922	3.475
3271.200	209.920	3.475
3271.400	209.922	3.475
3271.600	209.920	3.475
3271.800	209.921	3.475
3272.000	209.920	3.475
3272.200	209.920	3.475
3272.400	209.920	3.475
3272.600	209.920	3.475
3272.800	209.920	3.475
3273.000	209.920	3.475
3273.200	209.921	3.475
3273.400	209.923	3.475
3273.600	209.922	3.475
3273.800	209.920	3.475
3274.000	209.921	3.475
3274.200	209.919	3.475
3274.400	209.919	3.475
3274.600	209.921	3.475
3274.800	209.920	3.475
3275.000	209.921	3.475
3275.200	209.921	3.475
3275.400	209.922	3.475
3275.600	209.921	3.475
3275.800	209.921	3.475
3276.000	209.921	3.475
3276.200	209.922	3.475
3276.400	209.922	3.475
3276.600	209.920	3.475
3276.800	209.920	3.475
3277.000	209.922	3.475
3277.200	209.923	3.475
3277.400	209.923	3.475
3277.600	209.922	3.475
3277.800	209.922	3.475
3278.000	209.920	3.475
3278.200	209.918	3.475
3278.400	209.921	3.475
3278.600	209.920	3.475
3278.800	209.922	3.475
3279.000	209.920	3.475
3279.200	209.920	3.475
3279.400	209.922	3.475
3279.600	209.921	3.475
3279.800	209.921	3.475
3280.000	209.922	3.475
3280.200	209.921	3.475
3280.400	209.922	3.475
3280.600	209.919	3.475
3280.800	209.919	3.475
3281.000	209.920	3.475
3281.200	209.920	3.475
3281.400	209.918	3.475
3281.600	209.918	3.475
3281.800	209.920	3.475
3282.000	209.919	3.475
3282.200	209.919	3.475
3282.400	209.918	3.475
3282.600	209.920	3.475
3282.800	209.921	3.475
3283.000	209.919	3.475
3283.200	209.917	3.475
3283.400	209.918	3.475
3283.600	209.919	3.475
3283.800	209.918	3.475
3284.000	209.919	3.475
3284.200	209.919	3.475
3284.400	209.919	3.475
3284.600	209.919	3.475
3284.800	209.919	3.475
3285.000	209.918	3.475
3285.200	209.920	3.475
3285.400	209.919	3.475
3285.600	209.919	3.475
3285.800	209.920	3.475
3286.000	209.920	3.475
3286.200	209.920	3.475
3286.400	209.920	3.475
3286.600	209.921	3.476
3286.800	209.920	3.475
3287.000	209.921	3.475
3287.200	209.918	3.475
3287.400	209.919	3.475
3287.600	209.922	3.475
3287.800	209.920	3.475
3288.000	209.918	3.475
3288.200	209.920	3.475
3288.400	209.919	3.475
3288.600	209.920	3.475
3288.800	209.917	3.475
3289.000	209.919	3.475
3289.200	209.917	3.475
3289.400	209.918	3.475
3289.600	209.921	3.476
3289.800	209.920	3.475
3290.000	209.920	3.475
3290.200	209.919	3.475
3290.400	209.918	3.476
3290.600	209.916	3.475
3290.800	209.917	3.476
3291.000	209.916	3.476
3291.200	209.920	3.476
3291.400	209.918	3.476
3291.600	209.920	3.476
3291.800	209.920	3.476
3292.000	209.920	3.476
3292.200	209.917	3.476
3292.400	209.917	3.476
3292.600	209.919	3.476
3292.800	209.917	3.476
3293.000	209.917	3.476
3293.200	209.920	3.476
3293.400	209.918	3.476
3293.600	209.918	3.476
3293.800	209.920	3.476
3294.000	209.919	3.476
3294.200	209.920	3.476
3294.400	209.919	3.476
3294.600	209.920	3.476
3294.800	209.919	3.476
3295.000	209.919	3.476
3295.200	209.918	3.476
3295.400	209.919	3.476
3295.600	209.918	3.476
3295.800	209.917	3.476
3296.000	209.918	3.476
3296.200	209.919	3.476
3296.400	209.920	3.476
3296.600	209.919	3.476
3296.800	209.920	3.476
3297.000	209.920	3.476
3297.200	209.919	3.476
3297.400	209.918	3.476
3297.600	209.919	3.476
3297.800	209.922	3.476
3298.000	209.920	3.476
3298.200	209.921	3.476
3298.400	209.921	3.476
3298.600	209.922	3.476
3298.800	209.920	3.476
3299.000	209.922	3.476
3299.200	209.920	3.476
3299.400	209.922	3.476
3299.600	209.923	3.476
3299.800	209.923	3.476
3300.000	209.921	3.476
3300.200	209.921	3.476
3300.400	209.922	3.476
3300.600	209.921	3.476
3300.800	209.922	3.476
3301.000	209.923	3.476
3301.200	209.922	3.476
3301.400	209.922	3.476
3301.600	209.921	3.476
3301.800	209.924	3.476
3302.000	209.922	3.476
3302.200	209.921	3.476
3302.400	209.921	3.476
3302.600	209.920	3.476
3302.800	209.922	3.476
3303.000	209.921	3.476
3303.200	209.923	3.476
3303.400	209.922	3.476
3303.600	209.921	3.476
3303.800	209.919	3.476
3304.000	209.922	3.476
3304.200	209.921	3.476
3304.400	209.921	3.476
3304.600	209.922	3.476
3304.800	209.919	3.476
3305.000	209.921	3.476
3305.200	209.922	3.476
3305.400	209.920	3.476
3305.600	209.919	3.476
3305.800	209.921	3.476
3306.000	209.920	3.476
3306.200	209.922	3.476
3306.400	209.921	3.476
3306.600	209.920	3.476
3306.800	209.920	3.476
3307.000	209.920	3.476
3307.200	209.921	3.476
3307.400	209.921	3.476
3307.600	209.920	3.476
3307.800	209.920	3.476
3308.000	209.920	3.476
3308.200	209.921	3.476
3308.400	209.923	3.476
3308.600	209.924	3.476
3308.800	209.922	3.476
3309.000	209.921	3.476
3309.200	209.920	3.476
3309.400	209.922	3.476
3309.600	209.922	3.476
3309.800	209.922	3.476
3310.000	209.921	3.476
3310.200	209.923	3.476
3310.400	209.922	3.476
3310.600	209.921	3.476
3310.800	209.922	3.476
3311.000	209.921	3.476
3311.200	209.923	3.476
3311.400	209.922	3.476
3311.600	209.922	3.476
3311.800	209.922	3.476
3312.000	209.921	3.476
3312.200	209.920	3.476
3312.400	209.919	3.476
3312.600	209.921	3.476
3312.800	209.920	3.476
3313.000	209.922	3.476
3313.200	209.919	3.476
3313.400	209.921	3.476
3313.600	209.921	3.476
3313.800	209.919	3.476
3314.000	209.920	3.476
3314.200	209.919	3.476
3314.400	209.920	3.476
3314.600	209.922	3.476
3314.800	209.922	3.476
3315.000	209.923	3.476
3315.200	209.921	3.476
3315.400	209.922	3.476
3315.600	209.923	3.476
3315.800	209.923	3.476
3316.000	209.922	3.476
3316.200	209.922	3.476
3316.400	209.922	3.476
3316.600	209.922	3.476
3316.800	209.922	3.476
3317.000	209.920	3.476
3317.200	209.920	3.476
3317.400	209.920	3.476
3317.600	209.920	3.476
3317.800	209.921	3.476
3318.000	209.922	3.476
3318.200	209.922	3.476
3318.400	209.922	3.476
3318.600	209.920	3.476
3318.800	209.921	3.476
3319.000	209.921	3.476
3319.200	209.922	3.476
3319.400	209.921	3.476
3319.600	209.922	3.476
3319.800	209.922	3.476
3320.000	209.921	3.476
3320.200	209.922	3.476
3320.400	209.921	3.476
3320.600	209.923	3.476
3320.800	209.921	3.476
3321.000	209.922	3.476
3321.200	209.923	3.476
3321.400	209.923	3.476
3321.600	209.923	3.476
3321.800	209.924	3.476
3322.000	209.923	3.476
3322.200	209.923	3.476
3322.400	209.922	3.476
3322.600	209.923	3.476
3322.800	209.923	3.476
3323.000	209.922	3.476
3323.200	209.922	3.476
3323.400	209.921	3.476
3323.600	209.924	3.476
3323.800	209.923	3.476
3324.000	209.923	3.476
3324.200	209.923	3.476
3324.400	209.923	3.476
3324.600	209.923	3.476
3324.800	209.920	3.476
3325.000	209.921	3.476
3325.200	209.922	3.476
3325.400	209.922	3.476
3325.600	209.923	3.476
3325.800	209.922	3.476
3326.000	209.922	3.476
3326.200	209.922	3.476
3326.400	209.922	3.476
3326.600	209.921	3.476
3326.800	209.921	3.476
3327.000	209.922	3.476
3327.200	209.922	3.476
3327.400	209.924	3.476
3327.600	209.921	3.476
3327.800	209.920	3.476
3328.000	209.921	3.476
3328.200	209.923	3.476
3328.400	209.924	3.476
3328.600	209.925	3.476
3328.800	209.922	3.476
3329.000	209.921	3.476
3329.200	209.922	3.476
3329.400	209.921	3.476
3329.600	209.920	3.476
3329.800	209.921	3.476
3330.000	209.920	3.476
3330.200	209.921	3.476
3330.400	209.922	3.476
3330.600	209.921	3.476
3330.800	209.921	3.476
3331.000	209.922	3.476
3331.200	209.921	3.476
3331.400	209.922	3.476
3331.600	209.923	3.476
3331.800	209.920	3.476
3332.000	209.921	3.476
3332.200	209.922	3.476
3332.400	209.921	3.476
3332.600	209.922	3.476
3332.800	209.921	3.476
3333.000	209.923	3.476
3333.200	209.922	3.476
3333.400	209.923	3.476
3333.600	209.921	3.476
3333.800	209.921	3.476
3334.000	209.921	3.476
3334.200	209.922	3.476
3334.400	209.921	3.476
3334.600	209.920	3.476
3334.800	209.921	3.476
3335.000	209.920	3.476
3335.200	209.920	3.476
3335.400	209.920	3.476
3335.600	209.921	3.476
3335.800	209.920	3.476
3336.000	209.920	3.476
3336.200	209.920	3.476
3336.400	209.920	3.476
3336.600	209.921	3.476
3336.800	209.920	3.476
3337.000	209.920	3.476
3337.200	209.917	3.476
3337.400	209.920	3.476
3337.600	209.920	3.476
3337.800	209.920	3.476
3338.000	209.920	3.476
3338.200	209.920	3.476
3338.400	209.921	3.476
3338.600	209.919	3.476
3338.800	209.919	3.476
3339.000	209.921	3.476
3339.200	209.920	3.476
3339.400	209.920	3.476
3339.600	209.920	3.476
3339.800	209.920	3.476
3340.000	209.918	3.476
3340.200	209.918	3.476
3340.400	209.920	3.476
3340.600	209.920	3.476
3340.800	209.920	3.476
3341.000	209.919	3.476
3341.200	209.920	3.476
3341.400	209.921	3.476
3341.600	209.919	3.476
3341.800	209.919	3.476
3342.000	209.919	3.476
3342.200	209.920	3.476
3342.400	209.920	3.476
3342.600	209.921	3.476
3342.800	209.921	3.476
3343.000	209.921	3.476
3343.200	209.920	3.476
3343.400	209.922	3.476
3343.600	209.923	3.476
3343.800	209.922	3.476
3344.000	209.922	3.476
3344.200	209.921	3.476
3344.400	209.921	3.476
3344.600	209.921	3.476
3344.800	209.922	3.476
3345.000	209.921	3.476
3345.200	209.920	3.476
3345.400	209.919	3.476
3345.600	209.919	3.476
3345.800	209.920	3.476
3346.000	209.921	3.476
3346.200	209.922	3.476
3346.400	209.922	3.476
3346.600	209.922	3.476
3346.800	209.921	3.477
3347.000	209.921	3.476
3347.200	209.920	3.476
3347.400	209.921	3.476
3347.600	209.920	3.476
3347.800	209.920	3.476
3348.000	209.921	3.476
3348.200	209.919	3.476
3348.400	209.921	3.477
3348.600	209.922	3.477
3348.800	209.919	3.477
3349.000	209.920	3.477
3349.200	209.920	3.477
3349.400	209.921	3.476
3349.600	209.919	3.477
3349.800	209.918	3.477
3350.000	209.919	3.477
3350.200	209.918	3.477
3350.400	209.919	3.477
3350.600	209.921	3.477
3350.800	209.920	3.477
3351.000	209.918	3.477
3351.200	209.921	3.477
3351.400	209.920	3.477
3351.600	209.921	3.477
3351.800	209.921	3.477
3352.000	209.921	3.477
3352.200	209.918	3.477
3352.400	209.920	3.477
3352.600	209.920	3.477
3352.800	209.920	3.477
3353.000	209.919	3.477
3353.200	209.919	3.477
3353.400	209.919	3.477
3353.600	209.921	3.477
3353.800	209.921	3.477
3354.000	209.921	3.477
3354.200	209.919	3.477
3354.400	209.920	3.477
3354.600	209.919	3.477
3354.800	209.920	3.477
3355.000	209.922	3.477
3355.200	209.920	3.477
3355.400	209.922	3.477
3355.600	209.922	3.477
3355.800	209.922	3.477
3356.000	209.921	3.477
3356.200	209.919	3.477
3356.400	209.921	3.477
3356.600	209.921	3.477
3356.800	209.921	3.477
3357.000	209.922	3.477
3357.200	209.923	3.477
3357.400	209.920	3.477
3357.600	209.919	3.477
3357.800	209.919	3.477
3358.000	209.920	3.477
3358.200	209.922	3.477
3358.400	209.922	3.477
3358.600	209.921	3.477
3358.800	209.920	3.477
3359.000	209.921	3.477
3359.200	209.921	3.477
3359.400	209.922	3.477
3359.600	209.920	3.477
3359.800	209.919	3.477
3360.000	209.921	3.477
3360.200	209.921	3.477
3360.400	209.922	3.477
3360.600	209.919	3.477
3360.800	209.920	3.477
3361.000	209.920	3.477
3361.200	209.919	3.477
3361.400	209.921	3.477
3361.600	209.922	3.477
3361.800	209.921	3.477
3362.000	209.923	3.477
3362.200	209.921	3.477
3362.400	209.921	3.477
3362.600	209.920	3.477
3362.800	209.920	3.477
3363.000	209.922	3.477
3363.200	209.920	3.477
3363.400	209.919	3.477
3363.600	209.921	3.477
3363.800	209.922	3.477
3364.000	209.922	3.477
3364.200	209.920	3.477
3364.400	209.922	3.477
3364.600	209.922	3.477
3364.800	209.923	3.477
3365.000	209.920	3.477
3365.200	209.921	3.477
3365.400	209.923	3.477
3365.600	209.924	3.477
3365.800	209.925	3.477
3366.000	209.922	3.477
3366.200	209.923	3.477
3366.400	209.923	3.477
3366.600	209.924	3.477
3366.800	209.923	3.477
3367.000	209.925	3.477
3367.200	209.924	3.477
3367.400	209.923	3.477
3367.600	209.922	3.477
3367.800	209.925	3.477
3368.000	209.924	3.477
3368.200	209.924	3.477
3368.400	209.922	3.477
3368.600	209.924	3.477
3368.800	209.923	3.477
3369.000	209.923	3.477
3369.200	209.923	3.477
3369.400	209.925	3.477
3369.600	209.925	3.477
3369.800	209.923	3.477
3370.000	209.924	3.477
3370.200	209.923	3.477
3370.400	209.923	3.477
3370.600	209.923	3.477
3370.800	209.924	3.477
3371.000	209.924	3.477
3371.200	209.923	3.477
3371.400	209.924	3.477
3371.600	209.921	3.477
3371.800	209.923	3.477
3372.000	209.923	3.477
3372.200	209.922	3.477
3372.400	209.925	3.477
3372.600	209.922	3.477
3372.800	209.922	3.477
3373.000	209.923	3.477
3373.200	209.922	3.477
3373.400	209.923	3.477
3373.600	209.924	3.477
3373.800	209.924	3.477
3374.000	209.923	3.477
3374.200	209.924	3.477
3374.400	209.923	3.477
3374.600	209.923	3.477
3374.800	209.921	3.477
3375.000	209.921	3.477
3375.200	209.921	3.477
3375.400	209.924	3.477
3375.600	209.923	3.477
3375.800	209.923	3.477
3376.000	209.923	3.477
3376.200	209.922	3.477
3376.400	209.922	3.477
3376.600	209.922	3.477
3376.800	209.922	3.477
3377.000	209.920	3.477
3377.200	209.920	3.477
3377.400	209.920	3.477
3377.600	209.923	3.477
3377.800	209.922	3.477
3378.000	209.922	3.477
3378.200	209.921	3.477
3378.400	209.924	3.477
3378.600	209.922	3.477
3378.800	209.922	3.477
3379.000	209.921	3.477
3379.200	209.921	3.477
3379.400	209.921	3.477
3379.600	209.922	3.477
3379.800	209.923	3.477
3380.000	209.923	3.477
3380.200	209.924	3.477
3380.400	209.923	3.477
3380.600	209.921	3.477
3380.800	209.922	3.477
3381.000	209.924	3.477
3381.200	209.924	3.477
3381.400	209.922	3.477
3381.600	209.922	3.477
3381.800	209.921	3.477
3382.000	209.922	3.477
3382.200	209.922	3.477
3382.400	209.921	3.477
3382.600	209.921	3.477
3382.800	209.922	3.477
3383.000	209.923	3.477
3383.200	209.922	3.477
3383.400	209.924	3.477
3383.600	209.923	3.477
3383.800	209.922	3.477
3384.000	209.922	3.477
3384.200	209.922	3.477
3384.400	209.921	3.477
3384.600	209.922	3.477
3384.800	209.922	3.477
3385.000	209.921	3.477
3385.200	209.921	3.477
3385.400	209.922	3.477
3385.600	209.922	3.477
3385.800	209.921	3.477
3386.000	209.921	3.477
3386.200	209.922	3.477
3386.400	209.920	3.477
3386.600	209.921	3.477
3386.800	209.922	3.477
3387.000	209.920	3.477
3387.200	209.922	3.477
3387.400	209.924	3.477
3387.600	209.923	3.477
3387.800	209.922	3.477
3388.000	209.922	3.477
3388.200	209.922	3.477
3388.400	209.922	3.477
3388.600	209.924	3.477
3388.800	209.922	3.477
3389.000	209.923	3.477
3389.200	209.923	3.477
3389.400	209.922	3.477
3389.600	209.921	3.477
3389.800	209.923	3.477
3390.000	209.922	3.477
3390.200	209.923	3.477
3390.400	209.921	3.477
3390.600	209.923	3.477
3390.800	209.923	3.477
3391.000	209.923	3.477
3391.200	209.923	3.477
3391.400	209.922	3.477
3391.600	209.921	3.477
3391.800	209.923	3.477
3392.000	209.922	3.477
3392.200	209.923	3.477
3392.400	209.923	3.477
3392.600	209.924	3.477
3392.800	209.924	3.477
3393.000	209.923	3.477
3393.200	209.923	3.477
3393.400	209.924	3.477
3393.600	209.923	3.477
3393.800	209.923	3.477
3394.000	209.923	3.477
3394.200	209.923	3.477
3394.400	209.924	3.477
3394.600	209.923	3.477
3394.800	209.926	3.477
3395.000	209.926	3.477
3395.200	209.925	3.477
3395.400	209.925	3.477
3395.600	209.924	3.477
3395.800	209.925	3.477
3396.000	209.924	3.477
3396.200	209.924	3.477
3396.400	209.926	3.477
3396.600	209.925	3.477
3396.800	209.926	3.477
3397.000	209.923	3.477
3397.200	209.923	3.477
3397.400	209.923	3.477
3397.600	209.923	3.477
3397.800	209.924	3.477
3398.000	209.923	3.477
3398.200	209.923	3.477
3398.400	209.922	3.477
3398.600	209.923	3.477
3398.800	209.922	3.477
3399.000	209.923	3.477
3399.200	209.924	3.477
3399.400	209.922	3.477
3399.600	209.923	3.477
3399.800	209.923	3.477
3400.000	209.923	3.477
3400.200	209.923	3.477
3400.400	209.925	3.477
3400.600	209.923	3.477
3400.800	209.922	3.477
3401.000	209.924	3.477
3401.200	209.923	3.477
3401.400	209.922	3.477
3401.600	209.924	3.477
3401.800	209.925	3.477
3402.000	209.924	3.477
3402.200	209.925	3.477
3402.400	209.922	3.477
3402.600	209.923	3.477
3402.800	209.921	3.477
3403.000	209.922	3.477
3403.200	209.923	3.477
3403.400	209.923	3.477
3403.600	209.922	3.477
3403.800	209.921	3.477
3404.000	209.922	3.477
3404.200	209.922	3.477
3404.400	209.922	3.477
3404.600	209.922	3.477
3404.800	209.921	3.477
3405.000	209.923	3.477
3405.200	209.924	3.477
3405.400	209.922	3.477
3405.600	209.921	3.477
3405.800	209.923	3.477
3406.000	209.925	3.477
3406.200	209.922	3.477
3406.400	209.922	3.477
3406.600	209.924	3.477
3406.800	209.923	3.477
3407.000	209.921	3.477
3407.200	209.922	3.477
3407.400	209.923	3.477
3407.600	209.925	3.477
3407.800	209.923	3.477
3408.000	209.923	3.477
3408.200	209.921	3.477
3408.400	209.921	3.477
3408.600	209.921	3.477
3408.800	209.921	3.477
3409.000	209.924	3.477
3409.200	209.921	3.477
3409.400	209.923	3.477
3409.600	209.923	3.477
3409.800	209.922	3.477
3410.000	209.922	3.477
3410.200	209.922	3.477
3410.400	209.922	3.477
3410.600	209.920	3.477
3410.800	209.921	3.477
3411.000	209.921	3.477
3411.200	209.922	3.478
3411.400	209.920	3.478
3411.600	209.921	3.477
3411.800	209.922	3.478
3412.000	209.922	3.478
3412.200	209.923	3.478
3412.400	209.920	3.477
3412.600	209.921	3.478
3412.800	209.921	3.478
3413.000	209.921	3.478
3413.200	209.921	3.478
3413.400	209.921	3.478
3413.600	209.924	3.478
3413.800	209.923	3.478
3414.000	209.923	3.478
3414.200	209.924	3.478
3414.400	209.923	3.478
3414.600	209.923	3.478
3414.800	209.923	3.478
3415.000	209.920	3.478
3415.200	209.922	3.478
3415.400	209.922	3.478
3415.600	209.924	3.478
3415.800	209.924	3.478
3416.000	209.923	3.478
3416.200	209.923	3.478
3416.400	209.926	3.478
3416.600	209.924	3.478
3416.800	209.923	3.478
3417.000	209.923	3.478
3417.200	209.923	3.478
3417.400	209.925	3.478
3417.600	209.924	3.478
3417.800	209.922	3.478
3418.000	209.923	3.478
3418.200	209.923	3.478
3418.400	209.923	3.478
3418.600	209.923	3.478
3418.800	209.922	3.478
3419.000	209.924	3.478
3419.200	209.923	3.478
3419.400	209.924	3.478
3419.600	209.923	3.478
3419.800	209.923	3.478
3420.000	209.923	3.478
3420.200	209.922	3.478
3420.400	209.922	3.478
3420.600	209.922	3.478
3420.800	209.923	3.478
3421.000	209.923	3.478
3421.200	209.921	3.478
3421.400	209.925	3.478
3421.600	209.925	3.478
3421.800	209.922	3.478
3422.000	209.924	3.478
3422.200	209.924	3.478
3422.400	209.923	3.478
3422.600	209.924	3.478
3422.800	209.923	3.478
3423.000	209.924	3.478
3423.200	209.925	3.478
3423.400	209.924	3.478
3423.600	209.926	3.478
3423.800	209.923	3.478
3424.000	209.924	3.478
3424.200	209.926	3.478
3424.400	209.924	3.478
3424.600	209.925	3.478
3424.800	209.925	3.478
3425.000	209.924	3.478
3425.200	209.926	3.478
3425.400	209.927	3.478
3425.600	209.927	3.478
3425.800	209.925	3.478
3426.000	209.925	3.478
3426.200	209.926	3.478
3426.400	209.927	3.478
3426.600	209.925	3.478
3426.800	209.926	3.478
3427.000	209.926	3.478
3427.200	209.926	3.478
3427.400	209.926	3.478
3427.600	209.925	3.478
3427.800	209.926	3.478
3428.000	209.924	3.478
3428.200	209.925	3.478
3428.400	209.923	3.478
3428.600	209.924	3.478
3428.800	209.924	3.478
3429.000	209.925	3.478
3429.200	209.925	3.478
3429.400	209.924	3.478
3429.600	209.925	3.478
3429.800	209.926	3.478
3430.000	209.926	3.478
3430.200	209.926	3.478
3430.400	209.925	3.478
3430.600	209.926	3.478
3430.800	209.925	3.478
3431.000	209.925	3.478
3431.200	209.925	3.478
3431.400	209.924	3.478
3431.600	209.924	3.478
3431.800	209.924	3.478
3432.000	209.925	3.478
3432.200	209.925	3.478
3432.400	209.923	3.478
3432.600	209.923	3.478
3432.800	209.924	3.478
3433.000	209.924	3.478
3433.200	209.925	3.478
3433.400	209.925	3.478
3433.600	209.926	3.478
3433.800	209.925	3.478
3434.000	209.925	3.478
3434.200	209.926	3.478
3434.400	209.924	3.478
3434.600	209.924	3.478
3434.800	209.924	3.478
3435.000	209.924	3.478
3435.200	209.924	3.478
3435.400	209.924	3.478
3435.600	209.925	3.478
3435.800	209.925	3.478
3436.000	209.924	3.478
3436.200	209.924	3.478
3436.400	209.925	3.478
3436.600	209.925	3.478
3436.800	209.924	3.478
3437.000	209.927	3.478
3437.200	209.925	3.478
3437.400	209.922	3.478
3437.600	209.923	3.478
3437.800	209.924	3.478
3438.000	209.924	3.478
3438.200	209.924	3.478
3438.400	209.922	3.478
3438.600	209.922	3.478
3438.800	209.922	3.478
3439.000	209.923	3.478
3439.200	209.922	3.478
3439.400	209.921	3.478
3439.600	209.922	3.478
3439.800	209.922	3.478
3440.000	209.922	3.478
3440.200	209.923	3.478
3440.400	209.922	3.478
3440.600	209.920	3.478
3440.800	209.921	3.478
3441.000	209.921	3.478
3441.200	209.921	3.478
3441.400	209.923	3.478
3441.600	209.921	3.478
3441.800	209.923	3.478
3442.000	209.921	3.478
3442.200	209.922	3.478
3442.400	209.923	3.478
3442.600	209.923	3.478
3442.800	209.924	3.478
3443.000	209.924	3.478
3443.200	209.922	3.478
3443.400	209.921	3.478
3443.600	209.922	3.478
3443.800	209.922	3.478
3444.000	209.923	3.478
3444.200	209.921	3.478
3444.400	209.922	3.478
3444.600	209.924	3.478
3444.800	209.924	3.478
3445.000	209.924	3.478
3445.200	209.922	3.478
3445.400	209.922	3.478
3445.600	209.923	3.478
3445.800	209.924	3.478
3446.000	209.921	3.478
3446.200	209.924	3.478
3446.400	209.923	3.478
3446.600	209.924	3.478
3446.800	209.925	3.478
3447.000	209.922	3.478
3447.200	209.923	3.478
3447.400	209.923	3.478
3447.600	209.922	3.478
3447.800	209.923	3.478
3448.000	209.921	3.478
3448.200	209.922	3.478
3448.400	209.922	3.478
3448.600	209.923	3.478
3448.800	209.925	3.478
3449.000	209.922	3.478
3449.200	209.922	3.478
3449.400	209.922	3.478
3449.600	209.922	3.478
3449.800	209.922	3.478
3450.000	209.921	3.478
3450.200	209.921	3.478
3450.400	209.920	3.478
3450.600	209.923	3.478
3450.800	209.923	3.478
3451.000	209.922	3.478
3451.200	209.923	3.478
3451.400	209.923	3.478
3451.600	209.923	3.478
3451.800	209.923	3.478
3452.000	209.920	3.478
3452.200	209.922	3.478
3452.400	209.922	3.478
3452.600	209.922	3.478
3452.800	209.924	3.478
3453.000	209.922	3.478
3453.200	209.924	3.478
3453.400	209.923	3.478
3453.600	209.923	3.478
3453.800	209.924	3.478
3454.000	209.922	3.478
3454.200	209.921	3.478
3454.400	209.922	3.478
3454.600	209.922	3.478
3454.800	209.923	3.478
3455.000	209.922	3.478
3455.200	209.922	3.478
3455.400	209.920	3.478
3455.600	209.921	3.478
3455.800	209.920	3.478
3456.000	209.921	3.478
3456.200	209.921	3.478
3456.400	209.920	3.478
3456.600	209.920	3.478
3456.800	209.921	3.478
3457.000	209.922	3.478
3457.200	209.921	3.478
3457.400	209.921	3.478
3457.600	209.922	3.478
3457.800	209.922	3.478
3458.000	209.921	3.478
3458.200	209.922	3.478
3458.400	209.920	3.478
3458.600	209.919	3.478
3458.800	209.920	3.478
3459.000	209.921	3.478
3459.200	209.920	3.478
3459.400	209.921	3.478
3459.600	209.922	3.478
3459.800	209.921	3.478
3460.000	209.922	3.478
3460.200	209.923	3.478
3460.400	209.920	3.478
3460.600	209.922	3.478
3460.800	209.922	3.478
3461.000	209.922	3.478
3461.200	209.920	3.478
3461.400	209.923	3.478
3461.600	209.923	3.478
3461.800	209.923	3.478
3462.000	209.921	3.478
3462.200	209.921	3.478
3462.400	209.923	3.478
3462.600	209.922	3.478
3462.800	209.923	3.478
3463.000	209.922	3.478
3463.200	209.921	3.478
3463.400	209.921	3.478
3463.600	209.922	3.478
3463.800	209.921	3.478
3464.000	209.923	3.478
3464.200	209.922	3.478
3464.400	209.922	3.478
3464.600	209.922	3.478
3464.800	209.922	3.478
3465.000	209.924	3.478
3465.200	209.920	3.478
3465.400	209.921	3.478
3465.600	209.922	3.478
3465.800	209.921	3.478
3466.000	209.924	3.478
3466.200	209.922	3.478
3466.400	209.923	3.478
3466.600	209.923	3.478
3466.800	209.924	3.478
3467.000	209.923	3.478
3467.200	209.922	3.478
3467.400	209.923	3.478
3467.600	209.923	3.478
3467.800	209.923	3.478
3468.000	209.922	3.478
3468.200	209.922	3.478
3468.400	209.923	3.478
3468.600	209.922	3.478
3468.800	209.924	3.478
3469.000	209.921	3.478
3469.200	209.922	3.478
3469.400	209.922	3.478
3469.600	209.923	3.478
3469.800	209.920	3.478
3470.000	209.922	3.478
3470.200	209.923	3.479
3470.400	209.923	3.479
3470.600	209.923	3.478
3470.800	209.923	3.479
3471.000	209.924	3.479
3471.200	209.923	3.479
3471.400	209.923	3.479
3471.600	209.921	3.479
3471.800	209.922	3.479
3472.000	209.921	3.479
3472.200	209.921	3.479
3472.400	209.921	3.479
3472.600	209.921	3.479
3472.800	209.923	3.479
3473.000	209.923	3.479
3473.200	209.924	3.478
3473.400	209.923	3.479
3473.600	209.925	3.479
3473.800	209.924	3.479
3474.000	209.923	3.479
3474.200	209.923	3.479
3474.400	209.925	3.479
3474.600	209.924	3.479
3474.800	209.922	3.479
3475.000	209.922	3.479
3475.200	209.922	3.479
3475.400	209.923	3.479
3475.600	209.922	3.479
3475.800	209.923	3.479
3476.000	209.923	3.479
3476.200	209.922	3.479
3476.400	209.922	3.479
3476.600	209.923	3.479
3476.800	209.924	3.479
3477.000	209.923	3.479
3477.200	209.926	3.479
3477.400	209.925	3.479
3477.600	209.923	3.479
3477.800	209.923	3.479
3478.000	209.922	3.479
3478.200	209.923	3.479
3478.400	209.923	3.479
3478.600	209.924	3.479
3478.800	209.923	3.479
3479.000	209.925	3.479
3479.200	209.924	3.479
3479.400	209.923	3.479
3479.600	209.923	3.479
3479.800	209.924	3.479
3480.000	209.922	3.479
3480.200	209.924	3.479
3480.400	209.925	3.479
3480.600	209.924	3.479
3480.800	209.926	3.479
3481.000	209.925	3.479
3481.200	209.924	3.479
3481.400	209.923	3.479
3481.600	209.922	3.479
3481.800	209.924	3.479
3482.000	209.924	3.479
3482.200	209.922	3.479
3482.400	209.923	3.479
3482.600	209.923	3.479
3482.800	209.923	3.479
3483.000	209.925	3.479
3483.200	209.922	3.479
3483.400	209.924	3.479
3483.600	209.923	3.479
3483.800	209.924	3.479
3484.000	209.923	3.479
3484.200	209.923	3.479
3484.400	209.924	3.479
3484.600	209.923	3.479
3484.800	209.924	3.479
3485.000	209.924	3.479
3485.200	209.921	3.479
3485.400	209.923	3.479
3485.600	209.925	3.479
3485.800	209.924	3.479
3486.000	209.925	3.479
3486.200	209.926	3.479
3486.400	209.925	3.479
3486.600	209.925	3.479
3486.800	209.925	3.479
3487.000	209.924	3.479
3487.200	209.925	3.479
3487.400	209.925	3.479
3487.600	209.923	3.479
3487.800	209.924	3.479
3488.000	209.923	3.479
3488.200	209.925	3.479
3488.400	209.924	3.479
3488.600	209.925	3.479
3488.800	209.923	3.479
3489.000	209.924	3.479
3489.200	209.923	3.479
3489.400	209.925	3.479
3489.600	209.923	3.479
3489.800	209.924	3.479
3490.000	209.925	3.479
3490.200	209.926	3.479
3490.400	209.925	3.479
3490.600	209.925	3.479
3490.800	209.925	3.479
3491.000	209.924	3.479
3491.200	209.925	3.479
3491.400	209.924	3.479
3491.600	209.924	3.479
3491.800	209.924	3.479
3492.000	209.924	3.479
3492.200	209.925	3.479
3492.400	209.924	3.479
3492.600	209.924	3.479
3492.800	209.924	3.479
3493.000	209.923	3.479
3493.200	209.925	3.479
3493.400	209.924	3.479
3493.600	209.923	3.479
3493.800	209.923	3.479
3494.000	209.921	3.479
3494.200	209.924	3.479
3494.400	209.924	3.479
3494.600	209.922	3.479
3494.800	209.924	3.479
3495.000	209.924	3.479
3495.200	209.923	3.479
3495.400	209.922	3.479
3495.600	209.925	3.479
3495.800	209.925	3.479
3496.000	209.924	3.479
3496.200	209.922	3.479
3496.400	209.923	3.479
3496.600	209.921	3.479
3496.800	209.922	3.479
3497.000	209.923	3.479
3497.200	209.925	3.479
3497.400	209.924	3.479
3497.600	209.923	3.479
3497.800	209.923	3.479
3498.000	209.923	3.479
3498.200	209.923	3.479
3498.400	209.923	3.479
3498.600	209.923	3.479
3498.800	209.923	3.479
3499.000	209.922	3.479
3499.200	209.923	3.479
3499.400	209.921	3.479
3499.600	209.921	3.479
3499.800	209.922	3.479
3500.000	209.923	3.479
3500.200	209.922	3.479
3500.400	209.924	3.479
3500.600	209.924	3.479
3500.800	209.925	3.479
3501.000	209.925	3.479
3501.200	209.925	3.479
3501.400	209.927	3.479
3501.600	209.925	3.479
3501.800	209.922	3.479
3502.000	209.923	3.479
3502.200	209.923	3.479
3502.400	209.924	3.479
3502.600	209.923	3.479
3502.800	209.923	3.479
3503.000	209.924	3.479
3503.200	209.924	3.479
3503.400	209.924	3.479
3503.600	209.925	3.479
3503.800	209.925	3.479
3504.000	209.923	3.479
3504.200	209.923	3.479
3504.400	209.924	3.479
3504.600	209.925	3.479
3504.800	209.924	3.479
3505.000	209.925	3.479
3505.200	209.923	3.479
3505.400	209.923	3.479
3505.600	209.924	3.479
3505.800	209.924	3.479
3506.000	209.925	3.479
3506.200	209.925	3.479
3506.400	209.924	3.479
3506.600	209.924	3.479
3506.800	209.924	3.479
3507.000	209.925	3.479
3507.200	209.927	3.479
3507.400	209.925	3.479
3507.600	209.927	3.479
3507.800	209.926	3.479
3508.000	209.926	3.479
3508.200	209.925	3.479
3508.400	209.927	3.479
3508.600	209.925	3.479
3508.800	209.927	3.479
3509.000	209.927	3.479
3509.200	209.927	3.479
3509.400	209.926	3.479
3509.600	209.927	3.479
3509.800	209.925	3.479
3510.000	209.925	3.479
3510.200	209.925	3.479
3510.400	209.925	3.479
3510.600	209.927	3.479
3510.800	209.925	3.479
3511.000	209.926	3.479
3511.200	209.926	3.479
3511.400	209.925	3.479
3511.600	209.925	3.479
3511.800	209.925	3.479
3512.000	209.925	3.479
3512.200	209.925	3.479
3512.400	209.925	3.479
3512.600	209.926	3.479
3512.800	209.927	3.479
3513.000	209.927	3.479
3513.200	209.925	3.479
3513.400	209.926	3.479
3513.600	209.925	3.479
3513.800	209.928	3.479
3514.000	209.927	3.479
3514.200	209.926	3.479
3514.400	209.925	3.479
3514.600	209.925	3.479
3514.800	209.925	3.479
3515.000	209.926	3.479
3515.200	209.927	3.479
3515.400	209.926	3.479
3515.600	209.925	3.479
3515.800	209.926	3.479
3516.000	209.927	3.479
3516.200	209.927	3.479
3516.400	209.927	3.479
3516.600	209.928	3.479
3516.800	209.925	3.479
3517.000	209.928	3.479
3517.200	209.928	3.479
3517.400	209.928	3.479
3517.600	209.929	3.479
3517.800	209.927	3.479
3518.000	209.926	3.479
3518.200	209.927	3.479
3518.400	209.927	3.479
3518.600	209.928	3.479
3518.800	209.929	3.479
3519.000	209.931	3.479
3519.200	209.928	3.479
3519.400	209.930	3.479
3519.600	209.927	3.479
3519.800	209.928	3.479
3520.000	209.927	3.479
3520.200	209.929	3.479
3520.400	209.928	3.479
3520.600	209.927	3.479
3520.800	209.929	3.479
3521.000	209.928	3.479
3521.200	209.928	3.479
3521.400	209.926	3.479
3521.600	209.928	3.479
3521.800	209.928	3.479
3522.000	209.930	3.479
3522.200	209.929	3.479
3522.400	209.927	3.479
3522.600	209.926	3.479
3522.800	209.927	3.479
3523.000	209.927	3.479
3523.200	209.927	3.479
3523.400	209.927	3.479
3523.600	209.924	3.479
3523.800	209.926	3.479
3524.000	209.927	3.479
3524.200	209.928	3.479
3524.400	209.929	3.479
3524.600	209.927	3.479
3524.800	209.929	3.479
3525.000	209.928	3.479
3525.200	209.926	3.479
3525.400	209.927	3.479
3525.600	209.928	3.479
3525.800	209.926	3.479
3526.000	209.926	3.479
3526.200	209.926	3.479
3526.400	209.928	3.479
3526.600	209.926	3.479
3526.800	209.926	3.479
3527.000	209.928	3.479
3527.200	209.927	3.479
3527.400	209.928	3.479
3527.600	209.928	3.479
3527.800	209.926	3.479
3528.000	209.925	3.479
3528.200	209.925	3.479
3528.400	209.925	3.479
3528.600	209.925	3.479
3528.800	209.926	3.479
3529.000	209.925	3.480
3529.200	209.926	3.479
3529.400	209.926	3.479
3529.600	209.926	3.479
3529.800	209.927	3.479
3530.000	209.927	3.479
3530.200	209.927	3.479
3530.400	209.929	3.480
3530.600	209.928	3.480
3530.800	209.925	3.480
3531.000	209.927	3.480
3531.200	209.928	3.480
3531.400	209.928	3.480
3531.600	209.926	3.480
3531.800	209.926	3.480
3532.000	209.928	3.480
3532.200	209.927	3.480
3532.400	209.925	3.480
3532.600	209.924	3.480
3532.800	209.925	3.480
3533.000	209.926	3.480
3533.200	209.927	3.480
3533.400	209.924	3.480
3533.600	209.927	3.480
3533.800	209.926	3.480
3534.000	209.927	3.480
3534.200	209.925	3.480
3534.400	209.925	3.480
3534.600	209.925	3.480
3534.800	209.926	3.480
3535.000	209.926	3.480
3535.200	209.926	3.480
3535.400	209.926	3.480
3535.600	209.928	3.480
3535.800	209.927	3.480
3536.000	209.925	3.480
3536.200	209.924	3.480
3536.400	209.926	3.480
3536.600	209.925	3.480
3536.800	209.926	3.480
3537.000	209.926	3.480
3537.200	209.926	3.480
3537.400	209.927	3.480
3537.600	209.926	3.480
3537.800	209.925	3.480
3538.000	209.925	3.480
3538.200	209.925	3.480
3538.400	209.927	3.480
3538.600	209.927	3.480
3538.800	209.926	3.480
3539.000	209.927	3.480
3539.200	209.927	3.480
3539.400	209.926	3.480
3539.600	209.926	3.480
3539.800	209.927	3.480
3540.000	209.927	3.480
3540.200	209.927	3.480
3540.400	209.927	3.480
3540.600	209.928	3.480
3540.800	209.928	3.480
3541.000	209.928	3.480
3541.200	209.928	3.480
3541.400	209.928	3.480
3541.600	209.928	3.480
3541.800	209.925	3.480
3542.000	209.929	3.480
3542.200	209.929	3.480
3542.400	209.928	3.480
3542.600	209.928	3.480
3542.800	209.928	3.480
3543.000	209.930	3.480
3543.200	209.930	3.480
3543.400	209.929	3.480
3543.600	209.929	3.480
3543.800	209.928	3.480
3544.000	209.928	3.480
3544.200	209.929	3.480
3544.400	209.929	3.480
3544.600	209.926	3.480
3544.800	209.926	3.480
3545.000	209.926	3.480
3545.200	209.927	3.480
3545.400	209.927	3.480
3545.600	209.926	3.480
3545.800	209.926	3.480
3546.000	209.927	3.480
3546.200	209.928	3.480
3546.400	209.926	3.480
3546.600	209.926	3.480
3546.800	209.926	3.480
3547.000	209.926	3.480
3547.200	209.927	3.480
3547.400	209.927	3.480
3547.600	209.924	3.480
3547.800	209.926	3.480
3548.000	209.926	3.480
3548.200	209.927	3.480
3548.400	209.928	3.480
3548.600	209.925	3.480
3548.800	209.926	3.480
3549.000	209.926	3.480
3549.200	209.927	3.480
3549.400	209.925	3.480
3549.600	209.925	3.480
3549.800	209.925	3.480
3550.000	209.924	3.480
3550.200	209.927	3.480
3550.400	209.925	3.480
3550.600	209.926	3.480
3550.800	209.926	3.480
3551.000	209.927	3.480
3551.200	209.926	3.480
3551.400	209.926	3.480
3551.600	209.928	3.480
3551.800	209.928	3.480
3552.000	209.927	3.480
3552.200	209.927	3.480
3552.400	209.927	3.480
3552.600	209.926	3.480
3552.800	209.927	3.480
3553.000	209.928	3.480
3553.200	209.926	3.480
3553.400	209.925	3.480
3553.600	209.925	3.480
3553.800	209.925	3.480
3554.000	209.924	3.480
3554.200	209.926	3.480
3554.400	209.927	3.480
3554.600	209.926	3.480
3554.800	209.926	3.480
3555.000	209.924	3.480
3555.200	209.925	3.480
3555.400	209.925	3.480
3555.600	209.928	3.480
3555.800	209.925	3.480
3556.000	209.926	3.480
3556.200	209.924	3.480
3556.400	209.925	3.480
3556.600	209.925	3.480
3556.800	209.924	3.480
3557.000	209.925	3.480
3557.200	209.923	3.480
3557.400	209.925	3.480
3557.600	209.924	3.480
3557.800	209.927	3.480
3558.000	209.926	3.480
3558.200	209.925	3.480
3558.400	209.924	3.480
3558.600	209.923	3.480
3558.800	209.926	3.480
3559.000	209.925	3.480
3559.200	209.924	3.480
3559.400	209.922	3.480
3559.600	209.922	3.480
3559.800	209.922	3.480
3560.000	209.924	3.480
3560.200	209.925	3.480
3560.400	209.923	3.480
3560.600	209.925	3.480
3560.800	209.925	3.480
3561.000	209.925	3.480
3561.200	209.924	3.480
3561.400	209.925	3.480
3561.600	209.926	3.480
3561.800	209.927	3.480
3562.000	209.926	3.480
3562.200	209.925	3.480
3562.400	209.926	3.480
3562.600	209.928	3.480
3562.800	209.926	3.480
3563.000	209.926	3.480
3563.200	209.926	3.480
3563.400	209.924	3.480
3563.600	209.925	3.480
3563.800	209.926	3.480
3564.000	209.925	3.480
3564.200	209.925	3.480
3564.400	209.925	3.480
3564.600	209.926	3.480
3564.800	209.927	3.480
3565.000	209.926	3.480
3565.200	209.925	3.480
3565.400	209.927	3.480
3565.600	209.927	3.480
3565.800	209.925	3.480
3566.000	209.924	3.480
3566.200	209.924	3.480
3566.400	209.925	3.480
3566.600	209.925	3.480
3566.800	209.925	3.480
3567.000	209.927	3.480
3567.200	209.927	3.480
3567.400	209.926	3.480
3567.600	209.924	3.480
3567.800	209.927	3.480
3568.000	209.927	3.480
3568.200	209.925	3.480
3568.400	209.928	3.480
3568.600	209.927	3.480
3568.800	209.927	3.480
3569.000	209.929	3.480
3569.200	209.929	3.480
3569.400	209.927	3.480
3569.600	209.926	3.480
3569.800	209.927	3.480
3570.000	209.929	3.480
3570.200	209.928	3.480
3570.400	209.927	3.480
3570.600	209.926	3.480
3570.800	209.925	3.480
3571.000	209.926	3.480
3571.200	209.926	3.480
3571.400	209.927	3.480
3571.600	209.927	3.480
3571.800	209.928	3.480
3572.000	209.929	3.480
3572.200	209.929	3.480
3572.400	209.928	3.480
3572.600	209.928	3.480
3572.800	209.929	3.480
3573.000	209.928	3.480
3573.200	209.928	3.480
3573.400	209.927	3.480
3573.600	209.928	3.480
3573.800	209.928	3.480
3574.000	209.927	3.480
3574.200	209.928	3.480
3574.400	209.929	3.480
3574.600	209.930	3.480
3574.800	209.927	3.480
3575.000	209.927	3.480
3575.200	209.928	3.480
3575.400	209.928	3.480
3575.600	209.928	3.480
3575.800	209.928	3.480
3576.000	209.927	3.480
3576.200	209.928	3.480
3576.400	209.928	3.480
3576.600	209.929	3.480
3576.800	209.929	3.480
3577.000	209.929	3.480
3577.200	209.928	3.480
3577.400	209.928	3.480
3577.600	209.928	3.480
3577.800	209.927	3.480
3578.000	209.928	3.480
3578.200	209.928	3.480
3578.400	209.929	3.480
3578.600	209.929	3.480
3578.800	209.928	3.480
3579.000	209.929	3.480
3579.200	209.931	3.480
3579.400	209.930	3.480
3579.600	209.930	3.480
3579.800	209.929	3.480
3580.000	209.929	3.480
3580.200	209.930	3.480
3580.400	209.929	3.480
3580.600	209.930	3.480
3580.800	209.930	3.480
3581.000	209.931	3.480
3581.200	209.931	3.480
3581.400	209.930	3.480
3581.600	209.932	3.480
3581.800	209.930	3.480
3582.000	209.930	3.480
3582.200	209.929	3.480
3582.400	209.927	3.480
3582.600	209.928	3.480
3582.800	209.928	3.480
3583.000	209.928	3.480
3583.200	209.928	3.480
3583.400	209.930	3.480
3583.600	209.930	3.480
3583.800	209.930	3.480
3584.000	209.930	3.480
3584.200	209.928	3.480
3584.400	209.930	3.480
3584.600	209.931	3.480
3584.800	209.930	3.480
3585.000	209.931	3.480
3585.200	209.931	3.480
3585.400	209.930	3.480
3585.600	209.929	3.480
3585.800	209.929	3.480
3586.000	209.928	3.480
3586.200	209.930	3.480
3586.400	209.929	3.480
3586.600	209.929	3.480
3586.800	209.930	3.480
3587.000	209.930	3.480
3587.200	209.928	3.480
3587.400	209.928	3.480
3587.600	209.929	3.480
3587.800	209.929	3.480
3588.000	209.928	3.480
3588.200	209.927	3.480
3588.400	209.930	3.480
3588.600	209.929	3.480
3588.800	209.929	3.480
3589.000	209.928	3.480
3589.200	209.929	3.480
3589.400	209.928	3.480
3589.600	209.927	3.480
3589.800	209.928	3.480
3590.000	209.929	3.480
3590.200	209.928	3.480
3590.400	209.927	3.480
3590.600	209.927	3.480
3590.800	209.928	3.480
3591.000	209.928	3.480
3591.200	209.930	3.480
3591.400	209.930	3.480
3591.600	209.930	3.480
3591.800	209.929	3.480
3592.000	209.930	3.480
3592.200	209.928	3.480
3592.400	209.928	3.480
3592.600	209.930	3.481
3592.800	209.928	3.481
3593.000	209.928	3.481
3593.200	209.928	3.481
3593.400	209.928	3.481
3593.600	209.930	3.481
3593.800	209.930	3.481
3594.000	209.928	3.481
3594.200	209.929	3.481
3594.400	209.930	3.481
3594.600	209.931	3.481
3594.800	209.930	3.481
3595.000	209.931	3.481
3595.200	209.930	3.481
3595.400	209.928	3.481
3595.600	209.930	3.481
3595.800	209.929	3.481
3596.000	209.930	3.481
3596.200	209.930	3.481
3596.400	209.929	3.481
3596.600	209.930	3.481
3596.800	209.930	3.481
3597.000	209.929	3.481
3597.200	209.931	3.481
3597.400	209.929	3.481
3597.600	209.929	3.481
3597.800	209.930	3.481
3598.000	209.930	3.481
3598.200	209.928	3.481
3598.400	209.927	3.481
3598.600	209.928	3.481
3598.800	209.929	3.481
3599.000	209.929	3.481
3599.200	209.929	3.481
3599.400	209.930	3.481
3599.600	209.931	3.481
3599.800	209.929	3.481
3600.000	209.929	3.481
3600.200	0.157	3.468
3600.400	0.078	3.467
3600.600	0.061	3.467
3600.800	0.050	3.467
3601.000	0.045	3.467
3601.200	0.041	3.467
3601.400	0.040	3.467
3601.600	0.038	3.467
3601.800	0.036	3.467
3602.000	0.035	3.467
3602.200	0.035	3.467
3602.400	0.034	3.467
3602.600	0.033	3.467
3602.800	0.033	3.467
3603.000	0.031	3.467
3603.200	0.030	3.467
3603.400	0.030	3.467
3603.600	0.029	3.467
3603.800	0.030	3.466
3604.000	0.029	3.466
3604.200	0.030	3.466
3604.400	0.028	3.466
3604.600	0.029	3.466
3604.800	0.029	3.466
3605.000	0.027	3.466
3605.200	0.028	3.466
3605.400	0.028	3.466
3605.600	0.029	3.466
3605.800	0.027	3.466
3606.000	0.028	3.466
3606.200	0.028	3.466
3606.400	0.025	3.466
3606.600	0.026	3.466
3606.800	0.028	3.466
3607.000	0.028	3.466
3607.200	0.025	3.466
3607.400	0.028	3.466
3607.600	0.027	3.466
3607.800	0.026	3.466
3608.000	0.026	3.466
3608.200	0.025	3.466
3608.400	0.027	3.466
3608.600	0.025	3.466
3608.800	0.026	3.466
3609.000	0.026	3.466
3609.200	0.026	3.466
3609.400	0.026	3.466
3609.600	0.025	3.466
3609.800	0.025	3.466
3610.000	0.026	3.466
3610.200	0.025	3.465
3610.400	0.026	3.466
3610.600	0.025	3.465
3610.800	0.024	3.465
3611.000	0.026	3.465
3611.200	0.025	3.465
3611.400	0.027	3.465
3611.600	0.026	3.465
3611.800	0.029	3.465
3612.000	0.028	3.465
3612.200	0.026	3.465
3612.400	0.025	3.465
3612.600	0.027	3.465
3612.800	0.023	3.465
3613.000	0.025	3.465
3613.200	0.025	3.465
3613.400	0.027	3.465
3613.600	0.025	3.465
3613.800	0.024	3.465
3614.000	0.025	3.465
3614.200	0.025	3.465
3614.400	0.026	3.465
3614.600	0.026	3.465
3614.800	0.025	3.465
3615.000	0.025	3.465
3615.200	0.025	3.465
3615.400	0.025	3.465
3615.600	0.026	3.465
3615.800	0.025	3.465
3616.000	0.023	3.465
3616.200	0.023	3.465
3616.400	0.024	3.465
3616.600	0.024	3.465
3616.800	0.024	3.465
3617.000	0.025	3.465
3617.200	0.024	3.465
3617.400	0.026	3.465
3617.600	0.024	3.465
3617.800	0.025	3.465
3618.000	0.027	3.465
3618.200	0.025	3.465
3618.400	0.026	3.465
3618.600	0.025	3.465
3618.800	0.025	3.465
3619.000	0.024	3.465
3619.200	0.025	3.465
3619.400	0.025	3.465
3619.600	0.025	3.465
3619.800	0.024	3.465
3620.000	0.025	3.465
3620.200	0.026	3.465
3620.400	0.024	3.465
3620.600	0.023	3.465
3620.800	0.024	3.465
3621.000	0.025	3.465
3621.200	0.027	3.465
3621.400	0.025	3.465
3621.600	0.025	3.464
3621.800	0.022	3.464
3622.000	0.024	3.464
3622.200	0.024	3.464
3622.400	0.024	3.464
3622.600	0.025	3.464
3622.800	0.022	3.464
3623.000	0.025	3.464
3623.200	0.024	3.464
3623.400	0.024	3.464
3623.600	0.023	3.464
3623.800	0.024	3.464
3624.000	0.024	3.464
3624.200	0.024	3.464
3624.400	0.025	3.464
3624.600	0.022	3.464
3624.800	0.023	3.464
3625.000	0.023	3.464
3625.200	0.023	3.464
3625.400	0.023	3.464
3625.600	0.022	3.464
3625.800	0.023	3.464
3626.000	0.024	3.464
3626.200	0.024	3.464
3626.400	0.024	3.464
3626.600	0.025	3.464
3626.800	0.023	3.464
3627.000	0.024	3.464
3627.200	0.024	3.464
3627.400	0.024	3.464
3627.600	0.023	3.464
3627.800	0.022	3.464
3628.000	0.023	3.464
3628.200	0.022	3.464
3628.400	0.023	3.464
3628.600	0.023	3.464
3628.800	0.023	3.464
3629.000	0.023	3.464
3629.200	0.023	3.464
3629.400	0.023	3.464
3629.600	0.025	3.464
3629.800	0.023	3.464
3630.000	0.024	3.464
3630.200	0.023	3.464
3630.400	0.022	3.464
3630.600	0.022	3.464
3630.800	0.024	3.464
3631.000	0.024	3.464
3631.200	0.023	3.464
3631.400	0.023	3.464
3631.600	0.024	3.464
3631.800	0.025	3.464
3632.000	0.025	3.464
3632.200	0.024	3.464
3632.400	0.022	3.464
3632.600	0.023	3.464
3632.800	0.022	3.464
3633.000	0.022	3.464
3633.200	0.024	3.464
3633.400	0.023	3.464
3633.600	0.022	3.464
3633.800	0.024	3.464
3634.000	0.024	3.464
3634.200	0.023	3.464
3634.400	0.022	3.464
3634.600	0.025	3.464
3634.800	0.022	3.464
3635.000	0.023	3.464
3635.200	0.023	3.464
3635.400	0.023	3.464
3635.600	0.023	3.464
3635.800	0.022	3.464
3636.000	0.024	3.464
3636.200	0.024	3.464
3636.400	0.025	3.464
3636.600	0.022	3.464
3636.800	0.024	3.464
3637.000	0.022	3.464
3637.200	0.023	3.464
3637.400	0.024	3.464
3637.600	0.024	3.464
3637.800	0.022	3.464
3638.000	0.021	3.464
3638.200	0.023	3.464
3638.400	0.023	3.464
3638.600	0.021	3.464
3638.800	0.023	3.464
3639.000	0.023	3.463
3639.200	0.024	3.464
3639.400	0.024	3.464
3639.600	0.023	3.463
3639.800	0.024	3.463
3640.000	0.024	3.463
3640.200	0.021	3.463
3640.400	0.022	3.463
3640.600	0.023	3.463
3640.800	0.023	3.463
3641.000	0.021	3.463
3641.200	0.022	3.463
3641.400	0.021	3.463
3641.600	0.022	3.463
3641.800	0.023	3.463
3642.000	0.023	3.463
3642.200	0.023	3.463
3642.400	0.023	3.463
3642.600	0.022	3.463
3642.800	0.022	3.463
3643.000	0.021	3.463
3643.200	0.022	3.463
3643.400	0.023	3.463
3643.600	0.022	3.463
3643.800	0.025	3.463
3644.000	0.024	3.463
3644.200	0.025	3.463
3644.400	0.025	3.463
3644.600	0.024	3.463
3644.800	0.024	3.463
3645.000	0.023	3.463
3645.200	0.023	3.463
3645.400	0.024	3.463
3645.600	0.023	3.463
3645.800	0.022	3.463
3646.000	0.022	3.463
3646.200	0.023	3.463
3646.400	0.023	3.463
3646.600	0.022	3.463
3646.800	0.023	3.463
3647.000	0.024	3.463
3647.200	0.024	3.463
3647.400	0.024	3.463
3647.600	0.022	3.463
3647.800	0.023	3.463
3648.000	0.023	3.463
3648.200	0.022	3.463
3648.400	0.023	3.463
3648.600	0.023	3.463
3648.800	0.025	3.463
3649.000	0.022	3.463
3649.200	0.022	3.463
3649.400	0.021	3.463
3649.600	0.025	3.463
3649.800	0.022	3.463
3650.000	0.022	3.463
3650.200	0.022	3.463
3650.400	0.024	3.463
3650.600	0.022	3.463
3650.800	0.021	3.463
3651.000	0.023	3.463
3651.200	0.024	3.463
3651.400	0.023	3.463
3651.600	0.023	3.463
3651.800	0.023	3.463
3652.000	0.022	3.463
3652.200	0.025	3.463
3652.400	0.023	3.463
3652.600	0.024	3.463
3652.800	0.023	3.463
3653.000	0.026	3.463
3653.200	0.025	3.463
3653.400	0.025	3.463
3653.600	0.026	3.463
3653.800	0.025	3.463
3654.000	0.026	3.463
3654.200	0.025	3.463
3654.400	0.024	3.463
3654.600	0.024	3.463
3654.800	0.022	3.463
3655.000	0.024	3.463
3655.200	0.024	3.463
3655.400	0.024	3.463
3655.600	0.024	3.463
3655.800	0.024	3.463
3656.000	0.023	3.463
3656.200	0.023	3.463
3656.400	0.023	3.463
3656.600	0.023	3.463
3656.800	0.023	3.463
3657.000	0.024	3.463
3657.200	0.023	3.463
3657.400	0.025	3.463
3657.600	0.026	3.463
3657.800	0.025	3.463
3658.000	0.025	3.463
3658.200	0.024	3.463
3658.400	0.023	3.463
3658.600	0.024	3.463
3658.800	0.026	3.463
3659.000	0.026	3.463
3659.200	0.024	3.463
3659.400	0.026	3.463
3659.600	0.024	3.463
3659.800	0.024	3.463
3660.000	0.025	3.463
3660.200	0.026	3.463
3660.400	0.025	3.463
3660.600	0.024	3.463
3660.800	0.024	3.463
3661.000	0.025	3.463
3661.200	0.025	3.463
3661.400	0.025	3.463
3661.600	0.025	3.463
3661.800	0.025	3.463
3662.000	0.026	3.463
3662.200	0.025	3.463
3662.400	0.025	3.463
3662.600	0.026	3.463
3662.800	0.025	3.463
3663.000	0.025	3.463
3663.200	0.023	3.463
3663.400	0.024	3.463
3663.600	0.023	3.463
3663.800	0.022	3.463
3664.000	0.023	3.463
3664.200	0.025	3.463
3664.400	0.023	3.463
3664.600	0.024	3.463
3664.800	0.023	3.463
3665.000	0.022	3.463
3665.200	0.023	3.462
3665.400	0.023	3.462
3665.600	0.025	3.462
3665.800	0.024	3.462
3666.000	0.023	3.462
3666.200	0.024	3.462
3666.400	0.024	3.462
3666.600	0.023	3.462
3666.800	0.023	3.462
3667.000	0.022	3.462
3667.200	0.023	3.462
3667.400	0.022	3.462
3667.600	0.025	3.462
3667.800	0.024	3.462
3668.000	0.022	3.462
3668.200	0.023	3.462
3668.400	0.024	3.462
3668.600	0.025	3.462
3668.800	0.024	3.462
3669.000	0.024	3.462
3669.200	0.024	3.462
3669.400	0.023	3.462
3669.600	0.024	3.462
3669.800	0.024	3.462
3670.000	0.024	3.462
3670.200	0.024	3.462
3670.400	0.022	3.462
3670.600	0.023	3.462
3670.800	0.023	3.462
3671.000	0.024	3.462
3671.200	0.024	3.462
3671.400	0.022	3.462
3671.600	0.021	3.462
3671.800	0.023	3.462
3672.000	0.022	3.462
3672.200	0.021	3.462
3672.400	0.024	3.462
3672.600	0.024	3.462
3672.800	0.022	3.462
3673.000	0.023	3.462
3673.200	0.024	3.462
3673.400	0.023	3.462
3673.600	0.022	3.462
3673.800	0.024	3.462
3674.000	0.024	3.462
3674.200	0.024	3.462
3674.400	0.024	3.462
3674.600	0.024	3.462
3674.800	0.024	3.462
3675.000	0.025	3.462
3675.200	0.023	3.462
3675.400	0.023	3.462
3675.600	0.024	3.462
3675.800	0.024	3.462
3676.000	0.024	3.462
3676.200	0.023	3.462
3676.400	0.024	3.462
3676.600	0.023	3.462
3676.800	0.024	3.462
3677.000	0.024	3.462
3677.200	0.024	3.462
3677.400	0.025	3.462
3677.600	0.023	3.462
3677.800	0.022	3.462
3678.000	0.022	3.462
3678.200	0.024	3.462
3678.400	0.023	3.462
3678.600	0.022	3.462
3678.800	0.022	3.462
3679.000	0.024	3.462
3679.200	0.023	3.462
3679.400	0.023	3.462
3679.600	0.023	3.462
3679.800	0.020	3.462
3680.000	0.021	3.462
3680.200	0.021	3.462
3680.400	0.022	3.462
3680.600	0.023	3.462
3680.800	0.021	3.462
3681.000	0.022	3.462
3681.200	0.021	3.462
3681.400	0.022	3.462
3681.600	0.022	3.462
3681.800	0.020	3.462
3682.000	0.018	3.462
3682.200	0.020	3.462
3682.400	0.021	3.462
3682.600	0.020	3.462
3682.800	0.020	3.462
3683.000	0.021	3.462
3683.200	0.022	3.462
3683.400	0.022	3.462
3683.600	0.021	3.462
3683.800	0.023	3.462
3684.000	0.021	3.462
3684.200	0.022	3.462
3684.400	0.022	3.462
3684.600	0.022	3.462
3684.800	0.022	3.462
3685.000	0.023	3.462
3685.200	0.022	3.462
3685.400	0.021	3.462
3685.600	0.021	3.462
3685.800	0.022	3.462
3686.000	0.022	3.462
3686.200	0.023	3.462
3686.400	0.020	3.462
3686.600	0.020	3.462
3686.800	0.022	3.462
3687.000	0.021	3.462
3687.200	0.023	3.462
3687.400	0.020	3.462
3687.600	0.021	3.462
3687.800	0.021	3.462
3688.000	0.022	3.462
3688.200	0.021	3.462
3688.400	0.022	3.462
3688.600	0.019	3.462
3688.800	0.018	3.462
3689.000	0.020	3.462
3689.200	0.020	3.462
3689.400	0.020	3.462
3689.600	0.019	3.462
3689.800	0.020	3.462
3690.000	0.019	3.462
3690.200	0.020	3.462
3690.400	0.020	3.462
3690.600	0.019	3.462
3690.800	0.020	3.462
3691.000	0.020	3.462
3691.200	0.020	3.462
3691.400	0.022	3.462
3691.600	0.019	3.462
3691.800	0.019	3.462
3692.000	0.019	3.462
3692.200	0.020	3.462
3692.400	0.020	3.462
3692.600	0.020	3.462
3692.800	0.020	3.462
3693.000	0.020	3.462
3693.200	0.020	3.462
3693.400	0.020	3.462
3693.600	0.022	3.462
3693.800	0.021	3.462
3694.000	0.022	3.462
3694.200	0.020	3.462
3694.400	0.022	3.462
3694.600	0.022	3.462
3694.800	0.021	3.462
3695.000	0.022	3.462
3695.200	0.022	3.462
3695.400	0.021	3.462
3695.600	0.021	3.462
3695.800	0.021	3.462
3696.000	0.020	3.462
3696.200	0.022	3.462
3696.400	0.023	3.462
3696.600	0.021	3.462
3696.800	0.021	3.462
3697.000	0.020	3.462
3697.200	0.019	3.462
3697.400	0.021	3.462
3697.600	0.021	3.462
3697.800	0.021	3.462
3698.000	0.021	3.462
3698.200	0.020	3.462
3698.400	0.021	3.462
3698.600	0.022	3.462
3698.800	0.020	3.462
3699.000	0.022	3.462
3699.200	0.022	3.462
3699.400	0.021	3.462
3699.600	0.021	3.462
3699.800	0.020	3.462
3700.000	0.019	3.462
3700.200	0.022	3.462
3700.400	0.022	3.462
3700.600	0.019	3.462
3700.800	0.021	3.462
3701.000	0.019	3.462
3701.200	0.020	3.462
3701.400	0.018	3.462
3701.600	0.021	3.462
3701.800	0.020	3.462
3702.000	0.021	3.462
3702.200	0.021	3.462
3702.400	0.021	3.462
3702.600	0.020	3.462
3702.800	0.020	3.462
3703.000	0.021	3.462
3703.200	0.019	3.462
3703.400	0.021	3.462
3703.600	0.021	3.462
3703.800	0.021	3.462
3704.000	0.022	3.462
3704.200	0.021	3.462
3704.400	0.020	3.462
3704.600	0.020	3.462
3704.800	0.019	3.462
3705.000	0.020	3.462
3705.200	0.021	3.462
3705.400	0.022	3.462
3705.600	0.021	3.462
3705.800	0.021	3.461
3706.000	0.021	3.462
3706.200	0.022	3.461
3706.400	0.020	3.461
3706.600	0.019	3.461
3706.800	0.020	3.461
3707.000	0.021	3.461
3707.200	0.018	3.461
3707.400	0.019	3.461
3707.600	0.021	3.461
3707.800	0.020	3.461
3708.000	0.020	3.461
3708.200	0.022	3.461
3708.400	0.020	3.461
3708.600	0.020	3.461
3708.800	0.020	3.461
3709.000	0.021	3.461
3709.200	0.022	3.461
3709.400	0.022	3.461
3709.600	0.020	3.461
3709.800	0.021	3.461
3710.000	0.022	3.461
3710.200	0.022	3.461
3710.400	0.022	3.461
3710.600	0.021	3.461
3710.800	0.023	3.461
3711.000	0.022	3.461
3711.200	0.020	3.461
3711.400	0.020	3.461
3711.600	0.020	3.461
3711.800	0.021	3.461
3712.000	0.021	3.461
3712.200	0.021	3.461
3712.400	0.020	3.461
3712.600	0.021	3.461
3712.800	0.021	3.461
3713.000	0.019	3.461
3713.200	0.021	3.461
3713.400	0.021	3.461
3713.600	0.020	3.461
3713.800	0.018	3.461
3714.000	0.019	3.461
3714.200	0.019	3.461
3714.400	0.020	3.461
3714.600	0.019	3.461
3714.800	0.021	3.461
3715.000	0.019	3.461
3715.200	0.020	3.461
3715.400	0.021	3.461
3715.600	0.020	3.461
3715.800	0.019	3.461
3716.000	0.020	3.461
3716.200	0.022	3.461
3716.400	0.022	3.461
3716.600	0.020	3.461
3716.800	0.021	3.461
3717.000	0.021	3.461
3717.200	0.020	3.461
3717.400	0.020	3.461
3717.600	0.021	3.461
3717.800	0.019	3.461
3718.000	0.021	3.461
3718.200	0.022	3.461
3718.400	0.022	3.461
3718.600	0.020	3.461
3718.800	0.020	3.461
3719.000	0.020	3.461
3719.200	0.022	3.461
3719.400	0.019	3.461
3719.600	0.020	3.461
3719.800	0.021	3.461
3720.000	0.020	3.461
3720.200	0.021	3.461
3720.400	0.020	3.461
3720.600	0.020	3.461
3720.800	0.021	3.461
3721.000	0.020	3.461
3721.200	0.020	3.461
3721.400	0.020	3.461
3721.600	0.019	3.461
3721.800	0.020	3.461
3722.000	0.020	3.461
3722.200	0.021	3.461
3722.400	0.020	3.461
3722.600	0.021	3.461
3722.800	0.022	3.461
3723.000	0.021	3.461
3723.200	0.021	3.461
3723.400	0.020	3.461
3723.600	0.020	3.461
3723.800	0.023	3.461
3724.000	0.023	3.461
3724.200	0.024	3.461
3724.400	0.023	3.461
3724.600	0.021	3.461
3724.800	0.022	3.461
3725.000	0.021	3.461
3725.200	0.022	3.461
3725.400	0.023	3.461
3725.600	0.024	3.461
3725.800	0.022	3.461
3726.000	0.022	3.461
3726.200	0.021	3.461
3726.400	0.022	3.461
3726.600	0.022	3.461
3726.800	0.021	3.461
3727.000	0.021	3.461
3727.200	0.023	3.461
3727.400	0.019	3.461
3727.600	0.020	3.461
3727.800	0.021	3.461
3728.000	0.022	3.461
3728.200	0.023	3.461
3728.400	0.021	3.461
3728.600	0.022	3.461
3728.800	0.022	3.461
3729.000	0.023	3.461
3729.200	0.023	3.461
3729.400	0.023	3.461
3729.600	0.022	3.461
3729.800	0.023	3.461
3730.000	0.023	3.461
3730.200	0.023	3.461
3730.400	0.022	3.461
3730.600	0.023	3.461
3730.800	0.023	3.461
3731.000	0.022	3.461
3731.200	0.021	3.461
3731.400	0.020	3.461
3731.600	0.022	3.461
3731.800	0.021	3.461
3732.000	0.020	3.461
3732.200	0.021	3.461
3732.400	0.020	3.461
3732.600	0.021	3.461
3732.800	0.021	3.461
3733.000	0.022	3.461
3733.200	0.021	3.461
3733.400	0.021	3.461
3733.600	0.020	3.461
3733.800	0.022	3.461
3734.000	0.020	3.461
3734.200	0.022	3.461
3734.400	0.021	3.461
3734.600	0.021	3.461
3734.800	0.020	3.461
3735.000	0.022	3.461
3735.200	0.021	3.461
3735.400	0.019	3.461
3735.600	0.022	3.461
3735.800	0.022	3.461
3736.000	0.019	3.461
3736.200	0.020	3.461
3736.400	0.020	3.461
3736.600	0.020	3.461
3736.800	0.021	3.461
3737.000	0.023	3.461
3737.200	0.021	3.461
3737.400	0.020	3.461
3737.600	0.022	3.461
3737.800	0.023	3.461
3738.000	0.024	3.461
3738.200	0.024	3.461
3738.400	0.022	3.461
3738.600	0.021	3.461
3738.800	0.022	3.461
3739.000	0.023	3.461
3739.200	0.020	3.461
3739.400	0.021	3.461
3739.600	0.022	3.461
3739.800	0.021	3.461
3740.000	0.020	3.461
3740.200	0.022	3.461
3740.400	0.019	3.461
3740.600	0.020	3.461
3740.800	0.020	3.461
3741.000	0.021	3.461
3741.200	0.020	3.461
3741.400	0.020	3.461
3741.600	0.021	3.461
3741.800	0.021	3.461
3742.000	0.021	3.461
3742.200	0.020	3.461
3742.400	0.021	3.461
3742.600	0.022	3.461
3742.800	0.022	3.461
3743.000	0.020	3.461
3743.200	0.021	3.461
3743.400	0.019	3.461
3743.600	0.021	3.461
3743.800	0.019	3.461
3744.000	0.020	3.461
3744.200	0.021	3.461
3744.400	0.022	3.461
3744.600	0.021	3.461
3744.800	0.020	3.461
3745.000	0.020	3.461
3745.200	0.020	3.461
3745.400	0.019	3.461
3745.600	0.020	3.461
3745.800	0.020	3.461
3746.000	0.020	3.461
3746.200	0.022	3.461
3746.400	0.020	3.461
3746.600	0.019	3.461
3746.800	0.019	3.461
3747.000	0.020	3.461
3747.200	0.021	3.461
3747.400	0.020	3.461
3747.600	0.020	3.461
3747.800	0.020	3.461
3748.000	0.021	3.461
3748.200	0.019	3.461
3748.400	0.018	3.461
3748.600	0.018	3.461
3748.800	0.019	3.461
3749.000	0.019	3.461
3749.200	0.020	3.461
3749.400	0.019	3.461
3749.600	0.021	3.461
3749.800	0.020	3.461
3750.000	0.022	3.461
3750.200	0.020	3.461
3750.400	0.020	3.461
3750.600	0.021	3.461
3750.800	0.019	3.461
3751.000	0.021	3.461
3751.200	0.020	3.461
3751.400	0.019	3.461
3751.600	0.019	3.461
3751.800	0.020	3.461
3752.000	0.020	3.461
3752.200	0.020	3.461
3752.400	0.019	3.461
3752.600	0.020	3.461
3752.800	0.019	3.461
3753.000	0.021	3.461
3753.200	0.021	3.461
3753.400	0.021	3.461
3753.600	0.021	3.461
3753.800	0.021	3.461
3754.000	0.020	3.461
3754.200	0.022	3.461
3754.400	0.021	3.461
3754.600	0.021	3.461
3754.800	0.021	3.461
3755.000	0.020	3.461
3755.200	0.020	3.461
3755.400	0.022	3.461
3755.600	0.021	3.461
3755.800	0.021	3.461
3756.000	0.023	3.461
3756.200	0.023	3.461
3756.400	0.022	3.461
3756.600	0.022	3.461
3756.800	0.022	3.461
3757.000	0.019	3.461
3757.200	0.021	3.461
3757.400	0.021	3.461
3757.600	0.020	3.461
3757.800	0.021	3.461
3758.000	0.020	3.461
3758.200	0.020	3.461
3758.400	0.020	3.461
3758.600	0.020	3.461
3758.800	0.019	3.461
3759.000	0.021	3.461
3759.200	0.021	3.461
3759.400	0.022	3.461
3759.600	0.020	3.461
3759.800	0.021	3.461
3760.000	0.019	3.461
3760.200	0.022	3.461
3760.400	0.021	3.461
3760.600	0.020	3.461
3760.800	0.021	3.461
3761.000	0.021	3.461
3761.200	0.019	3.461
3761.400	0.021	3.461
3761.600	0.020	3.461
3761.800	0.020	3.461
3762.000	0.020	3.461
3762.200	0.021	3.461
3762.400	0.022	3.461
3762.600	0.021	3.461
3762.800	0.021	3.461
3763.000	0.023	3.461
3763.200	0.022	3.461
3763.400	0.021	3.461
3763.600	0.018	3.461
3763.800	0.019	3.461
3764.000	0.020	3.461
3764.200	0.021	3.461
3764.400	0.021	3.461
3764.600	0.020	3.461
3764.800	0.021	3.461
3765.000	0.022	3.461
3765.200	0.022	3.461
3765.400	0.022	3.461
3765.600	0.021	3.461
3765.800	0.023	3.461
3766.000	0.021	3.461
3766.200	0.021	3.461
3766.400	0.022	3.461
3766.600	0.021	3.461
3766.800	0.021	3.461
3767.000	0.020	3.461
3767.200	0.021	3.461
3767.400	0.023	3.461
3767.600	0.023	3.461
3767.800	0.022	3.461
3768.000	0.022	3.461
3768.200	0.021	3.461
3768.400	0.021	3.461
3768.600	0.022	3.461
3768.800	0.021	3.461
3769.000	0.022	3.461
3769.200	0.020	3.461
3769.400	0.021	3.461
3769.600	0.020	3.461
3769.800	0.021	3.461
3770.000	0.020	3.461
3770.200	0.019	3.461
3770.400	0.022	3.461
3770.600	0.021	3.461
3770.800	0.021	3.461
3771.000	0.021	3.461
3771.200	0.021	3.461
3771.400	0.021	3.461
3771.600	0.020	3.461
3771.800	0.020	3.461
3772.000	0.021	3.460
3772.200	0.021	3.461
3772.400	0.021	3.461
3772.600	0.021	3.461
3772.800	0.020	3.461
3773.000	0.021	3.461
3773.200	0.022	3.461
3773.400	0.021	3.460
3773.600	0.021	3.460
3773.800	0.021	3.460
3774.000	0.021	3.461
3774.200	0.019	3.460
3774.400	0.019	3.460
3774.600	0.020	3.460
3774.800	0.020	3.460
3775.000	0.021	3.460
3775.200	0.022	3.460
3775.400	0.020	3.460
3775.600	0.022	3.460
3775.800	0.022	3.460
3776.000	0.022	3.460
3776.200	0.020	3.460
3776.400	0.021	3.460
3776.600	0.018	3.460
3776.800	0.020	3.460
3777.000	0.020	3.460
3777.200	0.021	3.460
3777.400	0.022	3.460
3777.600	0.021	3.460
3777.800	0.020	3.460
3778.000	0.022	3.460
3778.200	0.021	3.460
3778.400	0.021	3.460
3778.600	0.022	3.460
3778.800	0.020	3.460
3779.000	0.022	3.460
3779.200	0.020	3.460
3779.400	0.020	3.460
3779.600	0.020	3.460
3779.800	0.021	3.460
3780.000	0.023	3.460
3780.200	0.021	3.460
3780.400	0.023	3.460
3780.600	0.024	3.460
3780.800	0.020	3.460
3781.000	0.022	3.460
3781.200	0.021	3.460
3781.400	0.020	3.460
3781.600	0.020	3.460
3781.800	0.020	3.460
3782.000	0.020	3.460
3782.200	0.020	3.460
3782.400	0.020	3.460
3782.600	0.019	3.460
3782.800	0.021	3.460
3783.000	0.020	3.460
3783.200	0.020	3.460
3783.400	0.021	3.460
3783.600	0.019	3.460
3783.800	0.021	3.460
3784.000	0.021	3.460
3784.200	0.020	3.460
3784.400	0.020	3.460
3784.600	0.020	3.460
3784.800	0.020	3.460
3785.000	0.019	3.460
3785.200	0.020	3.460
3785.400	0.021	3.460
3785.600	0.022	3.460
3785.800	0.020	3.460
3786.000	0.018	3.460
3786.200	0.021	3.460
3786.400	0.021	3.460
3786.600	0.019	3.460
3786.800	0.021	3.460
3787.000	0.021	3.460
3787.200	0.019	3.460
3787.400	0.020	3.460
3787.600	0.020	3.460
3787.800	0.021	3.460
3788.000	0.019	3.460
3788.200	0.019	3.460
3788.400	0.021	3.460
3788.600	0.021	3.460
3788.800	0.021	3.460
3789.000	0.021	3.460
3789.200	0.022	3.460
3789.400	0.020	3.460
3789.600	0.019	3.460
3789.800	0.019	3.460
3790.000	0.021	3.460
3790.200	0.020	3.460
3790.400	0.019	3.460
3790.600	0.021	3.460
3790.800	0.020	3.460
3791.000	0.021	3.460
3791.200	0.021	3.460
3791.400	0.020	3.460
3791.600	0.022	3.460
3791.800	0.020	3.460
3792.000	0.021	3.460
3792.200	0.019	3.460
3792.400	0.021	3.460
3792.600	0.021	3.460
3792.800	0.020	3.460
3793.000	0.020	3.460
3793.200	0.020	3.460
3793.400	0.019	3.460
3793.600	0.021	3.460
3793.800	0.022	3.460
3794.000	0.019	3.460
3794.200	0.021	3.460
3794.400	0.019	3.460
3794.600	0.021	3.460
3794.800	0.018	3.460
3795.000	0.019	3.460
3795.200	0.018	3.460
3795.400	0.019	3.460
3795.600	0.018	3.460
3795.800	0.019	3.460
3796.000	0.018	3.460
3796.200	0.020	3.460
3796.400	0.020	3.460
3796.600	0.020	3.460
3796.800	0.019	3.460
3797.000	0.018	3.460
3797.200	0.019	3.460
3797.400	0.020	3.460
3797.600	0.019	3.460
3797.800	0.019	3.460
3798.000	0.019	3.460
3798.200	0.020	3.460
3798.400	0.020	3.460
3798.600	0.019	3.460
3798.800	0.019	3.460
3799.000	0.019	3.460
3799.200	0.019	3.460
3799.400	0.020	3.460
3799.600	0.019	3.460
3799.800	0.020	3.460
3800.000	0.019	3.460
3800.200	0.019	3.460
3800.400	0.018	3.460
3800.600	0.017	3.460
3800.800	0.019	3.460
3801.000	0.019	3.460
3801.200	0.018	3.460
3801.400	0.019	3.460
3801.600	0.018	3.460
3801.800	0.017	3.460
3802.000	0.019	3.460
3802.200	0.017	3.460
3802.400	0.020	3.460
3802.600	0.019	3.460
3802.800	0.019	3.460
3803.000	0.020	3.460
3803.200	0.019	3.460
3803.400	0.019	3.460
3803.600	0.018	3.460
3803.800	0.018	3.460
3804.000	0.018	3.460
3804.200	0.020	3.460
3804.400	0.018	3.460
3804.600	0.020	3.460
3804.800	0.019	3.460
3805.000	0.020	3.460
3805.200	0.019	3.460
3805.400	0.020	3.460
3805.600	0.021	3.460
3805.800	0.019	3.460
3806.000	0.020	3.460
3806.200	0.019	3.460
3806.400	0.020	3.460
3806.600	0.021	3.460
3806.800	0.020	3.460
3807.000	0.019	3.460
3807.200	0.019	3.460
3807.400	0.019	3.460
3807.600	0.019	3.460
3807.800	0.020	3.460
3808.000	0.020	3.460
3808.200	0.018	3.460
3808.400	0.019	3.460
3808.600	0.020	3.460
3808.800	0.018	3.460
3809.000	0.020	3.460
3809.200	0.020	3.460
3809.400	0.019	3.460
3809.600	0.020	3.460
3809.800	0.019	3.460
3810.000	0.021	3.460
3810.200	0.019	3.460
3810.400	0.018	3.460
3810.600	0.019	3.460
3810.800	0.020	3.460
3811.000	0.020	3.460
3811.200	0.019	3.460
3811.400	0.019	3.460
3811.600	0.020	3.460
3811.800	0.020	3.460
3812.000	0.021	3.460
3812.200	0.020	3.460
3812.400	0.019	3.460
3812.600	0.021	3.460
3812.800	0.020	3.460
3813.000	0.019	3.460
3813.200	0.020	3.460
3813.400	0.020	3.460
3813.600	0.020	3.460
3813.800	0.021	3.460
3814.000	0.021	3.460
3814.200	0.021	3.460
3814.400	0.020	3.460
3814.600	0.021	3.460
3814.800	0.020	3.460
3815.000	0.020	3.460
3815.200	0.020	3.460
3815.400	0.020	3.460
3815.600	0.019	3.460
3815.800	0.020	3.460
3816.000	0.020	3.460
3816.200	0.019	3.460
3816.400	0.021	3.460
3816.600	0.019	3.460
3816.800	0.020	3.460
3817.000	0.019	3.460
3817.200	0.020	3.460
3817.400	0.020	3.460
3817.600	0.019	3.460
3817.800	0.019	3.460
3818.000	0.021	3.460
3818.200	0.020	3.460
3818.400	0.019	3.460
3818.600	0.023	3.460
3818.800	0.021	3.460
3819.000	0.021	3.460
3819.200	0.018	3.460
3819.400	0.020	3.460
3819.600	0.020	3.460
3819.800	0.021	3.460
3820.000	0.019	3.460
3820.200	0.018	3.460
3820.400	0.018	3.460
3820.600	0.017	3.460
3820.800	0.019	3.460
3821.000	0.018	3.460
3821.200	0.018	3.460
3821.400	0.020	3.460
3821.600	0.020	3.460
3821.800	0.020	3.460
3822.000	0.020	3.460
3822.200	0.020	3.460
3822.400	0.020	3.460
3822.600	0.019	3.460
3822.800	0.021	3.460
3823.000	0.021	3.460
3823.200	0.020	3.460
3823.400	0.018	3.460
3823.600	0.020	3.460
3823.800	0.020	3.460
3824.000	0.018	3.460
3824.200	0.018	3.460
3824.400	0.019	3.460
3824.600	0.020	3.460
3824.800	0.021	3.460
3825.000	0.020	3.460
3825.200	0.022	3.460
3825.400	0.020	3.460
3825.600	0.022	3.460
3825.800	0.019	3.460
3826.000	0.020	3.460
3826.200	0.021	3.460
3826.400	0.021	3.460
3826.600	0.020	3.460
3826.800	0.019	3.460
3827.000	0.018	3.460
3827.200	0.019	3.460
3827.400	0.020	3.460
3827.600	0.020	3.460
3827.800	0.019	3.460
3828.000	0.020	3.460
3828.200	0.020	3.460
3828.400	0.020	3.460
3828.600	0.018	3.460
3828.800	0.019	3.460
3829.000	0.020	3.460
3829.200	0.020	3.460
3829.400	0.019	3.460
3829.600	0.019	3.460
3829.800	0.020	3.460
3830.000	0.020	3.460
3830.200	0.019	3.460
3830.400	0.019	3.460
3830.600	0.019	3.460
3830.800	0.020	3.460
3831.000	0.019	3.460
3831.200	0.021	3.460
3831.400	0.020	3.460
3831.600	0.021	3.460
3831.800	0.020	3.460
3832.000	0.019	3.460
3832.200	0.019	3.460
3832.400	0.019	3.460
3832.600	0.019	3.460
3832.800	0.019	3.460
3833.000	0.019	3.460
3833.200	0.018	3.460
3833.400	0.017	3.460
3833.600	0.018	3.460
3833.800	0.020	3.460
3834.000	0.019	3.460
3834.200	0.018	3.460
3834.400	0.018	3.460
3834.600	0.018	3.460
3834.800	0.017	3.460
3835.000	0.015	3.460
3835.200	0.017	3.460
3835.400	0.017	3.460
3835.600	0.019	3.460
3835.800	0.019	3.460
3836.000	0.019	3.460
3836.200	0.021	3.460
3836.400	0.021	3.460
3836.600	0.018	3.460
3836.800	0.019	3.460
3837.000	0.019	3.460
3837.200	0.019	3.460
3837.400	0.020	3.460
3837.600	0.019	3.460
3837.800	0.020	3.460
3838.000	0.017	3.460
3838.200	0.018	3.460
3838.400	0.018	3.460
3838.600	0.018	3.460
3838.800	0.018	3.460
3839.000	0.019	3.460
3839.200	0.020	3.460
3839.400	0.019	3.460
3839.600	0.021	3.460
3839.800	0.019	3.460
3840.000	0.019	3.460
3840.200	0.020	3.460
3840.400	0.018	3.460
3840.600	0.020	3.460
3840.800	0.019	3.460
3841.000	0.018	3.460
3841.200	0.020	3.460
3841.400	0.020	3.460
3841.600	0.021	3.460
3841.800	0.020	3.460
3842.000	0.020	3.460
3842.200	0.021	3.460
3842.400	0.019	3.460
3842.600	0.020	3.460
3842.800	0.019	3.460
3843.000	0.018	3.460
3843.200	0.019	3.460
3843.400	0.020	3.460
3843.600	0.020	3.460
3843.800	0.018	3.460
3844.000	0.018	3.460
3844.200	0.019	3.460
3844.400	0.020	3.460
3844.600	0.020	3.460
3844.800	0.021	3.460
3845.000	0.020	3.460
3845.200	0.019	3.460
3845.400	0.022	3.460
3845.600	0.022	3.460
3845.800	0.020	3.460
3846.000	0.020	3.460
3846.200	0.021	3.460
3846.400	0.019	3.460
3846.600	0.020	3.460
3846.800	0.021	3.460
3847.000	0.019	3.460
3847.200	0.020	3.460
3847.400	0.021	3.460
3847.600	0.018	3.460
3847.800	0.018	3.460
3848.000	0.020	3.460
3848.200	0.020	3.460
3848.400	0.020	3.460
3848.600	0.021	3.460
3848.800	0.019	3.460
3849.000	0.021	3.460
3849.200	0.021	3.460
3849.400	0.020	3.460
3849.600	0.021	3.460
3849.800	0.020	3.460
3850.000	0.020	3.460
3850.200	0.021	3.460
3850.400	0.021	3.460
3850.600	0.021	3.460
3850.800	0.021	3.460
3851.000	0.021	3.460
3851.200	0.021	3.460
3851.400	0.020	3.460
3851.600	0.020	3.460
3851.800	0.020	3.460
3852.000	0.019	3.460
3852.200	0.021	3.460
3852.400	0.020	3.460
3852.600	0.020	3.460
3852.800	0.020	3.460
3853.000	0.021	3.460
3853.200	0.021	3.460
3853.400	0.020	3.460
3853.600	0.022	3.460
3853.800	0.021	3.460
3854.000	0.021	3.460
3854.200	0.020	3.460
3854.400	0.020	3.460
3854.600	0.019	3.460
3854.800	0.020	3.460
3855.000	0.020	3.460
3855.200	0.020	3.460
3855.400	0.019	3.460
3855.600	0.021	3.460
3855.800	0.021	3.460
3856.000	0.019	3.460
3856.200	0.020	3.460
3856.400	0.021	3.460
3856.600	0.020	3.460
3856.800	0.020	3.460
3857.000	0.020	3.460
3857.200	0.021	3.460
3857.400	0.018	3.460
3857.600	0.020	3.460
3857.800	0.019	3.460
3858.000	0.020	3.460
3858.200	0.022	3.460
3858.400	0.021	3.460
3858.600	0.019	3.460
3858.800	0.020	3.460
3859.000	0.021	3.460
3859.200	0.019	3.460
3859.400	0.019	3.460
3859.600	0.021	3.460
3859.800	0.021	3.460
3860.000	0.021	3.460
3860.200	0.019	3.460
3860.400	0.020	3.460
3860.600	0.020	3.460
3860.800	0.019	3.460
3861.000	0.020	3.460
3861.200	0.021	3.460
3861.400	0.021	3.460
3861.600	0.019	3.460
3861.800	0.020	3.460
3862.000	0.019	3.460
3862.200	0.020	3.460
3862.400	0.020	3.460
3862.600	0.020	3.460
3862.800	0.021	3.460
3863.000	0.021	3.460
3863.200	0.020	3.460
3863.400	0.018	3.460
3863.600	0.019	3.460
3863.800	0.020	3.460
3864.000	0.021	3.460
3864.200	0.020	3.460
3864.400	0.021	3.460
3864.600	0.020	3.460
3864.800	0.021	3.460
3865.000	0.020	3.460
3865.200	0.021	3.460
3865.400	0.020	3.460
3865.600	0.020	3.460
3865.800	0.019	3.460
3866.000	0.021	3.460
3866.200	0.020	3.460
3866.400	0.020	3.460
3866.600	0.020	3.460
3866.800	0.020	3.460
3867.000	0.021	3.460
3867.200	0.022	3.460
3867.400	0.021	3.460
3867.600	0.020	3.460
3867.800	0.021	3.460
3868.000	0.018	3.460
3868.200	0.020	3.460
3868.400	0.020	3.460
3868.600	0.019	3.460
3868.800	0.019	3.460
3869.000	0.019	3.460
3869.200	0.022	3.460
3869.400	0.022	3.460
3869.600	0.021	3.460
3869.800	0.021	3.460
3870.000	0.020	3.460
3870.200	0.019	3.460
3870.400	0.017	3.460
3870.600	0.021	3.460
3870.800	0.021	3.460
3871.000	0.019	3.460
3871.200	0.019	3.460
3871.400	0.019	3.460
3871.600	0.019	3.460
3871.800	0.020	3.460
3872.000	0.019	3.460
3872.200	0.020	3.460
3872.400	0.019	3.460
3872.600	0.018	3.460
3872.800	0.018	3.460
3873.000	0.019	3.460
3873.200	0.019	3.460
3873.400	0.019	3.460
3873.600	0.017	3.460
3873.800	0.018	3.460
3874.000	0.020	3.460
3874.200	0.020	3.460
3874.400	0.018	3.460
3874.600	0.019	3.460
3874.800	0.019	3.460
3875.000	0.019	3.460
3875.200	0.019	3.460
3875.400	0.019	3.460
3875.600	0.019	3.460
3875.800	0.021	3.460
3876.000	0.020	3.460
3876.200	0.020	3.460
3876.400	0.020	3.460
3876.600	0.020	3.460
3876.800	0.020	3.460
3877.000	0.020	3.460
3877.200	0.021	3.460
3877.400	0.021	3.460
3877.600	0.019	3.460
3877.800	0.020	3.460
3878.000	0.020	3.460
3878.200	0.021	3.460
3878.400	0.020	3.460
3878.600	0.021	3.460
3878.800	0.022	3.460
3879.000	0.023	3.460
3879.200	0.023	3.460
3879.400	0.019	3.460
3879.600	0.021	3.460
3879.800	0.019	3.460
3880.000	0.021	3.460
3880.200	0.020	3.460
3880.400	0.020	3.460
3880.600	0.022	3.460
3880.800	0.018	3.460
3881.000	0.018	3.459
3881.200	0.019	3.459
3881.400	0.017	3.459
3881.600	0.018	3.459
3881.800	0.021	3.459
3882.000	0.019	3.459
3882.200	0.019	3.460
3882.400	0.020	3.460
3882.600	0.021	3.460
3882.800	0.021	3.460
3883.000	0.019	3.459
3883.200	0.019	3.459
3883.400	0.018	3.460
3883.600	0.019	3.460
3883.800	0.019	3.459
3884.000	0.019	3.459
3884.200	0.018	3.459
3884.400	0.019	3.459
3884.600	0.019	3.459
3884.800	0.019	3.459
3885.000	0.020	3.459
3885.200	0.018	3.460
3885.400	0.020	3.459
3885.600	0.018	3.459
3885.800	0.018	3.459
3886.000	0.020	3.459
3886.200	0.020	3.459
3886.400	0.020	3.459
3886.600	0.020	3.459
3886.800	0.019	3.459
3887.000	0.018	3.459
3887.200	0.019	3.459
3887.400	0.018	3.459
3887.600	0.019	3.459
3887.800	0.019	3.459
3888.000	0.018	3.459
3888.200	0.017	3.459
3888.400	0.019	3.459
3888.600	0.018	3.459
3888.800	0.017	3.459
3889.000	0.017	3.459
3889.200	0.019	3.459
3889.400	0.017	3.459
3889.600	0.016	3.459
3889.800	0.017	3.459
3890.000	0.018	3.459
3890.200	0.018	3.459
3890.400	0.018	3.459
3890.600	0.019	3.459
3890.800	0.019	3.459
3891.000	0.019	3.459
3891.200	0.018	3.459
3891.400	0.018	3.459
3891.600	0.019	3.459
3891.800	0.020	3.459
3892.000	0.022	3.459
3892.200	0.019	3.459
3892.400	0.019	3.459
3892.600	0.019	3.459
3892.800	0.019	3.459
3893.000	0.019	3.459
3893.200	0.018	3.459
3893.400	0.019	3.459
3893.600	0.019	3.459
3893.800	0.019	3.459
3894.000	0.019	3.459
3894.200	0.019	3.459
3894.400	0.019	3.459
3894.600	0.020	3.459
3894.800	0.017	3.459
3895.000	0.019	3.459
3895.200	0.019	3.459
3895.400	0.021	3.459
3895.600	0.023	3.459
3895.800	0.018	3.459
3896.000	0.020	3.459
3896.200	0.020	3.459
3896.400	0.021	3.459
3896.600	0.021	3.459
3896.800	0.021	3.459
3897.000	0.021	3.459
3897.200	0.022	3.459
3897.400	0.021	3.459
3897.600	0.020	3.459
3897.800	0.020	3.459
3898.000	0.019	3.459
3898.200	0.020	3.459
3898.400	0.020	3.459
3898.600	0.021	3.459
3898.800	0.020	3.459
3899.000	0.020	3.459
3899.200	0.022	3.459
3899.400	0.021	3.459
3899.600	0.019	3.459
3899.800	0.019	3.459
3900.000	0.020	3.459
3900.200	0.018	3.459
3900.400	0.017	3.459
3900.600	0.018	3.459
3900.800	0.019	3.459
3901.000	0.019	3.459
3901.200	0.020	3.459
3901.400	0.018	3.459
3901.600	0.021	3.459
3901.800	0.021	3.459
3902.000	0.022	3.459
3902.200	0.018	3.459
3902.400	0.020	3.459
3902.600	0.021	3.459
3902.800	0.021	3.459
3903.000	0.021	3.459
3903.200	0.019	3.459
3903.400	0.018	3.459
3903.600	0.020	3.459
3903.800	0.019	3.459
3904.000	0.021	3.459
3904.200	0.020	3.459
3904.400	0.019	3.459
3904.600	0.020	3.459
3904.800	0.019	3.459
3905.000	0.020	3.459
3905.200	0.020	3.459
3905.400	0.019	3.459
3905.600	0.020	3.459
3905.800	0.021	3.459
3906.000	0.022	3.459
3906.200	0.020	3.459
3906.400	0.021	3.459
3906.600	0.021	3.459
3906.800	0.022	3.459
3907.000	0.018	3.459
3907.200	0.019	3.459
3907.400	0.019	3.459
3907.600	0.020	3.459
3907.800	0.021	3.459
3908.000	0.023	3.459
3908.200	0.020	3.459
3908.400	0.021	3.459
3908.600	0.020	3.459
3908.800	0.022	3.459
3909.000	0.022	3.459
3909.200	0.020	3.459
3909.400	0.021	3.459
3909.600	0.020	3.459
3909.800	0.020	3.459
3910.000	0.021	3.459
3910.200	0.022	3.459
3910.400	0.019	3.459
3910.600	0.021	3.459
3910.800	0.020	3.459
3911.000	0.022	3.459
3911.200	0.021	3.459
3911.400	0.021	3.459
3911.600	0.020	3.459
3911.800	0.020	3.459
3912.000	0.021	3.459
3912.200	0.021	3.459
3912.400	0.021	3.459
3912.600	0.022	3.459
3912.800	0.020	3.459
3913.000	0.021	3.459
3913.200	0.021	3.459
3913.400	0.020	3.459
3913.600	0.023	3.459
3913.800	0.021	3.459
3914.000	0.022	3.459
3914.200	0.023	3.459
3914.400	0.024	3.459
3914.600	0.021	3.459
3914.800	0.020	3.459
3915.000	0.021	3.459
3915.200	0.022	3.459
3915.400	0.021	3.459
3915.600	0.020	3.459
3915.800	0.021	3.459
3916.000	0.020	3.459
3916.200	0.020	3.459
3916.400	0.021	3.459
3916.600	0.021	3.459
3916.800	0.021	3.459
3917.000	0.023	3.459
3917.200	0.022	3.459
3917.400	0.023	3.459
3917.600	0.021	3.459
3917.800	0.021	3.459
3918.000	0.020	3.459
3918.200	0.023	3.459
3918.400	0.021	3.459
3918.600	0.019	3.459
3918.800	0.020	3.459
3919.000	0.021	3.459
3919.200	0.021	3.459
3919.400	0.022	3.459
3919.600	0.023	3.459
3919.800	0.021	3.459
3920.000	0.020	3.459
3920.200	0.021	3.459
3920.400	0.021	3.459
3920.600	0.020	3.459
3920.800	0.022	3.459
3921.000	0.020	3.459
3921.200	0.020	3.459
3921.400	0.022	3.459
3921.600	0.021	3.459
3921.800	0.022	3.459
3922.000	0.021	3.459
3922.200	0.020	3.459
3922.400	0.021	3.459
3922.600	0.021	3.459
3922.800	0.020	3.459
3923.000	0.022	3.459
3923.200	0.022	3.459
3923.400	0.022	3.459
3923.600	0.022	3.459
3923.800	0.022	3.459
3924.000	0.022	3.459
3924.200	0.020	3.459
3924.400	0.019	3.459
3924.600	0.021	3.459
3924.800	0.021	3.459
3925.000	0.020	3.459
3925.200	0.020	3.459
3925.400	0.021	3.459
3925.600	0.020	3.459
3925.800	0.021	3.459
3926.000	0.022	3.459
3926.200	0.020	3.459
3926.400	0.022	3.459
3926.600	0.022	3.459
3926.800	0.019	3.459
3927.000	0.020	3.459
3927.200	0.021	3.459
3927.400	0.021	3.459
3927.600	0.020	3.459
3927.800	0.021	3.459
3928.000	0.020	3.459
3928.200	0.020	3.459
3928.400	0.021	3.459
3928.600	0.020	3.459
3928.800	0.019	3.459
3929.000	0.020	3.459
3929.200	0.020	3.459
3929.400	0.019	3.459
3929.600	0.020	3.459
3929.800	0.021	3.459
3930.000	0.022	3.459
3930.200	0.021	3.459
3930.400	0.020	3.459
3930.600	0.020	3.459
3930.800	0.021	3.459
3931.000	0.022	3.459
3931.200	0.022	3.459
3931.400	0.022	3.459
3931.600	0.021	3.459
3931.800	0.020	3.459
3932.000	0.022	3.459
3932.200	0.022	3.459
3932.400	0.023	3.459
3932.600	0.022	3.459
3932.800	0.021	3.459
3933.000	0.022	3.459
3933.200	0.020	3.459
3933.400	0.022	3.459
3933.600	0.021	3.459
3933.800	0.021	3.459
3934.000	0.021	3.459
3934.200	0.022	3.459
3934.400	0.022	3.459
3934.600	0.021	3.459
3934.800	0.022	3.459
3935.000	0.021	3.459
3935.200	0.020	3.459
3935.400	0.021	3.459
3935.600	0.022	3.459
3935.800	0.020	3.459
3936.000	0.021	3.459
3936.200	0.019	3.459
3936.400	0.021	3.459
3936.600	0.021	3.459
3936.800	0.020	3.459
3937.000	0.022	3.459
3937.200	0.021	3.459
3937.400	0.021	3.459
3937.600	0.020	3.459
3937.800	0.020	3.459
3938.000	0.022	3.459
3938.200	0.021	3.459
3938.400	0.020	3.459
3938.600	0.021	3.459
3938.800	0.021	3.459
3939.000	0.021	3.459
3939.200	0.020	3.459
3939.400	0.020	3.459
3939.600	0.019	3.459
3939.800	0.019	3.459
3940.000	0.019	3.459
3940.200	0.019	3.459
3940.400	0.020	3.459
3940.600	0.020	3.459
3940.800	0.020	3.459
3941.000	0.018	3.459
3941.200	0.018	3.459
3941.400	0.021	3.459
3941.600	0.019	3.459
3941.800	0.020	3.459
3942.000	0.020	3.459
3942.200	0.019	3.459
3942.400	0.019	3.459
3942.600	0.019	3.459
3942.800	0.016	3.459
3943.000	0.019	3.459
3943.200	0.018	3.459
3943.400	0.018	3.459
3943.600	0.019	3.459
3943.800	0.018	3.459
3944.000	0.018	3.459
3944.200	0.019	3.459
3944.400	0.019	3.459
3944.600	0.020	3.459
3944.800	0.019	3.459
3945.000	0.017	3.459
3945.200	0.020	3.459
3945.400	0.020	3.459
3945.600	0.020	3.459
3945.800	0.019	3.459
3946.000	0.019	3.459
3946.200	0.019	3.459
3946.400	0.019	3.459
3946.600	0.019	3.459
3946.800	0.020	3.459
3947.000	0.019	3.459
3947.200	0.020	3.459
3947.400	0.021	3.459
3947.600	0.020	3.459
3947.800	0.019	3.459
3948.000	0.020	3.459
3948.200	0.019	3.459
3948.400	0.018	3.459
3948.600	0.017	3.459
3948.800	0.018	3.459
3949.000	0.020	3.459
3949.200	0.019	3.459
3949.400	0.019	3.459
3949.600	0.020	3.459
3949.800	0.021	3.459
3950.000	0.018	3.459
3950.200	0.019	3.459
3950.400	0.020	3.459
3950.600	0.021	3.459
3950.800	0.017	3.459
3951.000	0.019	3.459
3951.200	0.017	3.459
3951.400	0.019	3.459
3951.600	0.019	3.459
3951.800	0.020	3.459
3952.000	0.020	3.459
3952.200	0.018	3.459
3952.400	0.019	3.459
3952.600	0.019	3.459
3952.800	0.019	3.459
3953.000	0.020	3.459
3953.200	0.018	3.459
3953.400	0.021	3.459
3953.600	0.021	3.459
3953.800	0.021	3.459
3954.000	0.019	3.459
3954.200	0.021	3.459
3954.400	0.018	3.459
3954.600	0.022	3.459
3954.800	0.020	3.459
3955.000	0.022	3.459
3955.200	0.020	3.459
3955.400	0.020	3.459
3955.600	0.019	3.459
3955.800	0.019	3.459
3956.000	0.021	3.459
3956.200	0.020	3.459
3956.400	0.020	3.459
3956.600	0.021	3.459
3956.800	0.019	3.459
3957.000	0.021	3.459
3957.200	0.020	3.459
3957.400	0.021	3.459
3957.600	0.020	3.459
3957.800	0.018	3.459
3958.000	0.019	3.459
3958.200	0.019	3.459
3958.400	0.019	3.459
3958.600	0.019	3.459
3958.800	0.019	3.459
3959.000	0.021	3.459
3959.200	0.019	3.459
3959.400	0.019	3.459
3959.600	0.018	3.459
3959.800	0.016	3.459
3960.000	0.017	3.459
3960.200	0.017	3.459
3960.400	0.017	3.459
3960.600	0.018	3.459
3960.800	0.018	3.459
3961.000	0.020	3.459
3961.200	0.020	3.459
3961.400	0.020	3.459
3961.600	0.019	3.459
3961.800	0.018	3.459
3962.000	0.020	3.459
3962.200	0.019	3.459
3962.400	0.020	3.459
3962.600	0.019	3.459
3962.800	0.020	3.459
3963.000	0.019	3.459
3963.200	0.019	3.459
3963.400	0.019	3.459
3963.600	0.019	3.459
3963.800	0.020	3.459
3964.000	0.020	3.459
3964.200	0.019	3.459
3964.400	0.019	3.459
3964.600	0.020	3.459
3964.800	0.020	3.459
3965.000	0.021	3.459
3965.200	0.020	3.459
3965.400	0.021	3.459
3965.600	0.021	3.459
3965.800	0.021	3.459
3966.000	0.019	3.459
3966.200	0.021	3.459
3966.400	0.021	3.459
3966.600	0.020	3.459
3966.800	0.018	3.459
3967.000	0.020	3.459
3967.200	0.020	3.459
3967.400	0.020	3.459
3967.600	0.017	3.459
3967.800	0.020	3.459
3968.000	0.019	3.459
3968.200	0.018	3.459
3968.400	0.020	3.459
3968.600	0.019	3.459
3968.800	0.021	3.459
3969.000	0.019	3.459
3969.200	0.021	3.459
3969.400	0.019	3.459
3969.600	0.020	3.459
3969.800	0.020	3.459
3970.000	0.020	3.459
3970.200	0.020	3.459
3970.400	0.018	3.459
3970.600	0.018	3.459
3970.800	0.019	3.459
3971.000	0.020	3.459
3971.200	0.020	3.459
3971.400	0.019	3.459
3971.600	0.020	3.459
3971.800	0.019	3.459
3972.000	0.018	3.459
3972.200	0.017	3.459
3972.400	0.018	3.459
3972.600	0.019	3.459
3972.800	0.019	3.459
3973.000	0.018	3.459
3973.200	0.020	3.459
3973.400	0.019	3.459
3973.600	0.019	3.459
3973.800	0.019	3.459
3974.000	0.019	3.459
3974.200	0.019	3.459
3974.400	0.020	3.459
3974.600	0.020	3.459
3974.800	0.019	3.459
3975.000	0.019	3.459
3975.200	0.018	3.459
3975.400	0.019	3.459
3975.600	0.019	3.459
3975.800	0.019	3.459
3976.000	0.018	3.459
3976.200	0.020	3.459
3976.400	0.020	3.459
3976.600	0.019	3.459
3976.800	0.018	3.459
3977.000	0.020	3.459
3977.200	0.021	3.459
3977.400	0.018	3.459
3977.600	0.020	3.459
3977.800	0.019	3.459
3978.000	0.019	3.459
3978.200	0.018	3.459
3978.400	0.020	3.459
3978.600	0.018	3.459
3978.800	0.019	3.459
3979.000	0.020	3.459
3979.200	0.019	3.459
3979.400	0.019	3.459
3979.600	0.020	3.459
3979.800	0.020	3.459
3980.000	0.020	3.459
3980.200	0.020	3.459
3980.400	0.020	3.459
3980.600	0.020	3.459
3980.800	0.019	3.459
3981.000	0.018	3.459
3981.200	0.019	3.459
3981.400	0.020	3.459
3981.600	0.020	3.459
3981.800	0.019	3.459
3982.000	0.019	3.459
3982.200	0.021	3.459
3982.400	0.019	3.459
3982.600	0.018	3.459
3982.800	0.018	3.459
3983.000	0.020	3.459
3983.200	0.019	3.459
3983.400	0.020	3.459
3983.600	0.019	3.459
3983.800	0.020	3.459
3984.000	0.019	3.459
3984.200	0.021	3.459
3984.400	0.019	3.459
3984.600	0.019	3.459
3984.800	0.022	3.459
3985.000	0.021	3.459
3985.200	0.020	3.459
3985.400	0.020	3.459
3985.600	0.018	3.459
3985.800	0.018	3.459
3986.000	0.020	3.459
3986.200	0.020	3.459
3986.400	0.019	3.459
3986.600	0.018	3.459
3986.800	0.019	3.459
3987.000	0.020	3.459
3987.200	0.018	3.459
3987.400	0.019	3.459
3987.600	0.019	3.459
3987.800	0.018	3.459
3988.000	0.017	3.459
3988.200	0.017	3.459
3988.400	0.018	3.459
3988.600	0.019	3.459
3988.800	0.018	3.459
3989.000	0.018	3.459
3989.200	0.019	3.459
3989.400	0.018	3.459
3989.600	0.017	3.459
3989.800	0.019	3.459
3990.000	0.020	3.459
3990.200	0.018	3.459
3990.400	0.018	3.459
3990.600	0.019	3.459
3990.800	0.018	3.459
3991.000	0.018	3.459
3991.200	0.020	3.459
3991.400	0.018	3.459
3991.600	0.018	3.459
3991.800	0.019	3.459
3992.000	0.018	3.459
3992.200	0.018	3.459
3992.400	0.019	3.459
3992.600	0.020	3.459
3992.800	0.021	3.459
3993.000	0.020	3.459
3993.200	0.020	3.459
3993.400	0.020	3.459
3993.600	0.019	3.459
3993.800	0.020	3.459
3994.000	0.020	3.459
3994.200	0.020	3.459
3994.400	0.018	3.459
3994.600	0.019	3.459
3994.800	0.020	3.459
3995.000	0.019	3.459
3995.200	0.019	3.459
3995.400	0.018	3.459
3995.600	0.018	3.459
3995.800	0.018	3.459
3996.000	0.019	3.459
3996.200	0.019	3.459
3996.400	0.019	3.459
3996.600	0.019	3.459
3996.800	0.017	3.459
3997.000	0.019	3.459
3997.200	0.019	3.459
3997.400	0.017	3.459
3997.600	0.019	3.459
3997.800	0.020	3.459
3998.000	0.019	3.459
3998.200	0.019	3.459
3998.400	0.019	3.459
3998.600	0.019	3.459
3998.800	0.018	3.459
3999.000	0.018	3.459
3999.200	0.018	3.459
3999.400	0.019	3.459
3999.600	0.017	3.459
3999.800	0.019	3.459
4000.000	0.019	3.459
4000.200	0.016	3.459
4000.400	0.018	3.459
4000.600	0.018	3.459
4000.800	0.017	3.459
4001.000	0.016	3.459
4001.200	0.016	3.459
4001.400	0.017	3.459
4001.600	0.017	3.459
4001.800	0.017	3.459
4002.000	0.017	3.459
4002.200	0.015	3.459
4002.400	0.016	3.459
4002.600	0.017	3.459
4002.800	0.016	3.459
4003.000	0.018	3.459
4003.200	0.016	3.459
4003.400	0.016	3.459
4003.600	0.017	3.459
4003.800	0.017	3.459
4004.000	0.017	3.459
4004.200	0.016	3.459
4004.400	0.018	3.459
4004.600	0.017	3.459
4004.800	0.015	3.459
4005.000	0.017	3.459
4005.200	0.017	3.459
4005.400	0.016	3.459
4005.600	0.016	3.459
4005.800	0.015	3.459
4006.000	0.016	3.459
4006.200	0.016	3.459
4006.400	0.015	3.459
4006.600	0.017	3.459
4006.800	0.016	3.459
4007.000	0.017	3.459
4007.200	0.017	3.459
4007.400	0.016	3.459
4007.600	0.015	3.459
4007.800	0.017	3.459
4008.000	0.016	3.459
4008.200	0.017	3.459
4008.400	0.015	3.459
4008.600	0.015	3.459
4008.800	0.016	3.459
4009.000	0.016	3.459
4009.200	0.017	3.459
4009.400	0.018	3.459
4009.600	0.017	3.459
4009.800	0.016	3.459
4010.000	0.015	3.459
4010.200	0.018	3.459
4010.400	0.017	3.459
4010.600	0.017	3.459
4010.800	0.016	3.459
4011.000	0.017	3.459
4011.200	0.017	3.459
4011.400	0.015	3.459
4011.600	0.017	3.459
4011.800	0.016	3.459
4012.000	0.016	3.459
4012.200	0.017	3.459
4012.400	0.016	3.459
4012.600	0.016	3.459
4012.800	0.017	3.459
4013.000	0.018	3.459
4013.200	0.017	3.459
4013.400	0.017	3.459
4013.600	0.016	3.459
4013.800	0.015	3.459
4014.000	0.016	3.459
4014.200	0.015	3.459
4014.400	0.013	3.459
4014.600	0.014	3.459
4014.800	0.016	3.459
4015.000	0.014	3.459
4015.200	0.016	3.459
4015.400	0.017	3.459
4015.600	0.016	3.459
4015.800	0.016	3.459
4016.000	0.014	3.459
4016.200	0.017	3.459
4016.400	0.017	3.459
4016.600	0.017	3.459
4016.800	0.017	3.459
4017.000	0.015	3.459
4017.200	0.016	3.459
4017.400	0.015	3.459
4017.600	0.016	3.459
4017.800	0.014	3.459
4018.000	0.015	3.459
4018.200	0.016	3.459
4018.400	0.015	3.459
4018.600	0.015	3.459
4018.800	0.016	3.459
4019.000	0.015	3.459
4019.200	0.016	3.459
4019.400	0.016	3.459
4019.600	0.016	3.459
4019.800	0.016	3.459
4020.000	0.016	3.459
4020.200	0.016	3.459
4020.400	0.015	3.459
4020.600	0.015	3.459
4020.800	0.015	3.459
4021.000	0.018	3.459
4021.200	0.017	3.459
4021.400	0.016	3.459
4021.600	0.016	3.459
4021.800	0.016	3.459
4022.000	0.016	3.459
4022.200	0.016	3.459
4022.400	0.015	3.459
4022.600	0.015	3.459
4022.800	0.016	3.459
4023.000	0.016	3.459
4023.200	0.013	3.459
4023.400	0.014	3.459
4023.600	0.017	3.459
4023.800	0.017	3.459
4024.000	0.016	3.459
4024.200	0.016	3.459
4024.400	0.017	3.459
4024.600	0.015	3.459
4024.800	0.017	3.459
4025.000	0.017	3.459
4025.200	0.016	3.459
4025.400	0.016	3.459
4025.600	0.017	3.459
4025.800	0.016	3.459
4026.000	0.017	3.459
4026.200	0.017	3.459
4026.400	0.016	3.459
4026.600	0.017	3.459
4026.800	0.016	3.459
4027.000	0.015	3.459
4027.200	0.016	3.459
4027.400	0.016	3.459
4027.600	0.015	3.459
4027.800	0.015	3.459
4028.000	0.015	3.459
4028.200	0.017	3.459
4028.400	0.015	3.459
4028.600	0.016	3.459
4028.800	0.016	3.459
4029.000	0.017	3.459
4029.200	0.018	3.459
4029.400	0.016	3.459
4029.600	0.018	3.459
4029.800	0.014	3.459
4030.000	0.016	3.459
4030.200	0.016	3.459
4030.400	0.015	3.459
4030.600	0.016	3.459
4030.800	0.016	3.459
4031.000	0.015	3.459
4031.200	0.015	3.459
4031.400	0.017	3.459
4031.600	0.015	3.459
4031.800	0.016	3.459
4032.000	0.016	3.459
4032.200	0.014	3.459
4032.400	0.016	3.459
4032.600	0.017	3.459
4032.800	0.015	3.459
4033.000	0.016	3.459
4033.200	0.016	3.459
4033.400	0.015	3.459
4033.600	0.015	3.459
4033.800	0.015	3.459
4034.000	0.016	3.459
4034.200	0.016	3.459
4034.400	0.015	3.459
4034.600	0.017	3.459
4034.800	0.014	3.459
4035.000	0.015	3.459
4035.200	0.015	3.459
4035.400	0.016	3.459
4035.600	0.017	3.459
4035.800	0.015	3.459
4036.000	0.015	3.459
4036.200	0.017	3.459
4036.400	0.015	3.459
4036.600	0.017	3.459
4036.800	0.016	3.459
4037.000	0.014	3.459
4037.200	0.016	3.459
4037.400	0.015	3.459
4037.600	0.016	3.459
4037.800	0.017	3.459
4038.000	0.017	3.459
4038.200	0.018	3.459
4038.400	0.015	3.459
4038.600	0.017	3.459
4038.800	0.017	3.459
4039.000	0.017	3.459
4039.200	0.016	3.459
4039.400	0.018	3.459
4039.600	0.017	3.459
4039.800	0.017	3.459
4040.000	0.015	3.459
4040.200	0.018	3.459
4040.400	0.019	3.459
4040.600	0.016	3.459
4040.800	0.017	3.459
4041.000	0.018	3.459
4041.200	0.016	3.459
4041.400	0.017	3.459
4041.600	0.016	3.459
4041.800	0.017	3.459
4042.000	0.018	3.459
4042.200	0.017	3.459
4042.400	0.016	3.459
4042.600	0.017	3.459
4042.800	0.016	3.459
4043.000	0.017	3.459
4043.200	0.018	3.459
4043.400	0.017	3.459
4043.600	0.017	3.459
4043.800	0.017	3.459
4044.000	0.019	3.459
4044.200	0.017	3.459
4044.400	0.020	3.459
4044.600	0.019	3.459
4044.800	0.018	3.459
4045.000	0.017	3.459
4045.200	0.019	3.459
4045.400	0.018	3.459
4045.600	0.019	3.459
4045.800	0.017	3.459
4046.000	0.018	3.459
4046.200	0.019	3.459
4046.400	0.018	3.459
4046.600	0.019	3.459
4046.800	0.019	3.459
4047.000	0.018	3.459
4047.200	0.017	3.459
4047.400	0.018	3.459
4047.600	0.015	3.459
4047.800	0.017	3.459
4048.000	0.017	3.459
4048.200	0.018	3.459
4048.400	0.016	3.459
4048.600	0.017	3.459
4048.800	0.017	3.459
4049.000	0.016	3.459
4049.200	0.017	3.459
4049.400	0.017	3.459
4049.600	0.018	3.459
4049.800	0.017	3.459
4050.000	0.019	3.459
4050.200	0.018	3.459
4050.400	0.018	3.459
4050.600	0.018	3.459
4050.800	0.018	3.459
4051.000	0.017	3.459
4051.200	0.017	3.459
4051.400	0.015	3.459
4051.600	0.016	3.459
4051.800	0.017	3.459
4052.000	0.016	3.459
4052.200	0.017	3.459
4052.400	0.016	3.459
4052.600	0.015	3.459
4052.800	0.016	3.459
4053.000	0.019	3.459
4053.200	0.018	3.459
4053.400	0.017	3.459
4053.600	0.017	3.459
4053.800	0.016	3.459
4054.000	0.019	3.459
4054.200	0.019	3.459
4054.400	0.018	3.459
4054.600	0.018	3.459
4054.800	0.016	3.459
4055.000	0.017	3.459
4055.200	0.016	3.459
4055.400	0.019	3.459
4055.600	0.018	3.459
4055.800	0.018	3.459
4056.000	0.016	3.459
4056.200	0.016	3.459
4056.400	0.016	3.459
4056.600	0.017	3.459
4056.800	0.017	3.459
4057.000	0.016	3.459
4057.200	0.018	3.459
4057.400	0.019	3.459
4057.600	0.018	3.459
4057.800	0.018	3.459
4058.000	0.018	3.459
4058.200	0.018	3.459
4058.400	0.015	3.459
4058.600	0.016	3.459
4058.800	0.017	3.459
4059.000	0.017	3.459
4059.200	0.017	3.459
4059.400	0.016	3.459
4059.600	0.017	3.459
4059.800	0.016	3.459
4060.000	0.016	3.459
4060.200	0.016	3.459
4060.400	0.017	3.459
4060.600	0.015	3.459
4060.800	0.016	3.459
4061.000	0.016	3.459
4061.200	0.016	3.459
4061.400	0.016	3.459
4061.600	0.017	3.459
4061.800	0.016	3.459
4062.000	0.016	3.459
4062.200	0.018	3.459
4062.400	0.018	3.459
4062.600	0.016	3.459
4062.800	0.017	3.459
4063.000	0.017	3.459
4063.200	0.017	3.459
4063.400	0.016	3.459
4063.600	0.019	3.459
4063.800	0.017	3.459
4064.000	0.016	3.459
4064.200	0.016	3.459
4064.400	0.017	3.459
4064.600	0.016	3.459
4064.800	0.018	3.459
4065.000	0.018	3.459
4065.200	0.017	3.459
4065.400	0.019	3.459
4065.600	0.019	3.459
4065.800	0.018	3.459
4066.000	0.018	3.459
4066.200	0.019	3.459
4066.400	0.017	3.459
4066.600	0.018	3.459
4066.800	0.017	3.459
4067.000	0.016	3.459
4067.200	0.018	3.459
4067.400	0.016	3.459
4067.600	0.017	3.459
4067.800	0.016	3.459
4068.000	0.017	3.459
4068.200	0.018	3.459
4068.400	0.018	3.459
4068.600	0.016	3.459
4068.800	0.018	3.459
4069.000	0.019	3.459
4069.200	0.020	3.459
4069.400	0.016	3.459
4069.600	0.018	3.459
4069.800	0.020	3.459
4070.000	0.018	3.459
4070.200	0.017	3.459
4070.400	0.017	3.459
4070.600	0.017	3.459
4070.800	0.017	3.459
4071.000	0.017	3.459
4071.200	0.018	3.459
4071.400	0.018	3.459
4071.600	0.019	3.459
4071.800	0.018	3.459
4072.000	0.017	3.459
4072.200	0.016	3.459
4072.400	0.016	3.459
4072.600	0.017	3.459
4072.800	0.017	3.459
4073.000	0.016	3.459
4073.200	0.015	3.459
4073.400	0.016	3.459
4073.600	0.018	3.459
4073.800	0.017	3.459
4074.000	0.018	3.459
4074.200	0.017	3.459
4074.400	0.018	3.459
4074.600	0.017	3.459
4074.800	0.016	3.459
4075.000	0.015	3.459
4075.200	0.017	3.459
4075.400	0.017	3.459
4075.600	0.015	3.459
4075.800	0.015	3.459
4076.000	0.017	3.459
4076.200	0.018	3.459
4076.400	0.016	3.459
4076.600	0.018	3.459
4076.800	0.016	3.459
4077.000	0.018	3.459
4077.200	0.018	3.459
4077.400	0.018	3.459
4077.600	0.019	3.459
4077.800	0.018	3.459
4078.000	0.017	3.459
4078.200	0.016	3.459
4078.400	0.017	3.459
4078.600	0.017	3.459
4078.800	0.016	3.459
4079.000	0.018	3.459
4079.200	0.018	3.459
4079.400	0.016	3.459
4079.600	0.017	3.459
4079.800	0.018	3.459
4080.000	0.018	3.459
4080.200	0.017	3.459
4080.400	0.017	3.459
4080.600	0.016	3.459
4080.800	0.018	3.459
4081.000	0.016	3.459
4081.200	0.017	3.459
4081.400	0.016	3.459
4081.600	0.017	3.459
4081.800	0.018	3.459
4082.000	0.016	3.459
4082.200	0.017	3.459
4082.400	0.016	3.459
4082.600	0.017	3.459
4082.800	0.016	3.459
4083.000	0.016	3.459
4083.200	0.014	3.459
4083.400	0.013	3.459
4083.600	0.016	3.459
4083.800	0.017	3.459
4084.000	0.015	3.459
4084.200	0.016	3.459
4084.400	0.015	3.459
4084.600	0.016	3.459
4084.800	0.016	3.459
4085.000	0.016	3.459
4085.200	0.017	3.459
4085.400	0.018	3.459
4085.600	0.016	3.459
4085.800	0.015	3.459
4086.000	0.017	3.459
4086.200	0.015	3.459
4086.400	0.017	3.459
4086.600	0.017	3.459
4086.800	0.017	3.459
4087.000	0.017	3.459
4087.200	0.019	3.459
4087.400	0.018	3.459
4087.600	0.017	3.459
4087.800	0.016	3.459
4088.000	0.016	3.459
4088.200	0.017	3.459
4088.400	0.015	3.459
4088.600	0.015	3.459
4088.800	0.017	3.459
4089.000	0.016	3.459
4089.200	0.016	3.459
4089.400	0.016	3.459
4089.600	0.017	3.459
4089.800	0.018	3.459
4090.000	0.017	3.459
4090.200	0.014	3.459
4090.400	0.016	3.459
4090.600	0.017	3.459
4090.800	0.015	3.459
4091.000	0.017	3.459
4091.200	0.018	3.459
4091.400	0.018	3.459
4091.600	0.017	3.459
4091.800	0.016	3.459
4092.000	0.017	3.459
4092.200	0.019	3.459
4092.400	0.018	3.459
4092.600	0.015	3.459
4092.800	0.017	3.459
4093.000	0.016	3.459
4093.200	0.016	3.459
4093.400	0.016	3.459
4093.600	0.017	3.459
4093.800	0.017	3.459
4094.000	0.017	3.458
4094.200	0.017	3.459
4094.400	0.018	3.459
4094.600	0.017	3.459
4094.800	0.015	3.459
4095.000	0.017	3.459
4095.200	0.017	3.459
4095.400	0.014	3.459
4095.600	0.016	3.459
4095.800	0.014	3.459
4096.000	0.015	3.459
4096.200	0.015	3.459
4096.400	0.015	3.459
4096.600	0.015	3.459
4096.800	0.015	3.459
4097.000	0.015	3.459
4097.200	0.015	3.459
4097.400	0.015	3.459
4097.600	0.016	3.459
4097.800	0.015	3.459
4098.000	0.015	3.459
4098.200	0.015	3.459
4098.400	0.016	3.459
4098.600	0.014	3.459
4098.800	0.016	3.459
4099.000	0.015	3.459
4099.200	0.017	3.459
4099.400	0.016	3.459
4099.600	0.017	3.459
4099.800	0.016	3.459
4100.000	0.016	3.459
4100.200	0.014	3.459
4100.400	0.015	3.459
4100.600	0.016	3.459
4100.800	0.018	3.459
4101.000	0.016	3.459
4101.200	0.018	3.459
4101.400	0.018	3.459
4101.600	0.015	3.458
4101.800	0.016	3.459
4102.000	0.015	3.459
4102.200	0.015	3.458
4102.400	0.015	3.458
4102.600	0.017	3.459
4102.800	0.015	3.458
4103.000	0.016	3.459
4103.200	0.016	3.459
4103.400	0.016	3.458
4103.600	0.016	3.458
4103.800	0.016	3.459
4104.000	0.017	3.458
4104.200	0.014	3.458
4104.400	0.015	3.459
4104.600	0.015	3.458
4104.800	0.016	3.458
4105.000	0.016	3.459
4105.200	0.015	3.458
4105.400	0.018	3.459
4105.600	0.018	3.459
4105.800	0.015	3.459
4106.000	0.015	3.459
4106.200	0.017	3.459
4106.400	0.015	3.458
4106.600	0.015	3.458
4106.800	0.016	3.458
4107.000	0.015	3.458
4107.200	0.015	3.458
4107.400	0.016	3.458
4107.600	0.016	3.458
4107.800	0.015	3.458
4108.000	0.015	3.458
4108.200	0.016	3.458
4108.400	0.018	3.458
4108.600	0.015	3.458
4108.800	0.016	3.458
4109.000	0.018	3.458
4109.200	0.016	3.458
4109.400	0.017	3.458
4109.600	0.018	3.458
4109.800	0.017	3.458
4110.000	0.016	3.458
4110.200	0.016	3.458
4110.400	0.016	3.458
4110.600	0.015	3.458
4110.800	0.014	3.458
4111.000	0.017	3.458
4111.200	0.016	3.458
4111.400	0.018	3.458
4111.600	0.016	3.458
4111.800	0.016	3.458
4112.000	0.016	3.458
4112.200	0.017	3.458
4112.400	0.017	3.458
4112.600	0.016	3.458
4112.800	0.015	3.458
4113.000	0.017	3.458
4113.200	0.017	3.458
4113.400	0.016	3.458
4113.600	0.017	3.458
4113.800	0.015	3.458
4114.000	0.016	3.458
4114.200	0.017	3.458
4114.400	0.018	3.458
4114.600	0.016	3.458
4114.800	0.016	3.458
4115.000	0.016	3.458
4115.200	0.015	3.458
4115.400	0.016	3.458
4115.600	0.015	3.458
4115.800	0.017	3.458
4116.000	0.015	3.458
4116.200	0.015	3.458
4116.400	0.017	3.458
4116.600	0.017	3.458
4116.800	0.015	3.458
4117.000	0.016	3.458
4117.200	0.017	3.458
4117.400	0.016	3.458
4117.600	0.015	3.458
4117.800	0.015	3.458
4118.000	0.015	3.458
4118.200	0.017	3.458
4118.400	0.015	3.458
4118.600	0.016	3.458
4118.800	0.017	3.458
4119.000	0.016	3.458
4119.200	0.017	3.458
4119.400	0.018	3.458
4119.600	0.017	3.458
4119.800	0.018	3.458
4120.000	0.018	3.458
4120.200	0.019	3.458
4120.400	0.017	3.458
4120.600	0.017	3.458
4120.800	0.018	3.458
4121.000	0.015	3.458
4121.200	0.017	3.458
4121.400	0.016	3.458
4121.600	0.018	3.458
4121.800	0.017	3.458
4122.000	0.017	3.458
4122.200	0.016	3.458
4122.400	0.017	3.458
4122.600	0.019	3.458
4122.800	0.016	3.458
4123.000	0.018	3.458
4123.200	0.017	3.458
4123.400	0.017	3.458
4123.600	0.018	3.458
4123.800	0.019	3.458
4124.000	0.019	3.458
4124.200	0.017	3.458
4124.400	0.018	3.458
4124.600	0.016	3.458
4124.800	0.016	3.458
4125.000	0.017	3.458
4125.200	0.017	3.458
4125.400	0.016	3.458
4125.600	0.015	3.458
4125.800	0.016	3.458
4126.000	0.018	3.458
4126.200	0.019	3.458
4126.400	0.016	3.458
4126.600	0.017	3.458
4126.800	0.017	3.458
4127.000	0.016	3.458
4127.200	0.017	3.458
4127.400	0.017	3.458
4127.600	0.017	3.458
4127.800	0.017	3.458
4128.000	0.016	3.458
4128.200	0.015	3.458
4128.400	0.015	3.458
4128.600	0.016	3.458
4128.800	0.016	3.458
4129.000	0.016	3.458
4129.200	0.016	3.458
4129.400	0.015	3.458
4129.600	0.016	3.458
4129.800	0.016	3.458
4130.000	0.017	3.458
4130.200	0.018	3.458
4130.400	0.015	3.458
4130.600	0.017	3.458
4130.800	0.016	3.458
4131.000	0.015	3.458
4131.200	0.014	3.458
4131.400	0.014	3.458
4131.600	0.015	3.458
4131.800	0.017	3.458
4132.000	0.016	3.458
4132.200	0.016	3.458
4132.400	0.016	3.458
4132.600	0.016	3.458
4132.800	0.016	3.458
4133.000	0.016	3.458
4133.200	0.015	3.458
4133.400	0.016	3.458
4133.600	0.016	3.458
4133.800	0.015	3.458
4134.000	0.017	3.458
4134.200	0.017	3.458
4134.400	0.015	3.458
4134.600	0.017	3.458
4134.800	0.018	3.458
4135.000	0.017	3.458
4135.200	0.018	3.458
4135.400	0.015	3.458
4135.600	0.015	3.458
4135.800	0.015	3.458
4136.000	0.015	3.458
4136.200	0.017	3.458
4136.400	0.017	3.458
4136.600	0.017	3.458
4136.800	0.018	3.458
4137.000	0.018	3.458
4137.200	0.016	3.458
4137.400	0.017	3.458
4137.600	0.017	3.458
4137.800	0.017	3.458
4138.000	0.018	3.458
4138.200	0.018	3.458
4138.400	0.018	3.458
4138.600	0.017	3.458
4138.800	0.017	3.458
4139.000	0.017	3.458
4139.200	0.016	3.458
4139.400	0.017	3.458
4139.600	0.016	3.458
4139.800	0.016	3.458
4140.000	0.017	3.458
4140.200	0.016	3.458
4140.400	0.018	3.458
4140.600	0.018	3.458
4140.800	0.018	3.458
4141.000	0.018	3.458
4141.200	0.018	3.458
4141.400	0.018	3.458
4141.600	0.016	3.458
4141.800	0.016	3.458
4142.000	0.017	3.458
4142.200	0.017	3.458
4142.400	0.016	3.458
4142.600	0.017	3.458
4142.800	0.018	3.458
4143.000	0.018	3.458
4143.200	0.018	3.458
4143.400	0.016	3.458
4143.600	0.016	3.458
4143.800	0.017	3.458
4144.000	0.017	3.458
4144.200	0.016	3.458
4144.400	0.015	3.458
4144.600	0.015	3.458
4144.800	0.018	3.458
4145.000	0.017	3.458
4145.200	0.015	3.458
4145.400	0.014	3.458
4145.600	0.016	3.458
4145.800	0.016	3.458
4146.000	0.016	3.458
4146.200	0.015	3.458
4146.400	0.018	3.458
4146.600	0.016	3.458
4146.800	0.017	3.458
4147.000	0.018	3.458
4147.200	0.016	3.458
4147.400	0.015	3.458
4147.600	0.017	3.458
4147.800	0.016	3.458
4148.000	0.018	3.458
4148.200	0.017	3.458
4148.400	0.018	3.458
4148.600	0.018	3.458
4148.800	0.018	3.458
4149.000	0.017	3.458
4149.200	0.017	3.458
4149.400	0.017	3.458
4149.600	0.018	3.458
4149.800	0.018	3.458
4150.000	0.018	3.458
4150.200	0.019	3.458
4150.400	0.018	3.458
4150.600	0.019	3.458
4150.800	0.019	3.458
4151.000	0.017	3.458
4151.200	0.019	3.458
4151.400	0.020	3.458
4151.600	0.017	3.458
4151.800	0.017	3.458
4152.000	0.020	3.458
4152.200	0.019	3.458
4152.400	0.016	3.458
4152.600	0.017	3.458
4152.800	0.018	3.458
4153.000	0.019	3.458
4153.200	0.017	3.458
4153.400	0.018	3.458
4153.600	0.019	3.458
4153.800	0.018	3.458
4154.000	0.017	3.458
4154.200	0.017	3.458
4154.400	0.019	3.458
4154.600	0.017	3.458
4154.800	0.016	3.458
4155.000	0.019	3.458
4155.200	0.019	3.458
4155.400	0.019	3.458
4155.600	0.018	3.458
4155.800	0.017	3.458
4156.000	0.016	3.458
4156.200	0.018	3.458
4156.400	0.018	3.458
4156.600	0.016	3.458
4156.800	0.016	3.458
4157.000	0.016	3.458
4157.200	0.016	3.458
4157.400	0.016	3.458
4157.600	0.017	3.458
4157.800	0.017	3.458
4158.000	0.018	3.458
4158.200	0.017	3.458
4158.400	0.019	3.458
4158.600	0.018	3.458
4158.800	0.018	3.458
4159.000	0.017	3.458
4159.200	0.018	3.458
4159.400	0.017	3.458
4159.600	0.018	3.458
4159.800	0.018	3.458
4160.000	0.016	3.458
4160.200	0.017	3.458
4160.400	0.016	3.458
4160.600	0.018	3.458
4160.800	0.016	3.458
4161.000	0.017	3.458
4161.200	0.018	3.458
4161.400	0.017	3.458
4161.600	0.017	3.458
4161.800	0.018	3.458
4162.000	0.017	3.458
4162.200	0.016	3.458
4162.400	0.017	3.458
4162.600	0.018	3.458
4162.800	0.016	3.458
4163.000	0.015	3.458
4163.200	0.017	3.458
4163.400	0.017	3.458
4163.600	0.017	3.458
4163.800	0.017	3.458
4164.000	0.017	3.458
4164.200	0.016	3.458
4164.400	0.017	3.458
4164.600	0.017	3.458
4164.800	0.018	3.458
4165.000	0.018	3.458
4165.200	0.017	3.458
4165.400	0.016	3.458
4165.600	0.017	3.458
4165.800	0.018	3.458
4166.000	0.018	3.458
4166.200	0.018	3.458
4166.400	0.018	3.458
4166.600	0.018	3.458
4166.800	0.018	3.458
4167.000	0.018	3.458
4167.200	0.019	3.458
4167.400	0.018	3.458
4167.600	0.017	3.458
4167.800	0.017	3.458
4168.000	0.017	3.458
4168.200	0.017	3.458
4168.400	0.017	3.458
4168.600	0.018	3.458
4168.800	0.016	3.458
4169.000	0.018	3.458
4169.200	0.018	3.458
4169.400	0.017	3.458
4169.600	0.017	3.458
4169.800	0.016	3.458
4170.000	0.017	3.458
4170.200	0.017	3.458
4170.400	0.014	3.458
4170.600	0.015	3.458
4170.800	0.018	3.458
4171.000	0.018	3.458
4171.200	0.018	3.458
4171.400	0.018	3.458
4171.600	0.018	3.458
4171.800	0.017	3.458
4172.000	0.018	3.458
4172.200	0.018	3.458
4172.400	0.019	3.458
4172.600	0.019	3.458
4172.800	0.018	3.458
4173.000	0.018	3.458
4173.200	0.017	3.458
4173.400	0.017	3.458
4173.600	0.017	3.458
4173.800	0.020	3.458
4174.000	0.020	3.458
4174.200	0.020	3.458
4174.400	0.019	3.458
4174.600	0.020	3.458
4174.800	0.020	3.458
4175.000	0.019	3.458
4175.200	0.019	3.458
4175.400	0.018	3.458
4175.600	0.021	3.458
4175.800	0.018	3.458
4176.000	0.017	3.458
4176.200	0.019	3.458
4176.400	0.018	3.458
4176.600	0.019	3.458
4176.800	0.018	3.458
4177.000	0.019	3.458
4177.200	0.017	3.458
4177.400	0.019	3.458
4177.600	0.019	3.458
4177.800	0.021	3.458
4178.000	0.019	3.458
4178.200	0.021	3.458
4178.400	0.020	3.458
4178.600	0.018	3.458
4178.800	0.019	3.458
4179.000	0.020	3.458
4179.200	0.018	3.458
4179.400	0.020	3.458
4179.600	0.021	3.458
4179.800	0.020	3.458
4180.000	0.018	3.458
4180.200	0.019	3.458
4180.400	0.019	3.458
4180.600	0.019	3.458
4180.800	0.020	3.458
4181.000	0.019	3.458
4181.200	0.019	3.458
4181.400	0.018	3.458
4181.600	0.019	3.458
4181.800	0.018	3.458
4182.000	0.020	3.458
4182.200	0.020	3.458
4182.400	0.018	3.458
4182.600	0.020	3.458
4182.800	0.019	3.458
4183.000	0.020	3.458
4183.200	0.020	3.458
4183.400	0.020	3.458
4183.600	0.019	3.458
4183.800	0.022	3.458
4184.000	0.020	3.458
4184.200	0.019	3.458
4184.400	0.019	3.458
4184.600	0.019	3.458
4184.800	0.019	3.458
4185.000	0.019	3.458
4185.200	0.019	3.458
4185.400	0.019	3.458
4185.600	0.019	3.458
4185.800	0.020	3.458
4186.000	0.019	3.458
4186.200	0.020	3.458
4186.400	0.021	3.458
4186.600	0.018	3.458
4186.800	0.019	3.458
4187.000	0.019	3.458
4187.200	0.018	3.458
4187.400	0.019	3.458
4187.600	0.019	3.458
4187.800	0.021	3.458
4188.000	0.019	3.458
4188.200	0.018	3.458
4188.400	0.018	3.458
4188.600	0.017	3.458
4188.800	0.018	3.458
4189.000	0.020	3.458
4189.200	0.020	3.458
4189.400	0.019	3.458
4189.600	0.019	3.458
4189.800	0.019	3.458
4190.000	0.018	3.458
4190.200	0.017	3.458
4190.400	0.017	3.458
4190.600	0.019	3.458
4190.800	0.018	3.458
4191.000	0.020	3.458
4191.200	0.019	3.458
4191.400	0.019	3.458
4191.600	0.019	3.458
4191.800	0.022	3.458
4192.000	0.021	3.458
4192.200	0.018	3.458
4192.400	0.018	3.458
4192.600	0.017	3.458
4192.800	0.016	3.458
4193.000	0.019	3.458
4193.200	0.017	3.458
4193.400	0.019	3.458
4193.600	0.019	3.458
4193.800	0.017	3.458
4194.000	0.019	3.458
4194.200	0.019	3.458
4194.400	0.020	3.458
4194.600	0.018	3.458
4194.800	0.020	3.458
4195.000	0.020	3.458
4195.200	0.018	3.458
4195.400	0.018	3.458
4195.600	0.019	3.458
4195.800	0.018	3.458
4196.000	0.018	3.458
4196.200	0.018	3.458
4196.400	0.016	3.458
4196.600	0.018	3.458
4196.800	0.018	3.458
4197.000	0.017	3.458
4197.200	0.018	3.458
4197.400	0.017	3.458
4197.600	0.019	3.458
4197.800	0.017	3.458
4198.000	0.017	3.458
4198.200	0.019	3.458
4198.400	0.017	3.458
4198.600	0.017	3.458
4198.800	0.017	3.458
4199.000	0.017	3.458
4199.200	0.018	3.458
4199.400	0.017	3.458
4199.600	0.017	3.458
4199.800	0.017	3.458
4200.000	0.015	3.458
4200.200	0.016	3.458
4200.400	0.016	3.458
4200.600	0.016	3.458
4200.800	0.016	3.458
4201.000	0.017	3.458
4201.200	0.017	3.458
4201.400	0.018	3.458
4201.600	0.015	3.458
4201.800	0.015	3.458
4202.000	0.017	3.458
4202.200	0.016	3.458
4202.400	0.015	3.458
4202.600	0.016	3.458
4202.800	0.015	3.458
4203.000	0.017	3.458
4203.200	0.017	3.458
4203.400	0.016	3.458
4203.600	0.016	3.458
4203.800	0.015	3.458
4204.000	0.016	3.458
4204.200	0.016	3.458
4204.400	0.016	3.458
4204.600	0.017	3.458
4204.800	0.016	3.458
4205.000	0.016	3.458
4205.200	0.017	3.458
4205.400	0.017	3.458
4205.600	0.017	3.458
4205.800	0.019	3.458
4206.000	0.017	3.458
4206.200	0.017	3.458
4206.400	0.017	3.458
4206.600	0.018	3.458
4206.800	0.017	3.458
4207.000	0.016	3.458
4207.200	0.016	3.458
4207.400	0.017	3.458
4207.600	0.016	3.458
4207.800	0.019	3.458
4208.000	0.017	3.458
4208.200	0.018	3.458
4208.400	0.016	3.458
4208.600	0.016	3.458
4208.800	0.014	3.458
4209.000	0.015	3.458
4209.200	0.016	3.458
4209.400	0.017	3.458
4209.600	0.017	3.458
4209.800	0.016	3.458
4210.000	0.015	3.458
4210.200	0.017	3.458
4210.400	0.017	3.458
4210.600	0.018	3.458
4210.800	0.018	3.458
4211.000	0.018	3.458
4211.200	0.017	3.458
4211.400	0.017	3.458
4211.600	0.017	3.458
4211.800	0.017	3.458
4212.000	0.016	3.458
4212.200	0.016	3.458
4212.400	0.017	3.458
4212.600	0.016	3.458
4212.800	0.016	3.458
4213.000	0.018	3.458
4213.200	0.018	3.458
4213.400	0.017	3.458
4213.600	0.018	3.458
4213.800	0.016	3.458
4214.000	0.016	3.458
4214.200	0.015	3.458
4214.400	0.015	3.458
4214.600	0.015	3.458
4214.800	0.016	3.458
4215.000	0.016	3.458
4215.200	0.017	3.458
4215.400	0.017	3.458
4215.600	0.018	3.458
4215.800	0.016	3.458
4216.000	0.017	3.458
4216.200	0.018	3.458
4216.400	0.017	3.458
4216.600	0.017	3.458
4216.800	0.016	3.458
4217.000	0.018	3.458
4217.200	0.018	3.458
4217.400	0.015	3.458
4217.600	0.015	3.458
4217.800	0.016	3.458
4218.000	0.014	3.458
4218.200	0.015	3.458
4218.400	0.017	3.458
4218.600	0.015	3.458
4218.800	0.017	3.458
4219.000	0.016	3.458
4219.200	0.015	3.458
4219.400	0.017	3.458
4219.600	0.016	3.458
4219.800	0.015	3.458
4220.000	0.016	3.458
4220.200	0.016	3.458
4220.400	0.016	3.458
4220.600	0.017	3.458
4220.800	0.017	3.458
4221.000	0.016	3.458
4221.200	0.015	3.458
4221.400	0.015	3.458
4221.600	0.015	3.458
4221.800	0.016	3.458
4222.000	0.017	3.458
4222.200	0.017	3.458
4222.400	0.017	3.458
4222.600	0.017	3.458
4222.800	0.017	3.458
4223.000	0.014	3.458
4223.200	0.016	3.458
4223.400	0.016	3.458
4223.600	0.016	3.458
4223.800	0.015	3.458
4224.000	0.016	3.458
4224.200	0.016	3.458
4224.400	0.015	3.458
4224.600	0.016	3.458
4224.800	0.016	3.458
4225.000	0.016	3.458
4225.200	0.018	3.458
4225.400	0.016	3.458
4225.600	0.019	3.458
4225.800	0.018	3.458
4226.000	0.020	3.458
4226.200	0.017	3.458
4226.400	0.017	3.458
4226.600	0.017	3.458
4226.800	0.017	3.458
4227.000	0.017	3.458
4227.200	0.017	3.458
4227.400	0.016	3.458
4227.600	0.018	3.458
4227.800	0.018	3.458
4228.000	0.017	3.458
4228.200	0.018	3.458
4228.400	0.018	3.458
4228.600	0.016	3.458
4228.800	0.017	3.458
4229.000	0.017	3.458
4229.200	0.017	3.458
4229.400	0.017	3.458
4229.600	0.016	3.458
4229.800	0.016	3.458
4230.000	0.017	3.458
4230.200	0.019	3.458
4230.400	0.018	3.458
4230.600	0.017	3.458
4230.800	0.017	3.458
4231.000	0.017	3.458
4231.200	0.014	3.458
4231.400	0.018	3.458
4231.600	0.018	3.458
4231.800	0.017	3.458
4232.000	0.017	3.458
4232.200	0.015	3.458
4232.400	0.016	3.458
4232.600	0.016	3.458
4232.800	0.017	3.458
4233.000	0.018	3.458
4233.200	0.015	3.458
4233.400	0.018	3.458
4233.600	0.016	3.458
4233.800	0.017	3.458
4234.000	0.017	3.458
4234.200	0.017	3.458
4234.400	0.017	3.458
4234.600	0.017	3.458
4234.800	0.016	3.458
4235.000	0.017	3.458
4235.200	0.017	3.458
4235.400	0.017	3.458
4235.600	0.017	3.458
4235.800	0.016	3.458
4236.000	0.019	3.458
4236.200	0.015	3.458
4236.400	0.016	3.458
4236.600	0.016	3.458
4236.800	0.016	3.458
4237.000	0.017	3.458
4237.200	0.018	3.458
4237.400	0.016	3.458
4237.600	0.017	3.458
4237.800	0.017	3.458
4238.000	0.017	3.458
4238.200	0.018	3.458
4238.400	0.018	3.458
4238.600	0.019	3.458
4238.800	0.018	3.458
4239.000	0.017	3.458
4239.200	0.017	3.458
4239.400	0.016	3.458
4239.600	0.017	3.458
4239.800	0.018	3.458
4240.000	0.018	3.458
4240.200	0.017	3.458
4240.400	0.019	3.458
4240.600	0.019	3.458
4240.800	0.019	3.458
4241.000	0.019	3.458
4241.200	0.019	3.458
4241.400	0.018	3.458
4241.600	0.019	3.458
4241.800	0.019	3.458
4242.000	0.020	3.458
4242.200	0.021	3.458
4242.400	0.019	3.458
4242.600	0.018	3.458
4242.800	0.018	3.458
4243.000	0.018	3.458
4243.200	0.018	3.458
4243.400	0.019	3.458
4243.600	0.018	3.458
4243.800	0.019	3.458
4244.000	0.020	3.458
4244.200	0.018	3.458
4244.400	0.020	3.458
4244.600	0.020	3.458
4244.800	0.021	3.458
4245.000	0.019	3.458
4245.200	0.018	3.458
4245.400	0.018	3.458
4245.600	0.020	3.458
4245.800	0.017	3.458
4246.000	0.019	3.458
4246.200	0.018	3.458
4246.400	0.018	3.458
4246.600	0.019	3.458
4246.800	0.017	3.458
4247.000	0.018	3.458
4247.200	0.019	3.458
4247.400	0.018	3.458
4247.600	0.019	3.458
4247.800	0.018	3.458
4248.000	0.018	3.458
4248.200	0.020	3.458
4248.400	0.019	3.458
4248.600	0.019	3.458
4248.800	0.019	3.458
4249.000	0.018	3.458
4249.200	0.019	3.458
4249.400	0.016	3.458
4249.600	0.018	3.458
4249.800	0.019	3.458
4250.000	0.019	3.458
4250.200	0.018	3.458
4250.400	0.017	3.458
4250.600	0.020	3.458
4250.800	0.020	3.458
4251.000	0.020	3.458
4251.200	0.018	3.458
4251.400	0.020	3.458
4251.600	0.019	3.458
4251.800	0.019	3.458
4252.000	0.020	3.458
4252.200	0.019	3.458
4252.400	0.021	3.458
4252.600	0.020	3.458
4252.800	0.020	3.458
4253.000	0.019	3.458
4253.200	0.021	3.458
4253.400	0.019	3.458
4253.600	0.018	3.458
4253.800	0.019	3.458
4254.000	0.017	3.458
4254.200	0.018	3.458
4254.400	0.019	3.458
4254.600	0.019	3.458
4254.800	0.020	3.458
4255.000	0.019	3.458
4255.200	0.021	3.458
4255.400	0.019	3.458
4255.600	0.019	3.458
4255.800	0.020	3.458
4256.000	0.019	3.458
4256.200	0.019	3.458
4256.400	0.019	3.458
4256.600	0.021	3.458
4256.800	0.021	3.458
4257.000	0.020	3.458
4257.200	0.020	3.458
4257.400	0.021	3.458
4257.600	0.020	3.458
4257.800	0.020	3.458
4258.000	0.021	3.458
4258.200	0.020	3.458
4258.400	0.021	3.458
4258.600	0.021	3.458
4258.800	0.021	3.458
4259.000	0.020	3.458
4259.200	0.020	3.458
4259.400	0.019	3.458
4259.600	0.019	3.458
4259.800	0.020	3.458
4260.000	0.020	3.458
4260.200	0.021	3.458
4260.400	0.020	3.458
4260.600	0.019	3.458
4260.800	0.021	3.458
4261.000	0.020	3.458
4261.200	0.019	3.458
4261.400	0.019	3.458
4261.600	0.020	3.458
4261.800	0.019	3.458
4262.000	0.021	3.458
4262.200	0.018	3.458
4262.400	0.020	3.458
4262.600	0.019	3.458
4262.800	0.019	3.458
4263.000	0.020	3.458
4263.200	0.020	3.458
4263.400	0.019	3.458
4263.600	0.018	3.458
4263.800	0.020	3.458
4264.000	0.020	3.458
4264.200	0.020	3.458
4264.400	0.019	3.458
4264.600	0.021	3.458
4264.800	0.020	3.458
4265.000	0.019	3.458
4265.200	0.019	3.458
4265.400	0.018	3.458
4265.600	0.018	3.458
4265.800	0.019	3.458
4266.000	0.018	3.458
4266.200	0.019	3.458
4266.400	0.020	3.458
4266.600	0.019	3.458
4266.800	0.018	3.458
4267.000	0.019	3.458
4267.200	0.019	3.458
4267.400	0.020	3.458
4267.600	0.020	3.458
4267.800	0.019	3.458
4268.000	0.019	3.458
4268.200	0.019	3.458
4268.400	0.019	3.458
4268.600	0.018	3.458
4268.800	0.018	3.458
4269.000	0.019	3.458
4269.200	0.020	3.458
4269.400	0.020	3.458
4269.600	0.018	3.458
4269.800	0.018	3.458
4270.000	0.018	3.458
4270.200	0.019	3.458
4270.400	0.019	3.458
4270.600	0.019	3.458
4270.800	0.020	3.458
4271.000	0.021	3.458
4271.200	0.020	3.458
4271.400	0.019	3.458
4271.600	0.020	3.458
4271.800	0.021	3.458
4272.000	0.020	3.458
4272.200	0.020	3.458
4272.400	0.020	3.458
4272.600	0.021	3.458
4272.800	0.019	3.458
4273.000	0.022	3.458
4273.200	0.020	3.458
4273.400	0.021	3.458
4273.600	0.020	3.458
4273.800	0.021	3.458
4274.000	0.019	3.458
4274.200	0.019	3.458
4274.400	0.021	3.458
4274.600	0.021	3.458
4274.800	0.020	3.458
4275.000	0.020	3.458
4275.200	0.020	3.458
4275.400	0.020	3.458
4275.600	0.019	3.458
4275.800	0.020	3.458
4276.000	0.022	3.458
4276.200	0.019	3.458
4276.400	0.020	3.458
4276.600	0.022	3.458
4276.800	0.020	3.458
4277.000	0.020	3.458
4277.200	0.021	3.458
4277.400	0.021	3.458
4277.600	0.020	3.458
4277.800	0.022	3.458
4278.000	0.020	3.458
4278.200	0.020	3.458
4278.400	0.020	3.458
4278.600	0.022	3.458
4278.800	0.020	3.458
4279.000	0.020	3.458
4279.200	0.021	3.458
4279.400	0.019	3.458
4279.600	0.022	3.458
4279.800	0.021	3.458
4280.000	0.020	3.458
4280.200	0.021	3.458
4280.400	0.021	3.458
4280.600	0.020	3.458
4280.800	0.022	3.458
4281.000	0.021	3.458
4281.200	0.022	3.458
4281.400	0.022	3.458
4281.600	0.021	3.458
4281.800	0.021	3.458
4282.000	0.019	3.458
4282.200	0.021	3.458
4282.400	0.021	3.458
4282.600	0.022	3.458
4282.800	0.020	3.458
4283.000	0.020	3.458
4283.200	0.021	3.458
4283.400	0.019	3.458
4283.600	0.021	3.458
4283.800	0.020	3.458
4284.000	0.020	3.458
4284.200	0.020	3.458
4284.400	0.018	3.458
4284.600	0.020	3.458
4284.800	0.022	3.458
4285.000	0.020	3.458
4285.200	0.018	3.458
4285.400	0.020	3.458
4285.600	0.019	3.458
4285.800	0.020	3.458
4286.000	0.019	3.458
4286.200	0.020	3.458
4286.400	0.020	3.458
4286.600	0.019	3.458
4286.800	0.021	3.458
4287.000	0.019	3.458
4287.200	0.021	3.458
4287.400	0.020	3.458
4287.600	0.021	3.458
4287.800	0.022	3.458
4288.000	0.021	3.458
4288.200	0.021	3.458
4288.400	0.020	3.458
4288.600	0.020	3.458
4288.800	0.021	3.458
4289.000	0.021	3.458
4289.200	0.020	3.458
4289.400	0.019	3.458
4289.600	0.020	3.458
4289.800	0.020	3.458
4290.000	0.020	3.458
4290.200	0.020	3.458
4290.400	0.022	3.458
4290.600	0.021	3.458
4290.800	0.022	3.458
4291.000	0.020	3.458
4291.200	0.020	3.458
4291.400	0.020	3.458
4291.600	0.021	3.458
4291.800	0.021	3.458
4292.000	0.020	3.458
4292.200	0.021	3.458
4292.400	0.019	3.458
4292.600	0.020	3.458
4292.800	0.023	3.458
4293.000	0.022	3.458
4293.200	0.023	3.458
4293.400	0.022	3.458
4293.600	0.019	3.458
4293.800	0.022	3.458
4294.000	0.022	3.458
4294.200	0.020	3.458
4294.400	0.021	3.458
4294.600	0.020	3.458
4294.800	0.020	3.458
4295.000	0.020	3.458
4295.200	0.022	3.458
4295.400	0.020	3.458
4295.600	0.021	3.458
4295.800	0.021	3.458
4296.000	0.021	3.458
4296.200	0.021	3.458
4296.400	0.021	3.458
4296.600	0.020	3.458
4296.800	0.020	3.458
4297.000	0.020	3.458
4297.200	0.020	3.458
4297.400	0.021	3.458
4297.600	0.018	3.458
4297.800	0.019	3.458
4298.000	0.021	3.458
4298.200	0.019	3.458
4298.400	0.019	3.458
4298.600	0.019	3.458
4298.800	0.020	3.458
4299.000	0.019	3.458
4299.200	0.021	3.458
4299.400	0.020	3.458
4299.600	0.020	3.458
4299.800	0.022	3.458
4300.000	0.022	3.458
4300.200	0.021	3.458
4300.400	0.019	3.458
4300.600	0.019	3.458
4300.800	0.019	3.458
4301.000	0.020	3.458
4301.200	0.020	3.458
4301.400	0.018	3.458
4301.600	0.018	3.458
4301.800	0.020	3.458
4302.000	0.022	3.458
4302.200	0.019	3.458
4302.400	0.020	3.458
4302.600	0.018	3.458
4302.800	0.019	3.458
4303.000	0.020	3.458
4303.200	0.020	3.458
4303.400	0.021	3.458
4303.600	0.021	3.458
4303.800	0.020	3.458
4304.000	0.020	3.458
4304.200	0.020	3.458
4304.400	0.020	3.458
4304.600	0.018	3.458
4304.800	0.019	3.458
4305.000	0.018	3.458
4305.200	0.019	3.458
4305.400	0.018	3.458
4305.600	0.019	3.458
4305.800	0.019	3.458
4306.000	0.019	3.458
4306.200	0.021	3.458
4306.400	0.020	3.458
4306.600	0.021	3.458
4306.800	0.019	3.458
4307.000	0.020	3.458
4307.200	0.020	3.458
4307.400	0.020	3.458
4307.600	0.019	3.458
4307.800	0.019	3.458
4308.000	0.020	3.458
4308.200	0.019	3.458
4308.400	0.020	3.458
4308.600	0.020	3.458
4308.800	0.020	3.458
4309.000	0.020	3.458
4309.200	0.019	3.458
4309.400	0.021	3.458
4309.600	0.020	3.458
4309.800	0.019	3.458
4310.000	0.021	3.458
4310.200	0.020	3.458
4310.400	0.019	3.458
4310.600	0.020	3.458
4310.800	0.019	3.458
4311.000	0.020	3.458
4311.200	0.019	3.458
4311.400	0.019	3.458
4311.600	0.019	3.458
4311.800	0.020	3.458
4312.000	0.021	3.458
4312.200	0.018	3.458
4312.400	0.018	3.458
4312.600	0.020	3.458
4312.800	0.020	3.458
4313.000	0.020	3.458
4313.200	0.019	3.458
4313.400	0.018	3.458
4313.600	0.019	3.458
4313.800	0.021	3.458
4314.000	0.020	3.458
4314.200	0.021	3.458
4314.400	0.020	3.458
4314.600	0.020	3.458
4314.800	0.019	3.458
4315.000	0.019	3.458
4315.200	0.018	3.458
4315.400	0.021	3.458
4315.600	0.020	3.458
4315.800	0.019	3.458
4316.000	0.020	3.458
4316.200	0.020	3.458
4316.400	0.020	3.458
4316.600	0.020	3.458
4316.800	0.019	3.458
4317.000	0.021	3.458
4317.200	0.020	3.458
4317.400	0.020	3.458
4317.600	0.020	3.458
4317.800	0.018	3.458
4318.000	0.020	3.458
4318.200	0.019	3.458
4318.400	0.019	3.458
4318.600	0.021	3.458
4318.800	0.020	3.458
4319.000	0.019	3.458
4319.200	0.019	3.458
4319.400	0.020	3.458
4319.600	0.019	3.458
4319.800	0.020	3.458
4320.000	0.020	3.458
4320.200	0.019	3.458
4320.400	0.019	3.458
4320.600	0.018	3.458
4320.800	0.020	3.458
4321.000	0.019	3.458
4321.200	0.021	3.458
4321.400	0.019	3.458
4321.600	0.018	3.458
4321.800	0.019	3.458
4322.000	0.019	3.458
4322.200	0.018	3.458
4322.400	0.018	3.458
4322.600	0.019	3.458
4322.800	0.019	3.458
4323.000	0.018	3.458
4323.200	0.020	3.458
4323.400	0.021	3.458
4323.600	0.021	3.458
4323.800	0.021	3.458
4324.000	0.020	3.458
4324.200	0.019	3.458
4324.400	0.019	3.458
4324.600	0.020	3.458
4324.800	0.020	3.458
4325.000	0.021	3.458
4325.200	0.021	3.458
4325.400	0.020	3.458
4325.600	0.021	3.458
4325.800	0.021	3.458
4326.000	0.021	3.458
4326.200	0.020	3.458
4326.400	0.021	3.458
4326.600	0.020	3.458
4326.800	0.021	3.458
4327.000	0.022	3.458
4327.200	0.021	3.458
4327.400	0.020	3.458
4327.600	0.019	3.458
4327.800	0.020	3.458
4328.000	0.020	3.458
4328.200	0.019	3.458
4328.400	0.020	3.458
4328.600	0.020	3.458
4328.800	0.020	3.458
4329.000	0.020	3.458
4329.200	0.019	3.458
4329.400	0.019	3.458
4329.600	0.018	3.458
4329.800	0.020	3.458
4330.000	0.020	3.458
4330.200	0.019	3.458
4330.400	0.020	3.458
4330.600	0.021	3.458
4330.800	0.020	3.458
4331.000	0.021	3.458
4331.200	0.021	3.458
4331.400	0.019	3.458
4331.600	0.020	3.458
4331.800	0.019	3.458
4332.000	0.020	3.458
4332.200	0.021	3.458
4332.400	0.021	3.458
4332.600	0.020	3.458
4332.800	0.019	3.458
4333.000	0.020	3.458
4333.200	0.020	3.458
4333.400	0.021	3.458
4333.600	0.020	3.458
4333.800	0.020	3.458
4334.000	0.020	3.458
4334.200	0.020	3.458
4334.400	0.022	3.458
4334.600	0.023	3.458
4334.800	0.022	3.458
4335.000	0.022	3.458
4335.200	0.019	3.458
4335.400	0.021	3.458
4335.600	0.019	3.458
4335.800	0.020	3.458
4336.000	0.020	3.458
4336.200	0.021	3.458
4336.400	0.020	3.458
4336.600	0.021	3.458
4336.800	0.020	3.458
4337.000	0.020	3.458
4337.200	0.020	3.458
4337.400	0.020	3.458
4337.600	0.022	3.458
4337.800	0.020	3.458
4338.000	0.020	3.458
4338.200	0.021	3.458
4338.400	0.022	3.458
4338.600	0.021	3.458
4338.800	0.021	3.458
4339.000	0.020	3.458
4339.200	0.021	3.458
4339.400	0.020	3.458
4339.600	0.020	3.458
4339.800	0.021	3.458
4340.000	0.022	3.458
4340.200	0.022	3.458
4340.400	0.021	3.458
4340.600	0.021	3.458
4340.800	0.020	3.458
4341.000	0.020	3.458
4341.200	0.021	3.458
4341.400	0.018	3.458
4341.600	0.019	3.458
4341.800	0.021	3.458
4342.000	0.020	3.458
4342.200	0.020	3.458
4342.400	0.020	3.458
4342.600	0.020	3.458
4342.800	0.020	3.458
4343.000	0.021	3.458
4343.200	0.019	3.458
4343.400	0.019	3.458
4343.600	0.020	3.458
4343.800	0.021	3.458
4344.000	0.020	3.458
4344.200	0.022	3.458
4344.400	0.022	3.458
4344.600	0.021	3.458
4344.800	0.021	3.458
4345.000	0.020	3.458
4345.200	0.021	3.458
4345.400	0.021	3.458
4345.600	0.020	3.458
4345.800	0.022	3.458
4346.000	0.021	3.458
4346.200	0.018	3.458
4346.400	0.019	3.458
4346.600	0.020	3.458
4346.800	0.020	3.458
4347.000	0.019	3.458
4347.200	0.019	3.458
4347.400	0.019	3.458
4347.600	0.019	3.458
4347.800	0.021	3.458
4348.000	0.020	3.458
4348.200	0.019	3.458
4348.400	0.018	3.458
4348.600	0.017	3.458
4348.800	0.018	3.458
4349.000	0.018	3.458
4349.200	0.020	3.458
4349.400	0.019	3.458
4349.600	0.018	3.458
4349.800	0.019	3.458
4350.000	0.019	3.458
4350.200	0.018	3.458
4350.400	0.019	3.458
4350.600	0.016	3.458
4350.800	0.018	3.458
4351.000	0.019	3.458
4351.200	0.018	3.458
4351.400	0.020	3.458
4351.600	0.018	3.458
4351.800	0.018	3.458
4352.000	0.020	3.458
4352.200	0.020	3.458
4352.400	0.020	3.458
4352.600	0.019	3.458
4352.800	0.018	3.458
4353.000	0.021	3.458
4353.200	0.020	3.458
4353.400	0.019	3.458
4353.600	0.019	3.458
4353.800	0.020	3.458
4354.000	0.018	3.458
4354.200	0.017	3.458
4354.400	0.020	3.458
4354.600	0.021	3.458
4354.800	0.019	3.458
4355.000	0.021	3.458
4355.200	0.021	3.458
4355.400	0.020	3.458
4355.600	0.020	3.458
4355.800	0.020	3.458
4356.000	0.020	3.458
4356.200	0.019	3.458
4356.400	0.018	3.458
4356.600	0.021	3.458
4356.800	0.018	3.458
4357.000	0.018	3.458
4357.200	0.018	3.458
4357.400	0.019	3.458
4357.600	0.020	3.458
4357.800	0.021	3.458
4358.000	0.021	3.458
4358.200	0.018	3.458
4358.400	0.019	3.458
4358.600	0.019	3.458
4358.800	0.019	3.458
4359.000	0.020	3.458
4359.200	0.020	3.458
4359.400	0.019	3.458
4359.600	0.019	3.458
4359.800	0.020	3.458
4360.000	0.018	3.458
4360.200	0.021	3.458
4360.400	0.020	3.458
4360.600	0.021	3.458
4360.800	0.021	3.458
4361.000	0.020	3.458
4361.200	0.020	3.458
4361.400	0.020	3.458
4361.600	0.021	3.458
4361.800	0.020	3.458
4362.000	0.020	3.458
4362.200	0.020	3.458
4362.400	0.020	3.458
4362.600	0.021	3.458
4362.800	0.020	3.458
4363.000	0.021	3.458
4363.200	0.022	3.458
4363.400	0.020	3.458
4363.600	0.021	3.458
4363.800	0.022	3.458
4364.000	0.019	3.458
4364.200	0.021	3.458
4364.400	0.019	3.458
4364.600	0.019	3.458
4364.800	0.021	3.458
4365.000	0.019	3.458
4365.200	0.021	3.458
4365.400	0.021	3.458
4365.600	0.020	3.458
4365.800	0.020	3.458
4366.000	0.019	3.458
4366.200	0.020	3.458
4366.400	0.020	3.458
4366.600	0.019	3.458
4366.800	0.020	3.458
4367.000	0.020	3.458
4367.200	0.019	3.458
4367.400	0.020	3.458
4367.600	0.020	3.458
4367.800	0.019	3.458
4368.000	0.019	3.458
4368.200	0.020	3.458
4368.400	0.020	3.458
4368.600	0.021	3.458
4368.800	0.021	3.458
4369.000	0.020	3.458
4369.200	0.021	3.458
4369.400	0.020	3.458
4369.600	0.020	3.458
4369.800	0.022	3.458
4370.000	0.021	3.458
4370.200	0.020	3.458
4370.400	0.021	3.458
4370.600	0.021	3.458
4370.800	0.022	3.458
4371.000	0.020	3.458
4371.200	0.021	3.458
4371.400	0.022	3.458
4371.600	0.021	3.458
4371.800	0.020	3.458
4372.000	0.021	3.458
4372.200	0.021	3.458
4372.400	0.023	3.458
4372.600	0.021	3.458
4372.800	0.019	3.458
4373.000	0.021	3.458
4373.200	0.019	3.458
4373.400	0.021	3.458
4373.600	0.020	3.458
4373.800	0.021	3.458
4374.000	0.020	3.458
4374.200	0.021	3.458
4374.400	0.020	3.458
4374.600	0.019	3.458
4374.800	0.020	3.458
4375.000	0.021	3.458
4375.200	0.020	3.458
4375.400	0.021	3.458
4375.600	0.021	3.458
4375.800	0.021	3.458
4376.000	0.021	3.458
4376.200	0.022	3.458
4376.400	0.021	3.458
4376.600	0.021	3.458
4376.800	0.022	3.458
4377.000	0.020	3.458
4377.200	0.022	3.458
4377.400	0.017	3.458
4377.600	0.020	3.458
4377.800	0.020	3.458
4378.000	0.019	3.458
4378.200	0.021	3.458
4378.400	0.021	3.458
4378.600	0.021	3.458
4378.800	0.021	3.458
4379.000	0.023	3.458
4379.200	0.020	3.458
4379.400	0.019	3.458
4379.600	0.022	3.458
4379.800	0.021	3.458
4380.000	0.021	3.458
4380.200	0.020	3.458
4380.400	0.019	3.458
4380.600	0.021	3.458
4380.800	0.022	3.458
4381.000	0.023	3.458
4381.200	0.022	3.458
4381.400	0.022	3.458
4381.600	0.021	3.458
4381.800	0.022	3.458
4382.000	0.021	3.458
4382.200	0.021	3.458
4382.400	0.021	3.458
4382.600	0.020	3.458
4382.800	0.021	3.458
4383.000	0.023	3.458
4383.200	0.023	3.458
4383.400	0.021	3.458
4383.600	0.021	3.458
4383.800	0.021	3.458
4384.000	0.021	3.458
4384.200	0.021	3.458
4384.400	0.021	3.458
4384.600	0.022	3.458
4384.800	0.021	3.458
4385.000	0.021	3.458
4385.200	0.021	3.458
4385.400	0.021	3.458
4385.600	0.023	3.458
4385.800	0.020	3.458
4386.000	0.021	3.458
4386.200	0.021	3.458
4386.400	0.021	3.458
4386.600	0.022	3.458
4386.800	0.022	3.458
4387.000	0.021	3.458
4387.200	0.021	3.458
4387.400	0.021	3.458
4387.600	0.021	3.458
4387.800	0.023	3.458
4388.000	0.021	3.458
4388.200	0.022	3.458
4388.400	0.020	3.458
4388.600	0.020	3.458
4388.800	0.022	3.458
4389.000	0.023	3.458
4389.200	0.023	3.458
4389.400	0.022	3.458
4389.600	0.021	3.458
4389.800	0.022	3.458
4390.000	0.021	3.458
4390.200	0.022	3.458
4390.400	0.021	3.458
4390.600	0.019	3.458
4390.800	0.021	3.458
4391.000	0.021	3.458
4391.200	0.021	3.458
4391.400	0.021	3.458
4391.600	0.023	3.458
4391.800	0.022	3.458
4392.000	0.020	3.458
4392.200	0.018	3.458
4392.400	0.019	3.458
4392.600	0.020	3.458
4392.800	0.021	3.458
4393.000	0.019	3.458
4393.200	0.020	3.458
4393.400	0.020	3.458
4393.600	0.020	3.458
4393.800	0.022	3.458
4394.000	0.021	3.458
4394.200	0.021	3.458
4394.400	0.020	3.458
4394.600	0.021	3.458
4394.800	0.021	3.458
4395.000	0.021	3.458
4395.200	0.022	3.458
4395.400	0.020	3.458
4395.600	0.020	3.458
4395.800	0.023	3.458
4396.000	0.020	3.458
4396.200	0.022	3.458
4396.400	0.021	3.458
4396.600	0.022	3.458
4396.800	0.022	3.458
4397.000	0.022	3.458
4397.200	0.022	3.458
4397.400	0.020	3.458
4397.600	0.021	3.458
4397.800	0.020	3.458
4398.000	0.020	3.458
4398.200	0.020	3.458
4398.400	0.021	3.458
4398.600	0.020	3.458
4398.800	0.020	3.458
4399.000	0.021	3.458
4399.200	0.021	3.458
4399.400	0.021	3.458
4399.600	0.021	3.458
4399.800	0.021	3.458
4400.000	0.021	3.458
4400.200	0.019	3.458
4400.400	0.020	3.458
4400.600	0.020	3.458
4400.800	0.020	3.458
4401.000	0.021	3.458
4401.200	0.020	3.458
4401.400	0.019	3.458
4401.600	0.020	3.458
4401.800	0.020	3.458
4402.000	0.018	3.458
4402.200	0.020	3.458
4402.400	0.022	3.458
4402.600	0.021	3.458
4402.800	0.020	3.458
4403.000	0.022	3.458
4403.200	0.021	3.458
4403.400	0.020	3.458
4403.600	0.022	3.458
4403.800	0.021	3.458
4404.000	0.019	3.458
4404.200	0.020	3.458
4404.400	0.020	3.458
4404.600	0.021	3.458
4404.800	0.020	3.458
4405.000	0.020	3.458
4405.200	0.020	3.458
4405.400	0.021	3.458
4405.600	0.020	3.458
4405.800	0.020	3.458
4406.000	0.019	3.458
4406.200	0.018	3.458
4406.400	0.016	3.458
4406.600	0.019	3.458
4406.800	0.019	3.458
4407.000	0.021	3.458
4407.200	0.020	3.458
4407.400	0.019	3.458
4407.600	0.020	3.458
4407.800	0.019	3.458
4408.000	0.019	3.458
4408.200	0.019	3.458
4408.400	0.020	3.458
4408.600	0.019	3.458
4408.800	0.018	3.458
4409.000	0.020	3.458
4409.200	0.021	3.458
4409.400	0.020	3.458
4409.600	0.020	3.458
4409.800	0.018	3.458
4410.000	0.020	3.458
4410.200	0.019	3.458
4410.400	0.019	3.458
4410.600	0.021	3.458
4410.800	0.020	3.458
4411.000	0.020	3.458
4411.200	0.019	3.458
4411.400	0.021	3.458
4411.600	0.017	3.458
4411.800	0.018	3.458
4412.000	0.020	3.458
4412.200	0.019	3.458
4412.400	0.021	3.458
4412.600	0.020	3.458
4412.800	0.020	3.458
4413.000	0.018	3.458
4413.200	0.017	3.458
4413.400	0.018	3.458
4413.600	0.019	3.458
4413.800	0.018	3.458
4414.000	0.019	3.458
4414.200	0.018	3.458
4414.400	0.020	3.458
4414.600	0.021	3.458
4414.800	0.018	3.458
4415.000	0.018	3.458
4415.200	0.020	3.458
4415.400	0.021	3.458
4415.600	0.021	3.458
4415.800	0.021	3.458
4416.000	0.019	3.458
4416.200	0.019	3.458
4416.400	0.020	3.458
4416.600	0.019	3.458
4416.800	0.019	3.458
4417.000	0.019	3.458
4417.200	0.019	3.458
4417.400	0.018	3.458
4417.600	0.019	3.458
4417.800	0.018	3.458
4418.000	0.019	3.458
4418.200	0.019	3.458
4418.400	0.017	3.458
4418.600	0.018	3.458
4418.800	0.018	3.458
4419.000	0.019	3.458
4419.200	0.019	3.458
4419.400	0.018	3.458
4419.600	0.019	3.458
4419.800	0.018	3.458
4420.000	0.016	3.458
4420.200	0.018	3.458
4420.400	0.019	3.458
4420.600	0.020	3.458
4420.800	0.019	3.458
4421.000	0.018	3.458
4421.200	0.018	3.458
4421.400	0.018	3.458
4421.600	0.019	3.458
4421.800	0.018	3.458
4422.000	0.019	3.458
4422.200	0.019	3.458
4422.400	0.019	3.458
4422.600	0.019	3.458
4422.800	0.018	3.458
4423.000	0.019	3.458
4423.200	0.019	3.458
4423.400	0.018	3.458
4423.600	0.018	3.458
4423.800	0.018	3.458
4424.000	0.019	3.458
4424.200	0.016	3.458
4424.400	0.017	3.458
4424.600	0.016	3.458
4424.800	0.019	3.458
4425.000	0.018	3.458
4425.200	0.018	3.458
4425.400	0.018	3.458
4425.600	0.017	3.458
4425.800	0.018	3.458
4426.000	0.017	3.458
4426.200	0.018	3.458
4426.400	0.017	3.458
4426.600	0.018	3.458
4426.800	0.019	3.458
4427.000	0.017	3.458
4427.200	0.017	3.458
4427.400	0.015	3.458
4427.600	0.017	3.458
4427.800	0.017	3.458
4428.000	0.017	3.458
4428.200	0.017	3.458
4428.400	0.017	3.458
4428.600	0.016	3.458
4428.800	0.018	3.458
4429.000	0.018	3.458
4429.200	0.016	3.458
4429.400	0.017	3.458
4429.600	0.017	3.458
4429.800	0.018	3.458
4430.000	0.018	3.458
4430.200	0.017	3.458
4430.400	0.018	3.458
4430.600	0.017	3.458
4430.800	0.018	3.458
4431.000	0.016	3.458
4431.200	0.020	3.458
4431.400	0.020	3.458
4431.600	0.018	3.458
4431.800	0.018	3.458
4432.000	0.017	3.458
4432.200	0.018	3.458
4432.400	0.018	3.458
4432.600	0.017	3.458
4432.800	0.017	3.458
4433.000	0.018	3.458
4433.200	0.018	3.458
4433.400	0.017	3.458
4433.600	0.018	3.458
4433.800	0.017	3.458
4434.000	0.018	3.458
4434.200	0.017	3.458
4434.400	0.017	3.458
4434.600	0.018	3.458
4434.800	0.019	3.458
4435.000	0.017	3.458
4435.200	0.019	3.458
4435.400	0.018	3.458
4435.600	0.017	3.458
4435.800	0.016	3.458
4436.000	0.017	3.458
4436.200	0.017	3.458
4436.400	0.016	3.458
4436.600	0.017	3.458
4436.800	0.017	3.458
4437.000	0.018	3.458
4437.200	0.017	3.458
4437.400	0.018	3.458
4437.600	0.019	3.458
4437.800	0.017	3.458
4438.000	0.018	3.458
4438.200	0.017	3.458
4438.400	0.015	3.458
4438.600	0.016	3.458
4438.800	0.017	3.458
4439.000	0.016	3.458
4439.200	0.017	3.458
4439.400	0.017	3.458
4439.600	0.018	3.458
4439.800	0.018	3.458
4440.000	0.018	3.458
4440.200	0.016	3.458
4440.400	0.016	3.458
4440.600	0.017	3.458
4440.800	0.018	3.458
4441.000	0.018	3.458
4441.200	0.017	3.458
4441.400	0.017	3.458
4441.600	0.016	3.458
4441.800	0.018	3.458
4442.000	0.018	3.458
4442.200	0.018	3.458
4442.400	0.018	3.458
4442.600	0.019	3.458
4442.800	0.017	3.458
4443.000	0.018	3.458
4443.200	0.020	3.458
4443.400	0.016	3.458
4443.600	0.018	3.458
4443.800	0.018	3.458
4444.000	0.020	3.458
4444.200	0.019	3.458
4444.400	0.020	3.458
4444.600	0.018	3.458
4444.800	0.017	3.458
4445.000	0.018	3.458
4445.200	0.020	3.458
4445.400	0.019	3.458
4445.600	0.018	3.458
4445.800	0.019	3.458
4446.000	0.020	3.458
4446.200	0.019	3.458
4446.400	0.019	3.458
4446.600	0.019	3.458
4446.800	0.017	3.458
4447.000	0.017	3.458
4447.200	0.018	3.458
4447.400	0.019	3.458
4447.600	0.019	3.458
4447.800	0.017	3.458
4448.000	0.018	3.458
4448.200	0.019	3.458
4448.400	0.019	3.458
4448.600	0.020	3.458
4448.800	0.020	3.458
4449.000	0.019	3.458
4449.200	0.019	3.458
4449.400	0.018	3.458
4449.600	0.018	3.458
4449.800	0.019	3.458
4450.000	0.021	3.458
4450.200	0.020	3.458
4450.400	0.018	3.458
4450.600	0.020	3.458
4450.800	0.018	3.458
4451.000	0.018	3.458
4451.200	0.018	3.458
4451.400	0.019	3.458
4451.600	0.017	3.458
4451.800	0.017	3.458
4452.000	0.017	3.458
4452.200	0.020	3.458
4452.400	0.019	3.458
4452.600	0.018	3.458
4452.800	0.018	3.458
4453.000	0.017	3.458
4453.200	0.019	3.458
4453.400	0.018	3.458
4453.600	0.017	3.458
4453.800	0.018	3.458
4454.000	0.016	3.458
4454.200	0.018	3.458
4454.400	0.019	3.458
4454.600	0.019	3.458
4454.800	0.020	3.458
4455.000	0.018	3.458
4455.200	0.018	3.457
4455.400	0.017	3.458
4455.600	0.017	3.458
4455.800	0.018	3.458
4456.000	0.019	3.458
4456.200	0.017	3.458
4456.400	0.017	3.458
4456.600	0.017	3.458
4456.800	0.017	3.458
4457.000	0.016	3.458
4457.200	0.019	3.458
4457.400	0.017	3.458
4457.600	0.017	3.458
4457.800	0.017	3.458
4458.000	0.018	3.458
4458.200	0.016	3.458
4458.400	0.018	3.458
4458.600	0.018	3.458
4458.800	0.017	3.457
4459.000	0.016	3.458
4459.200	0.019	3.457
4459.400	0.017	3.458
4459.600	0.018	3.458
4459.800	0.017	3.458
4460.000	0.017	3.457
4460.200	0.018	3.458
4460.400	0.017	3.458
4460.600	0.016	3.458
4460.800	0.017	3.457
4461.000	0.017	3.458
4461.200	0.015	3.458
4461.400	0.016	3.458
4461.600	0.015	3.457
4461.800	0.018	3.458
4462.000	0.016	3.458
4462.200	0.016	3.458
4462.400	0.016	3.457
4462.600	0.016	3.458
4462.800	0.017	3.458
4463.000	0.018	3.457
4463.200	0.016	3.457
4463.400	0.017	3.457
4463.600	0.016	3.457
4463.800	0.017	3.458
4464.000	0.016	3.458
4464.200	0.016	3.458
4464.400	0.016	3.457
4464.600	0.017	3.457
4464.800	0.018	3.457
4465.000	0.016	3.457
4465.200	0.015	3.457
4465.400	0.016	3.457
4465.600	0.017	3.458
4465.800	0.017	3.458
4466.000	0.017	3.458
4466.200	0.016	3.457
4466.400	0.017	3.458
4466.600	0.018	3.458
4466.800	0.015	3.457
4467.000	0.017	3.457
4467.200	0.017	3.458
4467.400	0.015	3.458
4467.600	0.015	3.458
4467.800	0.016	3.457
4468.000	0.017	3.458
4468.200	0.017	3.458
4468.400	0.018	3.458
4468.600	0.018	3.457
4468.800	0.016	3.457
4469.000	0.016	3.457
4469.200	0.015	3.457
4469.400	0.016	3.457
4469.600	0.016	3.457
4469.800	0.019	3.458
4470.000	0.019	3.458
4470.200	0.019	3.458
4470.400	0.018	3.458
4470.600	0.018	3.458
4470.800	0.018	3.457
4471.000	0.016	3.458
4471.200	0.019	3.458
4471.400	0.017	3.458
4471.600	0.018	3.458
4471.800	0.018	3.458
4472.000	0.018	3.458
4472.200	0.017	3.458
4472.400	0.019	3.458
4472.600	0.017	3.457
4472.800	0.018	3.457
4473.000	0.017	3.458
4473.200	0.018	3.458
4473.400	0.018	3.457
4473.600	0.017	3.457
4473.800	0.017	3.457
4474.000	0.016	3.457
4474.200	0.018	3.457
4474.400	0.018	3.458
4474.600	0.019	3.458
4474.800	0.018	3.458
4475.000	0.017	3.458
4475.200	0.019	3.457
4475.400	0.017	3.457
4475.600	0.018	3.458
4475.800	0.016	3.458
4476.000	0.018	3.458
4476.200	0.015	3.457
4476.400	0.018	3.457
4476.600	0.018	3.458
4476.800	0.019	3.457
4477.000	0.019	3.457
4477.200	0.019	3.458
4477.400	0.018	3.457
4477.600	0.019	3.458
4477.800	0.020	3.458
4478.000	0.019	3.457
4478.200	0.020	3.457
4478.400	0.020	3.458
4478.600	0.018	3.457
4478.800	0.019	3.457
4479.000	0.019	3.458
4479.200	0.021	3.458
4479.400	0.019	3.458
4479.600	0.019	3.458
4479.800	0.020	3.457
4480.000	0.019	3.457
4480.200	0.020	3.457
4480.400	0.018	3.457
4480.600	0.020	3.457
4480.800	0.018	3.457
4481.000	0.018	3.457
4481.200	0.019	3.458
4481.400	0.019	3.458
4481.600	0.020	3.458
4481.800	0.018	3.457
4482.000	0.018	3.457
4482.200	0.018	3.457
4482.400	0.019	3.457
4482.600	0.017	3.457
4482.800	0.020	3.457
4483.000	0.021	3.457
4483.200	0.019	3.457
4483.400	0.020	3.457
4483.600	0.019	3.457
4483.800	0.020	3.457
4484.000	0.018	3.457
4484.200	0.020	3.457
4484.400	0.020	3.457
4484.600	0.019	3.457
4484.800	0.020	3.457
4485.000	0.021	3.457
4485.200	0.019	3.457
4485.400	0.019	3.457
4485.600	0.019	3.457
4485.800	0.020	3.457
4486.000	0.019	3.457
4486.200	0.020	3.457
4486.400	0.019	3.457
4486.600	0.018	3.457
4486.800	0.019	3.457
4487.000	0.020	3.457
4487.200	0.018	3.457
4487.400	0.020	3.457
4487.600	0.021	3.458
4487.800	0.019	3.458
4488.000	0.019	3.457
4488.200	0.020	3.457
4488.400	0.019	3.457
4488.600	0.018	3.457
4488.800	0.018	3.457
4489.000	0.019	3.457
4489.200	0.021	3.457
4489.400	0.020	3.457
4489.600	0.020	3.457
4489.800	0.020	3.457
4490.000	0.020	3.457
4490.200	0.019	3.457
4490.400	0.017	3.457
4490.600	0.019	3.457
4490.800	0.018	3.457
4491.000	0.018	3.457
4491.200	0.018	3.457
4491.400	0.017	3.457
4491.600	0.017	3.457
4491.800	0.019	3.457
4492.000	0.017	3.457
4492.200	0.019	3.457
4492.400	0.019	3.457
4492.600	0.019	3.457
4492.800	0.018	3.457
4493.000	0.017	3.457
4493.200	0.018	3.457
4493.400	0.020	3.457
4493.600	0.018	3.457
4493.800	0.018	3.457
4494.000	0.017	3.457
4494.200	0.017	3.457
4494.400	0.017	3.457
4494.600	0.018	3.457
4494.800	0.019	3.457
4495.000	0.017	3.457
4495.200	0.018	3.457
4495.400	0.019	3.457
4495.600	0.018	3.458
4495.800	0.018	3.457
4496.000	0.018	3.457
4496.200	0.020	3.457
4496.400	0.020	3.457
4496.600	0.019	3.457
4496.800	0.020	3.457
4497.000	0.019	3.457
4497.200	0.018	3.457
4497.400	0.016	3.457
4497.600	0.018	3.457
4497.800	0.019	3.457
4498.000	0.017	3.457
4498.200	0.018	3.457
4498.400	0.019	3.457
4498.600	0.018	3.457
4498.800	0.018	3.457
4499.000	0.018	3.457
4499.200	0.018	3.457
4499.400	0.018	3.457
4499.600	0.019	3.457
4499.800	0.019	3.457
4500.000	0.018	3.457
4500.200	0.018	3.457
4500.400	0.018	3.457
4500.600	0.018	3.457
4500.800	0.017	3.457
4501.000	0.016	3.457
4501.200	0.018	3.457
4501.400	0.018	3.457
4501.600	0.017	3.457
4501.800	0.017	3.457
4502.000	0.018	3.457
4502.200	0.018	3.457
4502.400	0.019	3.457
4502.600	0.017	3.457
4502.800	0.018	3.457
4503.000	0.018	3.457
4503.200	0.017	3.457
4503.400	0.018	3.457
4503.600	0.019	3.457
4503.800	0.016	3.457
4504.000	0.016	3.457
4504.200	0.019	3.457
4504.400	0.015	3.457
4504.600	0.016	3.457
4504.800	0.016	3.457
4505.000	0.015	3.457
4505.200	0.016	3.457
4505.400	0.018	3.457
4505.600	0.017	3.457
4505.800	0.019	3.457
4506.000	0.016	3.457
4506.200	0.015	3.457
4506.400	0.017	3.457
4506.600	0.016	3.457
4506.800	0.016	3.457
4507.000	0.017	3.457
4507.200	0.019	3.457
4507.400	0.018	3.457
4507.600	0.017	3.457
4507.800	0.017	3.457
4508.000	0.018	3.457
4508.200	0.019	3.457
4508.400	0.019	3.457
4508.600	0.017	3.457
4508.800	0.017	3.457
4509.000	0.018	3.457
4509.200	0.017	3.457
4509.400	0.019	3.457
4509.600	0.016	3.457
4509.800	0.018	3.457
4510.000	0.018	3.457
4510.200	0.018	3.457
4510.400	0.018	3.457
4510.600	0.019	3.457
4510.800	0.018	3.457
4511.000	0.018	3.457
4511.200	0.018	3.457
4511.400	0.015	3.457
4511.600	0.018	3.457
4511.800	0.017	3.457
4512.000	0.014	3.457
4512.200	0.016	3.457
4512.400	0.016	3.457
4512.600	0.018	3.457
4512.800	0.017	3.457
4513.000	0.018	3.457
4513.200	0.018	3.457
4513.400	0.017	3.457
4513.600	0.019	3.457
4513.800	0.018	3.457
4514.000	0.017	3.457
4514.200	0.016	3.457
4514.400	0.019	3.457
4514.600	0.017	3.457
4514.800	0.018	3.457
4515.000	0.019	3.457
4515.200	0.019	3.457
4515.400	0.017	3.457
4515.600	0.018	3.457
4515.800	0.018	3.457
4516.000	0.018	3.457
4516.200	0.019	3.457
4516.400	0.017	3.457
4516.600	0.019	3.457
4516.800	0.017	3.457
4517.000	0.018	3.457
4517.200	0.017	3.457
4517.400	0.018	3.457
4517.600	0.017	3.457
4517.800	0.017	3.457
4518.000	0.019	3.457
4518.200	0.018	3.457
4518.400	0.018	3.457
4518.600	0.018	3.457
4518.800	0.019	3.457
4519.000	0.018	3.457
4519.200	0.019	3.457
4519.400	0.018	3.457
4519.600	0.019	3.457
4519.800	0.019	3.457
4520.000	0.017	3.457
4520.200	0.017	3.457
4520.400	0.019	3.457
4520.600	0.019	3.457
4520.800	0.018	3.457
4521.000	0.017	3.457
4521.200	0.018	3.457
4521.400	0.017	3.457
4521.600	0.018	3.457
4521.800	0.016	3.457
4522.000	0.017	3.457
4522.200	0.017	3.457
4522.400	0.017	3.457
4522.600	0.018	3.457
4522.800	0.019	3.457
4523.000	0.019	3.457
4523.200	0.019	3.457
4523.400	0.019	3.457
4523.600	0.018	3.457
4523.800	0.018	3.457
4524.000	0.018	3.457
4524.200	0.018	3.457
4524.400	0.016	3.457
4524.600	0.018	3.457
4524.800	0.019	3.457
4525.000	0.019	3.457
4525.200	0.018	3.457
4525.400	0.018	3.457
4525.600	0.017	3.457
4525.800	0.019	3.457
4526.000	0.018	3.457
4526.200	0.019	3.457
4526.400	0.019	3.457
4526.600	0.017	3.457
4526.800	0.018	3.457
4527.000	0.019	3.457
4527.200	0.019	3.457
4527.400	0.018	3.457
4527.600	0.017	3.457
4527.800	0.018	3.457
4528.000	0.017	3.457
4528.200	0.019	3.457
4528.400	0.017	3.457
4528.600	0.019	3.457
4528.800	0.019	3.457
4529.000	0.019	3.457
4529.200	0.019	3.457
4529.400	0.018	3.457
4529.600	0.018	3.457
4529.800	0.018	3.457
4530.000	0.018	3.457
4530.200	0.019	3.457
4530.400	0.018	3.457
4530.600	0.018	3.457
4530.800	0.018	3.457
4531.000	0.018	3.457
4531.200	0.018	3.457
4531.400	0.021	3.457
4531.600	0.019	3.457
4531.800	0.020	3.457
4532.000	0.019	3.457
4532.200	0.019	3.457
4532.400	0.018	3.457
4532.600	0.019	3.457
4532.800	0.018	3.457
4533.000	0.016	3.457
4533.200	0.018	3.457
4533.400	0.018	3.457
4533.600	0.020	3.457
4533.800	0.019	3.457
4534.000	0.018	3.457
4534.200	0.016	3.457
4534.400	0.017	3.457
4534.600	0.018	3.457
4534.800	0.019	3.457
4535.000	0.020	3.457
4535.200	0.021	3.457
4535.400	0.021	3.457
4535.600	0.020	3.457
4535.800	0.019	3.457
4536.000	0.020	3.457
4536.200	0.021	3.457
4536.400	0.021	3.457
4536.600	0.020	3.457
4536.800	0.018	3.457
4537.000	0.020	3.457
4537.200	0.019	3.457
4537.400	0.021	3.457
4537.600	0.020	3.457
4537.800	0.020	3.457
4538.000	0.020	3.457
4538.200	0.020	3.457
4538.400	0.022	3.457
4538.600	0.019	3.457
4538.800	0.020	3.457
4539.000	0.021	3.457
4539.200	0.020	3.457
4539.400	0.020	3.457
4539.600	0.020	3.457
4539.800	0.020	3.457
4540.000	0.022	3.457
4540.200	0.020	3.457
4540.400	0.019	3.457
4540.600	0.021	3.457
4540.800	0.020	3.457
4541.000	0.019	3.457
4541.200	0.020	3.457
4541.400	0.020	3.457
4541.600	0.022	3.457
4541.800	0.022	3.457
4542.000	0.021	3.457
4542.200	0.021	3.457
4542.400	0.022	3.457
4542.600	0.021	3.457
4542.800	0.022	3.457
4543.000	0.020	3.457
4543.200	0.019	3.457
4543.400	0.022	3.457
4543.600	0.020	3.457
4543.800	0.022	3.457
4544.000	0.020	3.457
4544.200	0.020	3.457
4544.400	0.019	3.457
4544.600	0.022	3.457
4544.800	0.020	3.457
4545.000	0.021	3.457
4545.200	0.019	3.457
4545.400	0.020	3.457
4545.600	0.020	3.457
4545.800	0.019	3.457
4546.000	0.020	3.457
4546.200	0.019	3.457
4546.400	0.019	3.457
4546.600	0.020	3.457
4546.800	0.019	3.457
4547.000	0.020	3.457
4547.200	0.021	3.457
4547.400	0.021	3.457
4547.600	0.020	3.457
4547.800	0.021	3.457
4548.000	0.022	3.457
4548.200	0.021	3.457
4548.400	0.020	3.457
4548.600	0.021	3.457
4548.800	0.020	3.457
4549.000	0.020	3.457
4549.200	0.021	3.457
4549.400	0.019	3.457
4549.600	0.019	3.457
4549.800	0.020	3.457
4550.000	0.018	3.457
4550.200	0.019	3.457
4550.400	0.020	3.457
4550.600	0.019	3.457
4550.800	0.020	3.457
4551.000	0.019	3.457
4551.200	0.020	3.457
4551.400	0.020	3.457
4551.600	0.021	3.457
4551.800	0.020	3.457
4552.000	0.020	3.457
4552.200	0.020	3.457
4552.400	0.020	3.457
4552.600	0.018	3.457
4552.800	0.020	3.457
4553.000	0.019	3.457
4553.200	0.020	3.457
4553.400	0.019	3.457
4553.600	0.019	3.457
4553.800	0.020	3.457
4554.000	0.019	3.457
4554.200	0.021	3.457
4554.400	0.019	3.457
4554.600	0.019	3.457
4554.800	0.021	3.457
4555.000	0.020	3.457
4555.200	0.021	3.457
4555.400	0.018	3.457
4555.600	0.018	3.457
4555.800	0.019	3.457
4556.000	0.018	3.457
4556.200	0.018	3.457
4556.400	0.020	3.457
4556.600	0.020	3.457
4556.800	0.020	3.457
4557.000	0.018	3.457
4557.200	0.019	3.457
4557.400	0.019	3.457
4557.600	0.019	3.457
4557.800	0.018	3.457
4558.000	0.019	3.457
4558.200	0.021	3.457
4558.400	0.020	3.457
4558.600	0.020	3.457
4558.800	0.019	3.457
4559.000	0.019	3.457
4559.200	0.018	3.457
4559.400	0.020	3.457
4559.600	0.020	3.457
4559.800	0.020	3.457
4560.000	0.018	3.457
4560.200	0.020	3.457
4560.400	0.020	3.457
4560.600	0.020	3.457
4560.800	0.020	3.457
4561.000	0.021	3.457
4561.200	0.020	3.457
4561.400	0.021	3.457
4561.600	0.020	3.457
4561.800	0.020	3.457
4562.000	0.020	3.457
4562.200	0.021	3.457
4562.400	0.020	3.457
4562.600	0.020	3.457
4562.800	0.019	3.457
4563.000	0.018	3.457
4563.200	0.022	3.457
4563.400	0.020	3.457
4563.600	0.017	3.457
4563.800	0.019	3.457
4564.000	0.019	3.457
4564.200	0.022	3.457
4564.400	0.020	3.457
4564.600	0.020	3.457
4564.800	0.020	3.457
4565.000	0.020	3.457
4565.200	0.021	3.457
4565.400	0.019	3.457
4565.600	0.020	3.457
4565.800	0.022	3.457
4566.000	0.020	3.457
4566.200	0.021	3.457
4566.400	0.021	3.457
4566.600	0.021	3.457
4566.800	0.020	3.457
4567.000	0.022	3.457
4567.200	0.020	3.457
4567.400	0.020	3.457
4567.600	0.021	3.457
4567.800	0.021	3.457
4568.000	0.019	3.457
4568.200	0.022	3.457
4568.400	0.020	3.457
4568.600	0.020	3.457
4568.800	0.021	3.457
4569.000	0.021	3.457
4569.200	0.018	3.457
4569.400	0.022	3.457
4569.600	0.020	3.457
4569.800	0.019	3.457
4570.000	0.020	3.457
4570.200	0.021	3.457
4570.400	0.019	3.457
4570.600	0.020	3.457
4570.800	0.020	3.457
4571.000	0.020	3.457
4571.200	0.019	3.457
4571.400	0.020	3.457
4571.600	0.019	3.457
4571.800	0.017	3.457
4572.000	0.019	3.457
4572.200	0.019	3.457
4572.400	0.018	3.457
4572.600	0.018	3.457
4572.800	0.018	3.457
4573.000	0.018	3.457
4573.200	0.019	3.457
4573.400	0.017	3.457
4573.600	0.019	3.457
4573.800	0.018	3.457
4574.000	0.017	3.457
4574.200	0.017	3.457
4574.400	0.019	3.457
4574.600	0.019	3.457
4574.800	0.018	3.457
4575.000	0.020	3.457
4575.200	0.018	3.457
4575.400	0.020	3.457
4575.600	0.019	3.457
4575.800	0.020	3.457
4576.000	0.020	3.457
4576.200	0.019	3.457
4576.400	0.020	3.457
4576.600	0.019	3.457
4576.800	0.018	3.457
4577.000	0.018	3.457
4577.200	0.019	3.457
4577.400	0.019	3.457
4577.600	0.017	3.457
4577.800	0.018	3.457
4578.000	0.018	3.457
4578.200	0.017	3.457
4578.400	0.019	3.457
4578.600	0.019	3.457
4578.800	0.019	3.457
4579.000	0.018	3.457
4579.200	0.020	3.457
4579.400	0.018	3.457
4579.600	0.018	3.457
4579.800	0.019	3.457
4580.000	0.018	3.457
4580.200	0.017	3.457
4580.400	0.018	3.457
4580.600	0.017	3.457
4580.800	0.017	3.457
4581.000	0.018	3.457
4581.200	0.017	3.457
4581.400	0.015	3.457
4581.600	0.018	3.457
4581.800	0.018	3.457
4582.000	0.017	3.457
4582.200	0.017	3.457
4582.400	0.016	3.457
4582.600	0.018	3.457
4582.800	0.018	3.457
4583.000	0.018	3.457
4583.200	0.018	3.457
4583.400	0.017	3.457
4583.600	0.018	3.457
4583.800	0.018	3.457
4584.000	0.016	3.457
4584.200	0.019	3.457
4584.400	0.019	3.457
4584.600	0.020	3.457
4584.800	0.018	3.457
4585.000	0.018	3.457
4585.200	0.019	3.457
4585.400	0.017	3.457
4585.600	0.014	3.457
4585.800	0.018	3.457
4586.000	0.017	3.457
4586.200	0.018	3.457
4586.400	0.018	3.457
4586.600	0.018	3.457
4586.800	0.018	3.457
4587.000	0.016	3.457
4587.200	0.019	3.457
4587.400	0.019	3.457
4587.600	0.017	3.457
4587.800	0.018	3.457
4588.000	0.018	3.457
4588.200	0.019	3.457
4588.400	0.017	3.457
4588.600	0.018	3.457
4588.800	0.019	3.457
4589.000	0.018	3.457
4589.200	0.013	3.457
4589.400	0.016	3.457
4589.600	0.017	3.457
4589.800	0.017	3.457
4590.000	0.018	3.457
4590.200	0.017	3.457
4590.400	0.018	3.457
4590.600	0.017	3.457
4590.800	0.017	3.457
4591.000	0.018	3.457
4591.200	0.018	3.457
4591.400	0.018	3.457
4591.600	0.019	3.457
4591.800	0.018	3.457
4592.000	0.018	3.457
4592.200	0.016	3.457
4592.400	0.016	3.457
4592.600	0.016	3.457
4592.800	0.016	3.457
4593.000	0.018	3.457
4593.200	0.017	3.457
4593.400	0.017	3.457
4593.600	0.016	3.457
4593.800	0.017	3.457
4594.000	0.017	3.457
4594.200	0.018	3.457
4594.400	0.018	3.457
4594.600	0.019	3.457
4594.800	0.016	3.457
4595.000	0.017	3.457
4595.200	0.018	3.457
4595.400	0.016	3.457
4595.600	0.016	3.457
4595.800	0.017	3.457
4596.000	0.018	3.457
4596.200	0.018	3.457
4596.400	0.019	3.457
4596.600	0.015	3.457
4596.800	0.016	3.457
4597.000	0.016	3.457
4597.200	0.018	3.457
4597.400	0.018	3.457
4597.600	0.018	3.457
4597.800	0.018	3.457
4598.000	0.018	3.457
4598.200	0.018	3.457
4598.400	0.017	3.457
4598.600	0.017	3.457
4598.800	0.018	3.457
4599.000	0.017	3.457
4599.200	0.019	3.457
4599.400	0.018	3.457
4599.600	0.019	3.457
4599.800	0.017	3.457
4600.000	0.018	3.457
4600.200	0.017	3.457
4600.400	0.017	3.457
4600.600	0.018	3.457
4600.800	0.017	3.457
4601.000	0.018	3.457
4601.200	0.018	3.457
4601.400	0.017	3.457
4601.600	0.018	3.457
4601.800	0.019	3.457
4602.000	0.017	3.457
4602.200	0.018	3.457
4602.400	0.018	3.457
4602.600	0.020	3.457
4602.800	0.018	3.457
4603.000	0.018	3.457
4603.200	0.019	3.457
4603.400	0.020	3.457
4603.600	0.017	3.457
4603.800	0.019	3.457
4604.000	0.019	3.457
4604.200	0.019	3.457
4604.400	0.017	3.457
4604.600	0.019	3.457
4604.800	0.017	3.457
4605.000	0.019	3.457
4605.200	0.018	3.457
4605.400	0.018	3.457
4605.600	0.019	3.457
4605.800	0.017	3.457
4606.000	0.019	3.457
4606.200	0.019	3.457
4606.400	0.018	3.457
4606.600	0.018	3.457
4606.800	0.019	3.457
4607.000	0.019	3.457
4607.200	0.021	3.457
4607.400	0.019	3.457
4607.600	0.018	3.457
4607.800	0.018	3.457
4608.000	0.019	3.457
4608.200	0.018	3.457
4608.400	0.018	3.457
4608.600	0.020	3.457
4608.800	0.019	3.457
4609.000	0.019	3.457
4609.200	0.019	3.457
4609.400	0.020	3.457
4609.600	0.019	3.457
4609.800	0.018	3.457
4610.000	0.018	3.457
4610.200	0.018	3.457
4610.400	0.017	3.457
4610.600	0.018	3.457
4610.800	0.020	3.457
4611.000	0.019	3.457
4611.200	0.018	3.457
4611.400	0.017	3.457
4611.600	0.017	3.457
4611.800	0.018	3.457
4612.000	0.018	3.457
4612.200	0.018	3.457
4612.400	0.018	3.457
4612.600	0.018	3.457
4612.800	0.018	3.457
4613.000	0.018	3.457
4613.200	0.017	3.457
4613.400	0.019	3.457
4613.600	0.020	3.457
4613.800	0.018	3.457
4614.000	0.017	3.457
4614.200	0.019	3.457
4614.400	0.018	3.457
4614.600	0.019	3.457
4614.800	0.017	3.457
4615.000	0.018	3.457
4615.200	0.018	3.457
4615.400	0.019	3.457
4615.600	0.018	3.457
4615.800	0.017	3.457
4616.000	0.018	3.457
4616.200	0.018	3.457
4616.400	0.018	3.457
4616.600	0.020	3.457
4616.800	0.018	3.457
4617.000	0.017	3.457
4617.200	0.019	3.457
4617.400	0.018	3.457
4617.600	0.018	3.457
4617.800	0.018	3.457
4618.000	0.017	3.457
4618.200	0.018	3.457
4618.400	0.019	3.457
4618.600	0.019	3.457
4618.800	0.019	3.457
4619.000	0.019	3.457
4619.200	0.019	3.457
4619.400	0.018	3.457
4619.600	0.018	3.457
4619.800	0.019	3.457
4620.000	0.018	3.457
4620.200	0.019	3.457
4620.400	0.018	3.457
4620.600	0.019	3.457
4620.800	0.020	3.457
4621.000	0.020	3.457
4621.200	0.018	3.457
4621.400	0.018	3.457
4621.600	0.020	3.457
4621.800	0.020	3.457
4622.000	0.020	3.457
4622.200	0.019	3.457
4622.400	0.020	3.457
4622.600	0.021	3.457
4622.800	0.019	3.457
4623.000	0.019	3.457
4623.200	0.021	3.457
4623.400	0.019	3.457
4623.600	0.020	3.457
4623.800	0.021	3.457
4624.000	0.021	3.457
4624.200	0.018	3.457
4624.400	0.020	3.457
4624.600	0.019	3.457
4624.800	0.020	3.457
4625.000	0.020	3.457
4625.200	0.020	3.457
4625.400	0.020	3.457
4625.600	0.022	3.457
4625.800	0.020	3.457
4626.000	0.021	3.457
4626.200	0.021	3.457
4626.400	0.021	3.457
4626.600	0.021	3.457
4626.800	0.020	3.457
4627.000	0.020	3.457
4627.200	0.020	3.457
4627.400	0.019	3.457
4627.600	0.019	3.457
4627.800	0.020	3.457
4628.000	0.019	3.457
4628.200	0.021	3.457
4628.400	0.020	3.457
4628.600	0.020	3.457
4628.800	0.019	3.457
4629.000	0.021	3.457
4629.200	0.019	3.457
4629.400	0.020	3.457
4629.600	0.020	3.457
4629.800	0.018	3.457
4630.000	0.020	3.457
4630.200	0.020	3.457
4630.400	0.018	3.457
4630.600	0.017	3.457
4630.800	0.020	3.457
4631.000	0.021	3.457
4631.200	0.020	3.457
4631.400	0.018	3.457
4631.600	0.021	3.457
4631.800	0.020	3.457
4632.000	0.020	3.457
4632.200	0.020	3.457
4632.400	0.021	3.457
4632.600	0.019	3.457
4632.800	0.021	3.457
4633.000	0.018	3.457
4633.200	0.020	3.457
4633.400	0.020	3.457
4633.600	0.019	3.457
4633.800	0.019	3.457
4634.000	0.021	3.457
4634.200	0.020	3.457
4634.400	0.020	3.457
4634.600	0.020	3.457
4634.800	0.019	3.457
4635.000	0.020	3.457
4635.200	0.021	3.457
4635.400	0.018	3.457
4635.600	0.020	3.457
4635.800	0.017	3.457
4636.000	0.018	3.457
4636.200	0.019	3.457
4636.400	0.018	3.457
4636.600	0.018	3.457
4636.800	0.019	3.457
4637.000	0.020	3.457
4637.200	0.021	3.457
4637.400	0.019	3.457
4637.600	0.021	3.457
4637.800	0.019	3.457
4638.000	0.018	3.457
4638.200	0.017	3.457
4638.400	0.020	3.457
4638.600	0.020	3.457
4638.800	0.018	3.457
4639.000	0.019	3.457
4639.200	0.018	3.457
4639.400	0.018	3.457
4639.600	0.019	3.457
4639.800	0.018	3.457
4640.000	0.018	3.457
4640.200	0.018	3.457
4640.400	0.019	3.457
4640.600	0.019	3.457
4640.800	0.019	3.457
4641.000	0.018	3.457
4641.200	0.019	3.457
4641.400	0.019	3.457
4641.600	0.019	3.457
4641.800	0.021	3.457
4642.000	0.020	3.457
4642.200	0.020	3.457
4642.400	0.020	3.457
4642.600	0.019	3.457
4642.800	0.019	3.457
4643.000	0.022	3.457
4643.200	0.021	3.457
4643.400	0.021	3.457
4643.600	0.020	3.457
4643.800	0.019	3.457
4644.000	0.019	3.457
4644.200	0.017	3.457
4644.400	0.018	3.457
4644.600	0.021	3.457
4644.800	0.019	3.457
4645.000	0.020	3.457
4645.200	0.019	3.457
4645.400	0.019	3.457
4645.600	0.019	3.457
4645.800	0.019	3.457
4646.000	0.018	3.457
4646.200	0.018	3.457
4646.400	0.018	3.457
4646.600	0.018	3.457
4646.800	0.020	3.457
4647.000	0.018	3.457
4647.200	0.019	3.457
4647.400	0.018	3.457
4647.600	0.019	3.457
4647.800	0.019	3.457
4648.000	0.020	3.457
4648.200	0.018	3.457
4648.400	0.018	3.457
4648.600	0.018	3.457
4648.800	0.019	3.457
4649.000	0.018	3.457
4649.200	0.018	3.457
4649.400	0.018	3.457
4649.600	0.017	3.457
4649.800	0.018	3.457
4650.000	0.019	3.457
4650.200	0.018	3.457
4650.400	0.018	3.457
4650.600	0.020	3.457
4650.800	0.019	3.457
4651.000	0.019	3.457
4651.200	0.020	3.457
4651.400	0.019	3.457
4651.600	0.019	3.457
4651.800	0.020	3.457
4652.000	0.019	3.457
4652.200	0.018	3.457
4652.400	0.019	3.457
4652.600	0.019	3.457
4652.800	0.019	3.457
4653.000	0.018	3.457
4653.200	0.019	3.457
4653.400	0.018	3.457
4653.600	0.020	3.457
4653.800	0.020	3.457
4654.000	0.018	3.457
4654.200	0.019	3.457
4654.400	0.018	3.457
4654.600	0.020	3.457
4654.800	0.019	3.457
4655.000	0.019	3.457
4655.200	0.018	3.457
4655.400	0.018	3.457
4655.600	0.019	3.457
4655.800	0.019	3.457
4656.000	0.020	3.457
4656.200	0.021	3.457
4656.400	0.019	3.457
4656.600	0.021	3.457
4656.800	0.019	3.457
4657.000	0.017	3.457
4657.200	0.019	3.457
4657.400	0.019	3.457
4657.600	0.020	3.457
4657.800	0.020	3.457
4658.000	0.020	3.457
4658.200	0.019	3.457
4658.400	0.020	3.457
4658.600	0.020	3.457
4658.800	0.020	3.457
4659.000	0.020	3.457
4659.200	0.020	3.457
4659.400	0.019	3.457
4659.600	0.020	3.457
4659.800	0.019	3.457
4660.000	0.019	3.457
4660.200	0.020	3.457
4660.400	0.018	3.457
4660.600	0.019	3.457
4660.800	0.019	3.457
4661.000	0.018	3.457
4661.200	0.017	3.457
4661.400	0.019	3.457
4661.600	0.018	3.457
4661.800	0.019	3.457
4662.000	0.019	3.457
4662.200	0.019	3.457
4662.400	0.019	3.457
4662.600	0.020	3.457
4662.800	0.019	3.457
4663.000	0.019	3.457
4663.200	0.019	3.457
4663.400	0.020	3.457
4663.600	0.018	3.457
4663.800	0.021	3.457
4664.000	0.019	3.457
4664.200	0.019	3.457
4664.400	0.019	3.457
4664.600	0.021	3.457
4664.800	0.020	3.457
4665.000	0.020	3.457
4665.200	0.018	3.457
4665.400	0.019	3.457
4665.600	0.019	3.457
4665.800	0.020	3.457
4666.000	0.020	3.457
4666.200	0.018	3.457
4666.400	0.020	3.457
4666.600	0.020	3.457
4666.800	0.020	3.457
4667.000	0.022	3.457
4667.200	0.022	3.457
4667.400	0.020	3.457
4667.600	0.019	3.457
4667.800	0.020	3.457
4668.000	0.019	3.457
4668.200	0.020	3.457
4668.400	0.020	3.457
4668.600	0.020	3.457
4668.800	0.020	3.457
4669.000	0.020	3.457
4669.200	0.019	3.457
4669.400	0.018	3.457
4669.600	0.019	3.457
4669.800	0.020	3.457
4670.000	0.021	3.457
4670.200	0.020	3.457
4670.400	0.018	3.457
4670.600	0.019	3.457
4670.800	0.020	3.457
4671.000	0.021	3.457
4671.200	0.019	3.457
4671.400	0.020	3.457
4671.600	0.019	3.457
4671.800	0.021	3.457
4672.000	0.020	3.457
4672.200	0.018	3.457
4672.400	0.020	3.457
4672.600	0.019	3.457
4672.800	0.019	3.457
4673.000	0.019	3.457
4673.200	0.020	3.457
4673.400	0.020	3.457
4673.600	0.019	3.457
4673.800	0.018	3.457
4674.000	0.019	3.457
4674.200	0.018	3.457
4674.400	0.020	3.457
4674.600	0.020	3.457
4674.800	0.020	3.457
4675.000	0.018	3.457
4675.200	0.019	3.457
4675.400	0.020	3.457
4675.600	0.020	3.457
4675.800	0.018	3.457
4676.000	0.018	3.457
4676.200	0.018	3.457
4676.400	0.017	3.457
4676.600	0.017	3.457
4676.800	0.017	3.457
4677.000	0.018	3.457
4677.200	0.018	3.457
4677.400	0.018	3.457
4677.600	0.017	3.457
4677.800	0.018	3.457
4678.000	0.017	3.457
4678.200	0.017	3.457
4678.400	0.018	3.457
4678.600	0.019	3.457
4678.800	0.017	3.457
4679.000	0.018	3.457
4679.200	0.019	3.457
4679.400	0.018	3.457
4679.600	0.018	3.457
4679.800	0.018	3.457
4680.000	0.019	3.457
4680.200	0.018	3.457
4680.400	0.018	3.457
4680.600	0.017	3.457
4680.800	0.018	3.457
4681.000	0.018	3.457
4681.200	0.018	3.457
4681.400	0.018	3.457
4681.600	0.019	3.457
4681.800	0.018	3.457
4682.000	0.019	3.457
4682.200	0.018	3.457
4682.400	0.019	3.457
4682.600	0.018	3.457
4682.800	0.019	3.457
4683.000	0.018	3.457
4683.200	0.020	3.457
4683.400	0.018	3.457
4683.600	0.018	3.457
4683.800	0.018	3.457
4684.000	0.019	3.457
4684.200	0.018	3.457
4684.400	0.018	3.457
4684.600	0.018	3.457
4684.800	0.018	3.457
4685.000	0.018	3.457
4685.200	0.017	3.457
4685.400	0.017	3.457
4685.600	0.018	3.457
4685.800	0.019	3.457
4686.000	0.018	3.457
4686.200	0.019	3.457
4686.400	0.020	3.457
4686.600	0.017	3.457
4686.800	0.017	3.457
4687.000	0.017	3.457
4687.200	0.018	3.457
4687.400	0.018	3.457
4687.600	0.018	3.457
4687.800	0.016	3.457
4688.000	0.017	3.457
4688.200	0.017	3.457
4688.400	0.018	3.457
4688.600	0.017	3.457
4688.800	0.019	3.457
4689.000	0.017	3.457
4689.200	0.016	3.457
4689.400	0.015	3.457
4689.600	0.016	3.457
4689.800	0.017	3.457
4690.000	0.017	3.457
4690.200	0.015	3.457
4690.400	0.017	3.457
4690.600	0.016	3.457
4690.800	0.016	3.457
4691.000	0.016	3.457
4691.200	0.016	3.457
4691.400	0.015	3.457
4691.600	0.016	3.457
4691.800	0.014	3.457
4692.000	0.016	3.457
4692.200	0.016	3.457
4692.400	0.017	3.457
4692.600	0.017	3.457
4692.800	0.017	3.457
4693.000	0.017	3.457
4693.200	0.016	3.457
4693.400	0.018	3.457
4693.600	0.018	3.457
4693.800	0.017	3.457
4694.000	0.015	3.457
4694.200	0.015	3.457
4694.400	0.018	3.457
4694.600	0.017	3.457
4694.800	0.017	3.457
4695.000	0.016	3.457
4695.200	0.017	3.457
4695.400	0.018	3.457
4695.600	0.018	3.457
4695.800	0.018	3.457
4696.000	0.018	3.457
4696.200	0.018	3.457
4696.400	0.018	3.457
4696.600	0.019	3.457
4696.800	0.019	3.457
4697.000	0.018	3.457
4697.200	0.017	3.457
4697.400	0.016	3.457
4697.600	0.017	3.457
4697.800	0.017	3.457
4698.000	0.018	3.457
4698.200	0.019	3.457
4698.400	0.019	3.457
4698.600	0.018	3.457
4698.800	0.017	3.457
4699.000	0.016	3.457
4699.200	0.016	3.457
4699.400	0.017	3.457
4699.600	0.015	3.457
4699.800	0.018	3.457
4700.000	0.016	3.457
4700.200	0.016	3.457
4700.400	0.018	3.457
4700.600	0.018	3.457
4700.800	0.017	3.457
4701.000	0.016	3.457
4701.200	0.016	3.457
4701.400	0.018	3.457
4701.600	0.018	3.457
4701.800	0.017	3.457
4702.000	0.016	3.457
4702.200	0.017	3.457
4702.400	0.016	3.457
4702.600	0.016	3.457
4702.800	0.016	3.457
4703.000	0.016	3.457
4703.200	0.016	3.457
4703.400	0.017	3.457
4703.600	0.017	3.457
4703.800	0.017	3.457
4704.000	0.017	3.457
4704.200	0.017	3.457
4704.400	0.017	3.457
4704.600	0.018	3.457
4704.800	0.018	3.457
4705.000	0.018	3.457
4705.200	0.017	3.457
4705.400	0.017	3.457
4705.600	0.018	3.457
4705.800	0.019	3.457
4706.000	0.018	3.457
4706.200	0.017	3.457
4706.400	0.018	3.457
4706.600	0.016	3.457
4706.800	0.015	3.457
4707.000	0.016	3.457
4707.200	0.015	3.457
4707.400	0.018	3.457
4707.600	0.017	3.457
4707.800	0.017	3.457
4708.000	0.017	3.457
4708.200	0.017	3.457
4708.400	0.018	3.457
4708.600	0.017	3.457
4708.800	0.018	3.457
4709.000	0.016	3.457
4709.200	0.016	3.457
4709.400	0.018	3.457
4709.600	0.016	3.457
4709.800	0.018	3.457
4710.000	0.016	3.457
4710.200	0.017	3.457
4710.400	0.016	3.457
4710.600	0.016	3.457
4710.800	0.015	3.457
4711.000	0.015	3.457
4711.200	0.018	3.457
4711.400	0.018	3.457
4711.600	0.017	3.457
4711.800	0.018	3.457
4712.000	0.018	3.457
4712.200	0.017	3.457
4712.400	0.018	3.457
4712.600	0.018	3.457
4712.800	0.017	3.457
4713.000	0.016	3.457
4713.200	0.018	3.457
4713.400	0.016	3.457
4713.600	0.015	3.457
4713.800	0.016	3.457
4714.000	0.017	3.457
4714.200	0.019	3.457
4714.400	0.017	3.457
4714.600	0.019	3.457
4714.800	0.015	3.457
4715.000	0.015	3.457
4715.200	0.017	3.457
4715.400	0.018	3.457
4715.600	0.018	3.457
4715.800	0.016	3.457
4716.000	0.017	3.457
4716.200	0.016	3.457
4716.400	0.017	3.457
4716.600	0.017	3.457
4716.800	0.016	3.457
4717.000	0.016	3.457
4717.200	0.014	3.457
4717.400	0.013	3.457
4717.600	0.015	3.457
4717.800	0.014	3.457
4718.000	0.017	3.457
4718.200	0.015	3.457
4718.400	0.018	3.457
4718.600	0.017	3.457
4718.800	0.016	3.457
4719.000	0.016	3.457
4719.200	0.017	3.457
4719.400	0.017	3.457
4719.600	0.017	3.457
4719.800	0.016	3.457
4720.000	0.016	3.457
4720.200	0.016	3.457
4720.400	0.017	3.457
4720.600	0.018	3.457
4720.800	0.017	3.457
4721.000	0.017	3.457
4721.200	0.017	3.457
4721.400	0.016	3.457
4721.600	0.017	3.457
4721.800	0.016	3.457
4722.000	0.016	3.457
4722.200	0.016	3.457
4722.400	0.017	3.457
4722.600	0.017	3.457
4722.800	0.017	3.457
4723.000	0.015	3.457
4723.200	0.015	3.457
4723.400	0.016	3.457
4723.600	0.017	3.457
4723.800	0.016	3.457
4724.000	0.017	3.457
4724.200	0.016	3.457
4724.400	0.017	3.457
4724.600	0.016	3.457
4724.800	0.016	3.457
4725.000	0.018	3.457
4725.200	0.017	3.457
4725.400	0.017	3.457
4725.600	0.016	3.457
4725.800	0.016	3.457
4726.000	0.016	3.457
4726.200	0.017	3.457
4726.400	0.016	3.457
4726.600	0.017	3.457
4726.800	0.017	3.457
4727.000	0.017	3.457
4727.200	0.017	3.457
4727.400	0.018	3.457
4727.600	0.016	3.457
4727.800	0.020	3.457
4728.000	0.017	3.457
4728.200	0.019	3.457
4728.400	0.019	3.457
4728.600	0.016	3.457
4728.800	0.018	3.457
4729.000	0.015	3.457
4729.200	0.017	3.457
4729.400	0.017	3.457
4729.600	0.017	3.457
4729.800	0.018	3.457
4730.000	0.018	3.457
4730.200	0.018	3.457
4730.400	0.018	3.457
4730.600	0.017	3.457
4730.800	0.020	3.457
4731.000	0.018	3.457
4731.200	0.018	3.457
4731.400	0.020	3.457
4731.600	0.016	3.457
4731.800	0.016	3.457
4732.000	0.017	3.457
4732.200	0.017	3.457
4732.400	0.018	3.457
4732.600	0.018	3.457
4732.800	0.017	3.457
4733.000	0.017	3.457
4733.200	0.016	3.457
4733.400	0.017	3.457
4733.600	0.018	3.457
4733.800	0.019	3.457
4734.000	0.018	3.457
4734.200	0.015	3.457
4734.400	0.017	3.457
4734.600	0.018	3.457
4734.800	0.018	3.457
4735.000	0.017	3.457
4735.200	0.019	3.457
4735.400	0.019	3.457
4735.600	0.017	3.457
4735.800	0.018	3.457
4736.000	0.017	3.457
4736.200	0.017	3.457
4736.400	0.019	3.457
4736.600	0.020	3.457
4736.800	0.019	3.457
4737.000	0.018	3.457
4737.200	0.018	3.457
4737.400	0.015	3.457
4737.600	0.016	3.457
4737.800	0.018	3.457
4738.000	0.016	3.457
4738.200	0.017	3.457
4738.400	0.019	3.457
4738.600	0.017	3.457
4738.800	0.016	3.457
4739.000	0.017	3.457
4739.200	0.017	3.457
4739.400	0.018	3.457
4739.600	0.017	3.457
4739.800	0.017	3.457
4740.000	0.018	3.457
4740.200	0.018	3.457
4740.400	0.018	3.457
4740.600	0.016	3.457
4740.800	0.017	3.457
4741.000	0.017	3.457
4741.200	0.017	3.457
4741.400	0.016	3.457
4741.600	0.017	3.457
4741.800	0.017	3.457
4742.000	0.017	3.457
4742.200	0.017	3.457
4742.400	0.017	3.457
4742.600	0.018	3.457
4742.800	0.018	3.457
4743.000	0.018	3.457
4743.200	0.018	3.457
4743.400	0.016	3.457
4743.600	0.015	3.457
4743.800	0.016	3.457
4744.000	0.016	3.457
4744.200	0.016	3.457
4744.400	0.017	3.457
4744.600	0.016	3.457
4744.800	0.018	3.457
4745.000	0.017	3.457
4745.200	0.018	3.457
4745.400	0.017	3.457
4745.600	0.017	3.457
4745.800	0.018	3.457
4746.000	0.018	3.457
4746.200	0.017	3.457
4746.400	0.017	3.457
4746.600	0.017	3.457
4746.800	0.017	3.457
4747.000	0.017	3.457
4747.200	0.019	3.457
4747.400	0.018	3.457
4747.600	0.018	3.457
4747.800	0.016	3.457
4748.000	0.016	3.457
4748.200	0.017	3.457
4748.400	0.017	3.457
4748.600	0.018	3.457
4748.800	0.017	3.457
4749.000	0.016	3.457
4749.200	0.017	3.457
4749.400	0.018	3.457
4749.600	0.018	3.457
4749.800	0.019	3.457
4750.000	0.018	3.457
4750.200	0.017	3.457
4750.400	0.017	3.457
4750.600	0.017	3.457
4750.800	0.018	3.457
4751.000	0.018	3.457
4751.200	0.020	3.457
4751.400	0.018	3.457
4751.600	0.020	3.457
4751.800	0.019	3.457
4752.000	0.019	3.457
4752.200	0.020	3.457
4752.400	0.019	3.457
4752.600	0.019	3.457
4752.800	0.019	3.457
4753.000	0.018	3.457
4753.200	0.020	3.457
4753.400	0.020	3.457
4753.600	0.019	3.457
4753.800	0.018	3.457
4754.000	0.018	3.457
4754.200	0.018	3.457
4754.400	0.020	3.457
4754.600	0.020	3.457
4754.800	0.018	3.457
4755.000	0.017	3.457
4755.200	0.019	3.457
4755.400	0.018	3.457
4755.600	0.018	3.457
4755.800	0.018	3.457
4756.000	0.018	3.457
4756.200	0.018	3.457
4756.400	0.019	3.457
4756.600	0.018	3.457
4756.800	0.016	3.457
4757.000	0.017	3.457
4757.200	0.017	3.457
4757.400	0.018	3.457
4757.600	0.018	3.457
4757.800	0.019	3.457
4758.000	0.018	3.457
4758.200	0.018	3.457
4758.400	0.019	3.457
4758.600	0.020	3.457
4758.800	0.020	3.457
4759.000	0.018	3.457
4759.200	0.018	3.457
4759.400	0.019	3.457
4759.600	0.018	3.457
4759.800	0.019	3.457
4760.000	0.017	3.457
4760.200	0.019	3.457
4760.400	0.020	3.457
4760.600	0.019	3.457
4760.800	0.019	3.457
4761.000	0.019	3.457
4761.200	0.018	3.457
4761.400	0.018	3.457
4761.600	0.019	3.457
4761.800	0.020	3.457
4762.000	0.017	3.457
4762.200	0.020	3.457
4762.400	0.019	3.457
4762.600	0.018	3.457
4762.800	0.017	3.457
4763.000	0.018	3.457
4763.200	0.021	3.457
4763.400	0.019	3.457
4763.600	0.019	3.457
4763.800	0.017	3.457
4764.000	0.019	3.457
4764.200	0.019	3.457
4764.400	0.020	3.457
4764.600	0.019	3.457
4764.800	0.018	3.457
4765.000	0.018	3.457
4765.200	0.017	3.457
4765.400	0.019	3.457
4765.600	0.019	3.457
4765.800	0.019	3.457
4766.000	0.019	3.457
4766.200	0.019	3.457
4766.400	0.020	3.457
4766.600	0.020	3.457
4766.800	0.021	3.457
4767.000	0.021	3.457
4767.200	0.019	3.457
4767.400	0.019	3.457
4767.600	0.020	3.457
4767.800	0.020	3.457
4768.000	0.020	3.457
4768.200	0.019	3.457
4768.400	0.018	3.457
4768.600	0.020	3.457
4768.800	0.020	3.457
4769.000	0.019	3.457
4769.200	0.018	3.457
4769.400	0.019	3.457
4769.600	0.020	3.457
4769.800	0.019	3.457
4770.000	0.020	3.457
4770.200	0.020	3.457
4770.400	0.019	3.457
4770.600	0.020	3.457
4770.800	0.020	3.457
4771.000	0.020	3.457
4771.200	0.020	3.457
4771.400	0.022	3.457
4771.600	0.021	3.457
4771.800	0.021	3.457
4772.000	0.020	3.457
4772.200	0.019	3.457
4772.400	0.019	3.457
4772.600	0.021	3.457
4772.800	0.021	3.457
4773.000	0.021	3.457
4773.200	0.021	3.457
4773.400	0.021	3.457
4773.600	0.020	3.457
4773.800	0.020	3.457
4774.000	0.019	3.457
4774.200	0.019	3.457
4774.400	0.018	3.457
4774.600	0.020	3.457
4774.800	0.019	3.457
4775.000	0.021	3.457
4775.200	0.019	3.457
4775.400	0.020	3.457
4775.600	0.021	3.457
4775.800	0.019	3.457
4776.000	0.020	3.457
4776.200	0.018	3.457
4776.400	0.019	3.457
4776.600	0.021	3.457
4776.800	0.018	3.457
4777.000	0.019	3.457
4777.200	0.019	3.457
4777.400	0.019	3.457
4777.600	0.018	3.457
4777.800	0.018	3.457
4778.000	0.017	3.457
4778.200	0.019	3.457
4778.400	0.019	3.457
4778.600	0.019	3.457
4778.800	0.018	3.457
4779.000	0.019	3.457
4779.200	0.019	3.457
4779.400	0.019	3.457
4779.600	0.018	3.457
4779.800	0.018	3.457
4780.000	0.018	3.457
4780.200	0.019	3.457
4780.400	0.018	3.457
4780.600	0.019	3.457
4780.800	0.018	3.457
4781.000	0.019	3.457
4781.200	0.017	3.457
4781.400	0.018	3.457
4781.600	0.018	3.457
4781.800	0.020	3.457
4782.000	0.020	3.457
4782.200	0.017	3.457
4782.400	0.017	3.457
4782.600	0.018	3.457
4782.800	0.019	3.457
4783.000	0.019	3.457
4783.200	0.019	3.457
4783.400	0.020	3.457
4783.600	0.019	3.457
4783.800	0.019	3.457
4784.000	0.020	3.457
4784.200	0.019	3.457
4784.400	0.016	3.457
4784.600	0.018	3.457
4784.800	0.017	3.457
4785.000	0.019	3.457
4785.200	0.019	3.457
4785.400	0.019	3.457
4785.600	0.020	3.457
4785.800	0.017	3.457
4786.000	0.018	3.457
4786.200	0.018	3.457
4786.400	0.018	3.457
4786.600	0.018	3.457
4786.800	0.017	3.457
4787.000	0.018	3.457
4787.200	0.019	3.457
4787.400	0.019	3.457
4787.600	0.019	3.457
4787.800	0.019	3.457
4788.000	0.020	3.457
4788.200	0.020	3.457
4788.400	0.019	3.457
4788.600	0.020	3.457
4788.800	0.019	3.457
4789.000	0.019	3.457
4789.200	0.019	3.457
4789.400	0.020	3.457
4789.600	0.018	3.457
4789.800	0.021	3.457
4790.000	0.020	3.457
4790.200	0.020	3.457
4790.400	0.022	3.457
4790.600	0.019	3.457
4790.800	0.018	3.457
4791.000	0.021	3.457
4791.200	0.020	3.457
4791.400	0.019	3.457
4791.600	0.017	3.457
4791.800	0.018	3.457
4792.000	0.020	3.457
4792.200	0.021	3.457
4792.400	0.021	3.457
4792.600	0.020	3.457
4792.800	0.020	3.457
4793.000	0.018	3.457
4793.200	0.017	3.457
4793.400	0.018	3.457
4793.600	0.019	3.457
4793.800	0.018	3.457
4794.000	0.018	3.457
4794.200	0.017	3.457
4794.400	0.018	3.457
4794.600	0.017	3.457
4794.800	0.020	3.457
4795.000	0.020	3.457
4795.200	0.017	3.457
4795.400	0.019	3.457
4795.600	0.019	3.457
4795.800	0.019	3.457
4796.000	0.019	3.457
4796.200	0.021	3.457
4796.400	0.019	3.457
4796.600	0.019	3.457
4796.800	0.019	3.457
4797.000	0.020	3.457
4797.200	0.021	3.457
4797.400	0.020	3.457
4797.600	0.019	3.457
4797.800	0.020	3.457
4798.000	0.020	3.457
4798.200	0.019	3.457
4798.400	0.020	3.457
4798.600	0.017	3.457
4798.800	0.018	3.457
4799.000	0.019	3.457
4799.200	0.019	3.457
4799.400	0.019	3.457
4799.600	0.019	3.457
4799.800	0.017	3.457
4800.000	0.018	3.457
4800.200	0.019	3.457
4800.400	0.019	3.457
4800.600	0.020	3.457
4800.800	0.020	3.457
4801.000	0.020	3.457
4801.200	0.019	3.457
4801.400	0.020	3.457
4801.600	0.022	3.457
4801.800	0.018	3.457
4802.000	0.017	3.457
4802.200	0.019	3.457
4802.400	0.018	3.457
4802.600	0.018	3.457
4802.800	0.019	3.457
4803.000	0.019	3.457
4803.200	0.019	3.457
4803.400	0.020	3.457
4803.600	0.020	3.457
4803.800	0.020	3.457
4804.000	0.020	3.457
4804.200	0.020	3.457
4804.400	0.020	3.457
4804.600	0.020	3.457
4804.800	0.019	3.457
4805.000	0.019	3.457
4805.200	0.018	3.457
4805.400	0.017	3.457
4805.600	0.017	3.457
4805.800	0.019	3.457
4806.000	0.018	3.457
4806.200	0.018	3.457
4806.400	0.018	3.457
4806.600	0.019	3.457
4806.800	0.019	3.457
4807.000	0.019	3.457
4807.200	0.020	3.457
4807.400	0.020	3.457
4807.600	0.020	3.457
4807.800	0.022	3.457
4808.000	0.020	3.457
4808.200	0.020	3.457
4808.400	0.020	3.457
4808.600	0.020	3.457
4808.800	0.021	3.457
4809.000	0.020	3.457
4809.200	0.020	3.457
4809.400	0.021	3.457
4809.600	0.020	3.457
4809.800	0.019	3.457
4810.000	0.018	3.457
4810.200	0.020	3.457
4810.400	0.019	3.457
4810.600	0.019	3.457
4810.800	0.019	3.457
4811.000	0.019	3.457
4811.200	0.020	3.457
4811.400	0.019	3.457
4811.600	0.018	3.457
4811.800	0.019	3.457
4812.000	0.019	3.457
4812.200	0.019	3.457
4812.400	0.019	3.457
4812.600	0.019	3.457
4812.800	0.020	3.457
4813.000	0.021	3.457
4813.200	0.020	3.457
4813.400	0.021	3.457
4813.600	0.022	3.457
4813.800	0.022	3.457
4814.000	0.021	3.457
4814.200	0.021	3.457
4814.400	0.021	3.457
4814.600	0.021	3.457
4814.800	0.021	3.457
4815.000	0.022	3.457
4815.200	0.022	3.457
4815.400	0.022	3.457
4815.600	0.020	3.457
4815.800	0.020	3.457
4816.000	0.020	3.457
4816.200	0.022	3.457
4816.400	0.021	3.457
4816.600	0.021	3.457
4816.800	0.020	3.457
4817.000	0.020	3.457
4817.200	0.021	3.457
4817.400	0.021	3.457
4817.600	0.023	3.457
4817.800	0.021	3.457
4818.000	0.021	3.457
4818.200	0.020	3.457
4818.400	0.019	3.457
4818.600	0.019	3.457
4818.800	0.021	3.457
4819.000	0.019	3.457
4819.200	0.022	3.457
4819.400	0.021	3.457
4819.600	0.022	3.457
4819.800	0.021	3.457
4820.000	0.021	3.457
4820.200	0.020	3.457
4820.400	0.021	3.457
4820.600	0.020	3.457
4820.800	0.020	3.457
4821.000	0.019	3.457
4821.200	0.019	3.457
4821.400	0.020	3.457
4821.600	0.022	3.457
4821.800	0.021	3.457
4822.000	0.019	3.457
4822.200	0.019	3.457
4822.400	0.021	3.457
4822.600	0.020	3.457
4822.800	0.020	3.457
4823.000	0.019	3.457
4823.200	0.020	3.457
4823.400	0.020	3.457
4823.600	0.019	3.457
4823.800	0.020	3.457
4824.000	0.020	3.457
4824.200	0.019	3.457
4824.400	0.018	3.457
4824.600	0.018	3.457
4824.800	0.020	3.457
4825.000	0.019	3.457
4825.200	0.019	3.457
4825.400	0.020	3.457
4825.600	0.020	3.457
4825.800	0.019	3.457
4826.000	0.020	3.457
4826.200	0.019	3.457
4826.400	0.020	3.457
4826.600	0.018	3.457
4826.800	0.018	3.457
4827.000	0.019	3.457
4827.200	0.021	3.457
4827.400	0.020	3.457
4827.600	0.017	3.457
4827.800	0.018	3.457
4828.000	0.018	3.457
4828.200	0.020	3.457
4828.400	0.020	3.457
4828.600	0.020	3.457
4828.800	0.019	3.457
4829.000	0.019	3.457
4829.200	0.019	3.457
4829.400	0.019	3.457
4829.600	0.019	3.457
4829.800	0.018	3.457
4830.000	0.019	3.457
4830.200	0.017	3.457
4830.400	0.018	3.457
4830.600	0.020	3.457
4830.800	0.018	3.457
4831.000	0.018	3.457
4831.200	0.017	3.457
4831.400	0.019	3.457
4831.600	0.018	3.457
4831.800	0.020	3.457
4832.000	0.018	3.457
4832.200	0.016	3.457
4832.400	0.017	3.457
4832.600	0.017	3.457
4832.800	0.019	3.457
4833.000	0.019	3.457
4833.200	0.019	3.457
4833.400	0.018	3.457
4833.600	0.017	3.457
4833.800	0.019	3.457
4834.000	0.018	3.457
4834.200	0.017	3.457
4834.400	0.017	3.457
4834.600	0.019	3.457
4834.800	0.018	3.457
4835.000	0.017	3.457
4835.200	0.017	3.457
4835.400	0.017	3.457
4835.600	0.017	3.457
4835.800	0.020	3.457
4836.000	0.018	3.457
4836.200	0.017	3.457
4836.400	0.019	3.457
4836.600	0.019	3.457
4836.800	0.019	3.457
4837.000	0.019	3.457
4837.200	0.019	3.457
4837.400	0.019	3.457
4837.600	0.018	3.457
4837.800	0.018	3.457
4838.000	0.017	3.457
4838.200	0.019	3.457
4838.400	0.018	3.457
4838.600	0.018	3.457
4838.800	0.018	3.457
4839.000	0.018	3.457
4839.200	0.020	3.457
4839.400	0.020	3.457
4839.600	0.019	3.457
4839.800	0.018	3.457
4840.000	0.017	3.457
4840.200	0.019	3.457
4840.400	0.020	3.457
4840.600	0.020	3.457
4840.800	0.021	3.457
4841.000	0.019	3.457
4841.200	0.019	3.457
4841.400	0.019	3.457
4841.600	0.020	3.457
4841.800	0.021	3.457
4842.000	0.021	3.457
4842.200	0.020	3.457
4842.400	0.022	3.457
4842.600	0.020	3.457
4842.800	0.020	3.457
4843.000	0.019	3.457
4843.200	0.019	3.457
4843.400	0.020	3.457
4843.600	0.021	3.457
4843.800	0.020	3.457
4844.000	0.020	3.457
4844.200	0.020	3.457
4844.400	0.020	3.457
4844.600	0.021	3.457
4844.800	0.021	3.457
4845.000	0.021	3.457
4845.200	0.020	3.457
4845.400	0.021	3.457
4845.600	0.019	3.457
4845.800	0.019	3.457
4846.000	0.018	3.457
4846.200	0.020	3.457
4846.400	0.017	3.457
4846.600	0.020	3.457
4846.800	0.020	3.457
4847.000	0.019	3.457
4847.200	0.019	3.457
4847.400	0.019	3.457
4847.600	0.020	3.457
4847.800	0.020	3.457
4848.000	0.019	3.457
4848.200	0.021	3.457
4848.400	0.020	3.457
4848.600	0.020	3.457
4848.800	0.020	3.457
4849.000	0.021	3.457
4849.200	0.021	3.457
4849.400	0.020	3.457
4849.600	0.019	3.457
4849.800	0.021	3.457
4850.000	0.021	3.457
4850.200	0.019	3.457
4850.400	0.019	3.457
4850.600	0.021	3.457
4850.800	0.020	3.457
4851.000	0.022	3.457
4851.200	0.021	3.457
4851.400	0.021	3.457
4851.600	0.020	3.457
4851.800	0.022	3.457
4852.000	0.020	3.457
4852.200	0.020	3.457
4852.400	0.022	3.457
4852.600	0.021	3.457
4852.800	0.022	3.457
4853.000	0.023	3.457
4853.200	0.023	3.457
4853.400	0.022	3.457
4853.600	0.021	3.457
4853.800	0.022	3.457
4854.000	0.022	3.457
4854.200	0.020	3.457
4854.400	0.020	3.457
4854.600	0.019	3.457
4854.800	0.020	3.457
4855.000	0.020	3.457
4855.200	0.020	3.457
4855.400	0.020	3.457
4855.600	0.020	3.457
4855.800	0.021	3.457
4856.000	0.021	3.457
4856.200	0.021	3.457
4856.400	0.020	3.457
4856.600	0.021	3.457
4856.800	0.021	3.457
4857.000	0.020	3.457
4857.200	0.020	3.457
4857.400	0.019	3.457
4857.600	0.019	3.457
4857.800	0.021	3.457
4858.000	0.019	3.457
4858.200	0.018	3.457
4858.400	0.019	3.457
4858.600	0.020	3.457
4858.800	0.019	3.457
4859.000	0.019	3.457
4859.200	0.018	3.457
4859.400	0.019	3.457
4859.600	0.019	3.457
4859.800	0.020	3.457
4860.000	0.020	3.457
4860.200	0.018	3.457
4860.400	0.019	3.457
4860.600	0.019	3.457
4860.800	0.019	3.457
4861.000	0.018	3.457
4861.200	0.019	3.457
4861.400	0.019	3.457
4861.600	0.019	3.457
4861.800	0.020	3.457
4862.000	0.018	3.457
4862.200	0.019	3.457
4862.400	0.020	3.457
4862.600	0.021	3.457
4862.800	0.020	3.457
4863.000	0.019	3.457
4863.200	0.020	3.457
4863.400	0.019	3.457
4863.600	0.019	3.457
4863.800	0.020	3.457
4864.000	0.019	3.457
4864.200	0.020	3.457
4864.400	0.020	3.457
4864.600	0.019	3.457
4864.800	0.020	3.457
4865.000	0.022	3.457
4865.200	0.021	3.457
4865.400	0.021	3.457
4865.600	0.023	3.457
4865.800	0.020	3.457
4866.000	0.022	3.457
4866.200	0.020	3.457
4866.400	0.019	3.457
4866.600	0.019	3.457
4866.800	0.020	3.457
4867.000	0.018	3.457
4867.200	0.018	3.457
4867.400	0.019	3.457
4867.600	0.019	3.457
4867.800	0.019	3.457
4868.000	0.018	3.457
4868.200	0.019	3.457
4868.400	0.018	3.457
4868.600	0.017	3.457
4868.800	0.018	3.457
4869.000	0.017	3.457
4869.200	0.018	3.457
4869.400	0.018	3.457
4869.600	0.018	3.457
4869.800	0.020	3.457
4870.000	0.020	3.457
4870.200	0.019	3.457
4870.400	0.019	3.457
4870.600	0.020	3.457
4870.800	0.019	3.457
4871.000	0.017	3.457
4871.200	0.018	3.457
4871.400	0.018	3.457
4871.600	0.019	3.457
4871.800	0.018	3.457
4872.000	0.020	3.457
4872.200	0.020	3.457
4872.400	0.019	3.457
4872.600	0.018	3.457
4872.800	0.017	3.457
4873.000	0.018	3.457
4873.200	0.020	3.457
4873.400	0.019	3.457
4873.600	0.018	3.457
4873.800	0.018	3.457
4874.000	0.018	3.457
4874.200	0.019	3.457
4874.400	0.019	3.457
4874.600	0.021	3.457
4874.800	0.019	3.457
4875.000	0.020	3.457
4875.200	0.021	3.457
4875.400	0.020	3.457
4875.600	0.018	3.457
4875.800	0.020	3.457
4876.000	0.019	3.457
4876.200	0.020	3.457
4876.400	0.019	3.457
4876.600	0.020	3.457
4876.800	0.020	3.457
4877.000	0.020	3.457
4877.200	0.019	3.457
4877.400	0.019	3.457
4877.600	0.021	3.457
4877.800	0.019	3.457
4878.000	0.021	3.457
4878.200	0.020	3.457
4878.400	0.019	3.457
4878.600	0.020	3.457
4878.800	0.021	3.457
4879.000	0.020	3.457
4879.200	0.022	3.457
4879.400	0.021	3.457
4879.600	0.022	3.457
4879.800	0.020	3.457
4880.000	0.021	3.457
4880.200	0.020	3.457
4880.400	0.021	3.457
4880.600	0.020	3.457
4880.800	0.019	3.457
4881.000	0.019	3.457
4881.200	0.019	3.457
4881.400	0.017	3.457
4881.600	0.020	3.457
4881.800	0.019	3.457
4882.000	0.019	3.457
4882.200	0.018	3.457
4882.400	0.016	3.457
4882.600	0.019	3.457
4882.800	0.018	3.457
4883.000	0.017	3.457
4883.200	0.016	3.457
4883.400	0.018	3.457
4883.600	0.018	3.457
4883.800	0.017	3.457
4884.000	0.018	3.457
4884.200	0.019	3.457
4884.400	0.018	3.457
4884.600	0.019	3.457
4884.800	0.019	3.457
4885.000	0.018	3.457
4885.200	0.018	3.457
4885.400	0.018	3.457
4885.600	0.019	3.457
4885.800	0.019	3.457
4886.000	0.020	3.457
4886.200	0.019	3.457
4886.400	0.018	3.457
4886.600	0.019	3.457
4886.800	0.019	3.457
4887.000	0.019	3.457
4887.200	0.020	3.457
4887.400	0.021	3.457
4887.600	0.017	3.457
4887.800	0.019	3.457
4888.000	0.019	3.457
4888.200	0.019	3.457
4888.400	0.019	3.457
4888.600	0.018	3.457
4888.800	0.018	3.457
4889.000	0.017	3.457
4889.200	0.019	3.457
4889.400	0.019	3.457
4889.600	0.020	3.457
4889.800	0.019	3.457
4890.000	0.019	3.457
4890.200	0.019	3.457
4890.400	0.020	3.457
4890.600	0.019	3.457
4890.800	0.018	3.457
4891.000	0.019	3.457
4891.200	0.019	3.457
4891.400	0.020	3.457
4891.600	0.018	3.457
4891.800	0.018	3.457
4892.000	0.017	3.457
4892.200	0.020	3.457
4892.400	0.018	3.457
4892.600	0.018	3.457
4892.800	0.019	3.457
4893.000	0.019	3.457
4893.200	0.020	3.457
4893.400	0.020	3.457
4893.600	0.020	3.457
4893.800	0.018	3.457
4894.000	0.019	3.457
4894.200	0.021	3.457
4894.400	0.019	3.457
4894.600	0.020	3.457
4894.800	0.020	3.457
4895.000	0.020	3.457
4895.200	0.019	3.457
4895.400	0.019	3.457
4895.600	0.018	3.457
4895.800	0.018	3.457
4896.000	0.019	3.457
4896.200	0.019	3.457
4896.400	0.019	3.457
4896.600	0.020	3.457
4896.800	0.019	3.457
4897.000	0.019	3.457
4897.200	0.019	3.457
4897.400	0.018	3.457
4897.600	0.018	3.457
4897.800	0.019	3.457
4898.000	0.019	3.457
4898.200	0.018	3.457
4898.400	0.018	3.457
4898.600	0.019	3.457
4898.800	0.019	3.457
4899.000	0.019	3.457
4899.200	0.018	3.457
4899.400	0.020	3.457
4899.600	0.021	3.457
4899.800	0.020	3.457
4900.000	0.019	3.457
4900.200	0.020	3.457
4900.400	0.019	3.457
4900.600	0.020	3.457
4900.800	0.021	3.457
4901.000	0.020	3.457
4901.200	0.020	3.457
4901.400	0.020	3.457
4901.600	0.019	3.457
4901.800	0.020	3.457
4902.000	0.020	3.457
4902.200	0.020	3.457
4902.400	0.022	3.457
4902.600	0.021	3.457
4902.800	0.021	3.457
4903.000	0.021	3.457
4903.200	0.019	3.457
4903.400	0.020	3.457
4903.600	0.019	3.457
4903.800	0.020	3.457
4904.000	0.019	3.457
4904.200	0.019	3.457
4904.400	0.019	3.457
4904.600	0.018	3.457
4904.800	0.021	3.457
4905.000	0.021	3.457
4905.200	0.020	3.457
4905.400	0.019	3.457
4905.600	0.019	3.457
4905.800	0.019	3.457
4906.000	0.018	3.457
4906.200	0.020	3.457
4906.400	0.017	3.457
4906.600	0.017	3.457
4906.800	0.017	3.457
4907.000	0.018	3.457
4907.200	0.018	3.457
4907.400	0.018	3.457
4907.600	0.018	3.457
4907.800	0.019	3.457
4908.000	0.018	3.457
4908.200	0.018	3.457
4908.400	0.018	3.457
4908.600	0.019	3.457
4908.800	0.018	3.457
4909.000	0.020	3.457
4909.200	0.021	3.457
4909.400	0.019	3.457
4909.600	0.018	3.457
4909.800	0.019	3.457
4910.000	0.020	3.457
4910.200	0.019	3.457
4910.400	0.019	3.457
4910.600	0.019	3.457
4910.800	0.019	3.457
4911.000	0.020	3.457
4911.200	0.020	3.457
4911.400	0.022	3.457
4911.600	0.020	3.457
4911.800	0.020	3.457
4912.000	0.020	3.457
4912.200	0.019	3.457
4912.400	0.019	3.457
4912.600	0.019	3.457
4912.800	0.020	3.457
4913.000	0.021	3.457
4913.200	0.020	3.457
4913.400	0.020	3.457
4913.600	0.020	3.457
4913.800	0.021	3.457
4914.000	0.020	3.457
4914.200	0.018	3.457
4914.400	0.018	3.457
4914.600	0.019	3.457
4914.800	0.017	3.457
4915.000	0.020	3.457
4915.200	0.021	3.457
4915.400	0.020	3.457
4915.600	0.020	3.457
4915.800	0.019	3.457
4916.000	0.021	3.457
4916.200	0.020	3.457
4916.400	0.020	3.457
4916.600	0.019	3.457
4916.800	0.020	3.457
4917.000	0.021	3.457
4917.200	0.019	3.457
4917.400	0.019	3.457
4917.600	0.018	3.457
4917.800	0.020	3.457
4918.000	0.020	3.457
4918.200	0.020	3.457
4918.400	0.020	3.457
4918.600	0.020	3.457
4918.800	0.021	3.457
4919.000	0.020	3.457
4919.200	0.021	3.457
4919.400	0.020	3.457
4919.600	0.020	3.457
4919.800	0.020	3.457
4920.000	0.021	3.457
4920.200	0.019	3.457
4920.400	0.020	3.457
4920.600	0.020	3.457
4920.800	0.020	3.457
4921.000	0.020	3.457
4921.200	0.021	3.457
4921.400	0.022	3.457
4921.600	0.020	3.457
4921.800	0.021	3.457
4922.000	0.019	3.457
4922.200	0.020	3.457
4922.400	0.020	3.457
4922.600	0.022	3.457
4922.800	0.021	3.457
4923.000	0.020	3.457
4923.200	0.019	3.457
4923.400	0.021	3.457
4923.600	0.022	3.457
4923.800	0.021	3.457
4924.000	0.021	3.457
4924.200	0.021	3.457
4924.400	0.022	3.457
4924.600	0.023	3.457
4924.800	0.022	3.457
4925.000	0.022	3.457
4925.200	0.022	3.457
4925.400	0.022	3.457
4925.600	0.020	3.457
4925.800	0.022	3.457
4926.000	0.022	3.457
4926.200	0.021	3.457
4926.400	0.022	3.457
4926.600	0.021	3.457
4926.800	0.022	3.457
4927.000	0.023	3.457
4927.200	0.023	3.457
4927.400	0.022	3.457
4927.600	0.023	3.457
4927.800	0.022	3.457
4928.000	0.022	3.457
4928.200	0.021	3.457
4928.400	0.020	3.457
4928.600	0.022	3.457
4928.800	0.022	3.457
4929.000	0.024	3.457
4929.200	0.023	3.457
4929.400	0.023	3.457
4929.600	0.023	3.457
4929.800	0.021	3.457
4930.000	0.022	3.457
4930.200	0.022	3.457
4930.400	0.021	3.457
4930.600	0.021	3.457
4930.800	0.023	3.457
4931.000	0.021	3.457
4931.200	0.022	3.457
4931.400	0.023	3.457
4931.600	0.023	3.457
4931.800	0.024	3.457
4932.000	0.024	3.457
4932.200	0.024	3.457
4932.400	0.023	3.457
4932.600	0.023	3.457
4932.800	0.023	3.457
4933.000	0.023	3.457
4933.200	0.022	3.457
4933.400	0.021	3.457
4933.600	0.023	3.457
4933.800	0.023	3.457
4934.000	0.023	3.457
4934.200	0.024	3.457
4934.400	0.023	3.457
4934.600	0.023	3.457
4934.800	0.023	3.457
4935.000	0.024	3.457
4935.200	0.022	3.457
4935.400	0.021	3.457
4935.600	0.022	3.457
4935.800	0.024	3.457
4936.000	0.023	3.457
4936.200	0.022	3.457
4936.400	0.023	3.457
4936.600	0.023	3.457
4936.800	0.024	3.457
4937.000	0.023	3.457
4937.200	0.024	3.457
4937.400	0.023	3.457
4937.600	0.022	3.457
4937.800	0.023	3.457
4938.000	0.025	3.457
4938.200	0.023	3.457
4938.400	0.022	3.457
4938.600	0.021	3.457
4938.800	0.022	3.457
4939.000	0.022	3.457
4939.200	0.024	3.457
4939.400	0.024	3.457
4939.600	0.024	3.457
4939.800	0.023	3.457
4940.000	0.023	3.457
4940.200	0.023	3.457
4940.400	0.024	3.457
4940.600	0.024	3.457
4940.800	0.024	3.457
4941.000	0.024	3.457
4941.200	0.024	3.457
4941.400	0.023	3.457
4941.600	0.023	3.457
4941.800	0.024	3.457
4942.000	0.024	3.457
4942.200	0.024	3.457
4942.400	0.024	3.457
4942.600	0.025	3.457
4942.800	0.025	3.457
4943.000	0.025	3.457
4943.200	0.025	3.457
4943.400	0.024	3.457
4943.600	0.023	3.457
4943.800	0.024	3.457
4944.000	0.023	3.457
4944.200	0.023	3.457
4944.400	0.022	3.457
4944.600	0.025	3.457
4944.800	0.024	3.457
4945.000	0.023	3.457
4945.200	0.024	3.457
4945.400	0.023	3.457
4945.600	0.024	3.457
4945.800	0.024	3.457
4946.000	0.024	3.457
4946.200	0.024	3.457
4946.400	0.026	3.457
4946.600	0.023	3.457
4946.800	0.024	3.457
4947.000	0.025	3.457
4947.200	0.026	3.457
4947.400	0.025	3.457
4947.600	0.024	3.457
4947.800	0.024	3.457
4948.000	0.024	3.457
4948.200	0.023	3.457
4948.400	0.024	3.457
4948.600	0.022	3.457
4948.800	0.024	3.457
4949.000	0.024	3.457
4949.200	0.022	3.457
4949.400	0.023	3.457
4949.600	0.025	3.457
4949.800	0.024	3.457
4950.000	0.023	3.457
4950.200	0.022	3.457
4950.400	0.023	3.457
4950.600	0.022	3.457
4950.800	0.024	3.457
4951.000	0.023	3.457
4951.200	0.021	3.457
4951.400	0.022	3.457
4951.600	0.020	3.457
4951.800	0.023	3.457
4952.000	0.020	3.457
4952.200	0.023	3.457
4952.400	0.021	3.457
4952.600	0.022	3.457
4952.800	0.022	3.457
4953.000	0.022	3.457
4953.200	0.022	3.457
4953.400	0.023	3.457
4953.600	0.023	3.457
4953.800	0.021	3.457
4954.000	0.022	3.457
4954.200	0.024	3.457
4954.400	0.022	3.457
4954.600	0.023	3.457
4954.800	0.024	3.457
4955.000	0.024	3.457
4955.200	0.026	3.457
4955.400	0.024	3.457
4955.600	0.023	3.457
4955.800	0.024	3.457
4956.000	0.025	3.457
4956.200	0.025	3.457
4956.400	0.024	3.457
4956.600	0.024	3.457
4956.800	0.023	3.457
4957.000	0.025	3.457
4957.200	0.023	3.457
4957.400	0.026	3.457
4957.600	0.025	3.457
4957.800	0.025	3.457
4958.000	0.024	3.457
4958.200	0.025	3.457
4958.400	0.023	3.457
4958.600	0.023	3.457
4958.800	0.023	3.457
4959.000	0.023	3.457
4959.200	0.022	3.457
4959.400	0.023	3.457
4959.600	0.023	3.457
4959.800	0.023	3.457
4960.000	0.023	3.457
4960.200	0.022	3.457
4960.400	0.024	3.457
4960.600	0.023	3.457
4960.800	0.021	3.457
4961.000	0.023	3.457
4961.200	0.023	3.457
4961.400	0.024	3.457
4961.600	0.023	3.457
4961.800	0.022	3.457
4962.000	0.022	3.457
4962.200	0.020	3.457
4962.400	0.022	3.457
4962.600	0.022	3.457
4962.800	0.023	3.457
4963.000	0.022	3.457
4963.200	0.022	3.457
4963.400	0.022	3.457
4963.600	0.022	3.457
4963.800	0.023	3.457
4964.000	0.022	3.457
4964.200	0.024	3.457
4964.400	0.023	3.457
4964.600	0.022	3.457
4964.800	0.022	3.457
4965.000	0.024	3.457
4965.200	0.023	3.457
4965.400	0.023	3.457
4965.600	0.023	3.457
4965.800	0.023	3.457
4966.000	0.023	3.457
4966.200	0.022	3.457
4966.400	0.022	3.457
4966.600	0.022	3.457
4966.800	0.023	3.457
4967.000	0.022	3.457
4967.200	0.022	3.457
4967.400	0.022	3.457
4967.600	0.023	3.457
4967.800	0.022	3.457
4968.000	0.024	3.457
4968.200	0.023	3.457
4968.400	0.024	3.457
4968.600	0.024	3.457
4968.800	0.023	3.457
4969.000	0.023	3.457
4969.200	0.021	3.457
4969.400	0.022	3.457
4969.600	0.022	3.457
4969.800	0.025	3.457
4970.000	0.023	3.457
4970.200	0.022	3.457
4970.400	0.023	3.457
4970.600	0.024	3.457
4970.800	0.024	3.457
4971.000	0.022	3.457
4971.200	0.022	3.457
4971.400	0.022	3.457
4971.600	0.024	3.457
4971.800	0.025	3.457
4972.000	0.024	3.457
4972.200	0.024	3.457
4972.400	0.023	3.457
4972.600	0.023	3.457
4972.800	0.023	3.457
4973.000	0.023	3.457
4973.200	0.023	3.457
4973.400	0.023	3.457
4973.600	0.024	3.457
4973.800	0.024	3.457
4974.000	0.025	3.457
4974.200	0.025	3.457
4974.400	0.024	3.457
4974.600	0.024	3.457
4974.800	0.023	3.457
4975.000	0.021	3.457
4975.200	0.022	3.457
4975.400	0.022	3.457
4975.600	0.022	3.457
4975.800	0.023	3.457
4976.000	0.021	3.457
4976.200	0.021	3.457
4976.400	0.023	3.457
4976.600	0.023	3.457
4976.800	0.023	3.457
4977.000	0.024	3.457
4977.200	0.023	3.457
4977.400	0.025	3.457
4977.600	0.024	3.457
4977.800	0.024	3.457
4978.000	0.023	3.457
4978.200	0.022	3.457
4978.400	0.023	3.457
4978.600	0.022	3.457
4978.800	0.023	3.457
4979.000	0.024	3.457
4979.200	0.026	3.457
4979.400	0.022	3.457
4979.600	0.023	3.457
4979.800	0.024	3.457
4980.000	0.022	3.457
4980.200	0.022	3.457
4980.400	0.023	3.457
4980.600	0.023	3.457
4980.800	0.024	3.457
4981.000	0.023	3.457
4981.200	0.023	3.457
4981.400	0.022	3.457
4981.600	0.023	3.457
4981.800	0.023	3.457
4982.000	0.023	3.457
4982.200	0.023	3.457
4982.400	0.022	3.457
4982.600	0.023	3.457
4982.800	0.023	3.457
4983.000	0.024	3.457
4983.200	0.024	3.457
4983.400	0.026	3.457
4983.600	0.025	3.457
4983.800	0.023	3.457
4984.000	0.025	3.457
4984.200	0.024	3.457
4984.400	0.024	3.457
4984.600	0.023	3.457
4984.800	0.023	3.457
4985.000	0.023	3.457
4985.200	0.022	3.457
4985.400	0.023	3.457
4985.600	0.023	3.457
4985.800	0.025	3.457
4986.000	0.022	3.457
4986.200	0.024	3.457
4986.400	0.024	3.457
4986.600	0.025	3.457
4986.800	0.023	3.457
4987.000	0.024	3.457
4987.200	0.026	3.457
4987.400	0.024	3.457
4987.600	0.025	3.457
4987.800	0.025	3.457
4988.000	0.021	3.457
4988.200	0.024	3.457
4988.400	0.020	3.457
4988.600	0.020	3.457
4988.800	0.023	3.457
4989.000	0.022	3.457
4989.200	0.023	3.457
4989.400	0.023	3.457
4989.600	0.023	3.457
4989.800	0.023	3.457
4990.000	0.022	3.457
4990.200	0.023	3.457
4990.400	0.022	3.457
4990.600	0.022	3.457
4990.800	0.023	3.457
4991.000	0.022	3.457
4991.200	0.023	3.457
4991.400	0.022	3.457
4991.600	0.022	3.457
4991.800	0.023	3.457
4992.000	0.023	3.457
4992.200	0.022	3.457
4992.400	0.022	3.457
4992.600	0.024	3.457
4992.800	0.022	3.457
4993.000	0.022	3.457
4993.200	0.021	3.457
4993.400	0.024	3.457
4993.600	0.022	3.457
4993.800	0.021	3.457
4994.000	0.023	3.457
4994.200	0.023	3.457
4994.400	0.023	3.457
4994.600	0.023	3.457
4994.800	0.021	3.457
4995.000	0.021	3.457
4995.200	0.021	3.457
4995.400	0.024	3.457
4995.600	0.021	3.457
4995.800	0.021	3.457
4996.000	0.022	3.457
4996.200	0.022	3.457
4996.400	0.022	3.457
4996.600	0.023	3.457
4996.800	0.022	3.457
4997.000	0.023	3.457
4997.200	0.023	3.457
4997.400	0.024	3.457
4997.600	0.025	3.457
4997.800	0.023	3.457
4998.000	0.021	3.457
4998.200	0.022	3.457
4998.400	0.023	3.457
4998.600	0.022	3.457
4998.800	0.022	3.457
4999.000	0.023	3.457
4999.200	0.025	3.457
4999.400	0.024	3.457
4999.600	0.023	3.457
4999.800	0.022	3.457
5000.000	0.023	3.457
5000.200	0.023	3.457
5000.400	0.022	3.457
5000.600	0.022	3.457
5000.800	0.024	3.457
5001.000	0.023	3.457
5001.200	0.024	3.457
5001.400	0.024	3.457
5001.600	0.023	3.457
5001.800	0.022	3.457
5002.000	0.023	3.457
5002.200	0.022	3.457
5002.400	0.022	3.457
5002.600	0.022	3.457
5002.800	0.022	3.457
5003.000	0.023	3.457
5003.200	0.022	3.457
5003.400	0.022	3.457
5003.600	0.023	3.457
5003.800	0.022	3.457
5004.000	0.023	3.457
5004.200	0.022	3.457
5004.400	0.023	3.457
5004.600	0.024	3.457
5004.800	0.023	3.457
5005.000	0.021	3.457
5005.200	0.022	3.457
5005.400	0.022	3.457
5005.600	0.023	3.457
5005.800	0.023	3.457
5006.000	0.022	3.457
5006.200	0.021	3.457
5006.400	0.021	3.457
5006.600	0.023	3.457
5006.800	0.021	3.457
5007.000	0.024	3.457
5007.200	0.022	3.457
5007.400	0.022	3.457
5007.600	0.022	3.457
5007.800	0.021	3.457
5008.000	0.021	3.457
5008.200	0.021	3.457
5008.400	0.022	3.457
5008.600	0.022	3.457
5008.800	0.021	3.457
5009.000	0.021	3.457
5009.200	0.021	3.457
5009.400	0.022	3.457
5009.600	0.021	3.457
5009.800	0.020	3.457
5010.000	0.021	3.457
5010.200	0.022	3.457
5010.400	0.021	3.457
5010.600	0.022	3.457
5010.800	0.023	3.457
5011.000	0.023	3.457
5011.200	0.022	3.457
5011.400	0.020	3.457
5011.600	0.021	3.457
5011.800	0.022	3.457
5012.000	0.022	3.457
5012.200	0.021	3.457
5012.400	0.022	3.457
5012.600	0.024	3.457
5012.800	0.021	3.457
5013.000	0.022	3.457
5013.200	0.020	3.457
5013.400	0.021	3.457
5013.600	0.022	3.457
5013.800	0.021	3.457
5014.000	0.021	3.457
5014.200	0.022	3.457
5014.400	0.022	3.457
5014.600	0.024	3.457
5014.800	0.023	3.457
5015.000	0.023	3.457
5015.200	0.022	3.457
5015.400	0.022	3.457
5015.600	0.021	3.457
5015.800	0.023	3.457
5016.000	0.022	3.457
5016.200	0.022	3.457
5016.400	0.019	3.457
5016.600	0.022	3.457
5016.800	0.022	3.457
5017.000	0.022	3.457
5017.200	0.022	3.457
5017.400	0.023	3.457
5017.600	0.022	3.457
5017.800	0.022	3.457
5018.000	0.022	3.457
5018.200	0.021	3.457
5018.400	0.022	3.457
5018.600	0.022	3.457
5018.800	0.020	3.457
5019.000	0.021	3.457
5019.200	0.024	3.457
5019.400	0.022	3.457
5019.600	0.020	3.457
5019.800	0.023	3.457
5020.000	0.023	3.457
5020.200	0.021	3.457
5020.400	0.023	3.457
5020.600	0.024	3.457
5020.800	0.024	3.457
5021.000	0.023	3.457
5021.200	0.023	3.457
5021.400	0.024	3.457
5021.600	0.024	3.457
5021.800	0.022	3.457
5022.000	0.023	3.457
5022.200	0.023	3.457
5022.400	0.024	3.457
5022.600	0.025	3.457
5022.800	0.025	3.457
5023.000	0.024	3.457
5023.200	0.024	3.457
5023.400	0.023	3.457
5023.600	0.023	3.457
5023.800	0.026	3.457
5024.000	0.024	3.457
5024.200	0.023	3.457
5024.400	0.021	3.457
5024.600	0.022	3.457
5024.800	0.022	3.457
5025.000	0.024	3.457
5025.200	0.024	3.457
5025.400	0.023	3.457
5025.600	0.024	3.457
5025.800	0.024	3.457
5026.000	0.023	3.457
5026.200	0.023	3.457
5026.400	0.023	3.457
5026.600	0.023	3.457
5026.800	0.022	3.457
5027.000	0.023	3.457
5027.200	0.023	3.457
5027.400	0.022	3.457
5027.600	0.024	3.457
5027.800	0.023	3.457
5028.000	0.022	3.457
5028.200	0.023	3.457
5028.400	0.023	3.457
5028.600	0.022	3.457
5028.800	0.022	3.457
5029.000	0.022	3.457
5029.200	0.021	3.457
5029.400	0.021	3.457
5029.600	0.022	3.457
5029.800	0.024	3.457
5030.000	0.021	3.457
5030.200	0.022	3.457
5030.400	0.022	3.457
5030.600	0.019	3.457
5030.800	0.021	3.457
5031.000	0.022	3.457
5031.200	0.020	3.457
5031.400	0.021	3.457
5031.600	0.021	3.457
5031.800	0.021	3.457
5032.000	0.020	3.457
5032.200	0.020	3.457
5032.400	0.019	3.457
5032.600	0.021	3.457
5032.800	0.020	3.457
5033.000	0.021	3.457
5033.200	0.020	3.457
5033.400	0.021	3.457
5033.600	0.021	3.457
5033.800	0.021	3.457
5034.000	0.022	3.457
5034.200	0.021	3.457
5034.400	0.021	3.457
5034.600	0.022	3.457
5034.800	0.022	3.457
5035.000	0.021	3.457
5035.200	0.021	3.457
5035.400	0.022	3.457
5035.600	0.022	3.457
5035.800	0.022	3.457
5036.000	0.022	3.457
5036.200	0.024	3.457
5036.400	0.022	3.457
5036.600	0.023	3.457
5036.800	0.023	3.457
5037.000	0.022	3.457
5037.200	0.024	3.457
5037.400	0.022	3.457
5037.600	0.023	3.457
5037.800	0.023	3.457
5038.000	0.020	3.456
5038.200	0.021	3.457
5038.400	0.022	3.457
5038.600	0.021	3.457
5038.800	0.022	3.457
5039.000	0.021	3.457
5039.200	0.020	3.457
5039.400	0.019	3.457
5039.600	0.020	3.457
5039.800	0.021	3.457
5040.000	0.019	3.457
5040.200	0.019	3.457
5040.400	0.020	3.457
5040.600	0.020	3.456
5040.800	0.020	3.457
5041.000	0.019	3.457
5041.200	0.020	3.457
5041.400	0.019	3.457
5041.600	0.020	3.457
5041.800	0.019	3.456
5042.000	0.021	3.456
5042.200	0.021	3.457
5042.400	0.020	3.457
5042.600	0.021	3.457
5042.800	0.021	3.457
5043.000	0.020	3.457
5043.200	0.020	3.457
5043.400	0.019	3.457
5043.600	0.021	3.457
5043.800	0.019	3.457
5044.000	0.020	3.457
5044.200	0.020	3.457
5044.400	0.021	3.457
5044.600	0.021	3.457
5044.800	0.020	3.457
5045.000	0.022	3.457
5045.200	0.021	3.457
5045.400	0.020	3.457
5045.600	0.021	3.457
5045.800	0.021	3.457
5046.000	0.022	3.457
5046.200	0.022	3.457
5046.400	0.022	3.457
5046.600	0.021	3.457
5046.800	0.019	3.457
5047.000	0.021	3.457
5047.200	0.021	3.457
5047.400	0.020	3.457
5047.600	0.019	3.457
5047.800	0.021	3.457
5048.000	0.021	3.457
5048.200	0.021	3.457
5048.400	0.020	3.457
5048.600	0.020	3.457
5048.800	0.019	3.457
5049.000	0.019	3.457
5049.200	0.021	3.457
5049.400	0.020	3.457
5049.600	0.021	3.457
5049.800	0.020	3.457
5050.000	0.022	3.457
5050.200	0.021	3.457
5050.400	0.021	3.457
5050.600	0.022	3.457
5050.800	0.021	3.457
5051.000	0.021	3.457
5051.200	0.020	3.457
5051.400	0.021	3.457
5051.600	0.021	3.457
5051.800	0.021	3.457
5052.000	0.020	3.457
5052.200	0.022	3.457
5052.400	0.022	3.457
5052.600	0.022	3.457
5052.800	0.022	3.457
5053.000	0.022	3.457
5053.200	0.023	3.457
5053.400	0.022	3.457
5053.600	0.021	3.457
5053.800	0.022	3.457
5054.000	0.022	3.457
5054.200	0.021	3.457
5054.400	0.023	3.457
5054.600	0.023	3.457
5054.800	0.021	3.457
5055.000	0.021	3.457
5055.200	0.023	3.457
5055.400	0.021	3.457
5055.600	0.021	3.457
5055.800	0.022	3.457
5056.000	0.021	3.457
5056.200	0.022	3.457
5056.400	0.020	3.457
5056.600	0.020	3.457
5056.800	0.019	3.457
5057.000	0.022	3.457
5057.200	0.023	3.457
5057.400	0.022	3.457
5057.600	0.022	3.457
5057.800	0.022	3.457
5058.000	0.022	3.457
5058.200	0.021	3.457
5058.400	0.020	3.457
5058.600	0.020	3.457
5058.800	0.022	3.457
5059.000	0.021	3.457
5059.200	0.021	3.457
5059.400	0.022	3.457
5059.600	0.022	3.457
5059.800	0.022	3.457
5060.000	0.020	3.457
5060.200	0.022	3.457
5060.400	0.022	3.456
5060.600	0.022	3.456
5060.800	0.021	3.456
5061.000	0.023	3.456
5061.200	0.021	3.456
5061.400	0.021	3.456
5061.600	0.023	3.457
5061.800	0.022	3.457
5062.000	0.022	3.457
5062.200	0.024	3.457
5062.400	0.023	3.457
5062.600	0.023	3.457
5062.800	0.023	3.457
5063.000	0.022	3.457
5063.200	0.021	3.457
5063.400	0.023	3.457
5063.600	0.020	3.457
5063.800	0.023	3.457
5064.000	0.020	3.457
5064.200	0.021	3.457
5064.400	0.020	3.457
5064.600	0.021	3.457
5064.800	0.023	3.457
5065.000	0.021	3.457
5065.200	0.021	3.456
5065.400	0.020	3.456
5065.600	0.020	3.457
5065.800	0.021	3.456
5066.000	0.022	3.456
5066.200	0.021	3.456
5066.400	0.021	3.456
5066.600	0.021	3.456
5066.800	0.022	3.456
5067.000	0.022	3.457
5067.200	0.023	3.456
5067.400	0.022	3.456
5067.600	0.022	3.456
5067.800	0.022	3.456
5068.000	0.022	3.457
5068.200	0.022	3.456
5068.400	0.022	3.456
5068.600	0.021	3.456
5068.800	0.021	3.457
5069.000	0.021	3.456
5069.200	0.021	3.456
5069.400	0.021	3.456
5069.600	0.022	3.456
5069.800	0.021	3.456
5070.000	0.023	3.456
5070.200	0.021	3.457
5070.400	0.021	3.456
5070.600	0.023	3.457
5070.800	0.022	3.457
5071.000	0.022	3.457
5071.200	0.021	3.457
5071.400	0.022	3.457
5071.600	0.021	3.457
5071.800	0.023	3.457
5072.000	0.022	3.457
5072.200	0.018	3.456
5072.400	0.022	3.457
5072.600	0.020	3.456
5072.800	0.022	3.457
5073.000	0.022	3.457
5073.200	0.021	3.457
5073.400	0.019	3.457
5073.600	0.019	3.456
5073.800	0.021	3.457
5074.000	0.020	3.457
5074.200	0.022	3.457
5074.400	0.022	3.457
5074.600	0.022	3.457
5074.800	0.022	3.457
5075.000	0.021	3.457
5075.200	0.020	3.456
5075.400	0.020	3.457
5075.600	0.021	3.457
5075.800	0.021	3.457
5076.000	0.021	3.457
5076.200	0.019	3.457
5076.400	0.020	3.457
5076.600	0.020	3.457
5076.800	0.023	3.457
5077.000	0.022	3.457
5077.200	0.021	3.457
5077.400	0.019	3.457
5077.600	0.021	3.457
5077.800	0.021	3.456
5078.000	0.022	3.457
5078.200	0.021	3.457
5078.400	0.023	3.457
5078.600	0.023	3.457
5078.800	0.022	3.457
5079.000	0.022	3.456
5079.200	0.023	3.456
5079.400	0.023	3.457
5079.600	0.021	3.457
5079.800	0.021	3.456
5080.000	0.020	3.457
5080.200	0.020	3.456
5080.400	0.021	3.456
5080.600	0.020	3.456
5080.800	0.020	3.456
5081.000	0.022	3.457
5081.200	0.023	3.456
5081.400	0.021	3.457
5081.600	0.022	3.456
5081.800	0.021	3.457
5082.000	0.021	3.457
5082.200	0.021	3.457
5082.400	0.022	3.457
5082.600	0.022	3.457
5082.800	0.021	3.457
5083.000	0.021	3.457
5083.200	0.021	3.457
5083.400	0.021	3.456
5083.600	0.022	3.457
5083.800	0.022	3.457
5084.000	0.020	3.456
5084.200	0.022	3.457
5084.400	0.020	3.457
5084.600	0.022	3.457
5084.800	0.021	3.457
5085.000	0.021	3.456
5085.200	0.020	3.457
5085.400	0.019	3.456
5085.600	0.021	3.457
5085.800	0.021	3.457
5086.000	0.020	3.457
5086.200	0.019	3.456
5086.400	0.020	3.457
5086.600	0.020	3.457
5086.800	0.022	3.457
5087.000	0.020	3.456
5087.200	0.021	3.456
5087.400	0.021	3.456
5087.600	0.020	3.456
5087.800	0.020	3.457
5088.000	0.020	3.456
5088.200	0.020	3.456
5088.400	0.021	3.456
5088.600	0.020	3.456
5088.800	0.021	3.456
5089.000	0.021	3.456
5089.200	0.021	3.457
5089.400	0.021	3.456
5089.600	0.020	3.456
5089.800	0.019	3.456
5090.000	0.020	3.456
5090.200	0.020	3.456
5090.400	0.021	3.456
5090.600	0.019	3.456
5090.800	0.020	3.456
5091.000	0.021	3.456
5091.200	0.019	3.456
5091.400	0.022	3.456
5091.600	0.022	3.456
5091.800	0.021	3.456
5092.000	0.022	3.456
5092.200	0.021	3.456
5092.400	0.020	3.456
5092.600	0.021	3.456
5092.800	0.021	3.456
5093.000	0.021	3.456
5093.200	0.020	3.456
5093.400	0.021	3.456
5093.600	0.020	3.456
5093.800	0.020	3.456
5094.000	0.021	3.456
5094.200	0.022	3.456
5094.400	0.022	3.456
5094.600	0.020	3.456
5094.800	0.022	3.456
5095.000	0.021	3.456
5095.200	0.020	3.456
5095.400	0.021	3.456
5095.600	0.022	3.456
5095.800	0.021	3.456
5096.000	0.022	3.456
5096.200	0.023	3.456
5096.400	0.020	3.456
5096.600	0.021	3.456
5096.800	0.020	3.456
5097.000	0.021	3.456
5097.200	0.022	3.456
5097.400	0.021	3.456
5097.600	0.021	3.456
5097.800	0.021	3.456
5098.000	0.020	3.456
5098.200	0.021	3.456
5098.400	0.024	3.457
5098.600	0.021	3.456
5098.800	0.020	3.456
5099.000	0.022	3.456
5099.200	0.021	3.456
5099.400	0.020	3.456
5099.600	0.022	3.456
5099.800	0.022	3.456
5100.000	0.022	3.456
5100.200	0.023	3.456
5100.400	0.021	3.456
5100.600	0.021	3.456
5100.800	0.022	3.456
5101.000	0.021	3.456
5101.200	0.023	3.456
5101.400	0.023	3.456
5101.600	0.021	3.456
5101.800	0.023	3.456
5102.000	0.020	3.456
5102.200	0.021	3.456
5102.400	0.021	3.456
5102.600	0.021	3.456
5102.800	0.020	3.456
5103.000	0.022	3.456
5103.200	0.021	3.456
5103.400	0.021	3.456
5103.600	0.021	3.456
5103.800	0.021	3.456
5104.000	0.020	3.456
5104.200	0.021	3.456
5104.400	0.021	3.456
5104.600	0.020	3.456
5104.800	0.019	3.456
5105.000	0.020	3.456
5105.200	0.021	3.456
5105.400	0.021	3.456
5105.600	0.020	3.456
5105.800	0.019	3.456
5106.000	0.022	3.456
5106.200	0.022	3.456
5106.400	0.020	3.456
5106.600	0.022	3.456
5106.800	0.021	3.456
5107.000	0.021	3.456
5107.200	0.020	3.456
5107.400	0.021	3.456
5107.600	0.021	3.456
5107.800	0.021	3.456
5108.000	0.020	3.456
5108.200	0.020	3.456
5108.400	0.021	3.456
5108.600	0.022	3.456
5108.800	0.022	3.456
5109.000	0.020	3.456
5109.200	0.019	3.456
5109.400	0.020	3.456
5109.600	0.020	3.456
5109.800	0.021	3.456
5110.000	0.020	3.456
5110.200	0.019	3.456
5110.400	0.020	3.456
5110.600	0.020	3.456
5110.800	0.021	3.456
5111.000	0.020	3.456
5111.200	0.022	3.456
5111.400	0.021	3.456
5111.600	0.020	3.456
5111.800	0.019	3.456
5112.000	0.021	3.456
5112.200	0.021	3.456
5112.400	0.021	3.456
5112.600	0.021	3.456
5112.800	0.020	3.456
5113.000	0.021	3.456
5113.200	0.022	3.456
5113.400	0.022	3.456
5113.600	0.020	3.456
5113.800	0.020	3.456
5114.000	0.020	3.456
5114.200	0.020	3.456
5114.400	0.021	3.456
5114.600	0.019	3.456
5114.800	0.021	3.456
5115.000	0.020	3.456
5115.200	0.021	3.456
5115.400	0.020	3.456
5115.600	0.019	3.456
5115.800	0.019	3.456
5116.000	0.019	3.456
5116.200	0.020	3.456
5116.400	0.021	3.456
5116.600	0.020	3.456
5116.800	0.020	3.456
5117.000	0.022	3.456
5117.200	0.020	3.456
5117.400	0.021	3.456
5117.600	0.020	3.456
5117.800	0.020	3.456
5118.000	0.020	3.456
5118.200	0.020	3.456
5118.400	0.021	3.456
5118.600	0.019	3.456
5118.800	0.021	3.456
5119.000	0.020	3.456
5119.200	0.021	3.456
5119.400	0.021	3.456
5119.600	0.021	3.456
5119.800	0.020	3.456
5120.000	0.019	3.456
5120.200	0.021	3.456
5120.400	0.020	3.456
5120.600	0.019	3.456
5120.800	0.022	3.456
5121.000	0.022	3.456
5121.200	0.021	3.456
5121.400	0.021	3.456
5121.600	0.020	3.456
5121.800	0.021	3.456
5122.000	0.019	3.456
5122.200	0.021	3.456
5122.400	0.020	3.456
5122.600	0.020	3.456
5122.800	0.022	3.456
5123.000	0.020	3.456
5123.200	0.020	3.456
5123.400	0.020	3.456
5123.600	0.022	3.456
5123.800	0.022	3.456
5124.000	0.019	3.456
5124.200	0.021	3.456
5124.400	0.022	3.456
5124.600	0.021	3.456
5124.800	0.021	3.456
5125.000	0.023	3.456
5125.200	0.022	3.456
5125.400	0.022	3.456
5125.600	0.022	3.456
5125.800	0.021	3.456
5126.000	0.022	3.456
5126.200	0.021	3.456
5126.400	0.022	3.456
5126.600	0.021	3.456
5126.800	0.022	3.456
5127.000	0.021	3.456
5127.200	0.021	3.456
5127.400	0.021	3.456
5127.600	0.022	3.456
5127.800	0.019	3.456
5128.000	0.020	3.456
5128.200	0.021	3.456
5128.400	0.021	3.456
5128.600	0.023	3.456
5128.800	0.021	3.456
5129.000	0.021	3.456
5129.200	0.021	3.456
5129.400	0.022	3.456
5129.600	0.020	3.456
5129.800	0.021	3.456
5130.000	0.020	3.456
5130.200	0.021	3.456
5130.400	0.021	3.456
5130.600	0.021	3.456
5130.800	0.020	3.456
5131.000	0.019	3.456
5131.200	0.019	3.456
5131.400	0.019	3.456
5131.600	0.019	3.456
5131.800	0.021	3.456
5132.000	0.021	3.456
5132.200	0.021	3.456
5132.400	0.020	3.456
5132.600	0.019	3.456
5132.800	0.020	3.456
5133.000	0.022	3.456
5133.200	0.019	3.456
5133.400	0.020	3.456
5133.600	0.019	3.456
5133.800	0.021	3.456
5134.000	0.019	3.456
5134.200	0.021	3.456
5134.400	0.020	3.456
5134.600	0.018	3.456
5134.800	0.018	3.456
5135.000	0.020	3.456
5135.200	0.020	3.456
5135.400	0.019	3.456
5135.600	0.018	3.456
5135.800	0.019	3.456
5136.000	0.019	3.456
5136.200	0.020	3.456
5136.400	0.019	3.456
5136.600	0.019	3.456
5136.800	0.021	3.456
5137.000	0.020	3.456
5137.200	0.019	3.456
5137.400	0.018	3.456
5137.600	0.017	3.456
5137.800	0.018	3.456
5138.000	0.020	3.456
5138.200	0.019	3.456
5138.400	0.020	3.456
5138.600	0.019	3.456
5138.800	0.019	3.456
5139.000	0.019	3.456
5139.200	0.020	3.456
5139.400	0.020	3.456
5139.600	0.020	3.456
5139.800	0.020	3.456
5140.000	0.017	3.456
5140.200	0.018	3.456
5140.400	0.018	3.456
5140.600	0.018	3.456
5140.800	0.019	3.456
5141.000	0.017	3.456
5141.200	0.018	3.456
5141.400	0.019	3.456
5141.600	0.017	3.456
5141.800	0.018	3.456
5142.000	0.018	3.456
5142.200	0.019	3.456
5142.400	0.021	3.456
5142.600	0.019	3.456
5142.800	0.017	3.456
5143.000	0.020	3.456
5143.200	0.019	3.456
5143.400	0.020	3.456
5143.600	0.017	3.456
5143.800	0.018	3.456
5144.000	0.017	3.456
5144.200	0.020	3.456
5144.400	0.019	3.456
5144.600	0.017	3.456
5144.800	0.020	3.456
5145.000	0.019	3.456
5145.200	0.019	3.456
5145.400	0.019	3.456
5145.600	0.021	3.456
5145.800	0.019	3.456
5146.000	0.019	3.456
5146.200	0.018	3.456
5146.400	0.020	3.456
5146.600	0.019	3.456
5146.800	0.018	3.456
5147.000	0.020	3.456
5147.200	0.020	3.456
5147.400	0.018	3.456
5147.600	0.019	3.456
5147.800	0.018	3.456
5148.000	0.017	3.456
5148.200	0.017	3.456
5148.400	0.019	3.456
5148.600	0.018	3.456
5148.800	0.017	3.456
5149.000	0.019	3.456
5149.200	0.017	3.456
5149.400	0.019	3.456
5149.600	0.017	3.456
5149.800	0.019	3.456
5150.000	0.019	3.456
5150.200	0.018	3.456
5150.400	0.019	3.456
5150.600	0.019	3.456
5150.800	0.018	3.456
5151.000	0.018	3.456
5151.200	0.018	3.456
5151.400	0.019	3.456
5151.600	0.019	3.456
5151.800	0.020	3.456
5152.000	0.016	3.456
5152.200	0.017	3.456
5152.400	0.019	3.456
5152.600	0.019	3.456
5152.800	0.018	3.456
5153.000	0.018	3.456
5153.200	0.019	3.456
5153.400	0.017	3.456
5153.600	0.018	3.456
5153.800	0.018	3.456
5154.000	0.018	3.456
5154.200	0.019	3.456
5154.400	0.018	3.456
5154.600	0.019	3.456
5154.800	0.018	3.456
5155.000	0.020	3.456
5155.200	0.017	3.456
5155.400	0.018	3.456
5155.600	0.018	3.456
5155.800	0.018	3.456
5156.000	0.020	3.456
5156.200	0.019	3.456
5156.400	0.018	3.456
5156.600	0.017	3.456
5156.800	0.019	3.456
5157.000	0.017	3.456
5157.200	0.016	3.456
5157.400	0.019	3.456
5157.600	0.019	3.456
5157.800	0.018	3.456
5158.000	0.020	3.456
5158.200	0.020	3.456
5158.400	0.019	3.456
5158.600	0.020	3.456
5158.800	0.019	3.456
5159.000	0.019	3.456
5159.200	0.017	3.456
5159.400	0.018	3.456
5159.600	0.017	3.456
5159.800	0.017	3.456
5160.000	0.018	3.456
5160.200	0.019	3.456
5160.400	0.019	3.456
5160.600	0.019	3.456
5160.800	0.018	3.456
5161.000	0.018	3.456
5161.200	0.019	3.456
5161.400	0.019	3.456
5161.600	0.020	3.456
5161.800	0.021	3.456
5162.000	0.020	3.456
5162.200	0.020	3.456
5162.400	0.020	3.456
5162.600	0.019	3.456
5162.800	0.019	3.456
5163.000	0.017	3.456
5163.200	0.019	3.456
5163.400	0.021	3.456
5163.600	0.018	3.456
5163.800	0.017	3.456
5164.000	0.019	3.456
5164.200	0.020	3.456
5164.400	0.019	3.456
5164.600	0.020	3.456
5164.800	0.021	3.456
5165.000	0.020	3.456
5165.200	0.019	3.456
5165.400	0.020	3.456
5165.600	0.019	3.456
5165.800	0.019	3.456
5166.000	0.019	3.456
5166.200	0.017	3.456
5166.400	0.019	3.456
5166.600	0.018	3.456
5166.800	0.019	3.456
5167.000	0.019	3.456
5167.200	0.019	3.456
5167.400	0.018	3.456
5167.600	0.018	3.456
5167.800	0.017	3.456
5168.000	0.019	3.456
5168.200	0.018	3.456
5168.400	0.019	3.456
5168.600	0.018	3.456
5168.800	0.018	3.456
5169.000	0.019	3.456
5169.200	0.018	3.456
5169.400	0.019	3.456
5169.600	0.019	3.456
5169.800	0.019	3.456
5170.000	0.018	3.456
5170.200	0.019	3.456
5170.400	0.019	3.456
5170.600	0.019	3.456
5170.800	0.019	3.456
5171.000	0.019	3.456
5171.200	0.019	3.456
5171.400	0.018	3.456
5171.600	0.018	3.456
5171.800	0.019	3.456
5172.000	0.019	3.456
5172.200	0.020	3.456
5172.400	0.019	3.456
5172.600	0.019	3.456
5172.800	0.020	3.456
5173.000	0.020	3.456
5173.200	0.021	3.456
5173.400	0.019	3.456
5173.600	0.019	3.456
5173.800	0.018	3.456
5174.000	0.019	3.456
5174.200	0.019	3.456
5174.400	0.019	3.456
5174.600	0.019	3.456
5174.800	0.018	3.456
5175.000	0.019	3.456
5175.200	0.018	3.456
5175.400	0.018	3.456
5175.600	0.019	3.456
5175.800	0.020	3.456
5176.000	0.020	3.456
5176.200	0.018	3.456
5176.400	0.019	3.456
5176.600	0.020	3.456
5176.800	0.019	3.456
5177.000	0.019	3.456
5177.200	0.018	3.456
5177.400	0.019	3.456
5177.600	0.020	3.456
5177.800	0.019	3.456
5178.000	0.018	3.456
5178.200	0.019	3.456
5178.400	0.018	3.456
5178.600	0.020	3.456
5178.800	0.019	3.456
5179.000	0.021	3.456
5179.200	0.018	3.456
5179.400	0.022	3.456
5179.600	0.021	3.456
5179.800	0.022	3.456
5180.000	0.020	3.456
5180.200	0.020	3.456
5180.400	0.021	3.456
5180.600	0.020	3.456
5180.800	0.020	3.456
5181.000	0.020	3.456
5181.200	0.018	3.456
5181.400	0.019	3.456
5181.600	0.018	3.456
5181.800	0.019	3.456
5182.000	0.019	3.456
5182.200	0.019	3.456
5182.400	0.019	3.456
5182.600	0.018	3.456
5182.800	0.018	3.456
5183.000	0.019	3.456
5183.200	0.018	3.456
5183.400	0.019	3.456
5183.600	0.020	3.456
5183.800	0.019	3.456
5184.000	0.018	3.456
5184.200	0.020	3.456
5184.400	0.021	3.456
5184.600	0.019	3.456
5184.800	0.020	3.456
5185.000	0.019	3.456
5185.200	0.019	3.456
5185.400	0.020	3.456
5185.600	0.020	3.456
5185.800	0.018	3.456
5186.000	0.019	3.456
5186.200	0.020	3.456
5186.400	0.019	3.456
5186.600	0.019	3.456
5186.800	0.018	3.456
5187.000	0.020	3.456
5187.200	0.017	3.456
5187.400	0.020	3.456
5187.600	0.018	3.456
5187.800	0.020	3.456
5188.000	0.020	3.456
5188.200	0.019	3.456
5188.400	0.021	3.456
5188.600	0.019	3.456
5188.800	0.019	3.456
5189.000	0.019	3.456
5189.200	0.019	3.456
5189.400	0.017	3.456
5189.600	0.017	3.456
5189.800	0.018	3.456
5190.000	0.019	3.456
5190.200	0.020	3.456
5190.400	0.018	3.456
5190.600	0.018	3.456
5190.800	0.017	3.456
5191.000	0.017	3.456
5191.200	0.018	3.456
5191.400	0.018	3.456
5191.600	0.018	3.456
5191.800	0.020	3.456
5192.000	0.018	3.456
5192.200	0.019	3.456
5192.400	0.021	3.456
5192.600	0.021	3.456
5192.800	0.018	3.456
5193.000	0.019	3.456
5193.200	0.020	3.456
5193.400	0.019	3.456
5193.600	0.018	3.456
5193.800	0.018	3.456
5194.000	0.019	3.456
5194.200	0.019	3.456
5194.400	0.019	3.456
5194.600	0.018	3.456
5194.800	0.019	3.456
5195.000	0.020	3.456
5195.200	0.020	3.456
5195.400	0.019	3.456
5195.600	0.019	3.456
5195.800	0.019	3.456
5196.000	0.018	3.456
5196.200	0.017	3.456
5196.400	0.018	3.456
5196.600	0.018	3.456
5196.800	0.017	3.456
5197.000	0.018	3.456
5197.200	0.017	3.456
5197.400	0.019	3.456
5197.600	0.018	3.456
5197.800	0.019	3.456
5198.000	0.019	3.456
5198.200	0.019	3.456
5198.400	0.018	3.456
5198.600	0.017	3.456
5198.800	0.017	3.456
5199.000	0.017	3.456
5199.200	0.019	3.456
5199.400	0.018	3.456
5199.600	0.018	3.456
5199.800	0.019	3.456
5200.000	0.021	3.456
5200.200	0.016	3.456
5200.400	0.018	3.456
5200.600	0.019	3.456
5200.800	0.019	3.456
5201.000	0.017	3.456
5201.200	0.018	3.456
5201.400	0.018	3.456
5201.600	0.018	3.456
5201.800	0.020	3.456
5202.000	0.018	3.456
5202.200	0.019	3.456
5202.400	0.018	3.456
5202.600	0.018	3.456
5202.800	0.017	3.456
5203.000	0.016	3.456
5203.200	0.018	3.456
5203.400	0.017	3.456
5203.600	0.016	3.456
5203.800	0.018	3.456
5204.000	0.018	3.456
5204.200	0.018	3.456
5204.400	0.018	3.456
5204.600	0.018	3.456
5204.800	0.018	3.456
5205.000	0.018	3.456
5205.200	0.018	3.456
5205.400	0.019	3.456
5205.600	0.017	3.456
5205.800	0.019	3.456
5206.000	0.019	3.456
5206.200	0.018	3.456
5206.400	0.018	3.456
5206.600	0.018	3.456
5206.800	0.018	3.456
5207.000	0.018	3.456
5207.200	0.018	3.456
5207.400	0.018	3.456
5207.600	0.018	3.456
5207.800	0.019	3.456
5208.000	0.020	3.456
5208.200	0.019	3.456
5208.400	0.018	3.456
5208.600	0.019	3.456
5208.800	0.019	3.456
5209.000	0.018	3.456
5209.200	0.020	3.456
5209.400	0.020	3.456
5209.600	0.019	3.456
5209.800	0.018	3.456
5210.000	0.018	3.456
5210.200	0.017	3.456
5210.400	0.018	3.456
5210.600	0.019	3.456
5210.800	0.018	3.456
5211.000	0.018	3.456
5211.200	0.019	3.456
5211.400	0.020	3.456
5211.600	0.019	3.456
5211.800	0.018	3.456
5212.000	0.016	3.456
5212.200	0.018	3.456
5212.400	0.017	3.456
5212.600	0.018	3.456
5212.800	0.018	3.456
5213.000	0.018	3.456
5213.200	0.019	3.456
5213.400	0.018	3.456
5213.600	0.018	3.456
5213.800	0.018	3.456
5214.000	0.019	3.456
5214.200	0.018	3.456
5214.400	0.018	3.456
5214.600	0.015	3.456
5214.800	0.021	3.456
5215.000	0.019	3.456
5215.200	0.017	3.456
5215.400	0.017	3.456
5215.600	0.019	3.456
5215.800	0.019	3.456
5216.000	0.019	3.456
5216.200	0.019	3.456
5216.400	0.018	3.456
5216.600	0.019	3.456
5216.800	0.018	3.456
5217.000	0.018	3.456
5217.200	0.017	3.456
5217.400	0.019	3.456
5217.600	0.017	3.456
5217.800	0.019	3.456
5218.000	0.019	3.456
5218.200	0.020	3.456
5218.400	0.017	3.456
5218.600	0.019	3.456
5218.800	0.019	3.456
5219.000	0.018	3.456
5219.200	0.018	3.456
5219.400	0.017	3.456
5219.600	0.019	3.456
5219.800	0.019	3.456
5220.000	0.019	3.456
5220.200	0.018	3.456
5220.400	0.018	3.456
5220.600	0.017	3.456
5220.800	0.017	3.456
5221.000	0.016	3.456
5221.200	0.019	3.456
5221.400	0.017	3.456
5221.600	0.018	3.456
5221.800	0.020	3.456
5222.000	0.018	3.456
5222.200	0.018	3.456
5222.400	0.018	3.456
5222.600	0.015	3.456
5222.800	0.018	3.456
5223.000	0.018	3.456
5223.200	0.018	3.456
5223.400	0.016	3.456
5223.600	0.019	3.456
5223.800	0.018	3.456
5224.000	0.020	3.456
5224.200	0.017	3.456
5224.400	0.019	3.456
5224.600	0.016	3.456
5224.800	0.017	3.456
5225.000	0.016	3.456
5225.200	0.017	3.456
5225.400	0.017	3.456
5225.600	0.017	3.456
5225.800	0.019	3.456
5226.000	0.018	3.456
5226.200	0.019	3.456
5226.400	0.019	3.456
5226.600	0.015	3.456
5226.800	0.017	3.456
5227.000	0.017	3.456
5227.200	0.016	3.456
5227.400	0.018	3.456
5227.600	0.017	3.456
5227.800	0.018	3.456
5228.000	0.018	3.456
5228.200	0.019	3.456
5228.400	0.020	3.456
5228.600	0.017	3.456
5228.800	0.019	3.456
5229.000	0.018	3.456
5229.200	0.019	3.456
5229.400	0.019	3.456
5229.600	0.020	3.456
5229.800	0.019	3.456
5230.000	0.018	3.456
5230.200	0.017	3.456
5230.400	0.019	3.456
5230.600	0.019	3.456
5230.800	0.019	3.456
5231.000	0.021	3.456
5231.200	0.018	3.456
5231.400	0.018	3.456
5231.600	0.019	3.456
5231.800	0.018	3.456
5232.000	0.016	3.456
5232.200	0.015	3.456
5232.400	0.017	3.456
5232.600	0.018	3.456
5232.800	0.018	3.456
5233.000	0.018	3.456
5233.200	0.017	3.456
5233.400	0.020	3.456
5233.600	0.019	3.456
5233.800	0.019	3.456
5234.000	0.021	3.456
5234.200	0.019	3.456
5234.400	0.020	3.456
5234.600	0.019	3.456
5234.800	0.020	3.456
5235.000	0.019	3.456
5235.200	0.018	3.456
5235.400	0.019	3.456
5235.600	0.018	3.456
5235.800	0.019	3.456
5236.000	0.019	3.456
5236.200	0.018	3.456
5236.400	0.020	3.456
5236.600	0.021	3.456
5236.800	0.020	3.456
5237.000	0.019	3.456
5237.200	0.020	3.456
5237.400	0.020	3.456
5237.600	0.019	3.456
5237.800	0.019	3.456
5238.000	0.019	3.456
5238.200	0.017	3.456
5238.400	0.020	3.456
5238.600	0.019	3.456
5238.800	0.018	3.456
5239.000	0.019	3.456
5239.200	0.020	3.456
5239.400	0.019	3.456
5239.600	0.022	3.456
5239.800	0.020	3.456
5240.000	0.019	3.456
5240.200	0.020	3.456
5240.400	0.017	3.456
5240.600	0.018	3.456
5240.800	0.019	3.456
5241.000	0.020	3.456
5241.200	0.019	3.456
5241.400	0.018	3.456
5241.600	0.017	3.456
5241.800	0.020	3.456
5242.000	0.020	3.456
5242.200	0.018	3.456
5242.400	0.019	3.456
5242.600	0.019	3.456
5242.800	0.019	3.456
5243.000	0.019	3.456
5243.200	0.019	3.456
5243.400	0.019	3.456
5243.600	0.020	3.456
5243.800	0.019	3.456
5244.000	0.020	3.456
5244.200	0.018	3.456
5244.400	0.018	3.456
5244.600	0.019	3.456
5244.800	0.019	3.456
5245.000	0.018	3.456
5245.200	0.017	3.456
5245.400	0.017	3.456
5245.600	0.018	3.456
5245.800	0.018	3.456
5246.000	0.017	3.456
5246.200	0.017	3.456
5246.400	0.018	3.456
5246.600	0.020	3.456
5246.800	0.018	3.456
5247.000	0.019	3.456
5247.200	0.018	3.456
5247.400	0.018	3.456
5247.600	0.015	3.456
5247.800	0.017	3.456
5248.000	0.018	3.456
5248.200	0.017	3.456
5248.400	0.018	3.456
5248.600	0.018	3.456
5248.800	0.018	3.456
5249.000	0.018	3.456
5249.200	0.018	3.456
5249.400	0.018	3.456
5249.600	0.016	3.456
5249.800	0.017	3.456
5250.000	0.018	3.456
5250.200	0.017	3.456
5250.400	0.018	3.456
5250.600	0.018	3.456
5250.800	0.018	3.456
5251.000	0.018	3.456
5251.200	0.019	3.456
5251.400	0.019	3.456
5251.600	0.018	3.456
5251.800	0.017	3.456
5252.000	0.018	3.456
5252.200	0.016	3.456
5252.400	0.017	3.456
5252.600	0.018	3.456
5252.800	0.018	3.456
5253.000	0.017	3.456
5253.200	0.017	3.456
5253.400	0.016	3.456
5253.600	0.017	3.456
5253.800	0.017	3.456
5254.000	0.016	3.456
5254.200	0.018	3.456
5254.400	0.016	3.456
5254.600	0.016	3.456
5254.800	0.015	3.456
5255.000	0.019	3.456
5255.200	0.018	3.456
5255.400	0.016	3.456
5255.600	0.018	3.456
5255.800	0.017	3.456
5256.000	0.018	3.456
5256.200	0.016	3.456
5256.400	0.015	3.456
5256.600	0.017	3.456
5256.800	0.019	3.456
5257.000	0.019	3.456
5257.200	0.018	3.456
5257.400	0.018	3.456
5257.600	0.017	3.456
5257.800	0.018	3.456
5258.000	0.019	3.456
5258.200	0.018	3.456
5258.400	0.018	3.456
5258.600	0.018	3.456
5258.800	0.019	3.456
5259.000	0.017	3.456
5259.200	0.018	3.456
5259.400	0.017	3.456
5259.600	0.017	3.456
5259.800	0.018	3.456
5260.000	0.018	3.456
5260.200	0.018	3.456
5260.400	0.017	3.456
5260.600	0.017	3.456
5260.800	0.018	3.456
5261.000	0.017	3.456
5261.200	0.017	3.456
5261.400	0.018	3.456
5261.600	0.019	3.456
5261.800	0.019	3.456
5262.000	0.019	3.456
5262.200	0.016	3.456
5262.400	0.018	3.456
5262.600	0.018	3.456
5262.800	0.018	3.456
5263.000	0.018	3.456
5263.200	0.019	3.456
5263.400	0.019	3.456
5263.600	0.019	3.456
5263.800	0.018	3.456
5264.000	0.017	3.456
5264.200	0.016	3.456
5264.400	0.017	3.456
5264.600	0.019	3.456
5264.800	0.019	3.456
5265.000	0.018	3.456
5265.200	0.018	3.456
5265.400	0.019	3.456
5265.600	0.020	3.456
5265.800	0.020	3.456
5266.000	0.020	3.456
5266.200	0.019	3.456
5266.400	0.018	3.456
5266.600	0.019	3.456
5266.800	0.019	3.456
5267.000	0.020	3.456
5267.200	0.018	3.456
5267.400	0.020	3.456
5267.600	0.021	3.456
5267.800	0.020	3.456
5268.000	0.019	3.456
5268.200	0.018	3.456
5268.400	0.017	3.456
5268.600	0.018	3.456
5268.800	0.018	3.456
5269.000	0.019	3.456
5269.200	0.019	3.456
5269.400	0.019	3.456
5269.600	0.019	3.456
5269.800	0.017	3.456
5270.000	0.019	3.456
5270.200	0.019	3.456
5270.400	0.019	3.456
5270.600	0.019	3.456
5270.800	0.018	3.456
5271.000	0.018	3.456
5271.200	0.019	3.456
5271.400	0.020	3.456
5271.600	0.020	3.456
5271.800	0.018	3.456
5272.000	0.018	3.456
5272.200	0.019	3.456
5272.400	0.018	3.456
5272.600	0.019	3.456
5272.800	0.019	3.456
5273.000	0.019	3.456
5273.200	0.018	3.456
5273.400	0.019	3.456
5273.600	0.019	3.456
5273.800	0.019	3.456
5274.000	0.020	3.456
5274.200	0.019	3.456
5274.400	0.019	3.456
5274.600	0.020	3.456
5274.800	0.019	3.456
5275.000	0.019	3.456
5275.200	0.020	3.456
5275.400	0.019	3.456
5275.600	0.018	3.456
5275.800	0.019	3.456
5276.000	0.018	3.456
5276.200	0.020	3.456
5276.400	0.018	3.456
5276.600	0.020	3.456
5276.800	0.018	3.456
5277.000	0.019	3.456
5277.200	0.019	3.456
5277.400	0.020	3.456
5277.600	0.020	3.456
5277.800	0.019	3.456
5278.000	0.018	3.456
5278.200	0.019	3.456
5278.400	0.021	3.456
5278.600	0.019	3.456
5278.800	0.019	3.456
5279.000	0.019	3.456
5279.200	0.019	3.456
5279.400	0.018	3.456
5279.600	0.020	3.456
5279.800	0.019	3.456
5280.000	0.019	3.456
5280.200	0.020	3.456
5280.400	0.019	3.456
5280.600	0.017	3.456
5280.800	0.020	3.456
5281.000	0.019	3.456
5281.200	0.018	3.456
5281.400	0.018	3.456
5281.600	0.020	3.456
5281.800	0.018	3.456
5282.000	0.018	3.456
5282.200	0.017	3.456
5282.400	0.018	3.456
5282.600	0.018	3.456
5282.800	0.018	3.456
5283.000	0.018	3.456
5283.200	0.019	3.456
5283.400	0.017	3.456
5283.600	0.019	3.456
5283.800	0.020	3.456
5284.000	0.018	3.456
5284.200	0.018	3.456
5284.400	0.020	3.456
5284.600	0.020	3.456
5284.800	0.019	3.456
5285.000	0.018	3.456
5285.200	0.020	3.456
5285.400	0.019	3.456
5285.600	0.019	3.456
5285.800	0.018	3.456
5286.000	0.019	3.456
5286.200	0.019	3.456
5286.400	0.018	3.456
5286.600	0.018	3.456
5286.800	0.020	3.456
5287.000	0.018	3.456
5287.200	0.019	3.456
5287.400	0.020	3.456
5287.600	0.018	3.456
5287.800	0.021	3.456
5288.000	0.021	3.456
5288.200	0.019	3.456
5288.400	0.020	3.456
5288.600	0.018	3.456
5288.800	0.018	3.456
5289.000	0.018	3.456
5289.200	0.018	3.456
5289.400	0.017	3.456
5289.600	0.018	3.456
5289.800	0.019	3.456
5290.000	0.019	3.456
5290.200	0.018	3.456
5290.400	0.018	3.456
5290.600	0.017	3.456
5290.800	0.020	3.456
5291.000	0.017	3.456
5291.200	0.018	3.456
5291.400	0.017	3.456
5291.600	0.019	3.456
5291.800	0.019	3.456
5292.000	0.018	3.456
5292.200	0.018	3.456
5292.400	0.019	3.456
5292.600	0.019	3.456
5292.800	0.018	3.456
5293.000	0.017	3.456
5293.200	0.017	3.456
5293.400	0.020	3.456
5293.600	0.019	3.456
5293.800	0.016	3.456
5294.000	0.018	3.456
5294.200	0.018	3.456
5294.400	0.017	3.456
5294.600	0.018	3.456
5294.800	0.017	3.456
5295.000	0.017	3.456
5295.200	0.017	3.456
5295.400	0.018	3.456
5295.600	0.018	3.456
5295.800	0.019	3.456
5296.000	0.018	3.456
5296.200	0.020	3.456
5296.400	0.020	3.456
5296.600	0.019	3.456
5296.800	0.018	3.456
5297.000	0.020	3.456
5297.200	0.018	3.456
5297.400	0.019	3.456
5297.600	0.019	3.456
5297.800	0.019	3.456
5298.000	0.016	3.456
5298.200	0.018	3.456
5298.400	0.019	3.456
5298.600	0.018	3.456
5298.800	0.019	3.456
5299.000	0.020	3.456
5299.200	0.019	3.456
5299.400	0.019	3.456
5299.600	0.018	3.456
5299.800	0.018	3.456
5300.000	0.019	3.456
5300.200	0.018	3.456
5300.400	0.018	3.456
5300.600	0.018	3.456
5300.800	0.016	3.456
5301.000	0.018	3.456
5301.200	0.018	3.456
5301.400	0.019	3.456
5301.600	0.019	3.456
5301.800	0.018	3.456
5302.000	0.019	3.456
5302.200	0.019	3.456
5302.400	0.019	3.456
5302.600	0.017	3.456
5302.800	0.018	3.456
5303.000	0.018	3.456
5303.200	0.019	3.456
5303.400	0.020	3.456
5303.600	0.021	3.456
5303.800	0.019	3.456
5304.000	0.020	3.456
5304.200	0.019	3.456
5304.400	0.020	3.456
5304.600	0.021	3.456
5304.800	0.020	3.456
5305.000	0.018	3.456
5305.200	0.018	3.456
5305.400	0.018	3.456
5305.600	0.018	3.456
5305.800	0.018	3.456
5306.000	0.019	3.456
5306.200	0.017	3.456
5306.400	0.017	3.456
5306.600	0.017	3.456
5306.800	0.019	3.456
5307.000	0.020	3.456
5307.200	0.020	3.456
5307.400	0.020	3.456
5307.600	0.020	3.456
5307.800	0.019	3.456
5308.000	0.019	3.456
5308.200	0.019	3.456
5308.400	0.019	3.456
5308.600	0.019	3.456
5308.800	0.019	3.456
5309.000	0.018	3.456
5309.200	0.019	3.456
5309.400	0.019	3.456
5309.600	0.019	3.456
5309.800	0.020	3.456
5310.000	0.020	3.456
5310.200	0.020	3.456
5310.400	0.019	3.456
5310.600	0.020	3.456
5310.800	0.020	3.456
5311.000	0.020	3.456
5311.200	0.019	3.456
5311.400	0.019	3.456
5311.600	0.019	3.456
5311.800	0.018	3.456
5312.000	0.019	3.456
5312.200	0.019	3.456
5312.400	0.020	3.456
5312.600	0.018	3.456
5312.800	0.020	3.456
5313.000	0.019	3.456
5313.200	0.020	3.456
5313.400	0.018	3.456
5313.600	0.019	3.456
5313.800	0.018	3.456
5314.000	0.018	3.456
5314.200	0.018	3.456
5314.400	0.018	3.456
5314.600	0.020	3.456
5314.800	0.020	3.456
5315.000	0.019	3.456
5315.200	0.019	3.456
5315.400	0.018	3.456
5315.600	0.019	3.456
5315.800	0.019	3.456
5316.000	0.020	3.456
5316.200	0.019	3.456
5316.400	0.023	3.456
5316.600	0.021	3.456
5316.800	0.020	3.456
5317.000	0.020	3.456
5317.200	0.020	3.456
5317.400	0.019	3.456
5317.600	0.021	3.456
5317.800	0.020	3.456
5318.000	0.020	3.456
5318.200	0.019	3.456
5318.400	0.019	3.456
5318.600	0.018	3.456
5318.800	0.018	3.456
5319.000	0.020	3.456
5319.200	0.020	3.456
5319.400	0.020	3.456
5319.600	0.020	3.456
5319.800	0.019	3.456
5320.000	0.020	3.456
5320.200	0.020	3.456
5320.400	0.020	3.456
5320.600	0.019	3.456
5320.800	0.020	3.456
5321.000	0.018	3.456
5321.200	0.018	3.456
5321.400	0.018	3.456
5321.600	0.018	3.456
5321.800	0.019	3.456
5322.000	0.019	3.456
5322.200	0.019	3.456
5322.400	0.017	3.456
5322.600	0.020	3.456
5322.800	0.019	3.456
5323.000	0.017	3.456
5323.200	0.020	3.456
5323.400	0.017	3.456
5323.600	0.021	3.456
5323.800	0.019	3.456
5324.000	0.019	3.456
5324.200	0.019	3.456
5324.400	0.020	3.456
5324.600	0.018	3.456
5324.800	0.019	3.456
5325.000	0.021	3.456
5325.200	0.018	3.456
5325.400	0.019	3.456
5325.600	0.019	3.456
5325.800	0.021	3.456
5326.000	0.018	3.456
5326.200	0.019	3.456
5326.400	0.019	3.456
5326.600	0.018	3.456
5326.800	0.019	3.456
5327.000	0.018	3.456
5327.200	0.019	3.456
5327.400	0.020	3.456
5327.600	0.021	3.456
5327.800	0.020	3.456
5328.000	0.020	3.456
5328.200	0.021	3.456
5328.400	0.020	3.456
5328.600	0.021	3.456
5328.800	0.020	3.456
5329.000	0.020	3.456
5329.200	0.020	3.456
5329.400	0.020	3.456
5329.600	0.020	3.456
5329.800	0.022	3.456
5330.000	0.023	3.456
5330.200	0.020	3.456
5330.400	0.021	3.456
5330.600	0.021	3.456
5330.800	0.023	3.456
5331.000	0.020	3.456
5331.200	0.021	3.456
5331.400	0.021	3.456
5331.600	0.021	3.456
5331.800	0.020	3.456
5332.000	0.021	3.456
5332.200	0.022	3.456
5332.400	0.022	3.456
5332.600	0.020	3.456
5332.800	0.022	3.456
5333.000	0.022	3.456
5333.200	0.019	3.456
5333.400	0.023	3.456
5333.600	0.021	3.456
5333.800	0.022	3.456
5334.000	0.021	3.456
5334.200	0.021	3.456
5334.400	0.019	3.456
5334.600	0.021	3.456
5334.800	0.021	3.456
5335.000	0.022	3.456
5335.200	0.021	3.456
5335.400	0.021	3.456
5335.600	0.020	3.456
5335.800	0.021	3.456
5336.000	0.018	3.456
5336.200	0.018	3.456
5336.400	0.019	3.456
5336.600	0.018	3.456
5336.800	0.019	3.456
5337.000	0.022	3.456
5337.200	0.021	3.456
5337.400	0.022	3.456
5337.600	0.021	3.456
5337.800	0.021	3.456
5338.000	0.018	3.456
5338.200	0.020	3.456
5338.400	0.023	3.456
5338.600	0.021	3.456
5338.800	0.019	3.456
5339.000	0.019	3.456
5339.200	0.022	3.456
5339.400	0.021	3.456
5339.600	0.021	3.456
5339.800	0.019	3.456
5340.000	0.020	3.456
5340.200	0.019	3.456
5340.400	0.022	3.456
5340.600	0.022	3.456
5340.800	0.021	3.456
5341.000	0.020	3.456
5341.200	0.020	3.456
5341.400	0.020	3.456
5341.600	0.020	3.456
5341.800	0.018	3.456
5342.000	0.021	3.456
5342.200	0.020	3.456
5342.400	0.020	3.456
5342.600	0.018	3.456
5342.800	0.019	3.456
5343.000	0.019	3.456
5343.200	0.019	3.456
5343.400	0.020	3.456
5343.600	0.021	3.456
5343.800	0.021	3.456
5344.000	0.020	3.456
5344.200	0.022	3.456
5344.400	0.022	3.456
5344.600	0.023	3.456
5344.800	0.023	3.456
5345.000	0.023	3.456
5345.200	0.022	3.456
5345.400	0.020	3.456
5345.600	0.022	3.456
5345.800	0.020	3.456
5346.000	0.021	3.456
5346.200	0.021	3.456
5346.400	0.020	3.456
5346.600	0.020	3.456
5346.800	0.020	3.456
5347.000	0.021	3.456
5347.200	0.020	3.456
5347.400	0.020	3.456
5347.600	0.021	3.456
5347.800	0.020	3.456
5348.000	0.020	3.456
5348.200	0.022	3.456
5348.400	0.020	3.456
5348.600	0.020	3.456
5348.800	0.021	3.456
5349.000	0.020	3.456
5349.200	0.020	3.456
5349.400	0.022	3.456
5349.600	0.019	3.456
5349.800	0.020	3.456
5350.000	0.020	3.456
5350.200	0.020	3.456
5350.400	0.019	3.456
5350.600	0.020	3.456
5350.800	0.021	3.456
5351.000	0.022	3.456
5351.200	0.022	3.456
5351.400	0.021	3.456
5351.600	0.023	3.456
5351.800	0.022	3.456
5352.000	0.023	3.456
5352.200	0.022	3.456
5352.400	0.020	3.456
5352.600	0.022	3.456
5352.800	0.023	3.456
5353.000	0.022	3.456
5353.200	0.021	3.456
5353.400	0.022	3.456
5353.600	0.022	3.456
5353.800	0.023	3.456
5354.000	0.023	3.456
5354.200	0.022	3.456
5354.400	0.020	3.456
5354.600	0.021	3.456
5354.800	0.022	3.456
5355.000	0.020	3.456
5355.200	0.020	3.456
5355.400	0.020	3.456
5355.600	0.023	3.456
5355.800	0.021	3.456
5356.000	0.020	3.456
5356.200	0.019	3.456
5356.400	0.020	3.456
5356.600	0.021	3.456
5356.800	0.022	3.456
5357.000	0.021	3.456
5357.200	0.020	3.456
5357.400	0.019	3.456
5357.600	0.019	3.456
5357.800	0.021	3.456
5358.000	0.020	3.456
5358.200	0.020	3.456
5358.400	0.020	3.456
5358.600	0.019	3.456
5358.800	0.020	3.456
5359.000	0.020	3.456
5359.200	0.020	3.456
5359.400	0.019	3.456
5359.600	0.022	3.456
5359.800	0.022	3.456
5360.000	0.022	3.456
5360.200	0.021	3.456
5360.400	0.019	3.456
5360.600	0.020	3.456
5360.800	0.020	3.456
5361.000	0.020	3.456
5361.200	0.019	3.456
5361.400	0.020	3.456
5361.600	0.019	3.456
5361.800	0.020	3.456
5362.000	0.019	3.456
5362.200	0.023	3.456
5362.400	0.021	3.456
5362.600	0.023	3.456
5362.800	0.021	3.456
5363.000	0.021	3.456
5363.200	0.020	3.456
5363.400	0.021	3.456
5363.600	0.020	3.456
5363.800	0.022	3.456
5364.000	0.021	3.456
5364.200	0.020	3.456
5364.400	0.021	3.456
5364.600	0.020	3.456
5364.800	0.022	3.456
5365.000	0.018	3.456
5365.200	0.022	3.456
5365.400	0.020	3.456
5365.600	0.019	3.456
5365.800	0.019	3.456
5366.000	0.020	3.456
5366.200	0.018	3.456
5366.400	0.021	3.456
5366.600	0.018	3.456
5366.800	0.020	3.456
5367.000	0.019	3.456
5367.200	0.019	3.456
5367.400	0.020	3.456
5367.600	0.019	3.456
5367.800	0.020	3.456
5368.000	0.020	3.456
5368.200	0.021	3.456
5368.400	0.022	3.456
5368.600	0.022	3.456
5368.800	0.021	3.456
5369.000	0.022	3.456
5369.200	0.020	3.456
5369.400	0.019	3.456
5369.600	0.022	3.456
5369.800	0.020	3.456
5370.000	0.021	3.456
5370.200	0.020	3.456
5370.400	0.021	3.456
5370.600	0.021	3.456
5370.800	0.022	3.456
5371.000	0.019	3.456
5371.200	0.020	3.456
5371.400	0.020	3.456
5371.600	0.020	3.456
5371.800	0.020	3.456
5372.000	0.021	3.456
5372.200	0.021	3.456
5372.400	0.021	3.456
5372.600	0.021	3.456
5372.800	0.020	3.456
5373.000	0.020	3.456
5373.200	0.022	3.456
5373.400	0.021	3.456
5373.600	0.019	3.456
5373.800	0.021	3.456
5374.000	0.023	3.456
5374.200	0.022	3.456
5374.400	0.021	3.456
5374.600	0.021	3.456
5374.800	0.022	3.456
5375.000	0.020	3.456
5375.200	0.020	3.456
5375.400	0.021	3.456
5375.600	0.020	3.456
5375.800	0.019	3.456
5376.000	0.020	3.456
5376.200	0.020	3.456
5376.400	0.020	3.456
5376.600	0.021	3.456
5376.800	0.022	3.456
5377.000	0.020	3.456
5377.200	0.023	3.456
5377.400	0.022	3.456
5377.600	0.021	3.456
5377.800	0.022	3.456
5378.000	0.020	3.456
5378.200	0.022	3.456
5378.400	0.022	3.456
5378.600	0.021	3.456
5378.800	0.020	3.456
5379.000	0.021	3.456
5379.200	0.023	3.456
5379.400	0.022	3.456
5379.600	0.021	3.456
5379.800	0.022	3.456
5380.000	0.023	3.456
5380.200	0.022	3.456
5380.400	0.022	3.456
5380.600	0.021	3.456
5380.800	0.022	3.456
5381.000	0.021	3.456
5381.200	0.021	3.456
5381.400	0.019	3.456
5381.600	0.021	3.456
5381.800	0.021	3.456
5382.000	0.021	3.456
5382.200	0.019	3.456
5382.400	0.020	3.456
5382.600	0.021	3.456
5382.800	0.022	3.456
5383.000	0.023	3.456
5383.200	0.021	3.456
5383.400	0.022	3.456
5383.600	0.022	3.456
5383.800	0.024	3.456
5384.000	0.020	3.456
5384.200	0.023	3.456
5384.400	0.021	3.456
5384.600	0.022	3.456
5384.800	0.022	3.456
5385.000	0.022	3.456
5385.200	0.022	3.456
5385.400	0.020	3.456
5385.600	0.020	3.456
5385.800	0.022	3.456
5386.000	0.020	3.456
5386.200	0.019	3.456
5386.400	0.020	3.456
5386.600	0.020	3.456
5386.800	0.020	3.456
5387.000	0.020	3.456
5387.200	0.021	3.456
5387.400	0.021	3.456
5387.600	0.021	3.456
5387.800	0.022	3.456
5388.000	0.021	3.456
5388.200	0.019	3.456
5388.400	0.020	3.456
5388.600	0.021	3.456
5388.800	0.019	3.456
5389.000	0.023	3.456
5389.200	0.021	3.456
5389.400	0.020	3.456
5389.600	0.021	3.456
5389.800	0.021	3.456
5390.000	0.021	3.456
5390.200	0.020	3.456
5390.400	0.020	3.456
5390.600	0.023	3.456
5390.800	0.021	3.456
5391.000	0.020	3.456
5391.200	0.019	3.456
5391.400	0.021	3.456
5391.600	0.020	3.456
5391.800	0.019	3.456
5392.000	0.020	3.456
5392.200	0.021	3.456
5392.400	0.021	3.456
5392.600	0.020	3.456
5392.800	0.020	3.456
5393.000	0.019	3.456
5393.200	0.020	3.456
5393.400	0.021	3.456
5393.600	0.021	3.456
5393.800	0.021	3.456
5394.000	0.020	3.456
5394.200	0.023	3.456
5394.400	0.023	3.456
5394.600	0.021	3.456
5394.800	0.021	3.456
5395.000	0.021	3.456
5395.200	0.021	3.456
5395.400	0.020	3.456
5395.600	0.021	3.456
5395.800	0.019	3.456
5396.000	0.023	3.456
5396.200	0.020	3.456
5396.400	0.020	3.456
5396.600	0.018	3.456
5396.800	0.019	3.456
5397.000	0.018	3.456
5397.200	0.019	3.456
5397.400	0.021	3.456
5397.600	0.021	3.456
5397.800	0.020	3.456
5398.000	0.021	3.456
5398.200	0.019	3.456
5398.400	0.020	3.456
5398.600	0.021	3.456
5398.800	0.019	3.456
5399.000	0.021	3.456
5399.200	0.020	3.456
5399.400	0.021	3.456
5399.600	0.019	3.456
5399.800	0.021	3.456
5400.000	0.021	3.456
5400.200	0.021	3.456
5400.400	0.022	3.456
5400.600	0.018	3.456
5400.800	0.024	3.456
5401.000	0.020	3.456
5401.200	0.021	3.456
5401.400	0.019	3.456
5401.600	0.021	3.456
5401.800	0.021	3.456
5402.000	0.022	3.456
5402.200	0.020	3.456
5402.400	0.021	3.456
5402.600	0.022	3.456
5402.800	0.020	3.456
5403.000	0.018	3.456
5403.200	0.020	3.456
5403.400	0.021	3.456
5403.600	0.020	3.456
5403.800	0.019	3.456
5404.000	0.021	3.456
5404.200	0.021	3.456
5404.400	0.020	3.456
5404.600	0.020	3.456
5404.800	0.020	3.456
5405.000	0.021	3.456
5405.200	0.022	3.456
5405.400	0.021	3.456
5405.600	0.021	3.456
5405.800	0.022	3.456
5406.000	0.020	3.456
5406.200	0.020	3.456
5406.400	0.018	3.456
5406.600	0.021	3.456
5406.800	0.022	3.456
5407.000	0.021	3.456
5407.200	0.020	3.456
5407.400	0.020	3.456
5407.600	0.019	3.456
5407.800	0.020	3.456
5408.000	0.020	3.456
5408.200	0.018	3.456
5408.400	0.020	3.456
5408.600	0.019	3.456
5408.800	0.020	3.456
5409.000	0.021	3.456
5409.200	0.020	3.456
5409.400	0.020	3.456
5409.600	0.020	3.456
5409.800	0.022	3.456
5410.000	0.022	3.456
5410.200	0.022	3.456
5410.400	0.021	3.456
5410.600	0.022	3.456
5410.800	0.022	3.456
5411.000	0.023	3.456
5411.200	0.021	3.456
5411.400	0.020	3.456
5411.600	0.020	3.456
5411.800	0.023	3.456
5412.000	0.021	3.456
5412.200	0.022	3.456
5412.400	0.022	3.456
5412.600	0.021	3.456
5412.800	0.021	3.456
5413.000	0.021	3.456
5413.200	0.022	3.456
5413.400	0.022	3.456
5413.600	0.021	3.456
5413.800	0.021	3.456
5414.000	0.022	3.456
5414.200	0.020	3.456
5414.400	0.021	3.456
5414.600	0.021	3.456
5414.800	0.021	3.456
5415.000	0.022	3.456
5415.200	0.021	3.456
5415.400	0.021	3.456
5415.600	0.021	3.456
5415.800	0.020	3.456
5416.000	0.020	3.456
5416.200	0.021	3.456
5416.400	0.020	3.456
5416.600	0.019	3.456
5416.800	0.020	3.456
5417.000	0.021	3.456
5417.200	0.021	3.456
5417.400	0.020	3.456
5417.600	0.020	3.456
5417.800	0.022	3.456
5418.000	0.024	3.456
5418.200	0.022	3.456
5418.400	0.021	3.456
5418.600	0.022	3.456
5418.800	0.022	3.456
5419.000	0.023	3.456
5419.200	0.023	3.456
5419.400	0.022	3.456
5419.600	0.021	3.456
5419.800	0.022	3.456
5420.000	0.021	3.456
5420.200	0.021	3.456
5420.400	0.022	3.456
5420.600	0.023	3.456
5420.800	0.021	3.456
5421.000	0.020	3.456
5421.200	0.019	3.456
5421.400	0.022	3.456
5421.600	0.022	3.456
5421.800	0.021	3.456
5422.000	0.021	3.456
5422.200	0.022	3.456
5422.400	0.021	3.456
5422.600	0.020	3.456
5422.800	0.022	3.456
5423.000	0.021	3.456
5423.200	0.021	3.456
5423.400	0.021	3.456
5423.600	0.021	3.456
5423.800	0.021	3.456
5424.000	0.022	3.456
5424.200	0.022	3.456
5424.400	0.023	3.456
5424.600	0.022	3.456
5424.800	0.023	3.456
5425.000	0.021	3.456
5425.200	0.023	3.456
5425.400	0.022	3.456
5425.600	0.022	3.456
5425.800	0.021	3.456
5426.000	0.020	3.456
5426.200	0.022	3.456
5426.400	0.022	3.456
5426.600	0.023	3.456
5426.800	0.021	3.456
5427.000	0.023	3.456
5427.200	0.021	3.456
5427.400	0.023	3.456
5427.600	0.022	3.456
5427.800	0.022	3.456
5428.000	0.023	3.456
5428.200	0.022	3.456
5428.400	0.022	3.456
5428.600	0.021	3.456
5428.800	0.023	3.456
5429.000	0.023	3.456
5429.200	0.022	3.456
5429.400	0.023	3.456
5429.600	0.023	3.456
5429.800	0.021	3.456
5430.000	0.020	3.456
5430.200	0.020	3.456
5430.400	0.021	3.456
5430.600	0.020	3.456
5430.800	0.021	3.456
5431.000	0.022	3.456
5431.200	0.021	3.456
5431.400	0.019	3.456
5431.600	0.021	3.456
5431.800	0.019	3.456
5432.000	0.019	3.456
5432.200	0.020	3.456
5432.400	0.020	3.456
5432.600	0.021	3.456
5432.800	0.021	3.456
5433.000	0.021	3.456
5433.200	0.021	3.456
5433.400	0.020	3.456
5433.600	0.021	3.456
5433.800	0.022	3.456
5434.000	0.021	3.456
5434.200	0.021	3.456
5434.400	0.021	3.456
5434.600	0.022	3.456
5434.800	0.021	3.456
5435.000	0.021	3.456
5435.200	0.021	3.456
5435.400	0.020	3.456
5435.600	0.022	3.456
5435.800	0.021	3.456
5436.000	0.021	3.456
5436.200	0.020	3.456
5436.400	0.021	3.456
5436.600	0.022	3.456
5436.800	0.024	3.456
5437.000	0.020	3.456
5437.200	0.022	3.456
5437.400	0.022	3.456
5437.600	0.022	3.456
5437.800	0.020	3.456
5438.000	0.021	3.456
5438.200	0.021	3.456
5438.400	0.022	3.456
5438.600	0.021	3.456
5438.800	0.019	3.456
5439.000	0.022	3.456
5439.200	0.021	3.456
5439.400	0.023	3.456
5439.600	0.023	3.456
5439.800	0.020	3.456
5440.000	0.022	3.456
5440.200	0.023	3.456
5440.400	0.021	3.456
5440.600	0.021	3.456
5440.800	0.021	3.456
5441.000	0.021	3.456
5441.200	0.020	3.456
5441.400	0.020	3.456
5441.600	0.020	3.456
5441.800	0.022	3.456
5442.000	0.021	3.456
5442.200	0.019	3.456
5442.400	0.020	3.456
5442.600	0.021	3.456
5442.800	0.021	3.456
5443.000	0.021	3.456
5443.200	0.021	3.456
5443.400	0.021	3.456
5443.600	0.020	3.456
5443.800	0.020	3.456
5444.000	0.022	3.456
5444.200	0.020	3.456
5444.400	0.020	3.456
5444.600	0.021	3.456
5444.800	0.021	3.456
5445.000	0.021	3.456
5445.200	0.021	3.456
5445.400	0.023	3.456
5445.600	0.023	3.456
5445.800	0.022	3.456
5446.000	0.020	3.456
5446.200	0.021	3.456
5446.400	0.022	3.456
5446.600	0.022	3.456
5446.800	0.024	3.456
5447.000	0.022	3.456
5447.200	0.022	3.456
5447.400	0.021	3.456
5447.600	0.019	3.456
5447.800	0.020	3.456
5448.000	0.021	3.456
5448.200	0.023	3.456
5448.400	0.021	3.456
5448.600	0.019	3.456
5448.800	0.021	3.456
5449.000	0.021	3.456
5449.200	0.022	3.456
5449.400	0.022	3.456
5449.600	0.022	3.456
5449.800	0.023	3.456
5450.000	0.021	3.456
5450.200	0.021	3.456
5450.400	0.020	3.456
5450.600	0.021	3.456
5450.800	0.019	3.456
5451.000	0.020	3.456
5451.200	0.020	3.456
5451.400	0.025	3.456
5451.600	0.021	3.456
5451.800	0.020	3.456
5452.000	0.020	3.456
5452.200	0.022	3.456
5452.400	0.020	3.456
5452.600	0.022	3.456
5452.800	0.022	3.456
5453.000	0.022	3.456
5453.200	0.022	3.456
5453.400	0.019	3.456
5453.600	0.021	3.456
5453.800	0.023	3.456
5454.000	0.021	3.456
5454.200	0.024	3.456
5454.400	0.020	3.456
5454.600	0.024	3.456
5454.800	0.020	3.456
5455.000	0.022	3.456
5455.200	0.020	3.456
5455.400	0.021	3.456
5455.600	0.021	3.456
5455.800	0.022	3.456
5456.000	0.022	3.456
5456.200	0.020	3.456
5456.400	0.020	3.456
5456.600	0.020	3.456
5456.800	0.021	3.456
5457.000	0.022	3.456
5457.200	0.019	3.456
5457.400	0.020	3.456
5457.600	0.021	3.456
5457.800	0.022	3.456
5458.000	0.022	3.456
5458.200	0.022	3.456
5458.400	0.022	3.456
5458.600	0.021	3.456
5458.800	0.020	3.456
5459.000	0.022	3.456
5459.200	0.021	3.456
5459.400	0.020	3.456
5459.600	0.023	3.456
5459.800	0.021	3.456
5460.000	0.020	3.456
5460.200	0.020	3.456
5460.400	0.021	3.456
5460.600	0.020	3.456
5460.800	0.021	3.456
5461.000	0.021	3.456
5461.200	0.019	3.456
5461.400	0.019	3.456
5461.600	0.020	3.456
5461.800	0.021	3.456
5462.000	0.022	3.456
5462.200	0.020	3.456
5462.400	0.020	3.456
5462.600	0.021	3.456
5462.800	0.021	3.456
5463.000	0.019	3.456
5463.200	0.020	3.456
5463.400	0.020	3.456
5463.600	0.021	3.456
5463.800	0.021	3.456
5464.000	0.022	3.456
5464.200	0.021	3.456
5464.400	0.021	3.456
5464.600	0.021	3.456
5464.800	0.021	3.456
5465.000	0.021	3.456
5465.200	0.019	3.456
5465.400	0.021	3.456
5465.600	0.020	3.456
5465.800	0.020	3.456
5466.000	0.021	3.456
5466.200	0.020	3.456
5466.400	0.020	3.456
5466.600	0.020	3.456
5466.800	0.018	3.456
5467.000	0.019	3.456
5467.200	0.022	3.456
5467.400	0.020	3.456
5467.600	0.019	3.456
5467.800	0.019	3.456
5468.000	0.019	3.456
5468.200	0.021	3.456
5468.400	0.019	3.456
5468.600	0.021	3.456
5468.800	0.021	3.456
5469.000	0.022	3.456
5469.200	0.021	3.456
5469.400	0.022	3.456
5469.600	0.020	3.456
5469.800	0.021	3.456
5470.000	0.021	3.456
5470.200	0.021	3.456
5470.400	0.020	3.456
5470.600	0.020	3.456
5470.800	0.021	3.456
5471.000	0.021	3.456
5471.200	0.023	3.456
5471.400	0.022	3.456
5471.600	0.021	3.456
5471.800	0.021	3.456
5472.000	0.021	3.456
5472.200	0.020	3.456
5472.400	0.022	3.456
5472.600	0.022	3.456
5472.800	0.022	3.456
5473.000	0.022	3.456
5473.200	0.022	3.456
5473.400	0.022	3.456
5473.600	0.023	3.456
5473.800	0.023	3.456
5474.000	0.022	3.456
5474.200	0.023	3.456
5474.400	0.024	3.456
5474.600	0.023	3.456
5474.800	0.021	3.456
5475.000	0.021	3.456
5475.200	0.022	3.456
5475.400	0.021	3.456
5475.600	0.021	3.456
5475.800	0.021	3.456
5476.000	0.017	3.456
5476.200	0.021	3.456
5476.400	0.022	3.456
5476.600	0.021	3.456
5476.800	0.021	3.456
5477.000	0.024	3.456
5477.200	0.022	3.456
5477.400	0.022	3.456
5477.600	0.021	3.456
5477.800	0.020	3.456
5478.000	0.025	3.456
5478.200	0.021	3.456
5478.400	0.023	3.456
5478.600	0.020	3.456
5478.800	0.023	3.456
5479.000	0.022	3.456
5479.200	0.020	3.456
5479.400	0.022	3.456
5479.600	0.021	3.456
5479.800	0.021	3.456
5480.000	0.021	3.456
5480.200	0.019	3.456
5480.400	0.021	3.456
5480.600	0.021	3.456
5480.800	0.021	3.456
5481.000	0.021	3.456
5481.200	0.023	3.456
5481.400	0.021	3.456
5481.600	0.020	3.456
5481.800	0.021	3.456
5482.000	0.021	3.456
5482.200	0.022	3.456
5482.400	0.019	3.456
5482.600	0.020	3.456
5482.800	0.022	3.456
5483.000	0.021	3.456
5483.200	0.022	3.456
5483.400	0.021	3.456
5483.600	0.022	3.456
5483.800	0.021	3.456
5484.000	0.020	3.456
5484.200	0.021	3.456
5484.400	0.022	3.456
5484.600	0.020	3.456
5484.800	0.021	3.456
5485.000	0.022	3.456
5485.200	0.020	3.456
5485.400	0.021	3.456
5485.600	0.021	3.456
5485.800	0.022	3.456
5486.000	0.022	3.456
5486.200	0.020	3.456
5486.400	0.021	3.456
5486.600	0.019	3.456
5486.800	0.021	3.456
5487.000	0.022	3.456
5487.200	0.021	3.456
5487.400	0.022	3.456
5487.600	0.021	3.456
5487.800	0.022	3.456
5488.000	0.020	3.456
5488.200	0.019	3.456
5488.400	0.019	3.456
5488.600	0.020	3.456
5488.800	0.022	3.456
5489.000	0.020	3.456
5489.200	0.020	3.456
5489.400	0.020	3.456
5489.600	0.019	3.456
5489.800	0.020	3.456
5490.000	0.021	3.456
5490.200	0.023	3.456
5490.400	0.020	3.456
5490.600	0.019	3.456
5490.800	0.023	3.456
5491.000	0.019	3.456
5491.200	0.018	3.456
5491.400	0.020	3.456
5491.600	0.021	3.456
5491.800	0.022	3.456
5492.000	0.022	3.456
5492.200	0.021	3.456
5492.400	0.021	3.456
5492.600	0.021	3.456
5492.800	0.021	3.456
5493.000	0.021	3.456
5493.200	0.022	3.456
5493.400	0.020	3.456
5493.600	0.023	3.456
5493.800	0.021	3.456
5494.000	0.020	3.456
5494.200	0.021	3.456
5494.400	0.021	3.456
5494.600	0.022	3.456
5494.800	0.023	3.456
5495.000	0.021	3.456
5495.200	0.024	3.456
5495.400	0.020	3.456
5495.600	0.022	3.456
5495.800	0.021	3.456
5496.000	0.022	3.456
5496.200	0.024	3.456
5496.400	0.021	3.456
5496.600	0.022	3.456
5496.800	0.022	3.456
5497.000	0.022	3.456
5497.200	0.023	3.456
5497.400	0.022	3.456
5497.600	0.023	3.456
5497.800	0.021	3.456
5498.000	0.021	3.456
5498.200	0.021	3.456
5498.400	0.022	3.456
5498.600	0.020	3.456
5498.800	0.020	3.456
5499.000	0.022	3.456
5499.200	0.022	3.456
5499.400	0.020	3.456
5499.600	0.022	3.456
5499.800	0.022	3.456
5500.000	0.020	3.456
5500.200	0.020	3.456
5500.400	0.020	3.456
5500.600	0.022	3.456
5500.800	0.020	3.456
5501.000	0.021	3.456
5501.200	0.019	3.456
5501.400	0.022	3.456
5501.600	0.020	3.456
5501.800	0.020	3.456
5502.000	0.020	3.456
5502.200	0.022	3.456
5502.400	0.020	3.456
5502.600	0.022	3.456
5502.800	0.020	3.456
5503.000	0.019	3.456
5503.200	0.020	3.456
5503.400	0.019	3.456
5503.600	0.020	3.456
5503.800	0.020	3.456
5504.000	0.019	3.456
5504.200	0.019	3.456
5504.400	0.022	3.456
5504.600	0.022	3.456
5504.800	0.020	3.456
5505.000	0.021	3.456
5505.200	0.020	3.456
5505.400	0.022	3.456
5505.600	0.020	3.456
5505.800	0.021	3.456
5506.000	0.021	3.456
5506.200	0.020	3.456
5506.400	0.021	3.456
5506.600	0.019	3.456
5506.800	0.019	3.456
5507.000	0.019	3.456
5507.200	0.019	3.456
5507.400	0.020	3.456
5507.600	0.021	3.456
5507.800	0.021	3.456
5508.000	0.021	3.456
5508.200	0.020	3.456
5508.400	0.022	3.456
5508.600	0.022	3.456
5508.800	0.021	3.456
5509.000	0.021	3.456
5509.200	0.021	3.456
5509.400	0.020	3.456
5509.600	0.022	3.456
5509.800	0.021	3.456
5510.000	0.021	3.456
5510.200	0.023	3.456
5510.400	0.022	3.456
5510.600	0.022	3.456
5510.800	0.021	3.456
5511.000	0.020	3.456
5511.200	0.021	3.456
5511.400	0.021	3.456
5511.600	0.023	3.456
5511.800	0.020	3.456
5512.000	0.022	3.456
5512.200	0.020	3.456
5512.400	0.022	3.456
5512.600	0.023	3.456
5512.800	0.020	3.456
5513.000	0.021	3.456
5513.200	0.021	3.456
5513.400	0.020	3.456
5513.600	0.020	3.456
5513.800	0.019	3.456
5514.000	0.023	3.456
5514.200	0.021	3.456
5514.400	0.021	3.456
5514.600	0.022	3.456
5514.800	0.020	3.456
5515.000	0.021	3.456
5515.200	0.022	3.456
5515.400	0.022	3.456
5515.600	0.021	3.456
5515.800	0.020	3.456
5516.000	0.021	3.456
5516.200	0.019	3.456
5516.400	0.020	3.456
5516.600	0.021	3.456
5516.800	0.020	3.456
5517.000	0.022	3.456
5517.200	0.020	3.456
5517.400	0.020	3.456
5517.600	0.022	3.456
5517.800	0.020	3.456
5518.000	0.019	3.456
5518.200	0.018	3.456
5518.400	0.019	3.456
5518.600	0.021	3.456
5518.800	0.020	3.456
5519.000	0.020	3.456
5519.200	0.020	3.456
5519.400	0.020	3.456
5519.600	0.021	3.456
5519.800	0.018	3.456
5520.000	0.021	3.456
5520.200	0.021	3.456
5520.400	0.021	3.456
5520.600	0.021	3.456
5520.800	0.022	3.456
5521.000	0.021	3.456
5521.200	0.021	3.456
5521.400	0.022	3.456
5521.600	0.023	3.456
5521.800	0.021	3.456
5522.000	0.021	3.456
5522.200	0.021	3.456
5522.400	0.019	3.456
5522.600	0.020	3.456
5522.800	0.023	3.456
5523.000	0.021	3.456
5523.200	0.020	3.456
5523.400	0.020	3.456
5523.600	0.023	3.456
5523.800	0.023	3.456
5524.000	0.022	3.456
5524.200	0.022	3.456
5524.400	0.021	3.456
5524.600	0.022	3.456
5524.800	0.022	3.456
5525.000	0.021	3.456
5525.200	0.021	3.456
5525.400	0.021	3.456
5525.600	0.023	3.456
5525.800	0.021	3.456
5526.000	0.022	3.456
5526.200	0.022	3.456
5526.400	0.021	3.456
5526.600	0.022	3.456
5526.800	0.022	3.456
5527.000	0.021	3.456
5527.200	0.020	3.456
5527.400	0.022	3.456
5527.600	0.022	3.456
5527.800	0.021	3.456
5528.000	0.020	3.456
5528.200	0.022	3.456
5528.400	0.022	3.456
5528.600	0.022	3.456
5528.800	0.020	3.456
5529.000	0.021	3.456
5529.200	0.021	3.456
5529.400	0.021	3.456
5529.600	0.021	3.456
5529.800	0.020	3.456
5530.000	0.023	3.456
5530.200	0.022	3.456
5530.400	0.021	3.456
5530.600	0.022	3.456
5530.800	0.023	3.456
5531.000	0.022	3.456
5531.200	0.021	3.456
5531.400	0.019	3.456
5531.600	0.021	3.456
5531.800	0.020	3.456
5532.000	0.022	3.456
5532.200	0.023	3.456
5532.400	0.022	3.456
5532.600	0.022	3.456
5532.800	0.022	3.456
5533.000	0.023	3.456
5533.200	0.023	3.456
5533.400	0.019	3.456
5533.600	0.021	3.456
5533.800	0.022	3.456
5534.000	0.021	3.456
5534.200	0.022	3.456
5534.400	0.022	3.456
5534.600	0.024	3.456
5534.800	0.023	3.456
5535.000	0.023	3.456
5535.200	0.024	3.456
5535.400	0.020	3.456
5535.600	0.021	3.456
5535.800	0.023	3.456
5536.000	0.021	3.456
5536.200	0.022	3.456
5536.400	0.023	3.456
5536.600	0.022	3.456
5536.800	0.020	3.456
5537.000	0.022	3.456
5537.200	0.021	3.456
5537.400	0.021	3.456
5537.600	0.022	3.456
5537.800	0.021	3.456
5538.000	0.021	3.456
5538.200	0.021	3.456
5538.400	0.021	3.456
5538.600	0.020	3.456
5538.800	0.020	3.456
5539.000	0.021	3.456
5539.200	0.021	3.456
5539.400	0.020	3.456
5539.600	0.022	3.456
5539.800	0.022	3.456
5540.000	0.022	3.456
5540.200	0.022	3.456
5540.400	0.021	3.456
5540.600	0.021	3.456
5540.800	0.019	3.456
5541.000	0.021	3.456
5541.200	0.022	3.456
5541.400	0.022	3.456
5541.600	0.022	3.456
5541.800	0.020	3.456
5542.000	0.019	3.456
5542.200	0.021	3.456
5542.400	0.022	3.456
5542.600	0.021	3.456
5542.800	0.023	3.456
5543.000	0.021	3.456
5543.200	0.020	3.456
5543.400	0.020	3.456
5543.600	0.020	3.456
5543.800	0.020	3.456
5544.000	0.023	3.456
5544.200	0.022	3.456
5544.400	0.022	3.456
5544.600	0.021	3.456
5544.800	0.020	3.456
5545.000	0.022	3.456
5545.200	0.021	3.456
5545.400	0.020	3.456
5545.600	0.022	3.456
5545.800	0.020	3.456
5546.000	0.022	3.456
5546.200	0.020	3.456
5546.400	0.020	3.456
5546.600	0.020	3.456
5546.800	0.020	3.456
5547.000	0.022	3.456
5547.200	0.022	3.456
5547.400	0.022	3.456
5547.600	0.021	3.456
5547.800	0.020	3.456
5548.000	0.022	3.456
5548.200	0.022	3.456
5548.400	0.021	3.456
5548.600	0.019	3.456
5548.800	0.021	3.456
5549.000	0.020	3.456
5549.200	0.021	3.456
5549.400	0.020	3.456
5549.600	0.021	3.456
5549.800	0.023	3.456
5550.000	0.021	3.456
5550.200	0.020	3.456
5550.400	0.022	3.456
5550.600	0.022	3.456
5550.800	0.021	3.456
5551.000	0.021	3.456
5551.200	0.023	3.456
5551.400	0.024	3.456
5551.600	0.022	3.456
5551.800	0.022	3.456
5552.000	0.022	3.456
5552.200	0.023	3.456
5552.400	0.020	3.456
5552.600	0.022	3.456
5552.800	0.023	3.456
5553.000	0.023	3.456
5553.200	0.023	3.456
5553.400	0.021	3.456
5553.600	0.022	3.456
5553.800	0.021	3.456
5554.000	0.021	3.456
5554.200	0.021	3.456
5554.400	0.021	3.456
5554.600	0.020	3.456
5554.800	0.021	3.456
5555.000	0.023	3.456
5555.200	0.022	3.456
5555.400	0.021	3.456
5555.600	0.021	3.456
5555.800	0.021	3.456
5556.000	0.021	3.456
5556.200	0.020	3.456
5556.400	0.021	3.456
5556.600	0.020	3.456
5556.800	0.021	3.456
5557.000	0.020	3.456
5557.200	0.020	3.456
5557.400	0.021	3.456
5557.600	0.020	3.456
5557.800	0.020	3.456
5558.000	0.019	3.456
5558.200	0.021	3.456
5558.400	0.019	3.456
5558.600	0.019	3.456
5558.800	0.022	3.456
5559.000	0.021	3.456
5559.200	0.021	3.456
5559.400	0.021	3.456
5559.600	0.021	3.456
5559.800	0.021	3.456
5560.000	0.021	3.456
5560.200	0.020	3.456
5560.400	0.022	3.456
5560.600	0.021	3.456
5560.800	0.022	3.456
5561.000	0.021	3.456
5561.200	0.022	3.456
5561.400	0.021	3.456
5561.600	0.022	3.456
5561.800	0.021	3.456
5562.000	0.021	3.456
5562.200	0.021	3.456
5562.400	0.021	3.456
5562.600	0.020	3.456
5562.800	0.021	3.456
5563.000	0.020	3.456
5563.200	0.022	3.456
5563.400	0.021	3.456
5563.600	0.020	3.456
5563.800	0.021	3.456
5564.000	0.023	3.456
5564.200	0.021	3.456
5564.400	0.020	3.456
5564.600	0.019	3.456
5564.800	0.019	3.456
5565.000	0.019	3.456
5565.200	0.020	3.456
5565.400	0.019	3.456
5565.600	0.021	3.456
5565.800	0.019	3.456
5566.000	0.020	3.456
5566.200	0.020	3.456
5566.400	0.020	3.456
5566.600	0.021	3.456
5566.800	0.020	3.456
5567.000	0.019	3.456
5567.200	0.020	3.456
5567.400	0.020	3.456
5567.600	0.021	3.456
5567.800	0.021	3.456
5568.000	0.020	3.456
5568.200	0.020	3.456
5568.400	0.020	3.456
5568.600	0.021	3.456
5568.800	0.019	3.456
5569.000	0.020	3.456
5569.200	0.021	3.456
5569.400	0.020	3.456
5569.600	0.021	3.456
5569.800	0.020	3.456
5570.000	0.020	3.456
5570.200	0.020	3.456
5570.400	0.018	3.456
5570.600	0.020	3.456
5570.800	0.021	3.456
5571.000	0.022	3.456
5571.200	0.023	3.456
5571.400	0.021	3.456
5571.600	0.022	3.456
5571.800	0.022	3.456
5572.000	0.023	3.456
5572.200	0.021	3.456
5572.400	0.023	3.456
5572.600	0.020	3.456
5572.800	0.022	3.456
5573.000	0.020	3.456
5573.200	0.022	3.456
5573.400	0.022	3.456
5573.600	0.022	3.456
5573.800	0.022	3.456
5574.000	0.020	3.456
5574.200	0.022	3.456
5574.400	0.022	3.456
5574.600	0.025	3.456
5574.800	0.022	3.456
5575.000	0.022	3.456
5575.200	0.022	3.456
5575.400	0.019	3.456
5575.600	0.021	3.456
5575.800	0.020	3.456
5576.000	0.022	3.456
5576.200	0.020	3.456
5576.400	0.021	3.456
5576.600	0.020	3.456
5576.800	0.021	3.456
5577.000	0.021	3.456
5577.200	0.022	3.456
5577.400	0.022	3.456
5577.600	0.021	3.456
5577.800	0.021	3.456
5578.000	0.021	3.456
5578.200	0.022	3.456
5578.400	0.023	3.456
5578.600	0.021	3.456
5578.800	0.021	3.456
5579.000	0.021	3.456
5579.200	0.022	3.456
5579.400	0.021	3.456
5579.600	0.021	3.456
5579.800	0.023	3.456
5580.000	0.021	3.456
5580.200	0.020	3.456
5580.400	0.021	3.456
5580.600	0.024	3.456
5580.800	0.021	3.456
5581.000	0.020	3.456
5581.200	0.019	3.456
5581.400	0.021	3.456
5581.600	0.018	3.456
5581.800	0.020	3.456
5582.000	0.019	3.456
5582.200	0.021	3.456
5582.400	0.019	3.456
5582.600	0.019	3.456
5582.800	0.020	3.456
5583.000	0.018	3.456
5583.200	0.020	3.456
5583.400	0.020	3.456
5583.600	0.022	3.456
5583.800	0.019	3.456
5584.000	0.020	3.456
5584.200	0.019	3.456
5584.400	0.019	3.456
5584.600	0.019	3.456
5584.800	0.018	3.456
5585.000	0.021	3.456
5585.200	0.019	3.456
5585.400	0.021	3.456
5585.600	0.018	3.456
5585.800	0.019	3.456
5586.000	0.019	3.456
5586.200	0.019	3.456
5586.400	0.020	3.456
5586.600	0.019	3.456
5586.800	0.019	3.456
5587.000	0.020	3.456
5587.200	0.019	3.456
5587.400	0.019	3.456
5587.600	0.019	3.456
5587.800	0.019	3.456
5588.000	0.018	3.456
5588.200	0.020	3.456
5588.400	0.022	3.456
5588.600	0.022	3.456
5588.800	0.021	3.456
5589.000	0.021	3.456
5589.200	0.020	3.456
5589.400	0.020	3.456
5589.600	0.018	3.456
5589.800	0.019	3.456
5590.000	0.017	3.456
5590.200	0.017	3.456
5590.400	0.018	3.456
5590.600	0.018	3.456
5590.800	0.019	3.456
5591.000	0.018	3.456
5591.200	0.020	3.456
5591.400	0.018	3.456
5591.600	0.019	3.456
5591.800	0.019	3.456
5592.000	0.020	3.456
5592.200	0.020	3.456
5592.400	0.019	3.456
5592.600	0.020	3.456
5592.800	0.018	3.456
5593.000	0.020	3.456
5593.200	0.018	3.456
5593.400	0.019	3.456
5593.600	0.019	3.456
5593.800	0.019	3.456
5594.000	0.017	3.456
5594.200	0.021	3.456
5594.400	0.019	3.456
5594.600	0.018	3.456
5594.800	0.019	3.456
5595.000	0.019	3.456
5595.200	0.018	3.456
5595.400	0.019	3.456
5595.600	0.018	3.456
5595.800	0.018	3.456
5596.000	0.019	3.456
5596.200	0.019	3.456
5596.400	0.018	3.456
5596.600	0.018	3.456
5596.800	0.018	3.456
5597.000	0.018	3.456
5597.200	0.020	3.456
5597.400	0.019	3.456
5597.600	0.018	3.456
5597.800	0.019	3.456
5598.000	0.023	3.456
5598.200	0.018	3.456
5598.400	0.020	3.456
5598.600	0.021	3.456
5598.800	0.021	3.456
5599.000	0.019	3.456
5599.200	0.020	3.456
5599.400	0.021	3.456
5599.600	0.019	3.456
5599.800	0.020	3.456
5600.000	0.021	3.456
5600.200	0.020	3.456
5600.400	0.020	3.456
5600.600	0.019	3.456
5600.800	0.019	3.456
5601.000	0.020	3.456
5601.200	0.021	3.456
5601.400	0.019	3.456
5601.600	0.020	3.456
5601.800	0.020	3.456
5602.000	0.019	3.456
5602.200	0.019	3.456
5602.400	0.019	3.456
5602.600	0.019	3.456
5602.800	0.020	3.456
5603.000	0.019	3.456
5603.200	0.019	3.456
5603.400	0.018	3.456
5603.600	0.019	3.456
5603.800	0.019	3.456
5604.000	0.020	3.456
5604.200	0.018	3.456
5604.400	0.018	3.456
5604.600	0.020	3.456
5604.800	0.019	3.456
5605.000	0.018	3.456
5605.200	0.019	3.456
5605.400	0.019	3.456
5605.600	0.018	3.456
5605.800	0.020	3.456
5606.000	0.019	3.456
5606.200	0.019	3.456
5606.400	0.018	3.456
5606.600	0.018	3.456
5606.800	0.020	3.456
5607.000	0.020	3.456
5607.200	0.019	3.456
5607.400	0.019	3.456
5607.600	0.018	3.456
5607.800	0.018	3.456
5608.000	0.020	3.456
5608.200	0.019	3.456
5608.400	0.020	3.456
5608.600	0.017	3.456
5608.800	0.018	3.456
5609.000	0.020	3.456
5609.200	0.019	3.456
5609.400	0.018	3.456
5609.600	0.020	3.456
5609.800	0.018	3.456
5610.000	0.019	3.456
5610.200	0.018	3.456
5610.400	0.021	3.456
5610.600	0.020	3.456
5610.800	0.019	3.456
5611.000	0.020	3.456
5611.200	0.019	3.456
5611.400	0.018	3.456
5611.600	0.021	3.456
5611.800	0.019	3.456
5612.000	0.019	3.456
5612.200	0.020	3.456
5612.400	0.021	3.456
5612.600	0.018	3.456
5612.800	0.019	3.456
5613.000	0.020	3.456
5613.200	0.019	3.456
5613.400	0.021	3.456
5613.600	0.020	3.456
5613.800	0.019	3.456
5614.000	0.020	3.456
5614.200	0.021	3.456
5614.400	0.019	3.456
5614.600	0.019	3.456
5614.800	0.021	3.456
5615.000	0.019	3.456
5615.200	0.020	3.456
5615.400	0.019	3.456
5615.600	0.022	3.456
5615.800	0.019	3.456
5616.000	0.017	3.456
5616.200	0.018	3.456
5616.400	0.019	3.456
5616.600	0.018	3.456
5616.800	0.020	3.456
5617.000	0.019	3.456
5617.200	0.018	3.456
5617.400	0.018	3.456
5617.600	0.019	3.456
5617.800	0.019	3.456
5618.000	0.020	3.456
5618.200	0.019	3.456
5618.400	0.018	3.456
5618.600	0.020	3.456
5618.800	0.022	3.456
5619.000	0.019	3.456
5619.200	0.019	3.456
5619.400	0.018	3.456
5619.600	0.018	3.456
5619.800	0.019	3.456
5620.000	0.021	3.456
5620.200	0.020	3.456
5620.400	0.019	3.456
5620.600	0.019	3.456
5620.800	0.019	3.456
5621.000	0.019	3.456
5621.200	0.019	3.456
5621.400	0.020	3.456
5621.600	0.019	3.456
5621.800	0.020	3.456
5622.000	0.019	3.456
5622.200	0.020	3.456
5622.400	0.019	3.456
5622.600	0.020	3.456
5622.800	0.020	3.456
5623.000	0.019	3.456
5623.200	0.019	3.456
5623.400	0.021	3.456
5623.600	0.021	3.456
5623.800	0.023	3.456
5624.000	0.021	3.456
5624.200	0.020	3.456
5624.400	0.022	3.456
5624.600	0.020	3.456
5624.800	0.020	3.456
5625.000	0.021	3.456
5625.200	0.019	3.456
5625.400	0.020	3.456
5625.600	0.020	3.456
5625.800	0.020	3.456
5626.000	0.019	3.456
5626.200	0.020	3.456
5626.400	0.021	3.456
5626.600	0.022	3.456
5626.800	0.022	3.456
5627.000	0.022	3.456
5627.200	0.021	3.456
5627.400	0.023	3.456
5627.600	0.021	3.456
5627.800	0.020	3.456
5628.000	0.022	3.456
5628.200	0.021	3.456
5628.400	0.021	3.456
5628.600	0.020	3.456
5628.800	0.021	3.456
5629.000	0.021	3.456
5629.200	0.022	3.456
5629.400	0.022	3.456
5629.600	0.019	3.456
5629.800	0.020	3.456
5630.000	0.022	3.456
5630.200	0.020	3.456
5630.400	0.021	3.456
5630.600	0.022	3.456
5630.800	0.021	3.456
5631.000	0.018	3.456
5631.200	0.021	3.456
5631.400	0.019	3.456
5631.600	0.019	3.456
5631.800	0.019	3.456
5632.000	0.019	3.456
5632.200	0.019	3.456
5632.400	0.020	3.456
5632.600	0.022	3.456
5632.800	0.020	3.456
5633.000	0.021	3.456
5633.200	0.021	3.456
5633.400	0.021	3.456
5633.600	0.021	3.456
5633.800	0.020	3.456
5634.000	0.019	3.456
5634.200	0.019	3.456
5634.400	0.019	3.456
5634.600	0.020	3.456
5634.800	0.019	3.456
5635.000	0.019	3.456
5635.200	0.019	3.456
5635.400	0.018	3.456
5635.600	0.021	3.456
5635.800	0.019	3.456
5636.000	0.018	3.456
5636.200	0.018	3.456
5636.400	0.019	3.456
5636.600	0.020	3.456
5636.800	0.019	3.456
5637.000	0.019	3.456
5637.200	0.020	3.456
5637.400	0.019	3.456
5637.600	0.020	3.456
5637.800	0.021	3.456
5638.000	0.021	3.456
5638.200	0.020	3.456
5638.400	0.021	3.456
5638.600	0.018	3.456
5638.800	0.017	3.456
5639.000	0.017	3.456
5639.200	0.018	3.456
5639.400	0.017	3.456
5639.600	0.019	3.456
5639.800	0.020	3.456
5640.000	0.019	3.456
5640.200	0.018	3.456
5640.400	0.017	3.456
5640.600	0.016	3.456
5640.800	0.017	3.456
5641.000	0.017	3.456
5641.200	0.017	3.456
5641.400	0.017	3.456
5641.600	0.018	3.456
5641.800	0.019	3.456
5642.000	0.020	3.456
5642.200	0.019	3.456
5642.400	0.019	3.456
5642.600	0.015	3.456
5642.800	0.016	3.456
5643.000	0.016	3.456
5643.200	0.016	3.456
5643.400	0.017	3.456
5643.600	0.017	3.456
5643.800	0.018	3.456
5644.000	0.017	3.456
5644.200	0.016	3.456
5644.400	0.016	3.456
5644.600	0.016	3.456
5644.800	0.016	3.456
5645.000	0.017	3.456
5645.200	0.018	3.456
5645.400	0.017	3.456
5645.600	0.018	3.456
5645.800	0.018	3.456
5646.000	0.019	3.456
5646.200	0.021	3.456
5646.400	0.022	3.456
5646.600	0.019	3.456
5646.800	0.017	3.456
5647.000	0.018	3.456
5647.200	0.019	3.456
5647.400	0.017	3.456
5647.600	0.019	3.456
5647.800	0.020	3.456
5648.000	0.020	3.456
5648.200	0.017	3.456
5648.400	0.019	3.456
5648.600	0.020	3.456
5648.800	0.019	3.456
5649.000	0.019	3.456
5649.200	0.019	3.456
5649.400	0.018	3.456
5649.600	0.020	3.456
5649.800	0.022	3.456
5650.000	0.018	3.456
5650.200	0.019	3.456
5650.400	0.018	3.456
5650.600	0.020	3.456
5650.800	0.020	3.456
5651.000	0.019	3.456
5651.200	0.019	3.456
5651.400	0.020	3.456
5651.600	0.019	3.456
5651.800	0.016	3.456
5652.000	0.018	3.456
5652.200	0.018	3.456
5652.400	0.017	3.456
5652.600	0.019	3.456
5652.800	0.018	3.456
5653.000	0.018	3.456
5653.200	0.018	3.456
5653.400	0.017	3.456
5653.600	0.019	3.456
5653.800	0.019	3.456
5654.000	0.018	3.456
5654.200	0.019	3.456
5654.400	0.017	3.456
5654.600	0.017	3.456
5654.800	0.020	3.456
5655.000	0.017	3.456
5655.200	0.019	3.456
5655.400	0.018	3.456
5655.600	0.021	3.456
5655.800	0.018	3.456
5656.000	0.019	3.456
5656.200	0.019	3.456
5656.400	0.018	3.456
5656.600	0.020	3.456
5656.800	0.018	3.456
5657.000	0.020	3.456
5657.200	0.017	3.456
5657.400	0.018	3.456
5657.600	0.017	3.456
5657.800	0.019	3.456
5658.000	0.018	3.456
5658.200	0.019	3.456
5658.400	0.017	3.456
5658.600	0.017	3.456
5658.800	0.019	3.456
5659.000	0.020	3.456
5659.200	0.019	3.456
5659.400	0.020	3.456
5659.600	0.019	3.456
5659.800	0.019	3.456
5660.000	0.018	3.456
5660.200	0.019	3.456
5660.400	0.019	3.456
5660.600	0.021	3.456
5660.800	0.017	3.456
5661.000	0.017	3.456
5661.200	0.019	3.456
5661.400	0.019	3.456
5661.600	0.018	3.456
5661.800	0.017	3.456
5662.000	0.019	3.456
5662.200	0.020	3.456
5662.400	0.018	3.456
5662.600	0.019	3.456
5662.800	0.018	3.456
5663.000	0.019	3.456
5663.200	0.020	3.456
5663.400	0.018	3.456
5663.600	0.019	3.456
5663.800	0.020	3.456
5664.000	0.018	3.456
5664.200	0.019	3.456
5664.400	0.021	3.456
5664.600	0.018	3.456
5664.800	0.019	3.456
5665.000	0.021	3.456
5665.200	0.018	3.456
5665.400	0.019	3.456
5665.600	0.019	3.456
5665.800	0.020	3.456
5666.000	0.020	3.456
5666.200	0.021	3.456
5666.400	0.019	3.456
5666.600	0.019	3.456
5666.800	0.019	3.456
5667.000	0.018	3.456
5667.200	0.016	3.456
5667.400	0.018	3.456
5667.600	0.020	3.456
5667.800	0.019	3.456
5668.000	0.020	3.456
5668.200	0.020	3.456
5668.400	0.018	3.456
5668.600	0.018	3.456
5668.800	0.018	3.456
5669.000	0.019	3.456
5669.200	0.019	3.456
5669.400	0.019	3.456
5669.600	0.020	3.456
5669.800	0.020	3.456
5670.000	0.017	3.456
5670.200	0.018	3.456
5670.400	0.021	3.456
5670.600	0.018	3.456
5670.800	0.021	3.456
5671.000	0.017	3.456
5671.200	0.018	3.456
5671.400	0.018	3.456
5671.600	0.019	3.456
5671.800	0.018	3.456
5672.000	0.019	3.456
5672.200	0.020	3.456
5672.400	0.021	3.456
5672.600	0.021	3.456
5672.800	0.019	3.456
5673.000	0.019	3.456
5673.200	0.019	3.456
5673.400	0.019	3.456
5673.600	0.020	3.456
5673.800	0.021	3.456
5674.000	0.022	3.456
5674.200	0.020	3.456
5674.400	0.019	3.456
5674.600	0.018	3.456
5674.800	0.018	3.456
5675.000	0.018	3.456
5675.200	0.020	3.456
5675.400	0.020	3.456
5675.600	0.021	3.456
5675.800	0.020	3.456
5676.000	0.020	3.456
5676.200	0.021	3.456
5676.400	0.021	3.456
5676.600	0.022	3.456
5676.800	0.021	3.456
5677.000	0.019	3.456
5677.200	0.020	3.456
5677.400	0.018	3.456
5677.600	0.020	3.456
5677.800	0.020	3.456
5678.000	0.022	3.456
5678.200	0.021	3.456
5678.400	0.021	3.456
5678.600	0.020	3.456
5678.800	0.021	3.456
5679.000	0.019	3.456
5679.200	0.019	3.456
5679.400	0.020	3.456
5679.600	0.022	3.456
5679.800	0.020	3.456
5680.000	0.020	3.456
5680.200	0.019	3.456
5680.400	0.020	3.456
5680.600	0.021	3.456
5680.800	0.020	3.456
5681.000	0.020	3.456
5681.200	0.021	3.456
5681.400	0.019	3.456
5681.600	0.021	3.456
5681.800	0.022	3.456
5682.000	0.020	3.456
5682.200	0.020	3.456
5682.400	0.021	3.456
5682.600	0.022	3.456
5682.800	0.022	3.456
5683.000	0.021	3.456
5683.200	0.022	3.456
5683.400	0.020	3.456
5683.600	0.019	3.456
5683.800	0.019	3.456
5684.000	0.020	3.456
5684.200	0.021	3.456
5684.400	0.023	3.456
5684.600	0.018	3.456
5684.800	0.023	3.456
5685.000	0.020	3.456
5685.200	0.020	3.456
5685.400	0.020	3.456
5685.600	0.023	3.456
5685.800	0.020	3.456
5686.000	0.021	3.456
5686.200	0.021	3.456
5686.400	0.019	3.456
5686.600	0.020	3.456
5686.800	0.020	3.456
5687.000	0.019	3.456
5687.200	0.019	3.456
5687.400	0.018	3.456
5687.600	0.021	3.456
5687.800	0.019	3.456
5688.000	0.019	3.456
5688.200	0.018	3.456
5688.400	0.018	3.456
5688.600	0.018	3.456
5688.800	0.020	3.456
5689.000	0.021	3.456
5689.200	0.019	3.456
5689.400	0.021	3.456
5689.600	0.019	3.456
5689.800	0.022	3.456
5690.000	0.020	3.456
5690.200	0.021	3.456
5690.400	0.018	3.456
5690.600	0.020	3.456
5690.800	0.019	3.456
5691.000	0.019	3.456
5691.200	0.018	3.456
5691.400	0.020	3.456
5691.600	0.019	3.456
5691.800	0.019	3.456
5692.000	0.020	3.456
5692.200	0.019	3.456
5692.400	0.019	3.456
5692.600	0.020	3.456
5692.800	0.020	3.456
5693.000	0.018	3.456
5693.200	0.020	3.456
5693.400	0.021	3.456
5693.600	0.019	3.456
5693.800	0.019	3.456
5694.000	0.018	3.456
5694.200	0.018	3.456
5694.400	0.019	3.456
5694.600	0.020	3.456
5694.800	0.019	3.456
5695.000	0.019	3.456
5695.200	0.018	3.456
5695.400	0.019	3.456
5695.600	0.019	3.456
5695.800	0.021	3.456
5696.000	0.018	3.456
5696.200	0.020	3.456
5696.400	0.019	3.456
5696.600	0.020	3.456
5696.800	0.019	3.456
5697.000	0.018	3.456
5697.200	0.019	3.456
5697.400	0.019	3.456
5697.600	0.019	3.456
5697.800	0.019	3.456
5698.000	0.018	3.456
5698.200	0.016	3.456
5698.400	0.020	3.456
5698.600	0.019	3.456
5698.800	0.020	3.456
5699.000	0.020	3.456
5699.200	0.018	3.456
5699.400	0.019	3.456
5699.600	0.021	3.456
5699.800	0.019	3.456
5700.000	0.022	3.456
5700.200	0.021	3.456
5700.400	0.021	3.456
5700.600	0.021	3.456
5700.800	0.020	3.456
5701.000	0.021	3.456
5701.200	0.021	3.456
5701.400	0.018	3.456
5701.600	0.019	3.456
5701.800	0.022	3.456
5702.000	0.019	3.456
5702.200	0.020	3.456
5702.400	0.019	3.456
5702.600	0.018	3.456
5702.800	0.020	3.456
5703.000	0.022	3.456
5703.200	0.022	3.456
5703.400	0.022	3.456
5703.600	0.020	3.456
5703.800	0.021	3.456
5704.000	0.020	3.456
5704.200	0.021	3.456
5704.400	0.021	3.456
5704.600	0.021	3.456
5704.800	0.021	3.456
5705.000	0.020	3.456
5705.200	0.021	3.456
5705.400	0.021	3.456
5705.600	0.020	3.456
5705.800	0.021	3.456
5706.000	0.021	3.456
5706.200	0.020	3.456
5706.400	0.021	3.456
5706.600	0.020	3.456
5706.800	0.021	3.456
5707.000	0.021	3.456
5707.200	0.022	3.456
5707.400	0.020	3.456
5707.600	0.020	3.456
5707.800	0.019	3.456
5708.000	0.021	3.456
5708.200	0.020	3.456
5708.400	0.019	3.456
5708.600	0.019	3.456
5708.800	0.020	3.456
5709.000	0.019	3.456
5709.200	0.020	3.456
5709.400	0.021	3.456
5709.600	0.020	3.456
5709.800	0.021	3.456
5710.000	0.019	3.456
5710.200	0.019	3.456
5710.400	0.017	3.456
5710.600	0.019	3.456
5710.800	0.022	3.456
5711.000	0.021	3.456
5711.200	0.020	3.456
5711.400	0.021	3.456
5711.600	0.020	3.456
5711.800	0.021	3.456
5712.000	0.021	3.456
5712.200	0.020	3.456
5712.400	0.020	3.456
5712.600	0.019	3.456
5712.800	0.019	3.456
5713.000	0.021	3.456
5713.200	0.019	3.456
5713.400	0.020	3.456
5713.600	0.022	3.456
5713.800	0.021	3.456
5714.000	0.022	3.456
5714.200	0.020	3.456
5714.400	0.021	3.456
5714.600	0.021	3.456
5714.800	0.021	3.456
5715.000	0.021	3.456
5715.200	0.022	3.456
5715.400	0.019	3.456
5715.600	0.020	3.456
5715.800	0.021	3.456
5716.000	0.020	3.456
5716.200	0.020	3.456
5716.400	0.019	3.456
5716.600	0.021	3.456
5716.800	0.021	3.456
5717.000	0.021	3.456
5717.200	0.020	3.456
5717.400	0.019	3.456
5717.600	0.022	3.456
5717.800	0.020	3.456
5718.000	0.021	3.456
5718.200	0.020	3.456
5718.400	0.019	3.456
5718.600	0.021	3.456
5718.800	0.020	3.456
5719.000	0.020	3.456
5719.200	0.021	3.456
5719.400	0.019	3.456
5719.600	0.021	3.456
5719.800	0.021	3.456
5720.000	0.021	3.456
5720.200	0.020	3.456
5720.400	0.022	3.456
5720.600	0.020	3.456
5720.800	0.020	3.456
5721.000	0.021	3.456
5721.200	0.020	3.456
5721.400	0.021	3.456
5721.600	0.020	3.456
5721.800	0.020	3.456
5722.000	0.019	3.456
5722.200	0.019	3.456
5722.400	0.020	3.456
5722.600	0.021	3.456
5722.800	0.018	3.456
5723.000	0.021	3.456
5723.200	0.018	3.456
5723.400	0.020	3.456
5723.600	0.021	3.456
5723.800	0.022	3.456
5724.000	0.021	3.456
5724.200	0.023	3.456
5724.400	0.020	3.456
5724.600	0.020	3.456
5724.800	0.020	3.456
5725.000	0.021	3.456
5725.200	0.020	3.456
5725.400	0.021	3.456
5725.600	0.018	3.456
5725.800	0.021	3.456
5726.000	0.019	3.456
5726.200	0.021	3.456
5726.400	0.020	3.456
5726.600	0.020	3.456
5726.800	0.020	3.456
5727.000	0.019	3.456
5727.200	0.022	3.456
5727.400	0.021	3.456
5727.600	0.021	3.456
5727.800	0.022	3.456
5728.000	0.021	3.456
5728.200	0.022	3.456
5728.400	0.019	3.456
5728.600	0.021	3.456
5728.800	0.020	3.456
5729.000	0.021	3.456
5729.200	0.021	3.456
5729.400	0.020	3.456
5729.600	0.022	3.456
5729.800	0.021	3.456
5730.000	0.021	3.456
5730.200	0.020	3.456
5730.400	0.020	3.456
5730.600	0.019	3.456
5730.800	0.020	3.456
5731.000	0.019	3.456
5731.200	0.020	3.456
5731.400	0.018	3.456
5731.600	0.019	3.456
5731.800	0.018	3.456
5732.000	0.021	3.456
5732.200	0.020	3.456
5732.400	0.019	3.456
5732.600	0.020	3.456
5732.800	0.020	3.456
5733.000	0.021	3.456
5733.200	0.021	3.456
5733.400	0.019	3.456
5733.600	0.020	3.456
5733.800	0.020	3.456
5734.000	0.020	3.456
5734.200	0.019	3.456
5734.400	0.020	3.456
5734.600	0.020	3.456
5734.800	0.019	3.456
5735.000	0.021	3.456
5735.200	0.020	3.456
5735.400	0.019	3.456
5735.600	0.021	3.456
5735.800	0.020	3.456
5736.000	0.019	3.456
5736.200	0.019	3.456
5736.400	0.020	3.456
5736.600	0.018	3.456
5736.800	0.017	3.456
5737.000	0.018	3.456
5737.200	0.018	3.456
5737.400	0.019	3.456
5737.600	0.021	3.456
5737.800	0.021	3.456
5738.000	0.018	3.456
5738.200	0.018	3.456
5738.400	0.017	3.456
5738.600	0.018	3.456
5738.800	0.018	3.456
5739.000	0.018	3.456
5739.200	0.018	3.456
5739.400	0.020	3.456
5739.600	0.020	3.456
5739.800	0.019	3.456
5740.000	0.019	3.456
5740.200	0.020	3.456
5740.400	0.020	3.456
5740.600	0.021	3.456
5740.800	0.017	3.456
5741.000	0.018	3.456
5741.200	0.020	3.456
5741.400	0.018	3.456
5741.600	0.019	3.456
5741.800	0.016	3.456
5742.000	0.019	3.456
5742.200	0.017	3.456
5742.400	0.020	3.456
5742.600	0.018	3.456
5742.800	0.019	3.456
5743.000	0.020	3.456
5743.200	0.017	3.456
5743.400	0.019	3.456
5743.600	0.018	3.456
5743.800	0.021	3.456
5744.000	0.019	3.456
5744.200	0.019	3.456
5744.400	0.020	3.456
5744.600	0.019	3.456
5744.800	0.020	3.456
5745.000	0.019	3.456
5745.200	0.021	3.456
5745.400	0.020	3.456
5745.600	0.019	3.456
5745.800	0.018	3.456
5746.000	0.018	3.456
5746.200	0.018	3.456
5746.400	0.019	3.456
5746.600	0.021	3.456
5746.800	0.021	3.456
5747.000	0.019	3.456
5747.200	0.021	3.456
5747.400	0.020	3.456
5747.600	0.020	3.456
5747.800	0.020	3.456
5748.000	0.020	3.456
5748.200	0.021	3.456
5748.400	0.022	3.456
5748.600	0.019	3.456
5748.800	0.020	3.456
5749.000	0.021	3.456
5749.200	0.020	3.456
5749.400	0.021	3.456
5749.600	0.019	3.456
5749.800	0.021	3.456
5750.000	0.020	3.456
5750.200	0.019	3.456
5750.400	0.020	3.456
5750.600	0.018	3.456
5750.800	0.019	3.456
5751.000	0.017	3.456
5751.200	0.019	3.456
5751.400	0.018	3.456
5751.600	0.019	3.456
5751.800	0.020	3.456
5752.000	0.019	3.456
5752.200	0.019	3.456
5752.400	0.019	3.456
5752.600	0.020	3.456
5752.800	0.020	3.456
5753.000	0.020	3.456
5753.200	0.020	3.456
5753.400	0.019	3.456
5753.600	0.020	3.456
5753.800	0.018	3.456
5754.000	0.019	3.456
5754.200	0.018	3.456
5754.400	0.017	3.456
5754.600	0.020	3.456
5754.800	0.019	3.456
5755.000	0.018	3.456
5755.200	0.019	3.456
5755.400	0.020	3.456
5755.600	0.021	3.456
5755.800	0.019	3.456
5756.000	0.017	3.456
5756.200	0.018	3.456
5756.400	0.020	3.456
5756.600	0.019	3.456
5756.800	0.021	3.456
5757.000	0.018	3.456
5757.200	0.020	3.456
5757.400	0.020	3.456
5757.600	0.021	3.456
5757.800	0.019	3.456
5758.000	0.020	3.456
5758.200	0.020	3.456
5758.400	0.021	3.456
5758.600	0.019	3.456
5758.800	0.020	3.456
5759.000	0.020	3.456
5759.200	0.018	3.456
5759.400	0.019	3.456
5759.600	0.019	3.456
5759.800	0.019	3.456
5760.000	0.020	3.456
5760.200	0.018	3.456
5760.400	0.020	3.456
5760.600	0.018	3.456
5760.800	0.018	3.456
5761.000	0.018	3.456
5761.200	0.017	3.456
5761.400	0.018	3.456
5761.600	0.020	3.456
5761.800	0.020	3.456
5762.000	0.021	3.456
5762.200	0.020	3.456
5762.400	0.019	3.456
5762.600	0.020	3.456
5762.800	0.019	3.456
5763.000	0.021	3.456
5763.200	0.021	3.456
5763.400	0.020	3.456
5763.600	0.020	3.456
5763.800	0.022	3.456
5764.000	0.021	3.456
5764.200	0.021	3.456
5764.400	0.019	3.456
5764.600	0.021	3.456
5764.800	0.020	3.456
5765.000	0.021	3.456
5765.200	0.024	3.456
5765.400	0.023	3.456
5765.600	0.022	3.456
5765.800	0.020	3.456
5766.000	0.023	3.456
5766.200	0.021	3.456
5766.400	0.020	3.456
5766.600	0.019	3.456
5766.800	0.020	3.456
5767.000	0.022	3.456
5767.200	0.021	3.456
5767.400	0.020	3.456
5767.600	0.020	3.456
5767.800	0.020	3.456
5768.000	0.019	3.456
5768.200	0.020	3.456
5768.400	0.021	3.456
5768.600	0.021	3.456
5768.800	0.018	3.456
5769.000	0.020	3.456
5769.200	0.021	3.456
5769.400	0.020	3.456
5769.600	0.019	3.456
5769.800	0.022	3.456
5770.000	0.020	3.456
5770.200	0.019	3.456
5770.400	0.021	3.456
5770.600	0.020	3.456
5770.800	0.020	3.456
5771.000	0.022	3.456
5771.200	0.021	3.456
5771.400	0.021	3.456
5771.600	0.018	3.456
5771.800	0.020	3.456
5772.000	0.021	3.456
5772.200	0.021	3.456
5772.400	0.022	3.456
5772.600	0.022	3.456
5772.800	0.022	3.456
5773.000	0.020	3.456
5773.200	0.022	3.456
5773.400	0.021	3.456
5773.600	0.022	3.456
5773.800	0.021	3.456
5774.000	0.021	3.456
5774.200	0.019	3.456
5774.400	0.019	3.456
5774.600	0.020	3.456
5774.800	0.021	3.456
5775.000	0.020	3.456
5775.200	0.019	3.456
5775.400	0.021	3.456
5775.600	0.020	3.456
5775.800	0.023	3.456
5776.000	0.021	3.456
5776.200	0.020	3.456
5776.400	0.020	3.456
5776.600	0.022	3.456
5776.800	0.019	3.456
5777.000	0.022	3.456
5777.200	0.020	3.456
5777.400	0.020	3.456
5777.600	0.020	3.456
5777.800	0.019	3.456
5778.000	0.021	3.456
5778.200	0.021	3.456
5778.400	0.023	3.456
5778.600	0.020	3.456
5778.800	0.021	3.456
5779.000	0.019	3.456
5779.200	0.020	3.456
5779.400	0.021	3.456
5779.600	0.020	3.456
5779.800	0.020	3.456
5780.000	0.020	3.456
5780.200	0.020	3.456
5780.400	0.019	3.456
5780.600	0.019	3.456
5780.800	0.018	3.456
5781.000	0.019	3.456
5781.200	0.018	3.456
5781.400	0.020	3.456
5781.600	0.021	3.456
5781.800	0.020	3.456
5782.000	0.021	3.456
5782.200	0.019	3.456
5782.400	0.019	3.456
5782.600	0.020	3.456
5782.800	0.021	3.456
5783.000	0.020	3.456
5783.200	0.021	3.456
5783.400	0.020	3.456
5783.600	0.019	3.456
5783.800	0.020	3.456
5784.000	0.020	3.456
5784.200	0.019	3.456
5784.400	0.019	3.456
5784.600	0.019	3.456
5784.800	0.019	3.456
5785.000	0.018	3.456
5785.200	0.020	3.456
5785.400	0.019	3.456
5785.600	0.019	3.456
5785.800	0.021	3.456
5786.000	0.018	3.456
5786.200	0.019	3.456
5786.400	0.020	3.456
5786.600	0.019	3.456
5786.800	0.018	3.456
5787.000	0.019	3.456
5787.200	0.020	3.456
5787.400	0.019	3.456
5787.600	0.021	3.456
5787.800	0.020	3.456
5788.000	0.019	3.456
5788.200	0.020	3.456
5788.400	0.021	3.456
5788.600	0.021	3.456
5788.800	0.021	3.456
5789.000	0.020	3.456
5789.200	0.022	3.456
5789.400	0.020	3.456
5789.600	0.018	3.456
5789.800	0.021	3.456
5790.000	0.019	3.456
5790.200	0.018	3.456
5790.400	0.020	3.456
5790.600	0.020	3.456
5790.800	0.020	3.456
5791.000	0.018	3.456
5791.200	0.019	3.456
5791.400	0.019	3.456
5791.600	0.018	3.456
5791.800	0.020	3.456
5792.000	0.020	3.456
5792.200	0.020	3.456
5792.400	0.020	3.456
5792.600	0.020	3.456
5792.800	0.020	3.456
5793.000	0.021	3.456
5793.200	0.019	3.456
5793.400	0.020	3.456
5793.600	0.022	3.456
5793.800	0.019	3.456
5794.000	0.020	3.456
5794.200	0.021	3.456
5794.400	0.020	3.456
5794.600	0.021	3.456
5794.800	0.021	3.456
5795.000	0.021	3.456
5795.200	0.019	3.456
5795.400	0.022	3.456
5795.600	0.018	3.456
5795.800	0.021	3.456
5796.000	0.021	3.456
5796.200	0.020	3.456
5796.400	0.019	3.456
5796.600	0.020	3.456
5796.800	0.021	3.456
5797.000	0.020	3.456
5797.200	0.019	3.456
5797.400	0.021	3.456
5797.600	0.019	3.456
5797.800	0.019	3.456
5798.000	0.018	3.456
5798.200	0.018	3.456
5798.400	0.018	3.456
5798.600	0.017	3.456
5798.800	0.017	3.456
5799.000	0.019	3.456
5799.200	0.022	3.456
5799.400	0.020	3.456
5799.600	0.021	3.456
5799.800	0.017	3.456
5800.000	0.017	3.456
5800.200	0.021	3.456
5800.400	0.018	3.456
5800.600	0.017	3.456
5800.800	0.019	3.456
5801.000	0.018	3.456
5801.200	0.018	3.456
5801.400	0.019	3.456
5801.600	0.019	3.456
5801.800	0.019	3.456
5802.000	0.020	3.456
5802.200	0.020	3.456
5802.400	0.019	3.456
5802.600	0.020	3.456
5802.800	0.020	3.456
5803.000	0.019	3.456
5803.200	0.021	3.456
5803.400	0.020	3.456
5803.600	0.019	3.456
5803.800	0.019	3.456
5804.000	0.018	3.456
5804.200	0.018	3.456
5804.400	0.018	3.456
5804.600	0.019	3.456
5804.800	0.019	3.456
5805.000	0.021	3.456
5805.200	0.020	3.456
5805.400	0.021	3.456
5805.600	0.021	3.456
5805.800	0.020	3.456
5806.000	0.020	3.456
5806.200	0.019	3.456
5806.400	0.019	3.456
5806.600	0.019	3.456
5806.800	0.018	3.456
5807.000	0.019	3.456
5807.200	0.020	3.456
5807.400	0.020	3.456
5807.600	0.016	3.456
5807.800	0.020	3.456
5808.000	0.021	3.456
5808.200	0.020	3.456
5808.400	0.019	3.456
5808.600	0.018	3.456
5808.800	0.017	3.456
5809.000	0.019	3.456
5809.200	0.020	3.456
5809.400	0.020	3.456
5809.600	0.020	3.456
5809.800	0.021	3.456
5810.000	0.020	3.456
5810.200	0.018	3.456
5810.400	0.020	3.456
5810.600	0.019	3.456
5810.800	0.021	3.456
5811.000	0.020	3.456
5811.200	0.020	3.456
5811.400	0.019	3.456
5811.600	0.020	3.456
5811.800	0.020	3.456
5812.000	0.019	3.456
5812.200	0.019	3.456
5812.400	0.021	3.456
5812.600	0.019	3.456
5812.800	0.021	3.456
5813.000	0.020	3.456
5813.200	0.021	3.456
5813.400	0.020	3.456
5813.600	0.020	3.456
5813.800	0.019	3.456
5814.000	0.020	3.456
5814.200	0.022	3.456
5814.400	0.020	3.456
5814.600	0.020	3.456
5814.800	0.018	3.456
5815.000	0.020	3.456
5815.200	0.018	3.456
5815.400	0.020	3.456
5815.600	0.018	3.456
5815.800	0.017	3.456
5816.000	0.020	3.456
5816.200	0.021	3.456
5816.400	0.019	3.456
5816.600	0.020	3.456
5816.800	0.020	3.456
5817.000	0.018	3.456
5817.200	0.020	3.456
5817.400	0.021	3.456
5817.600	0.021	3.456
5817.800	0.020	3.456
5818.000	0.022	3.456
5818.200	0.023	3.456
5818.400	0.020	3.456
5818.600	0.022	3.456
5818.800	0.020	3.456
5819.000	0.022	3.456
5819.200	0.019	3.456
5819.400	0.021	3.456
5819.600	0.021	3.456
5819.800	0.022	3.456
5820.000	0.021	3.456
5820.200	0.020	3.456
5820.400	0.017	3.456
5820.600	0.022	3.456
5820.800	0.022	3.456
5821.000	0.022	3.456
5821.200	0.020	3.456
5821.400	0.019	3.456
5821.600	0.019	3.456
5821.800	0.019	3.456
5822.000	0.019	3.456
5822.200	0.020	3.456
5822.400	0.019	3.456
5822.600	0.018	3.456
5822.800	0.021	3.456
5823.000	0.021	3.456
5823.200	0.019	3.456
5823.400	0.020	3.456
5823.600	0.018	3.456
5823.800	0.021	3.456
5824.000	0.020	3.456
5824.200	0.020	3.456
5824.400	0.019	3.456
5824.600	0.019	3.456
5824.800	0.019	3.456
5825.000	0.020	3.456
5825.200	0.019	3.456
5825.400	0.020	3.456
5825.600	0.018	3.456
5825.800	0.020	3.456
5826.000	0.018	3.456
5826.200	0.019	3.456
5826.400	0.020	3.456
5826.600	0.019	3.456
5826.800	0.018	3.456
5827.000	0.017	3.456
5827.200	0.020	3.456
5827.400	0.018	3.456
5827.600	0.019	3.456
5827.800	0.018	3.456
5828.000	0.020	3.456
5828.200	0.019	3.456
5828.400	0.021	3.456
5828.600	0.019	3.456
5828.800	0.019	3.456
5829.000	0.019	3.456
5829.200	0.019	3.456
5829.400	0.021	3.456
5829.600	0.019	3.456
5829.800	0.019	3.456
5830.000	0.020	3.456
5830.200	0.021	3.456
5830.400	0.020	3.456
5830.600	0.019	3.456
5830.800	0.018	3.456
5831.000	0.020	3.456
5831.200	0.018	3.456
5831.400	0.019	3.456
5831.600	0.020	3.456
5831.800	0.019	3.456
5832.000	0.020	3.456
5832.200	0.021	3.456
5832.400	0.018	3.456
5832.600	0.021	3.456
5832.800	0.018	3.456
5833.000	0.020	3.456
5833.200	0.018	3.456
5833.400	0.018	3.456
5833.600	0.019	3.456
5833.800	0.019	3.456
5834.000	0.019	3.456
5834.200	0.021	3.456
5834.400	0.019	3.456
5834.600	0.019	3.456
5834.800	0.020	3.456
5835.000	0.018	3.456
5835.200	0.020	3.456
5835.400	0.019	3.456
5835.600	0.021	3.456
5835.800	0.019	3.456
5836.000	0.020	3.456
5836.200	0.021	3.456
5836.400	0.020	3.456
5836.600	0.021	3.456
5836.800	0.020	3.456
5837.000	0.021	3.456
5837.200	0.019	3.456
5837.400	0.019	3.456
5837.600	0.021	3.456
5837.800	0.018	3.456
5838.000	0.019	3.456
5838.200	0.019	3.456
5838.400	0.019	3.456
5838.600	0.018	3.456
5838.800	0.019	3.456
5839.000	0.021	3.456
5839.200	0.021	3.456
5839.400	0.019	3.456
5839.600	0.019	3.456
5839.800	0.022	3.456
5840.000	0.021	3.456
5840.200	0.019	3.456
5840.400	0.020	3.456
5840.600	0.018	3.456
5840.800	0.018	3.456
5841.000	0.021	3.456
5841.200	0.022	3.456
5841.400	0.020	3.456
5841.600	0.020	3.456
5841.800	0.020	3.456
5842.000	0.022	3.456
5842.200	0.020	3.456
5842.400	0.020	3.456
5842.600	0.020	3.456
5842.800	0.020	3.456
5843.000	0.020	3.456
5843.200	0.021	3.456
5843.400	0.021	3.456
5843.600	0.021	3.456
5843.800	0.019	3.456
5844.000	0.020	3.456
5844.200	0.020	3.456
5844.400	0.020	3.456
5844.600	0.020	3.456
5844.800	0.021	3.456
5845.000	0.020	3.456
5845.200	0.020	3.456
5845.400	0.020	3.456
5845.600	0.018	3.456
5845.800	0.020	3.456
5846.000	0.020	3.456
5846.200	0.021	3.456
5846.400	0.020	3.456
5846.600	0.021	3.456
5846.800	0.021	3.456
5847.000	0.021	3.456
5847.200	0.021	3.456
5847.400	0.022	3.456
5847.600	0.021	3.456
5847.800	0.022	3.456
5848.000	0.019	3.456
5848.200	0.019	3.456
5848.400	0.019	3.456
5848.600	0.019	3.456
5848.800	0.020	3.456
5849.000	0.020	3.456
5849.200	0.020	3.456
5849.400	0.021	3.456
5849.600	0.020	3.456
5849.800	0.020	3.456
5850.000	0.022	3.456
5850.200	0.020	3.456
5850.400	0.019	3.456
5850.600	0.021	3.456
5850.800	0.020	3.456
5851.000	0.021	3.456
5851.200	0.021	3.456
5851.400	0.020	3.456
5851.600	0.020	3.456
5851.800	0.020	3.456
5852.000	0.019	3.456
5852.200	0.019	3.456
5852.400	0.017	3.456
5852.600	0.019	3.456
5852.800	0.019	3.456
5853.000	0.020	3.456
5853.200	0.019	3.456
5853.400	0.018	3.456
5853.600	0.020	3.456
5853.800	0.019	3.456
5854.000	0.018	3.456
5854.200	0.018	3.456
5854.400	0.018	3.456
5854.600	0.019	3.456
5854.800	0.020	3.456
5855.000	0.020	3.456
5855.200	0.018	3.456
5855.400	0.019	3.456
5855.600	0.019	3.456
5855.800	0.020	3.456
5856.000	0.020	3.456
5856.200	0.020	3.456
5856.400	0.019	3.456
5856.600	0.020	3.456
5856.800	0.021	3.456
5857.000	0.021	3.456
5857.200	0.021	3.456
5857.400	0.020	3.456
5857.600	0.017	3.456
5857.800	0.020	3.456
5858.000	0.018	3.456
5858.200	0.020	3.456
5858.400	0.020	3.456
5858.600	0.021	3.456
5858.800	0.022	3.456
5859.000	0.019	3.456
5859.200	0.018	3.456
5859.400	0.018	3.456
5859.600	0.020	3.456
5859.800	0.018	3.456
5860.000	0.019	3.456
5860.200	0.018	3.456
5860.400	0.018	3.456
5860.600	0.019	3.456
5860.800	0.020	3.456
5861.000	0.018	3.456
5861.200	0.018	3.456
5861.400	0.019	3.456
5861.600	0.019	3.456
5861.800	0.020	3.456
5862.000	0.019	3.456
5862.200	0.019	3.456
5862.400	0.020	3.456
5862.600	0.021	3.456
5862.800	0.020	3.456
5863.000	0.020	3.456
5863.200	0.021	3.456
5863.400	0.019	3.456
5863.600	0.021	3.456
5863.800	0.018	3.456
5864.000	0.021	3.456
5864.200	0.019	3.456
5864.400	0.019	3.456
5864.600	0.018	3.456
5864.800	0.020	3.456
5865.000	0.019	3.456
5865.200	0.020	3.456
5865.400	0.021	3.456
5865.600	0.020	3.456
5865.800	0.021	3.456
5866.000	0.018	3.456
5866.200	0.021	3.456
5866.400	0.020	3.456
5866.600	0.022	3.456
5866.800	0.020	3.456
5867.000	0.019	3.456
5867.200	0.022	3.456
5867.400	0.021	3.456
5867.600	0.022	3.456
5867.800	0.021	3.456
5868.000	0.022	3.456
5868.200	0.022	3.456
5868.400	0.022	3.456
5868.600	0.023	3.456
5868.800	0.022	3.456
5869.000	0.021	3.456
5869.200	0.021	3.456
5869.400	0.021	3.456
5869.600	0.020	3.456
5869.800	0.019	3.456
5870.000	0.022	3.456
5870.200	0.021	3.456
5870.400	0.022	3.456
5870.600	0.017	3.456
5870.800	0.021	3.456
5871.000	0.020	3.456
5871.200	0.020	3.456
5871.400	0.022	3.456
5871.600	0.021	3.456
5871.800	0.020	3.456
5872.000	0.021	3.456
5872.200	0.020	3.456
5872.400	0.020	3.456
5872.600	0.018	3.456
5872.800	0.021	3.456
5873.000	0.021	3.456
5873.200	0.020	3.456
5873.400	0.021	3.456
5873.600	0.022	3.456
5873.800	0.021	3.456
5874.000	0.021	3.456
5874.200	0.021	3.456
5874.400	0.021	3.456
5874.600	0.020	3.456
5874.800	0.021	3.456
5875.000	0.021	3.456
5875.200	0.021	3.456
5875.400	0.021	3.456
5875.600	0.022	3.456
5875.800	0.021	3.456
5876.000	0.022	3.456
5876.200	0.022	3.456
5876.400	0.022	3.456
5876.600	0.022	3.456
5876.800	0.021	3.456
5877.000	0.022	3.456
5877.200	0.023	3.456
5877.400	0.024	3.456
5877.600	0.024	3.456
5877.800	0.022	3.456
5878.000	0.024	3.456
5878.200	0.023	3.456
5878.400	0.020	3.456
5878.600	0.022	3.456
5878.800	0.021	3.456
5879.000	0.021	3.456
5879.200	0.022	3.456
5879.400	0.023	3.456
5879.600	0.021	3.456
5879.800	0.021	3.456
5880.000	0.021	3.456
5880.200	0.019	3.456
5880.400	0.020	3.456
5880.600	0.020	3.456
5880.800	0.021	3.456
5881.000	0.021	3.456
5881.200	0.022	3.456
5881.400	0.020	3.456
5881.600	0.021	3.456
5881.800	0.022	3.456
5882.000	0.020	3.456
5882.200	0.021	3.456
5882.400	0.021	3.456
5882.600	0.021	3.456
5882.800	0.021	3.456
5883.000	0.021	3.456
5883.200	0.021	3.456
5883.400	0.020	3.456
5883.600	0.021	3.456
5883.800	0.021	3.456
5884.000	0.021	3.456
5884.200	0.021	3.456
5884.400	0.021	3.456
5884.600	0.022	3.456
5884.800	0.022	3.456
5885.000	0.022	3.456
5885.200	0.022	3.456
5885.400	0.021	3.456
5885.600	0.020	3.456
5885.800	0.021	3.456
5886.000	0.020	3.456
5886.200	0.021	3.456
5886.400	0.022	3.456
5886.600	0.021	3.456
5886.800	0.021	3.456
5887.000	0.022	3.456
5887.200	0.021	3.456
5887.400	0.019	3.456
5887.600	0.021	3.456
5887.800	0.021	3.456
5888.000	0.020	3.456
5888.200	0.020	3.456
5888.400	0.021	3.456
5888.600	0.022	3.456
5888.800	0.021	3.456
5889.000	0.022	3.456
5889.200	0.024	3.456
5889.400	0.022	3.456
5889.600	0.022	3.456
5889.800	0.022	3.456
5890.000	0.022	3.456
5890.200	0.022	3.456
5890.400	0.022	3.456
5890.600	0.022	3.456
5890.800	0.021	3.456
5891.000	0.022	3.456
5891.200	0.023	3.456
5891.400	0.024	3.456
5891.600	0.023	3.456
5891.800	0.023	3.456
5892.000	0.022	3.456
5892.200	0.023	3.456
5892.400	0.023	3.456
5892.600	0.021	3.456
5892.800	0.021	3.456
5893.000	0.022	3.456
5893.200	0.022	3.456
5893.400	0.024	3.456
5893.600	0.022	3.456
5893.800	0.022	3.456
5894.000	0.021	3.456
5894.200	0.021	3.456
5894.400	0.022	3.456
5894.600	0.021	3.456
5894.800	0.022	3.456
5895.000	0.021	3.456
5895.200	0.021	3.456
5895.400	0.021	3.456
5895.600	0.021	3.456
5895.800	0.021	3.456
5896.000	0.021	3.456
5896.200	0.023	3.456
5896.400	0.021	3.456
5896.600	0.022	3.456
5896.800	0.020	3.456
5897.000	0.020	3.456
5897.200	0.019	3.456
5897.400	0.021	3.456
5897.600	0.020	3.456
5897.800	0.020	3.456
5898.000	0.021	3.456
5898.200	0.021	3.456
5898.400	0.020	3.456
5898.600	0.021	3.456
5898.800	0.022	3.456
5899.000	0.022	3.456
5899.200	0.023	3.456
5899.400	0.022	3.456
5899.600	0.020	3.456
5899.800	0.021	3.456
5900.000	0.022	3.456
5900.200	0.022	3.456
5900.400	0.022	3.456
5900.600	0.021	3.456
5900.800	0.021	3.456
5901.000	0.021	3.456
5901.200	0.022	3.456
5901.400	0.023	3.456
5901.600	0.022	3.456
5901.800	0.023	3.456
5902.000	0.021	3.456
5902.200	0.024	3.456
5902.400	0.022	3.456
5902.600	0.024	3.456
5902.800	0.024	3.456
5903.000	0.023	3.456
5903.200	0.021	3.456
5903.400	0.020	3.456
5903.600	0.022	3.456
5903.800	0.021	3.456
5904.000	0.021	3.456
5904.200	0.022	3.456
5904.400	0.021	3.456
5904.600	0.022	3.456
5904.800	0.022	3.456
5905.000	0.021	3.456
5905.200	0.020	3.456
5905.400	0.024	3.456
5905.600	0.020	3.456
5905.800	0.021	3.456
5906.000	0.021	3.456
5906.200	0.022	3.456
5906.400	0.021	3.456
5906.600	0.021	3.456
5906.800	0.021	3.456
5907.000	0.022	3.456
5907.200	0.020	3.456
5907.400	0.021	3.456
5907.600	0.022	3.456
5907.800	0.022	3.456
5908.000	0.022	3.456
5908.200	0.020	3.456
5908.400	0.021	3.456
5908.600	0.023	3.456
5908.800	0.020	3.456
5909.000	0.021	3.456
5909.200	0.021	3.456
5909.400	0.022	3.456
5909.600	0.021	3.456
5909.800	0.020	3.456
5910.000	0.021	3.456
5910.200	0.020	3.456
5910.400	0.021	3.456
5910.600	0.019	3.456
5910.800	0.021	3.456
5911.000	0.021	3.456
5911.200	0.021	3.456
5911.400	0.021	3.456
5911.600	0.023	3.456
5911.800	0.022	3.456
5912.000	0.020	3.456
5912.200	0.023	3.456
5912.400	0.021	3.456
5912.600	0.020	3.456
5912.800	0.021	3.456
5913.000	0.021	3.456
5913.200	0.023	3.456
5913.400	0.022	3.456
5913.600	0.022	3.456
5913.800	0.021	3.456
5914.000	0.022	3.456
5914.200	0.023	3.456
5914.400	0.022	3.456
5914.600	0.021	3.456
5914.800	0.020	3.456
5915.000	0.023	3.456
5915.200	0.024	3.456
5915.400	0.022	3.456
5915.600	0.024	3.456
5915.800	0.023	3.456
5916.000	0.021	3.456
5916.200	0.022	3.456
5916.400	0.022	3.456
5916.600	0.022	3.456
5916.800	0.021	3.456
5917.000	0.022	3.456
5917.200	0.022	3.456
5917.400	0.023	3.456
5917.600	0.022	3.456
5917.800	0.022	3.456
5918.000	0.021	3.456
5918.200	0.020	3.456
5918.400	0.020	3.456
5918.600	0.021	3.456
5918.800	0.020	3.456
5919.000	0.020	3.456
5919.200	0.022	3.456
5919.400	0.019	3.456
5919.600	0.021	3.456
5919.800	0.019	3.456
5920.000	0.020	3.456
5920.200	0.021	3.456
5920.400	0.020	3.456
5920.600	0.020	3.456
5920.800	0.021	3.456
5921.000	0.021	3.456
5921.200	0.020	3.456
5921.400	0.019	3.456
5921.600	0.019	3.456
5921.800	0.020	3.456
5922.000	0.018	3.456
5922.200	0.019	3.456
5922.400	0.019	3.456
5922.600	0.020	3.456
5922.800	0.019	3.456
5923.000	0.019	3.456
5923.200	0.019	3.456
5923.400	0.020	3.456
5923.600	0.019	3.456
5923.800	0.019	3.456
5924.000	0.018	3.456
5924.200	0.019	3.456
5924.400	0.018	3.456
5924.600	0.018	3.456
5924.800	0.020	3.456
5925.000	0.019	3.456
5925.200	0.019	3.456
5925.400	0.019	3.456
5925.600	0.019	3.456
5925.800	0.019	3.456
5926.000	0.019	3.456
5926.200	0.021	3.456
5926.400	0.018	3.456
5926.600	0.020	3.456
5926.800	0.019	3.456
5927.000	0.019	3.456
5927.200	0.021	3.456
5927.400	0.020	3.456
5927.600	0.021	3.456
5927.800	0.019	3.456
5928.000	0.021	3.456
5928.200	0.020	3.456
5928.400	0.019	3.456
5928.600	0.021	3.456
5928.800	0.022	3.456
5929.000	0.021	3.456
5929.200	0.020	3.456
5929.400	0.019	3.456
5929.600	0.020	3.456
5929.800	0.019	3.456
5930.000	0.019	3.456
5930.200	0.019	3.456
5930.400	0.019	3.456
5930.600	0.020	3.456
5930.800	0.019	3.456
5931.000	0.020	3.456
5931.200	0.020	3.456
5931.400	0.019	3.456
5931.600	0.019	3.456
5931.800	0.017	3.456
5932.000	0.019	3.456
5932.200	0.020	3.456
5932.400	0.020	3.456
5932.600	0.020	3.456
5932.800	0.021	3.456
5933.000	0.020	3.456
5933.200	0.019	3.456
5933.400	0.019	3.456
5933.600	0.021	3.456
5933.800	0.020	3.456
5934.000	0.019	3.456
5934.200	0.020	3.456
5934.400	0.022	3.456
5934.600	0.019	3.456
5934.800	0.020	3.456
5935.000	0.020	3.456
5935.200	0.020	3.456
5935.400	0.020	3.456
5935.600	0.020	3.456
5935.800	0.019	3.456
5936.000	0.018	3.456
5936.200	0.019	3.456
5936.400	0.020	3.456
5936.600	0.021	3.456
5936.800	0.019	3.456
5937.000	0.020	3.456
5937.200	0.018	3.456
5937.400	0.021	3.456
5937.600	0.021	3.456
5937.800	0.019	3.456
5938.000	0.019	3.456
5938.200	0.019	3.456
5938.400	0.019	3.456
5938.600	0.020	3.456
5938.800	0.018	3.456
5939.000	0.019	3.456
5939.200	0.020	3.456
5939.400	0.020	3.456
5939.600	0.020	3.456
5939.800	0.021	3.456
5940.000	0.020	3.456
5940.200	0.019	3.456
5940.400	0.018	3.456
5940.600	0.020	3.456
5940.800	0.018	3.455
5941.000	0.019	3.455
5941.200	0.018	3.456
5941.400	0.019	3.456
5941.600	0.018	3.455
5941.800	0.020	3.456
5942.000	0.018	3.456
5942.200	0.018	3.456
5942.400	0.020	3.456
5942.600	0.022	3.456
5942.800	0.021	3.456
5943.000	0.020	3.456
5943.200	0.020	3.456
5943.400	0.020	3.456
5943.600	0.022	3.456
5943.800	0.021	3.456
5944.000	0.020	3.456
5944.200	0.020	3.456
5944.400	0.020	3.456
5944.600	0.020	3.456
5944.800	0.022	3.456
5945.000	0.021	3.456
5945.200	0.020	3.456
5945.400	0.021	3.456
5945.600	0.022	3.456
5945.800	0.020	3.456
5946.000	0.021	3.456
5946.200	0.020	3.456
5946.400	0.021	3.456
5946.600	0.020	3.456
5946.800	0.020	3.456
5947.000	0.019	3.456
5947.200	0.020	3.456
5947.400	0.019	3.456
5947.600	0.021	3.456
5947.800	0.022	3.456
5948.000	0.020	3.456
5948.200	0.021	3.456
5948.400	0.021	3.456
5948.600	0.021	3.456
5948.800	0.019	3.456
5949.000	0.019	3.456
5949.200	0.020	3.456
5949.400	0.019	3.456
5949.600	0.020	3.456
5949.800	0.020	3.456
5950.000	0.020	3.456
5950.200	0.021	3.456
5950.400	0.021	3.456
5950.600	0.021	3.456
5950.800	0.021	3.456
5951.000	0.021	3.456
5951.200	0.023	3.455
5951.400	0.020	3.456
5951.600	0.020	3.456
5951.800	0.022	3.456
5952.000	0.019	3.456
5952.200	0.021	3.456
5952.400	0.022	3.456
5952.600	0.021	3.456
5952.800	0.019	3.456
5953.000	0.021	3.456
5953.200	0.020	3.456
5953.400	0.019	3.456
5953.600	0.019	3.455
5953.800	0.021	3.456
5954.000	0.019	3.456
5954.200	0.020	3.456
5954.400	0.020	3.456
5954.600	0.021	3.456
5954.800	0.020	3.455
5955.000	0.019	3.456
5955.200	0.021	3.456
5955.400	0.022	3.456
5955.600	0.021	3.456
5955.800	0.021	3.456
5956.000	0.020	3.456
5956.200	0.020	3.456
5956.400	0.020	3.456
5956.600	0.021	3.456
5956.800	0.020	3.456
5957.000	0.021	3.456
5957.200	0.017	3.456
5957.400	0.019	3.456
5957.600	0.019	3.456
5957.800	0.020	3.456
5958.000	0.020	3.456
5958.200	0.020	3.456
5958.400	0.021	3.456
5958.600	0.018	3.456
5958.800	0.020	3.456
5959.000	0.018	3.456
5959.200	0.018	3.456
5959.400	0.018	3.456
5959.600	0.020	3.456
5959.800	0.020	3.456
5960.000	0.019	3.456
5960.200	0.019	3.456
5960.400	0.020	3.456
5960.600	0.020	3.456
5960.800	0.020	3.456
5961.000	0.018	3.456
5961.200	0.020	3.456
5961.400	0.019	3.456
5961.600	0.018	3.456
5961.800	0.017	3.456
5962.000	0.017	3.456
5962.200	0.018	3.456
5962.400	0.016	3.456
5962.600	0.018	3.455
5962.800	0.017	3.456
5963.000	0.017	3.456
5963.200	0.019	3.456
5963.400	0.016	3.455
5963.600	0.018	3.456
5963.800	0.019	3.455
5964.000	0.017	3.455
5964.200	0.018	3.456
5964.400	0.019	3.456
5964.600	0.019	3.456
5964.800	0.018	3.455
5965.000	0.018	3.455
5965.200	0.020	3.456
5965.400	0.019	3.456
5965.600	0.018	3.456
5965.800	0.018	3.455
5966.000	0.017	3.455
5966.200	0.017	3.455
5966.400	0.017	3.456
5966.600	0.016	3.455
5966.800	0.018	3.455
5967.000	0.018	3.456
5967.200	0.018	3.456
5967.400	0.018	3.456
5967.600	0.018	3.456
5967.800	0.017	3.456
5968.000	0.018	3.456
5968.200	0.017	3.456
5968.400	0.019	3.456
5968.600	0.018	3.456
5968.800	0.018	3.456
5969.000	0.019	3.456
5969.200	0.017	3.456
5969.400	0.019	3.455
5969.600	0.017	3.455
5969.800	0.017	3.455
5970.000	0.017	3.456
5970.200	0.017	3.456
5970.400	0.015	3.455
5970.600	0.017	3.455
5970.800	0.018	3.455
5971.000	0.016	3.455
5971.200	0.016	3.455
5971.400	0.016	3.456
5971.600	0.018	3.456
5971.800	0.018	3.455
5972.000	0.018	3.456
5972.200	0.018	3.456
5972.400	0.017	3.455
5972.600	0.018	3.456
5972.800	0.018	3.456
5973.000	0.016	3.455
5973.200	0.018	3.455
5973.400	0.018	3.456
5973.600	0.017	3.456
5973.800	0.018	3.456
5974.000	0.018	3.456
5974.200	0.019	3.456
5974.400	0.016	3.456
5974.600	0.019	3.456
5974.800	0.018	3.456
5975.000	0.019	3.455
5975.200	0.019	3.455
5975.400	0.020	3.455
5975.600	0.019	3.456
5975.800	0.019	3.456
5976.000	0.018	3.456
5976.200	0.018	3.455
5976.400	0.017	3.456
5976.600	0.019	3.456
5976.800	0.018	3.456
5977.000	0.017	3.455
5977.200	0.018	3.456
5977.400	0.018	3.456
5977.600	0.019	3.456
5977.800	0.016	3.456
5978.000	0.019	3.456
5978.200	0.017	3.456
5978.400	0.018	3.456
5978.600	0.017	3.455
5978.800	0.017	3.455
5979.000	0.017	3.456
5979.200	0.018	3.456
5979.400	0.018	3.456
5979.600	0.018	3.456
5979.800	0.019	3.456
5980.000	0.018	3.456
5980.200	0.019	3.456
5980.400	0.019	3.456
5980.600	0.017	3.456
5980.800	0.018	3.456
5981.000	0.021	3.456
5981.200	0.019	3.456
5981.400	0.018	3.456
5981.600	0.019	3.456
5981.800	0.018	3.456
5982.000	0.019	3.456
5982.200	0.018	3.455
5982.400	0.020	3.455
5982.600	0.021	3.456
5982.800	0.020	3.455
5983.000	0.020	3.456
5983.200	0.018	3.456
5983.400	0.019	3.456
5983.600	0.018	3.456
5983.800	0.019	3.456
5984.000	0.020	3.456
5984.200	0.020	3.456
5984.400	0.021	3.456
5984.600	0.020	3.456
5984.800	0.019	3.455
5985.000	0.020	3.456
5985.200	0.020	3.456
5985.400	0.022	3.456
5985.600	0.021	3.456
5985.800	0.020	3.456
5986.000	0.020	3.456
5986.200	0.020	3.456
5986.400	0.019	3.456
5986.600	0.019	3.456
5986.800	0.020	3.456
5987.000	0.020	3.456
5987.200	0.020	3.456
5987.400	0.018	3.456
5987.600	0.016	3.456
5987.800	0.019	3.456
5988.000	0.019	3.456
5988.200	0.018	3.456
5988.400	0.018	3.456
5988.600	0.020	3.456
5988.800	0.018	3.455
5989.000	0.019	3.455
5989.200	0.020	3.456
5989.400	0.018	3.456
5989.600	0.018	3.456
5989.800	0.016	3.456
5990.000	0.019	3.455
5990.200	0.019	3.456
5990.400	0.019	3.456
5990.600	0.016	3.455
5990.800	0.018	3.456
5991.000	0.018	3.456
5991.200	0.020	3.456
5991.400	0.020	3.456
5991.600	0.019	3.456
5991.800	0.018	3.455
5992.000	0.020	3.456
5992.200	0.020	3.456
5992.400	0.019	3.456
5992.600	0.019	3.456
5992.800	0.018	3.455
5993.000	0.018	3.456
5993.200	0.020	3.456
5993.400	0.019	3.456
5993.600	0.017	3.456
5993.800	0.018	3.456
5994.000	0.019	3.456
5994.200	0.020	3.456
5994.400	0.019	3.456
5994.600	0.019	3.456
5994.800	0.018	3.456
5995.000	0.018	3.456
5995.200	0.017	3.456
5995.400	0.018	3.455
5995.600	0.018	3.456
5995.800	0.019	3.456
5996.000	0.017	3.456
5996.200	0.017	3.456
5996.400	0.016	3.456
5996.600	0.019	3.456
5996.800	0.019	3.456
5997.000	0.018	3.456
5997.200	0.018	3.455
5997.400	0.019	3.455
5997.600	0.016	3.456
5997.800	0.018	3.456
5998.000	0.018	3.455
5998.200	0.018	3.456
5998.400	0.018	3.456
5998.600	0.018	3.456
5998.800	0.015	3.455
5999.000	0.017	3.455
5999.200	0.018	3.455
5999.400	0.016	3.456
5999.600	0.017	3.456
5999.800	0.017	3.456
6000.000	0.017	3.456
6000.200	0.017	3.455
6000.400	0.017	3.455
6000.600	0.018	3.455
6000.800	0.019	3.455
6001.000	0.020	3.455
6001.200	0.020	3.455
6001.400	0.019	3.455
6001.600	0.018	3.455
6001.800	0.018	3.455
6002.000	0.018	3.455
6002.200	0.019	3.455
6002.400	0.019	3.456
6002.600	0.017	3.455
6002.800	0.019	3.455
6003.000	0.017	3.455
6003.200	0.018	3.455
6003.400	0.018	3.455
6003.600	0.018	3.455
6003.800	0.019	3.455
6004.000	0.018	3.456
6004.200	0.018	3.455
6004.400	0.017	3.455
6004.600	0.018	3.455
6004.800	0.019	3.455
6005.000	0.017	3.455
6005.200	0.016	3.456
6005.400	0.016	3.455
6005.600	0.016	3.455
6005.800	0.018	3.455
6006.000	0.017	3.455
6006.200	0.018	3.455
6006.400	0.018	3.455
6006.600	0.019	3.455
6006.800	0.017	3.455
6007.000	0.017	3.455
6007.200	0.017	3.455
6007.400	0.018	3.456
6007.600	0.018	3.456
6007.800	0.020	3.455
6008.000	0.019	3.456
6008.200	0.020	3.455
6008.400	0.020	3.456
6008.600	0.018	3.456
6008.800	0.019	3.455
6009.000	0.017	3.456
6009.200	0.019	3.456
6009.400	0.018	3.455
6009.600	0.018	3.456
6009.800	0.019	3.455
6010.000	0.017	3.455
6010.200	0.018	3.455
6010.400	0.018	3.456
6010.600	0.019	3.455
6010.800	0.019	3.455
6011.000	0.019	3.455
6011.200	0.017	3.455
6011.400	0.018	3.455
6011.600	0.020	3.455
6011.800	0.019	3.455
6012.000	0.019	3.455
6012.200	0.018	3.455
6012.400	0.018	3.455
6012.600	0.017	3.456
6012.800	0.017	3.455
6013.000	0.018	3.455
6013.200	0.017	3.455
6013.400	0.018	3.455
6013.600	0.019	3.455
6013.800	0.018	3.455
6014.000	0.017	3.455
6014.200	0.016	3.455
6014.400	0.018	3.455
6014.600	0.017	3.455
6014.800	0.018	3.455
6015.000	0.018	3.455
6015.200	0.019	3.455
6015.400	0.019	3.455
6015.600	0.019	3.455
6015.800	0.019	3.455
6016.000	0.021	3.455
6016.200	0.019	3.455
6016.400	0.019	3.455
6016.600	0.020	3.455
6016.800	0.020	3.455
6017.000	0.019	3.456
6017.200	0.020	3.455
6017.400	0.020	3.455
6017.600	0.018	3.455
6017.800	0.018	3.455
6018.000	0.018	3.455
6018.200	0.017	3.455
6018.400	0.019	3.455
6018.600	0.017	3.455
6018.800	0.017	3.455
6019.000	0.017	3.455
6019.200	0.018	3.455
6019.400	0.019	3.455
6019.600	0.018	3.455
6019.800	0.019	3.455
6020.000	0.019	3.455
6020.200	0.018	3.455
6020.400	0.018	3.455
6020.600	0.017	3.455
6020.800	0.018	3.455
6021.000	0.018	3.455
6021.200	0.018	3.455
6021.400	0.018	3.455
6021.600	0.018	3.455
6021.800	0.019	3.455
6022.000	0.017	3.455
6022.200	0.018	3.455
6022.400	0.018	3.455
6022.600	0.017	3.455
6022.800	0.017	3.455
6023.000	0.018	3.455
6023.200	0.016	3.455
6023.400	0.018	3.455
6023.600	0.017	3.455
6023.800	0.017	3.455
6024.000	0.017	3.455
6024.200	0.019	3.455
6024.400	0.019	3.455
6024.600	0.019	3.455
6024.800	0.018	3.455
6025.000	0.018	3.455
6025.200	0.020	3.455
6025.400	0.018	3.455
6025.600	0.018	3.455
6025.800	0.019	3.455
6026.000	0.018	3.455
6026.200	0.018	3.455
6026.400	0.019	3.455
6026.600	0.018	3.455
6026.800	0.018	3.455
6027.000	0.018	3.455
6027.200	0.020	3.455
6027.400	0.020	3.455
6027.600	0.019	3.455
6027.800	0.018	3.455
6028.000	0.019	3.455
6028.200	0.019	3.455
6028.400	0.021	3.455
6028.600	0.018	3.455
6028.800	0.021	3.455
6029.000	0.019	3.455
6029.200	0.019	3.455
6029.400	0.020	3.455
6029.600	0.019	3.455
6029.800	0.020	3.455
6030.000	0.020	3.455
6030.200	0.019	3.455
6030.400	0.020	3.456
6030.600	0.019	3.455
6030.800	0.021	3.456
6031.000	0.018	3.456
6031.200	0.020	3.456
6031.400	0.020	3.455
6031.600	0.021	3.455
6031.800	0.021	3.455
6032.000	0.020	3.455
6032.200	0.020	3.455
6032.400	0.020	3.455
6032.600	0.021	3.455
6032.800	0.019	3.455
6033.000	0.020	3.456
6033.200	0.020	3.455
6033.400	0.019	3.455
6033.600	0.018	3.455
6033.800	0.019	3.455
6034.000	0.020	3.455
6034.200	0.020	3.455
6034.400	0.021	3.455
6034.600	0.021	3.455
6034.800	0.021	3.455
6035.000	0.022	3.455
6035.200	0.021	3.455
6035.400	0.019	3.456
6035.600	0.020	3.455
6035.800	0.021	3.455
6036.000	0.020	3.456
6036.200	0.020	3.455
6036.400	0.019	3.455
6036.600	0.020	3.455
6036.800	0.020	3.455
6037.000	0.019	3.455
6037.200	0.018	3.455
6037.400	0.021	3.455
6037.600	0.022	3.455
6037.800	0.020	3.455
6038.000	0.021	3.455
6038.200	0.022	3.455
6038.400	0.020	3.455
6038.600	0.022	3.455
6038.800	0.019	3.455
6039.000	0.021	3.455
6039.200	0.021	3.455
6039.400	0.021	3.456
6039.600	0.020	3.455
6039.800	0.018	3.455
6040.000	0.019	3.455
6040.200	0.021	3.456
6040.400	0.020	3.455
6040.600	0.019	3.455
6040.800	0.019	3.455
6041.000	0.019	3.455
6041.200	0.021	3.455
6041.400	0.020	3.455
6041.600	0.021	3.456
6041.800	0.021	3.456
6042.000	0.020	3.455
6042.200	0.019	3.455
6042.400	0.021	3.455
6042.600	0.019	3.455
6042.800	0.020	3.455
6043.000	0.019	3.456
6043.200	0.020	3.455
6043.400	0.019	3.455
6043.600	0.020	3.455
6043.800	0.019	3.455
6044.000	0.020	3.456
6044.200	0.020	3.455
6044.400	0.017	3.455
6044.600	0.017	3.455
6044.800	0.020	3.455
6045.000	0.019	3.455
6045.200	0.019	3.455
6045.400	0.018	3.455
6045.600	0.018	3.455
6045.800	0.017	3.455
6046.000	0.017	3.455
6046.200	0.020	3.455
6046.400	0.019	3.455
6046.600	0.019	3.455
6046.800	0.019	3.455
6047.000	0.020	3.455
6047.200	0.020	3.455
6047.400	0.019	3.455
6047.600	0.020	3.456
6047.800	0.020	3.456
6048.000	0.019	3.456
6048.200	0.019	3.455
6048.400	0.021	3.456
6048.600	0.021	3.456
6048.800	0.020	3.455
6049.000	0.020	3.455
6049.200	0.020	3.456
6049.400	0.018	3.455
6049.600	0.021	3.456
6049.800	0.020	3.456
6050.000	0.019	3.456
6050.200	0.019	3.455
6050.400	0.019	3.455
6050.600	0.020	3.455
6050.800	0.020	3.456
6051.000	0.019	3.455
6051.200	0.018	3.455
6051.400	0.019	3.455
6051.600	0.019	3.455
6051.800	0.021	3.455
6052.000	0.019	3.455
6052.200	0.022	3.455
6052.400	0.019	3.455
6052.600	0.020	3.455
6052.800	0.021	3.455
6053.000	0.020	3.455
6053.200	0.022	3.455
6053.400	0.018	3.455
6053.600	0.020	3.455
6053.800	0.020	3.455
6054.000	0.020	3.455
6054.200	0.019	3.455
6054.400	0.021	3.455
6054.600	0.022	3.455
6054.800	0.020	3.455
6055.000	0.020	3.455
6055.200	0.020	3.455
6055.400	0.018	3.455
6055.600	0.021	3.455
6055.800	0.020	3.456
6056.000	0.021	3.455
6056.200	0.019	3.455
6056.400	0.020	3.455
6056.600	0.020	3.455
6056.800	0.019	3.455
6057.000	0.021	3.455
6057.200	0.020	3.455
6057.400	0.021	3.455
6057.600	0.020	3.455
6057.800	0.020	3.455
6058.000	0.018	3.455
6058.200	0.019	3.455
6058.400	0.020	3.455
6058.600	0.019	3.455
6058.800	0.019	3.455
6059.000	0.020	3.455
6059.200	0.020	3.455
6059.400	0.018	3.455
6059.600	0.019	3.455
6059.800	0.019	3.455
6060.000	0.018	3.455
6060.200	0.020	3.455
6060.400	0.022	3.456
6060.600	0.020	3.456
6060.800	0.020	3.456
6061.000	0.019	3.455
6061.200	0.020	3.455
6061.400	0.019	3.455
6061.600	0.018	3.455
6061.800	0.019	3.455
6062.000	0.020	3.455
6062.200	0.020	3.455
6062.400	0.018	3.455
6062.600	0.018	3.456
6062.800	0.021	3.455
6063.000	0.019	3.455
6063.200	0.021	3.455
6063.400	0.022	3.455
6063.600	0.021	3.455
6063.800	0.020	3.455
6064.000	0.020	3.455
6064.200	0.019	3.455
6064.400	0.020	3.455
6064.600	0.020	3.455
6064.800	0.020	3.455
6065.000	0.023	3.455
6065.200	0.022	3.455
6065.400	0.021	3.456
6065.600	0.021	3.455
6065.800	0.022	3.455
6066.000	0.020	3.456
6066.200	0.021	3.455
6066.400	0.020	3.455
6066.600	0.019	3.455
6066.800	0.023	3.455
6067.000	0.020	3.455
6067.200	0.020	3.455
6067.400	0.021	3.455
6067.600	0.024	3.455
6067.800	0.020	3.455
6068.000	0.021	3.455
6068.200	0.020	3.455
6068.400	0.021	3.455
6068.600	0.020	3.455
6068.800	0.021	3.455
6069.000	0.020	3.456
6069.200	0.021	3.455
6069.400	0.020	3.455
6069.600	0.021	3.455
6069.800	0.020	3.456
6070.000	0.020	3.455
6070.200	0.022	3.456
6070.400	0.022	3.455
6070.600	0.021	3.456
6070.800	0.021	3.455
6071.000	0.022	3.455
6071.200	0.021	3.455
6071.400	0.021	3.455
6071.600	0.022	3.456
6071.800	0.021	3.455
6072.000	0.023	3.455
6072.200	0.022	3.455
6072.400	0.020	3.455
6072.600	0.019	3.455
6072.800	0.018	3.456
6073.000	0.020	3.455
6073.200	0.021	3.455
6073.400	0.020	3.455
6073.600	0.020	3.455
6073.800	0.020	3.455
6074.000	0.019	3.455
6074.200	0.020	3.455
6074.400	0.020	3.455
6074.600	0.018	3.455
6074.800	0.019	3.455
6075.000	0.019	3.455
6075.200	0.019	3.455
6075.400	0.018	3.455
6075.600	0.019	3.455
6075.800	0.019	3.455
6076.000	0.019	3.455
6076.200	0.020	3.455
6076.400	0.019	3.455
6076.600	0.018	3.455
6076.800	0.019	3.455
6077.000	0.017	3.455
6077.200	0.018	3.455
6077.400	0.019	3.455
6077.600	0.019	3.455
6077.800	0.018	3.455
6078.000	0.018	3.455
6078.200	0.018	3.455
6078.400	0.019	3.455
6078.600	0.018	3.455
6078.800	0.019	3.455
6079.000	0.020	3.455
6079.200	0.019	3.455
6079.400	0.019	3.455
6079.600	0.020	3.455
6079.800	0.020	3.455
6080.000	0.020	3.455
6080.200	0.020	3.455
6080.400	0.021	3.455
6080.600	0.019	3.455
6080.800	0.020	3.455
6081.000	0.019	3.455
6081.200	0.021	3.455
6081.400	0.019	3.455
6081.600	0.020	3.455
6081.800	0.018	3.455
6082.000	0.019	3.455
6082.200	0.020	3.455
6082.400	0.020	3.455
6082.600	0.019	3.455
6082.800	0.020	3.455
6083.000	0.018	3.455
6083.200	0.020	3.455
6083.400	0.020	3.455
6083.600	0.021	3.455
6083.800	0.020	3.455
6084.000	0.020	3.455
6084.200	0.021	3.455
6084.400	0.020	3.455
6084.600	0.021	3.455
6084.800	0.021	3.455
6085.000	0.019	3.455
6085.200	0.021	3.455
6085.400	0.020	3.455
6085.600	0.020	3.455
6085.800	0.022	3.455
6086.000	0.020	3.455
6086.200	0.021	3.455
6086.400	0.020	3.455
6086.600	0.020	3.455
6086.800	0.021	3.455
6087.000	0.021	3.455
6087.200	0.020	3.455
6087.400	0.020	3.455
6087.600	0.020	3.455
6087.800	0.021	3.455
6088.000	0.020	3.455
6088.200	0.021	3.455
6088.400	0.019	3.455
6088.600	0.021	3.455
6088.800	0.021	3.455
6089.000	0.022	3.455
6089.200	0.020	3.455
6089.400	0.019	3.455
6089.600	0.020	3.455
6089.800	0.020	3.455
6090.000	0.021	3.455
6090.200	0.021	3.455
6090.400	0.020	3.455
6090.600	0.020	3.455
6090.800	0.020	3.455
6091.000	0.020	3.455
6091.200	0.022	3.455
6091.400	0.020	3.455
6091.600	0.022	3.455
6091.800	0.021	3.455
6092.000	0.021	3.455
6092.200	0.021	3.455
6092.400	0.022	3.455
6092.600	0.020	3.455
6092.800	0.020	3.455
6093.000	0.020	3.455
6093.200	0.020	3.455
6093.400	0.019	3.455
6093.600	0.019	3.455
6093.800	0.020	3.455
6094.000	0.020	3.455
6094.200	0.020	3.455
6094.400	0.019	3.455
6094.600	0.019	3.455
6094.800	0.020	3.455
6095.000	0.019	3.455
6095.200	0.020	3.455
6095.400	0.018	3.455
6095.600	0.018	3.455
6095.800	0.018	3.455
6096.000	0.019	3.455
6096.200	0.019	3.455
6096.400	0.021	3.455
6096.600	0.019	3.455
6096.800	0.019	3.455
6097.000	0.019	3.455
6097.200	0.019	3.455
6097.400	0.018	3.455
6097.600	0.017	3.455
6097.800	0.018	3.455
6098.000	0.019	3.455
6098.200	0.019	3.455
6098.400	0.018	3.455
6098.600	0.019	3.455
6098.800	0.019	3.455
6099.000	0.021	3.455
6099.200	0.019	3.455
6099.400	0.019	3.455
6099.600	0.019	3.455
6099.800	0.021	3.455
6100.000	0.020	3.455
6100.200	0.020	3.455
6100.400	0.019	3.455
6100.600	0.020	3.455
6100.800	0.020	3.455
6101.000	0.021	3.455
6101.200	0.021	3.455
6101.400	0.021	3.455
6101.600	0.020	3.455
6101.800	0.020	3.455
6102.000	0.021	3.455
6102.200	0.021	3.455
6102.400	0.021	3.455
6102.600	0.020	3.455
6102.800	0.020	3.455
6103.000	0.022	3.455
6103.200	0.020	3.455
6103.400	0.021	3.455
6103.600	0.021	3.455
6103.800	0.021	3.455
6104.000	0.022	3.455
6104.200	0.020	3.455
6104.400	0.021	3.455
6104.600	0.022	3.456
6104.800	0.020	3.455
6105.000	0.018	3.455
6105.200	0.020	3.455
6105.400	0.019	3.455
6105.600	0.020	3.455
6105.800	0.019	3.455
6106.000	0.019	3.455
6106.200	0.018	3.455
6106.400	0.020	3.456
6106.600	0.019	3.455
6106.800	0.019	3.455
6107.000	0.019	3.455
6107.200	0.019	3.455
6107.400	0.019	3.455
6107.600	0.018	3.455
6107.800	0.020	3.455
6108.000	0.021	3.455
6108.200	0.021	3.455
6108.400	0.020	3.456
6108.600	0.020	3.455
6108.800	0.020	3.455
6109.000	0.020	3.455
6109.200	0.022	3.455
6109.400	0.021	3.455
6109.600	0.022	3.455
6109.800	0.022	3.455
6110.000	0.021	3.455
6110.200	0.022	3.456
6110.400	0.020	3.455
6110.600	0.020	3.455
6110.800	0.021	3.455
6111.000	0.021	3.455
6111.200	0.022	3.455
6111.400	0.023	3.455
6111.600	0.022	3.455
6111.800	0.020	3.456
6112.000	0.022	3.456
6112.200	0.021	3.456
6112.400	0.022	3.455
6112.600	0.021	3.456
6112.800	0.021	3.456
6113.000	0.020	3.455
6113.200	0.023	3.456
6113.400	0.021	3.456
6113.600	0.021	3.456
6113.800	0.022	3.456
6114.000	0.022	3.455
6114.200	0.021	3.455
6114.400	0.021	3.455
6114.600	0.022	3.455
6114.800	0.023	3.456
6115.000	0.022	3.455
6115.200	0.024	3.455
6115.400	0.021	3.455
6115.600	0.023	3.455
6115.800	0.022	3.456
6116.000	0.022	3.455
6116.200	0.023	3.455
6116.400	0.021	3.455
6116.600	0.023	3.455
6116.800	0.022	3.455
6117.000	0.021	3.456
6117.200	0.021	3.455
6117.400	0.021	3.456
6117.600	0.022	3.456
6117.800	0.022	3.456
6118.000	0.021	3.456
6118.200	0.022	3.456
6118.400	0.021	3.455
6118.600	0.021	3.455
6118.800	0.022	3.455
6119.000	0.022	3.455
6119.200	0.021	3.455
6119.400	0.022	3.455
6119.600	0.023	3.455
6119.800	0.022	3.455
6120.000	0.020	3.455
6120.200	0.021	3.455
6120.400	0.020	3.455
6120.600	0.019	3.455
6120.800	0.020	3.455
6121.000	0.021	3.455
6121.200	0.020	3.455
6121.400	0.020	3.455
6121.600	0.022	3.455
6121.800	0.022	3.455
6122.000	0.022	3.455
6122.200	0.021	3.455
6122.400	0.023	3.455
6122.600	0.022	3.455
6122.800	0.022	3.455
6123.000	0.022	3.455
6123.200	0.022	3.455
6123.400	0.023	3.455
6123.600	0.021	3.455
6123.800	0.020	3.455
6124.000	0.020	3.455
6124.200	0.020	3.455
6124.400	0.022	3.455
6124.600	0.020	3.455
6124.800	0.021	3.455
6125.000	0.020	3.455
6125.200	0.021	3.455
6125.400	0.021	3.455
6125.600	0.019	3.455
6125.800	0.020	3.455
6126.000	0.019	3.455
6126.200	0.018	3.455
6126.400	0.021	3.455
6126.600	0.019	3.455
6126.800	0.020	3.455
6127.000	0.021	3.455
6127.200	0.022	3.455
6127.400	0.021	3.455
6127.600	0.022	3.455
6127.800	0.020	3.455
6128.000	0.021	3.455
6128.200	0.020	3.455
6128.400	0.020	3.455
6128.600	0.022	3.455
6128.800	0.021	3.455
6129.000	0.022	3.455
6129.200	0.020	3.455
6129.400	0.020	3.455
6129.600	0.021	3.455
6129.800	0.021	3.455
6130.000	0.020	3.455
6130.200	0.021	3.455
6130.400	0.021	3.455
6130.600	0.020	3.455
6130.800	0.020	3.455
6131.000	0.021	3.455
6131.200	0.021	3.455
6131.400	0.018	3.455
6131.600	0.017	3.455
6131.800	0.019	3.455
6132.000	0.019	3.455
6132.200	0.020	3.455
6132.400	0.021	3.455
6132.600	0.020	3.455
6132.800	0.019	3.455
6133.000	0.019	3.455
6133.200	0.020	3.455
6133.400	0.021	3.455
6133.600	0.022	3.455
6133.800	0.023	3.455
6134.000	0.021	3.455
6134.200	0.021	3.455
6134.400	0.021	3.455
6134.600	0.020	3.455
6134.800	0.020	3.455
6135.000	0.020	3.455
6135.200	0.020	3.455
6135.400	0.020	3.455
6135.600	0.019	3.455
6135.800	0.019	3.455
6136.000	0.019	3.455
6136.200	0.019	3.455
6136.400	0.020	3.455
6136.600	0.018	3.455
6136.800	0.020	3.455
6137.000	0.021	3.455
6137.200	0.022	3.455
6137.400	0.020	3.455
6137.600	0.020	3.455
6137.800	0.021	3.455
6138.000	0.021	3.455
6138.200	0.020	3.455
6138.400	0.019	3.455
6138.600	0.020	3.455
6138.800	0.020	3.455
6139.000	0.021	3.455
6139.200	0.020	3.455
6139.400	0.021	3.455
6139.600	0.020	3.455
6139.800	0.018	3.455
6140.000	0.020	3.455
6140.200	0.019	3.455
6140.400	0.018	3.455
6140.600	0.019	3.455
6140.800	0.020	3.455
6141.000	0.021	3.455
6141.200	0.019	3.455
6141.400	0.019	3.455
6141.600	0.019	3.455
6141.800	0.019	3.455
6142.000	0.020	3.455
6142.200	0.021	3.455
6142.400	0.019	3.455
6142.600	0.018	3.455
6142.800	0.019	3.455
6143.000	0.020	3.455
6143.200	0.018	3.455
6143.400	0.020	3.455
6143.600	0.021	3.455
6143.800	0.021	3.455
6144.000	0.019	3.455
6144.200	0.020	3.455
6144.400	0.020	3.455
6144.600	0.019	3.455
6144.800	0.019	3.455
6145.000	0.018	3.455
6145.200	0.020	3.455
6145.400	0.020	3.455
6145.600	0.018	3.455
6145.800	0.019	3.455
6146.000	0.018	3.455
6146.200	0.019	3.455
6146.400	0.019	3.455
6146.600	0.019	3.455
6146.800	0.018	3.455
6147.000	0.020	3.455
6147.200	0.019	3.455
6147.400	0.017	3.455
6147.600	0.020	3.455
6147.800	0.020	3.455
6148.000	0.019	3.455
6148.200	0.020	3.455
6148.400	0.020	3.455
6148.600	0.019	3.455
6148.800	0.020	3.455
6149.000	0.021	3.455
6149.200	0.022	3.455
6149.400	0.021	3.455
6149.600	0.020	3.455
6149.800	0.019	3.455
6150.000	0.021	3.455
6150.200	0.020	3.455
6150.400	0.020	3.455
6150.600	0.021	3.455
6150.800	0.019	3.455
6151.000	0.018	3.455
6151.200	0.019	3.455
6151.400	0.019	3.455
6151.600	0.019	3.455
6151.800	0.018	3.455
6152.000	0.021	3.455
6152.200	0.020	3.455
6152.400	0.020	3.455
6152.600	0.020	3.455
6152.800	0.020	3.455
6153.000	0.019	3.455
6153.200	0.020	3.455
6153.400	0.020	3.455
6153.600	0.021	3.455
6153.800	0.020	3.455
6154.000	0.020	3.455
6154.200	0.019	3.455
6154.400	0.020	3.455
6154.600	0.021	3.455
6154.800	0.021	3.455
6155.000	0.022	3.455
6155.200	0.020	3.455
6155.400	0.019	3.455
6155.600	0.020	3.455
6155.800	0.021	3.455
6156.000	0.019	3.455
6156.200	0.019	3.455
6156.400	0.022	3.455
6156.600	0.022	3.455
6156.800	0.022	3.455
6157.000	0.022	3.455
6157.200	0.020	3.455
6157.400	0.020	3.455
6157.600	0.020	3.455
6157.800	0.020	3.455
6158.000	0.021	3.455
6158.200	0.019	3.455
6158.400	0.020	3.455
6158.600	0.020	3.455
6158.800	0.019	3.455
6159.000	0.020	3.455
6159.200	0.019	3.455
6159.400	0.021	3.455
6159.600	0.020	3.455
6159.800	0.020	3.455
6160.000	0.022	3.455
6160.200	0.022	3.455
6160.400	0.022	3.455
6160.600	0.020	3.455
6160.800	0.021	3.455
6161.000	0.022	3.455
6161.200	0.019	3.455
6161.400	0.020	3.455
6161.600	0.022	3.455
6161.800	0.019	3.455
6162.000	0.021	3.455
6162.200	0.021	3.455
6162.400	0.021	3.455
6162.600	0.021	3.455
6162.800	0.020	3.455
6163.000	0.021	3.455
6163.200	0.020	3.455
6163.400	0.020	3.455
6163.600	0.020	3.455
6163.800	0.021	3.455
6164.000	0.020	3.455
6164.200	0.020	3.455
6164.400	0.020	3.455
6164.600	0.019	3.455
6164.800	0.020	3.455
6165.000	0.020	3.455
6165.200	0.020	3.455
6165.400	0.020	3.455
6165.600	0.020	3.455
6165.800	0.020	3.455
6166.000	0.019	3.455
6166.200	0.019	3.455
6166.400	0.019	3.455
6166.600	0.019	3.455
6166.800	0.020	3.455
6167.000	0.019	3.455
6167.200	0.019	3.455
6167.400	0.021	3.455
6167.600	0.021	3.455
6167.800	0.018	3.455
6168.000	0.021	3.455
6168.200	0.019	3.455
6168.400	0.019	3.455
6168.600	0.019	3.455
6168.800	0.021	3.455
6169.000	0.020	3.455
6169.200	0.021	3.455
6169.400	0.021	3.455
6169.600	0.020	3.455
6169.800	0.019	3.455
6170.000	0.018	3.455
6170.200	0.020	3.455
6170.400	0.019	3.455
6170.600	0.019	3.455
6170.800	0.020	3.455
6171.000	0.019	3.455
6171.200	0.019	3.455
6171.400	0.019	3.455
6171.600	0.019	3.455
6171.800	0.019	3.455
6172.000	0.018	3.455
6172.200	0.019	3.455
6172.400	0.020	3.455
6172.600	0.020	3.455
6172.800	0.020	3.455
6173.000	0.020	3.455
6173.200	0.021	3.455
6173.400	0.021	3.455
6173.600	0.021	3.455
6173.800	0.021	3.455
6174.000	0.021	3.455
6174.200	0.022	3.455
6174.400	0.021	3.455
6174.600	0.020	3.455
6174.800	0.021	3.455
6175.000	0.020	3.455
6175.200	0.020	3.455
6175.400	0.021	3.455
6175.600	0.021	3.455
6175.800	0.021	3.455
6176.000	0.021	3.455
6176.200	0.021	3.455
6176.400	0.022	3.455
6176.600	0.023	3.455
6176.800	0.021	3.455
6177.000	0.021	3.455
6177.200	0.020	3.455
6177.400	0.020	3.455
6177.600	0.018	3.455
6177.800	0.020	3.455
6178.000	0.021	3.455
6178.200	0.020	3.455
6178.400	0.020	3.455
6178.600	0.020	3.455
6178.800	0.019	3.455
6179.000	0.019	3.455
6179.200	0.020	3.455
6179.400	0.022	3.455
6179.600	0.019	3.455
6179.800	0.020	3.455
6180.000	0.020	3.455
6180.200	0.022	3.455
6180.400	0.020	3.455
6180.600	0.022	3.455
6180.800	0.023	3.455
6181.000	0.020	3.455
6181.200	0.021	3.455
6181.400	0.021	3.455
6181.600	0.021	3.455
6181.800	0.022	3.455
6182.000	0.021	3.455
6182.200	0.022	3.455
6182.400	0.021	3.455
6182.600	0.021	3.455
6182.800	0.020	3.455
6183.000	0.020	3.455
6183.200	0.020	3.455
6183.400	0.021	3.455
6183.600	0.021	3.455
6183.800	0.021	3.455
6184.000	0.021	3.455
6184.200	0.020	3.455
6184.400	0.018	3.455
6184.600	0.020	3.455
6184.800	0.018	3.455
6185.000	0.020	3.455
6185.200	0.020	3.455
6185.400	0.018	3.455
6185.600	0.017	3.455
6185.800	0.018	3.455
6186.000	0.020	3.455
6186.200	0.020	3.455
6186.400	0.018	3.455
6186.600	0.019	3.455
6186.800	0.019	3.455
6187.000	0.018	3.455
6187.200	0.020	3.455
6187.400	0.020	3.455
6187.600	0.021	3.455
6187.800	0.019	3.455
6188.000	0.019	3.455
6188.200	0.022	3.455
6188.400	0.020	3.455
6188.600	0.020	3.455
6188.800	0.019	3.455
6189.000	0.020	3.455
6189.200	0.019	3.455
6189.400	0.020	3.455
6189.600	0.019	3.455
6189.800	0.019	3.455
6190.000	0.019	3.455
6190.200	0.017	3.455
6190.400	0.019	3.455
6190.600	0.019	3.455
6190.800	0.020	3.455
6191.000	0.020	3.455
6191.200	0.021	3.455
6191.400	0.020	3.455
6191.600	0.021	3.455
6191.800	0.021	3.455
6192.000	0.018	3.455
6192.200	0.020	3.455
6192.400	0.019	3.455
6192.600	0.019	3.455
6192.800	0.020	3.455
6193.000	0.021	3.455
6193.200	0.018	3.455
6193.400	0.019	3.455
6193.600	0.019	3.455
6193.800	0.019	3.455
6194.000	0.019	3.455
6194.200	0.020	3.455
6194.400	0.017	3.455
6194.600	0.020	3.455
6194.800	0.019	3.455
6195.000	0.019	3.455
6195.200	0.019	3.455
6195.400	0.019	3.455
6195.600	0.020	3.455
6195.800	0.019	3.455
6196.000	0.019	3.455
6196.200	0.019	3.455
6196.400	0.021	3.455
6196.600	0.020	3.455
6196.800	0.020	3.455
6197.000	0.021	3.455
6197.200	0.019	3.455
6197.400	0.020	3.455
6197.600	0.020	3.455
6197.800	0.019	3.455
6198.000	0.018	3.455
6198.200	0.019	3.455
6198.400	0.017	3.455
6198.600	0.018	3.455
6198.800	0.019	3.455
6199.000	0.018	3.455
6199.200	0.019	3.455
6199.400	0.019	3.455
6199.600	0.018	3.455
6199.800	0.020	3.455
6200.000	0.018	3.455
6200.200	0.018	3.455
6200.400	0.019	3.455
6200.600	0.019	3.455
6200.800	0.019	3.455
6201.000	0.019	3.455
6201.200	0.019	3.455
6201.400	0.019	3.455
6201.600	0.019	3.455
6201.800	0.019	3.455
6202.000	0.019	3.455
6202.200	0.019	3.455
6202.400	0.021	3.455
6202.600	0.020	3.455
6202.800	0.018	3.455
6203.000	0.018	3.455
6203.200	0.018	3.455
6203.400	0.019	3.455
6203.600	0.019	3.455
6203.800	0.018	3.455
6204.000	0.018	3.455
6204.200	0.017	3.455
6204.400	0.021	3.455
6204.600	0.019	3.455
6204.800	0.019	3.455
6205.000	0.018	3.455
6205.200	0.019	3.455
6205.400	0.016	3.455
6205.600	0.018	3.455
6205.800	0.018	3.455
6206.000	0.018	3.455
6206.200	0.017	3.455
6206.400	0.017	3.455
6206.600	0.019	3.455
6206.800	0.018	3.455
6207.000	0.017	3.455
6207.200	0.018	3.455
6207.400	0.019	3.455
6207.600	0.018	3.455
6207.800	0.019	3.455
6208.000	0.017	3.455
6208.200	0.020	3.455
6208.400	0.020	3.455
6208.600	0.023	3.455
6208.800	0.022	3.455
6209.000	0.021	3.455
6209.200	0.020	3.455
6209.400	0.021	3.455
6209.600	0.021	3.455
6209.800	0.020	3.455
6210.000	0.020	3.455
6210.200	0.019	3.455
6210.400	0.020	3.455
6210.600	0.019	3.455
6210.800	0.018	3.455
6211.000	0.018	3.455
6211.200	0.019	3.455
6211.400	0.019	3.455
6211.600	0.019	3.455
6211.800	0.020	3.455
6212.000	0.021	3.455
6212.200	0.020	3.455
6212.400	0.022	3.455
6212.600	0.020	3.455
6212.800	0.020	3.455
6213.000	0.020	3.455
6213.200	0.019	3.455
6213.400	0.019	3.455
6213.600	0.020	3.455
6213.800	0.021	3.455
6214.000	0.020	3.455
6214.200	0.020	3.455
6214.400	0.020	3.455
6214.600	0.020	3.455
6214.800	0.018	3.455
6215.000	0.018	3.455
6215.200	0.019	3.455
6215.400	0.018	3.455
6215.600	0.020	3.455
6215.800	0.018	3.455
6216.000	0.020	3.455
6216.200	0.020	3.455
6216.400	0.020	3.455
6216.600	0.019	3.455
6216.800	0.020	3.455
6217.000	0.020	3.455
6217.200	0.019	3.455
6217.400	0.020	3.455
6217.600	0.018	3.455
6217.800	0.020	3.455
6218.000	0.020	3.455
6218.200	0.021	3.455
6218.400	0.020	3.455
6218.600	0.021	3.455
6218.800	0.020	3.455
6219.000	0.020	3.455
6219.200	0.019	3.455
6219.400	0.021	3.455
6219.600	0.022	3.455
6219.800	0.020	3.455
6220.000	0.019	3.455
6220.200	0.020	3.455
6220.400	0.021	3.455
6220.600	0.017	3.455
6220.800	0.020	3.455
6221.000	0.019	3.455
6221.200	0.020	3.455
6221.400	0.020	3.455
6221.600	0.021	3.455
6221.800	0.021	3.455
6222.000	0.020	3.455
6222.200	0.020	3.455
6222.400	0.021	3.455
6222.600	0.020	3.455
6222.800	0.020	3.455
6223.000	0.019	3.455
6223.200	0.020	3.455
6223.400	0.021	3.455
6223.600	0.021	3.455
6223.800	0.019	3.455
6224.000	0.023	3.455
6224.200	0.022	3.455
6224.400	0.022	3.455
6224.600	0.021	3.455
6224.800	0.022	3.455
6225.000	0.022	3.455
6225.200	0.019	3.455
6225.400	0.021	3.455
6225.600	0.021	3.455
6225.800	0.021	3.455
6226.000	0.020	3.455
6226.200	0.021	3.455
6226.400	0.021	3.455
6226.600	0.022	3.455
6226.800	0.021	3.455
6227.000	0.020	3.455
6227.200	0.021	3.455
6227.400	0.020	3.455
6227.600	0.021	3.455
6227.800	0.021	3.455
6228.000	0.020	3.455
6228.200	0.019	3.455
6228.400	0.019	3.455
6228.600	0.019	3.455
6228.800	0.020	3.455
6229.000	0.021	3.455
6229.200	0.022	3.455
6229.400	0.022	3.455
6229.600	0.021	3.455
6229.800	0.022	3.455
6230.000	0.022	3.455
6230.200	0.022	3.455
6230.400	0.020	3.455
6230.600	0.021	3.455
6230.800	0.021	3.455
6231.000	0.021	3.455
6231.200	0.021	3.455
6231.400	0.021	3.455
6231.600	0.021	3.455
6231.800	0.021	3.455
6232.000	0.019	3.455
6232.200	0.021	3.455
6232.400	0.022	3.455
6232.600	0.022	3.455
6232.800	0.021	3.455
6233.000	0.020	3.455
6233.200	0.021	3.455
6233.400	0.023	3.455
6233.600	0.023	3.455
6233.800	0.022	3.455
6234.000	0.023	3.455
6234.200	0.021	3.455
6234.400	0.021	3.455
6234.600	0.020	3.455
6234.800	0.021	3.455
6235.000	0.022	3.455
6235.200	0.021	3.455
6235.400	0.020	3.455
6235.600	0.021	3.455
6235.800	0.020	3.455
6236.000	0.020	3.455
6236.200	0.022	3.455
6236.400	0.020	3.455
6236.600	0.020	3.455
6236.800	0.023	3.455
6237.000	0.020	3.455
6237.200	0.020	3.455
6237.400	0.021	3.455
6237.600	0.021	3.455
6237.800	0.018	3.455
6238.000	0.020	3.455
6238.200	0.021	3.455
6238.400	0.021	3.455
6238.600	0.020	3.455
6238.800	0.021	3.455
6239.000	0.021	3.455
6239.200	0.022	3.455
6239.400	0.021	3.455
6239.600	0.022	3.455
6239.800	0.022	3.455
6240.000	0.022	3.455
6240.200	0.022	3.455
6240.400	0.021	3.455
6240.600	0.021	3.455
6240.800	0.020	3.455
6241.000	0.021	3.455
6241.200	0.020	3.455
6241.400	0.020	3.455
6241.600	0.020	3.455
6241.800	0.020	3.455
6242.000	0.022	3.455
6242.200	0.022	3.455
6242.400	0.022	3.455
6242.600	0.022	3.455
6242.800	0.021	3.455
6243.000	0.021	3.455
6243.200	0.020	3.455
6243.400	0.020	3.455
6243.600	0.019	3.455
6243.800	0.020	3.455
6244.000	0.020	3.455
6244.200	0.019	3.455
6244.400	0.020	3.455
6244.600	0.019	3.455
6244.800	0.021	3.455
6245.000	0.019	3.455
6245.200	0.019	3.455
6245.400	0.020	3.455
6245.600	0.019	3.455
6245.800	0.020	3.455
6246.000	0.021	3.455
6246.200	0.020	3.455
6246.400	0.020	3.455
6246.600	0.021	3.455
6246.800	0.022	3.455
6247.000	0.020	3.455
6247.200	0.020	3.455
6247.400	0.020	3.455
6247.600	0.021	3.455
6247.800	0.019	3.455
6248.000	0.020	3.455
6248.200	0.021	3.455
6248.400	0.021	3.455
6248.600	0.022	3.455
6248.800	0.020	3.455
6249.000	0.021	3.455
6249.200	0.021	3.455
6249.400	0.021	3.455
6249.600	0.021	3.455
6249.800	0.020	3.455
6250.000	0.022	3.455
6250.200	0.020	3.455
6250.400	0.021	3.455
6250.600	0.021	3.455
6250.800	0.021	3.455
6251.000	0.021	3.455
6251.200	0.021	3.455
6251.400	0.022	3.455
6251.600	0.022	3.455
6251.800	0.022	3.455
6252.000	0.024	3.455
6252.200	0.021	3.455
6252.400	0.021	3.455
6252.600	0.021	3.455
6252.800	0.021	3.455
6253.000	0.021	3.455
6253.200	0.021	3.455
6253.400	0.021	3.455
6253.600	0.020	3.455
6253.800	0.021	3.455
6254.000	0.021	3.455
6254.200	0.020	3.455
6254.400	0.022	3.455
6254.600	0.022	3.455
6254.800	0.020	3.455
6255.000	0.021	3.455
6255.200	0.021	3.455
6255.400	0.022	3.455
6255.600	0.021	3.455
6255.800	0.022	3.455
6256.000	0.023	3.455
6256.200	0.023	3.455
6256.400	0.020	3.455
6256.600	0.020	3.455
6256.800	0.021	3.455
6257.000	0.021	3.455
6257.200	0.022	3.455
6257.400	0.021	3.455
6257.600	0.021	3.455
6257.800	0.021	3.455
6258.000	0.021	3.455
6258.200	0.021	3.455
6258.400	0.021	3.455
6258.600	0.021	3.455
6258.800	0.020	3.455
6259.000	0.020	3.455
6259.200	0.021	3.455
6259.400	0.019	3.455
6259.600	0.021	3.455
6259.800	0.021	3.455
6260.000	0.020	3.455
6260.200	0.020	3.455
6260.400	0.021	3.455
6260.600	0.019	3.455
6260.800	0.020	3.455
6261.000	0.023	3.455
6261.200	0.021	3.455
6261.400	0.020	3.455
6261.600	0.020	3.455
6261.800	0.021	3.455
6262.000	0.021	3.455
6262.200	0.020	3.455
6262.400	0.022	3.455
6262.600	0.022	3.455
6262.800	0.022	3.455
6263.000	0.022	3.455
6263.200	0.023	3.455
6263.400	0.023	3.455
6263.600	0.022	3.455
6263.800	0.023	3.455
6264.000	0.023	3.455
6264.200	0.020	3.455
6264.400	0.020	3.455
6264.600	0.021	3.455
6264.800	0.022	3.455
6265.000	0.021	3.455
6265.200	0.023	3.455
6265.400	0.022	3.455
6265.600	0.022	3.455
6265.800	0.023	3.455
6266.000	0.021	3.455
6266.200	0.020	3.455
6266.400	0.021	3.455
6266.600	0.021	3.455
6266.800	0.022	3.455
6267.000	0.020	3.455
6267.200	0.021	3.455
6267.400	0.020	3.455
6267.600	0.023	3.455
6267.800	0.022	3.455
6268.000	0.022	3.455
6268.200	0.022	3.455
6268.400	0.023	3.455
6268.600	0.022	3.455
6268.800	0.021	3.455
6269.000	0.021	3.455
6269.200	0.020	3.455
6269.400	0.020	3.455
6269.600	0.021	3.455
6269.800	0.020	3.455
6270.000	0.022	3.455
6270.200	0.021	3.455
6270.400	0.021	3.455
6270.600	0.020	3.455
6270.800	0.020	3.455
6271.000	0.022	3.455
6271.200	0.022	3.455
6271.400	0.022	3.455
6271.600	0.021	3.455
6271.800	0.021	3.455
6272.000	0.022	3.455
6272.200	0.021	3.455
6272.400	0.022	3.455
6272.600	0.023	3.455
6272.800	0.021	3.455
6273.000	0.022	3.455
6273.200	0.021	3.455
6273.400	0.021	3.455
6273.600	0.022	3.455
6273.800	0.023	3.455
6274.000	0.023	3.455
6274.200	0.023	3.455
6274.400	0.022	3.455
6274.600	0.021	3.455
6274.800	0.022	3.455
6275.000	0.021	3.455
6275.200	0.022	3.455
6275.400	0.021	3.455
6275.600	0.020	3.455
6275.800	0.021	3.455
6276.000	0.021	3.455
6276.200	0.022	3.455
6276.400	0.020	3.455
6276.600	0.019	3.455
6276.800	0.020	3.455
6277.000	0.022	3.455
6277.200	0.020	3.455
6277.400	0.022	3.455
6277.600	0.022	3.455
6277.800	0.023	3.455
6278.000	0.021	3.455
6278.200	0.021	3.455
6278.400	0.020	3.455
6278.600	0.022	3.455
6278.800	0.021	3.455
6279.000	0.022	3.455
6279.200	0.021	3.455
6279.400	0.021	3.455
6279.600	0.022	3.455
6279.800	0.022	3.455
6280.000	0.021	3.455
6280.200	0.021	3.455
6280.400	0.021	3.455
6280.600	0.020	3.455
6280.800	0.021	3.455
6281.000	0.021	3.455
6281.200	0.021	3.455
6281.400	0.020	3.455
6281.600	0.020	3.455
6281.800	0.020	3.455
6282.000	0.019	3.455
6282.200	0.018	3.455
6282.400	0.020	3.455
6282.600	0.021	3.455
6282.800	0.022	3.455
6283.000	0.021	3.455
6283.200	0.020	3.455
6283.400	0.020	3.455
6283.600	0.020	3.455
6283.800	0.021	3.455
6284.000	0.021	3.455
6284.200	0.019	3.455
6284.400	0.021	3.455
6284.600	0.020	3.455
6284.800	0.020	3.455
6285.000	0.020	3.455
6285.200	0.020	3.455
6285.400	0.020	3.455
6285.600	0.022	3.455
6285.800	0.021	3.455
6286.000	0.022	3.455
6286.200	0.020	3.455
6286.400	0.021	3.455
6286.600	0.020	3.455
6286.800	0.021	3.455
6287.000	0.020	3.455
6287.200	0.022	3.455
6287.400	0.020	3.455
6287.600	0.020	3.455
6287.800	0.019	3.455
6288.000	0.018	3.455
6288.200	0.019	3.455
6288.400	0.018	3.455
6288.600	0.018	3.455
6288.800	0.019	3.455
6289.000	0.018	3.455
6289.200	0.020	3.455
6289.400	0.016	3.455
6289.600	0.018	3.455
6289.800	0.020	3.455
6290.000	0.020	3.455
6290.200	0.018	3.455
6290.400	0.020	3.455
6290.600	0.020	3.455
6290.800	0.021	3.455
6291.000	0.019	3.455
6291.200	0.020	3.455
6291.400	0.021	3.455
6291.600	0.022	3.455
6291.800	0.023	3.455
6292.000	0.021	3.455
6292.200	0.023	3.455
6292.400	0.021	3.455
6292.600	0.022	3.455
6292.800	0.021	3.455
6293.000	0.021	3.455
6293.200	0.020	3.455
6293.400	0.019	3.455
6293.600	0.020	3.455
6293.800	0.020	3.455
6294.000	0.022	3.455
6294.200	0.021	3.455
6294.400	0.021	3.455
6294.600	0.022	3.455
6294.800	0.022	3.455
6295.000	0.022	3.455
6295.200	0.020	3.455
6295.400	0.023	3.455
6295.600	0.021	3.455
6295.800	0.020	3.455
6296.000	0.020	3.455
6296.200	0.023	3.455
6296.400	0.022	3.455
6296.600	0.021	3.455
6296.800	0.022	3.455
6297.000	0.022	3.455
6297.200	0.021	3.455
6297.400	0.022	3.455
6297.600	0.021	3.455
6297.800	0.022	3.455
6298.000	0.022	3.455
6298.200	0.022	3.455
6298.400	0.020	3.455
6298.600	0.020	3.455
6298.800	0.020	3.455
6299.000	0.019	3.455
6299.200	0.020	3.455
6299.400	0.021	3.455
6299.600	0.021	3.455
6299.800	0.022	3.455
6300.000	0.019	3.455
6300.200	0.019	3.455
6300.400	0.020	3.455
6300.600	0.021	3.455
6300.800	0.022	3.455
6301.000	0.021	3.455
6301.200	0.021	3.455
6301.400	0.022	3.455
6301.600	0.021	3.455
6301.800	0.021	3.455
6302.000	0.020	3.455
6302.200	0.019	3.455
6302.400	0.019	3.455
6302.600	0.020	3.455
6302.800	0.022	3.455
6303.000	0.020	3.455
6303.200	0.022	3.455
6303.400	0.019	3.455
6303.600	0.021	3.455
6303.800	0.018	3.455
6304.000	0.019	3.455
6304.200	0.020	3.455
6304.400	0.020	3.455
6304.600	0.021	3.455
6304.800	0.021	3.455
6305.000	0.020	3.455
6305.200	0.022	3.455
6305.400	0.020	3.455
6305.600	0.022	3.455
6305.800	0.021	3.455
6306.000	0.021	3.455
6306.200	0.020	3.455
6306.400	0.021	3.455
6306.600	0.022	3.455
6306.800	0.022	3.455
6307.000	0.021	3.455
6307.200	0.022	3.455
6307.400	0.022	3.455
6307.600	0.022	3.455
6307.800	0.020	3.455
6308.000	0.021	3.455
6308.200	0.022	3.455
6308.400	0.023	3.455
6308.600	0.023	3.455
6308.800	0.020	3.455
6309.000	0.022	3.455
6309.200	0.021	3.455
6309.400	0.021	3.455
6309.600	0.021	3.455
6309.800	0.022	3.455
6310.000	0.022	3.455
6310.200	0.023	3.455
6310.400	0.022	3.455
6310.600	0.023	3.455
6310.800	0.024	3.455
6311.000	0.021	3.455
6311.200	0.023	3.455
6311.400	0.022	3.455
6311.600	0.022	3.455
6311.800	0.022	3.455
6312.000	0.021	3.455
6312.200	0.020	3.455
6312.400	0.020	3.455
6312.600	0.020	3.455
6312.800	0.020	3.455
6313.000	0.020	3.455
6313.200	0.022	3.455
6313.400	0.020	3.455
6313.600	0.022	3.455
6313.800	0.021	3.455
6314.000	0.021	3.455
6314.200	0.021	3.455
6314.400	0.022	3.455
6314.600	0.022	3.455
6314.800	0.021	3.455
6315.000	0.022	3.455
6315.200	0.022	3.455
6315.400	0.020	3.455
6315.600	0.021	3.455
6315.800	0.020	3.455
6316.000	0.022	3.455
6316.200	0.021	3.455
6316.400	0.022	3.455
6316.600	0.020	3.455
6316.800	0.022	3.455
6317.000	0.020	3.455
6317.200	0.022	3.455
6317.400	0.023	3.455
6317.600	0.022	3.455
6317.800	0.022	3.455
6318.000	0.020	3.455
6318.200	0.021	3.455
6318.400	0.021	3.455
6318.600	0.020	3.455
6318.800	0.020	3.455
6319.000	0.020	3.455
6319.200	0.020	3.455
6319.400	0.021	3.455
6319.600	0.021	3.455
6319.800	0.020	3.455
6320.000	0.022	3.455
6320.200	0.021	3.455
6320.400	0.020	3.455
6320.600	0.020	3.455
6320.800	0.020	3.455
6321.000	0.020	3.455
6321.200	0.020	3.455
6321.400	0.019	3.455
6321.600	0.019	3.455
6321.800	0.019	3.455
6322.000	0.020	3.455
6322.200	0.018	3.455
6322.400	0.021	3.455
6322.600	0.017	3.455
6322.800	0.019	3.455
6323.000	0.020	3.455
6323.200	0.020	3.455
6323.400	0.019	3.455
6323.600	0.021	3.455
6323.800	0.021	3.455
6324.000	0.021	3.455
6324.200	0.020	3.455
6324.400	0.020	3.455
6324.600	0.022	3.455
6324.800	0.021	3.455
6325.000	0.023	3.455
6325.200	0.022	3.455
6325.400	0.021	3.455
6325.600	0.019	3.455
6325.800	0.021	3.455
6326.000	0.020	3.455
6326.200	0.021	3.455
6326.400	0.018	3.455
6326.600	0.020	3.455
6326.800	0.020	3.455
6327.000	0.020	3.455
6327.200	0.020	3.455
6327.400	0.020	3.455
6327.600	0.020	3.455
6327.800	0.019	3.455
6328.000	0.020	3.455
6328.200	0.022	3.455
6328.400	0.021	3.455
6328.600	0.021	3.455
6328.800	0.020	3.455
6329.000	0.021	3.455
6329.200	0.018	3.455
6329.400	0.021	3.455
6329.600	0.020	3.455
6329.800	0.021	3.455
6330.000	0.021	3.455
6330.200	0.021	3.455
6330.400	0.022	3.455
6330.600	0.021	3.455
6330.800	0.022	3.455
6331.000	0.021	3.455
6331.200	0.022	3.455
6331.400	0.022	3.455
6331.600	0.021	3.455
6331.800	0.019	3.455
6332.000	0.021	3.455
6332.200	0.020	3.455
6332.400	0.021	3.455
6332.600	0.020	3.455
6332.800	0.020	3.455
6333.000	0.022	3.455
6333.200	0.020	3.455
6333.400	0.020	3.455
6333.600	0.020	3.455
6333.800	0.020	3.455
6334.000	0.020	3.455
6334.200	0.020	3.455
6334.400	0.019	3.455
6334.600	0.020	3.455
6334.800	0.020	3.455
6335.000	0.020	3.455
6335.200	0.020	3.455
6335.400	0.021	3.455
6335.600	0.019	3.455
6335.800	0.020	3.455
6336.000	0.021	3.455
6336.200	0.021	3.455
6336.400	0.022	3.455
6336.600	0.022	3.455
6336.800	0.021	3.455
6337.000	0.021	3.455
6337.200	0.023	3.455
6337.400	0.020	3.455
6337.600	0.020	3.455
6337.800	0.022	3.455
6338.000	0.021	3.455
6338.200	0.023	3.455
6338.400	0.022	3.455
6338.600	0.023	3.455
6338.800	0.022	3.455
6339.000	0.022	3.455
6339.200	0.023	3.455
6339.400	0.022	3.455
6339.600	0.024	3.455
6339.800	0.024	3.455
6340.000	0.023	3.455
6340.200	0.023	3.455
6340.400	0.023	3.455
6340.600	0.023	3.455
6340.800	0.023	3.455
6341.000	0.023	3.455
6341.200	0.023	3.455
6341.400	0.022	3.455
6341.600	0.021	3.455
6341.800	0.021	3.455
6342.000	0.022	3.455
6342.200	0.021	3.455
6342.400	0.023	3.455
6342.600	0.024	3.455
6342.800	0.024	3.455
6343.000	0.023	3.455
6343.200	0.022	3.455
6343.400	0.022	3.455
6343.600	0.022	3.455
6343.800	0.022	3.455
6344.000	0.021	3.455
6344.200	0.023	3.455
6344.400	0.021	3.455
6344.600	0.022	3.455
6344.800	0.021	3.455
6345.000	0.022	3.455
6345.200	0.022	3.455
6345.400	0.023	3.455
6345.600	0.021	3.455
6345.800	0.021	3.455
6346.000	0.021	3.455
6346.200	0.022	3.455
6346.400	0.022	3.455
6346.600	0.021	3.455
6346.800	0.022	3.455
6347.000	0.022	3.455
6347.200	0.022	3.455
6347.400	0.021	3.455
6347.600	0.022	3.455
6347.800	0.021	3.455
6348.000	0.021	3.455
6348.200	0.022	3.455
6348.400	0.023	3.455
6348.600	0.022	3.455
6348.800	0.023	3.455
6349.000	0.023	3.455
6349.200	0.021	3.455
6349.400	0.022	3.455
6349.600	0.023	3.455
6349.800	0.022	3.455
6350.000	0.021	3.455
6350.200	0.022	3.455
6350.400	0.021	3.455
6350.600	0.021	3.455
6350.800	0.022	3.455
6351.000	0.022	3.455
6351.200	0.020	3.455
6351.400	0.020	3.455
6351.600	0.021	3.455
6351.800	0.022	3.455
6352.000	0.021	3.455
6352.200	0.020	3.455
6352.400	0.022	3.455
6352.600	0.022	3.455
6352.800	0.023	3.455
6353.000	0.022	3.455
6353.200	0.020	3.455
6353.400	0.021	3.455
6353.600	0.022	3.455
6353.800	0.022	3.455
6354.000	0.020	3.455
6354.200	0.021	3.455
6354.400	0.021	3.455
6354.600	0.021	3.455
6354.800	0.021	3.455
6355.000	0.022	3.455
6355.200	0.022	3.455
6355.400	0.020	3.455
6355.600	0.023	3.455
6355.800	0.022	3.455
6356.000	0.021	3.455
6356.200	0.022	3.455
6356.400	0.022	3.455
6356.600	0.022	3.455
6356.800	0.022	3.455
6357.000	0.021	3.455
6357.200	0.021	3.455
6357.400	0.021	3.455
6357.600	0.021	3.455
6357.800	0.023	3.455
6358.000	0.023	3.455
6358.200	0.022	3.455
6358.400	0.022	3.455
6358.600	0.022	3.455
6358.800	0.021	3.455
6359.000	0.022	3.455
6359.200	0.019	3.455
6359.400	0.021	3.455
6359.600	0.020	3.455
6359.800	0.021	3.455
6360.000	0.019	3.455
6360.200	0.022	3.455
6360.400	0.021	3.455
6360.600	0.020	3.455
6360.800	0.020	3.455
6361.000	0.022	3.455
6361.200	0.021	3.455
6361.400	0.020	3.455
6361.600	0.023	3.455
6361.800	0.020	3.455
6362.000	0.022	3.455
6362.200	0.020	3.455
6362.400	0.021	3.455
6362.600	0.022	3.455
6362.800	0.020	3.455
6363.000	0.019	3.455
6363.200	0.022	3.455
6363.400	0.021	3.455
6363.600	0.020	3.455
6363.800	0.020	3.455
6364.000	0.019	3.455
6364.200	0.020	3.455
6364.400	0.019	3.455
6364.600	0.020	3.455
6364.800	0.019	3.455
6365.000	0.020	3.455
6365.200	0.020	3.455
6365.400	0.022	3.455
6365.600	0.022	3.455
6365.800	0.021	3.455
6366.000	0.020	3.455
6366.200	0.023	3.455
6366.400	0.021	3.455
6366.600	0.022	3.455
6366.800	0.020	3.455
6367.000	0.022	3.455
6367.200	0.020	3.455
6367.400	0.021	3.455
6367.600	0.021	3.455
6367.800	0.022	3.455
6368.000	0.023	3.455
6368.200	0.023	3.455
6368.400	0.023	3.455
6368.600	0.023	3.455
6368.800	0.023	3.455
6369.000	0.024	3.455
6369.200	0.023	3.455
6369.400	0.022	3.455
6369.600	0.021	3.455
6369.800	0.019	3.455
6370.000	0.022	3.455
6370.200	0.023	3.455
6370.400	0.022	3.455
6370.600	0.022	3.455
6370.800	0.022	3.455
6371.000	0.022	3.455
6371.200	0.022	3.455
6371.400	0.023	3.455
6371.600	0.023	3.455
6371.800	0.022	3.455
6372.000	0.021	3.455
6372.200	0.022	3.455
6372.400	0.019	3.455
6372.600	0.021	3.455
6372.800	0.021	3.455
6373.000	0.021	3.455
6373.200	0.023	3.455
6373.400	0.023	3.455
6373.600	0.022	3.455
6373.800	0.023	3.455
6374.000	0.023	3.455
6374.200	0.023	3.455
6374.400	0.022	3.455
6374.600	0.025	3.455
6374.800	0.025	3.455
6375.000	0.024	3.455
6375.200	0.025	3.455
6375.400	0.024	3.455
6375.600	0.025	3.455
6375.800	0.024	3.455
6376.000	0.024	3.455
6376.200	0.024	3.455
6376.400	0.023	3.455
6376.600	0.021	3.455
6376.800	0.021	3.455
6377.000	0.023	3.455
6377.200	0.024	3.455
6377.400	0.024	3.455
6377.600	0.023	3.455
6377.800	0.021	3.455
6378.000	0.024	3.455
6378.200	0.021	3.455
6378.400	0.021	3.455
6378.600	0.022	3.455
6378.800	0.021	3.455
6379.000	0.021	3.455
6379.200	0.020	3.455
6379.400	0.021	3.455
6379.600	0.022	3.455
6379.800	0.023	3.455
6380.000	0.023	3.455
6380.200	0.021	3.455
6380.400	0.023	3.455
6380.600	0.021	3.455
6380.800	0.020	3.455
6381.000	0.020	3.455
6381.200	0.022	3.455
6381.400	0.022	3.455
6381.600	0.022	3.455
6381.800	0.021	3.455
6382.000	0.021	3.455
6382.200	0.021	3.455
6382.400	0.020	3.455
6382.600	0.021	3.455
6382.800	0.020	3.455
6383.000	0.023	3.455
6383.200	0.021	3.455
6383.400	0.021	3.455
6383.600	0.020	3.455
6383.800	0.021	3.455
6384.000	0.021	3.455
6384.200	0.022	3.455
6384.400	0.021	3.455
6384.600	0.020	3.455
6384.800	0.021	3.455
6385.000	0.021	3.455
6385.200	0.022	3.455
6385.400	0.021	3.455
6385.600	0.021	3.455
6385.800	0.021	3.455
6386.000	0.022	3.455
6386.200	0.020	3.455
6386.400	0.022	3.455
6386.600	0.020	3.455
6386.800	0.020	3.455
6387.000	0.020	3.455
6387.200	0.021	3.455
6387.400	0.021	3.455
6387.600	0.019	3.455
6387.800	0.021	3.455
6388.000	0.019	3.455
6388.200	0.021	3.455
6388.400	0.021	3.455
6388.600	0.021	3.455
6388.800	0.019	3.455
6389.000	0.023	3.455
6389.200	0.020	3.455
6389.400	0.021	3.455
6389.600	0.021	3.455
6389.800	0.020	3.455
6390.000	0.019	3.455
6390.200	0.020	3.455
6390.400	0.020	3.455
6390.600	0.020	3.455
6390.800	0.021	3.455
6391.000	0.023	3.455
6391.200	0.020	3.455
6391.400	0.020	3.455
6391.600	0.021	3.455
6391.800	0.020	3.455
6392.000	0.020	3.455
6392.200	0.020	3.455
6392.400	0.021	3.455
6392.600	0.023	3.455
6392.800	0.022	3.455
6393.000	0.022	3.455
6393.200	0.022	3.455
6393.400	0.022	3.455
6393.600	0.022	3.455
6393.800	0.022	3.455
6394.000	0.022	3.455
6394.200	0.021	3.455
6394.400	0.021	3.455
6394.600	0.021	3.455
6394.800	0.021	3.455
6395.000	0.022	3.455
6395.200	0.020	3.455
6395.400	0.021	3.455
6395.600	0.021	3.455
6395.800	0.020	3.455
6396.000	0.023	3.455
6396.200	0.022	3.455
6396.400	0.020	3.455
6396.600	0.020	3.455
6396.800	0.022	3.455
6397.000	0.023	3.455
6397.200	0.021	3.455
6397.400	0.021	3.455
6397.600	0.020	3.455
6397.800	0.023	3.455
6398.000	0.021	3.455
6398.200	0.023	3.455
6398.400	0.023	3.455
6398.600	0.020	3.455
6398.800	0.021	3.455
6399.000	0.021	3.455
6399.200	0.021	3.455
6399.400	0.021	3.455
6399.600	0.019	3.455
6399.800	0.019	3.455
6400.000	0.022	3.455
6400.200	0.020	3.455
6400.400	0.021	3.455
6400.600	0.022	3.455
6400.800	0.022	3.455
6401.000	0.023	3.455
6401.200	0.022	3.455
6401.400	0.021	3.455
6401.600	0.021	3.455
6401.800	0.020	3.455
6402.000	0.022	3.455
6402.200	0.022	3.455
6402.400	0.022	3.455
6402.600	0.021	3.455
6402.800	0.020	3.455
6403.000	0.021	3.455
6403.200	0.020	3.455
6403.400	0.022	3.455
6403.600	0.022	3.455
6403.800	0.021	3.455
6404.000	0.020	3.455
6404.200	0.021	3.455
6404.400	0.021	3.455
6404.600	0.021	3.455
6404.800	0.021	3.455
6405.000	0.020	3.455
6405.200	0.020	3.455
6405.400	0.020	3.455
6405.600	0.020	3.455
6405.800	0.022	3.455
6406.000	0.020	3.455
6406.200	0.020	3.455
6406.400	0.022	3.455
6406.600	0.019	3.455
6406.800	0.020	3.455
6407.000	0.020	3.455
6407.200	0.020	3.455
6407.400	0.022	3.455
6407.600	0.021	3.455
6407.800	0.021	3.455
6408.000	0.021	3.455
6408.200	0.022	3.455
6408.400	0.023	3.455
6408.600	0.021	3.455
6408.800	0.020	3.455
6409.000	0.018	3.455
6409.200	0.018	3.455
6409.400	0.020	3.455
6409.600	0.020	3.455
6409.800	0.018	3.455
6410.000	0.020	3.455
6410.200	0.020	3.455
6410.400	0.021	3.455
6410.600	0.020	3.455
6410.800	0.019	3.455
6411.000	0.021	3.455
6411.200	0.021	3.455
6411.400	0.018	3.455
6411.600	0.020	3.455
6411.800	0.021	3.455
6412.000	0.020	3.455
6412.200	0.021	3.455
6412.400	0.020	3.455
6412.600	0.019	3.455
6412.800	0.018	3.455
6413.000	0.018	3.455
6413.200	0.020	3.455
6413.400	0.018	3.455
6413.600	0.020	3.455
6413.800	0.019	3.455
6414.000	0.018	3.455
6414.200	0.019	3.455
6414.400	0.020	3.455
6414.600	0.018	3.455
6414.800	0.019	3.455
6415.000	0.018	3.455
6415.200	0.020	3.455
6415.400	0.019	3.455
6415.600	0.018	3.455
6415.800	0.019	3.455
6416.000	0.020	3.455
6416.200	0.019	3.455
6416.400	0.019	3.455
6416.600	0.019	3.455
6416.800	0.018	3.455
6417.000	0.019	3.455
6417.200	0.019	3.455
6417.400	0.019	3.455
6417.600	0.017	3.455
6417.800	0.018	3.455
6418.000	0.019	3.455
6418.200	0.020	3.455
6418.400	0.018	3.455
6418.600	0.018	3.455
6418.800	0.019	3.455
6419.000	0.019	3.455
6419.200	0.019	3.455
6419.400	0.020	3.455
6419.600	0.019	3.455
6419.800	0.017	3.455
6420.000	0.018	3.455
6420.200	0.018	3.455
6420.400	0.019	3.455
6420.600	0.020	3.455
6420.800	0.019	3.455
6421.000	0.018	3.455
6421.200	0.020	3.455
6421.400	0.018	3.455
6421.600	0.018	3.455
6421.800	0.019	3.455
6422.000	0.021	3.455
6422.200	0.019	3.455
6422.400	0.018	3.455
6422.600	0.019	3.455
6422.800	0.019	3.455
6423.000	0.022	3.455
6423.200	0.021	3.455
6423.400	0.022	3.455
6423.600	0.020	3.455
6423.800	0.019	3.455
6424.000	0.020	3.455
6424.200	0.019	3.455
6424.400	0.020	3.455
6424.600	0.020	3.455
6424.800	0.020	3.455
6425.000	0.019	3.455
6425.200	0.018	3.455
6425.400	0.018	3.455
6425.600	0.019	3.455
6425.800	0.019	3.455
6426.000	0.020	3.455
6426.200	0.021	3.455
6426.400	0.020	3.455
6426.600	0.020	3.455
6426.800	0.020	3.455
6427.000	0.020	3.455
6427.200	0.019	3.455
6427.400	0.019	3.455
6427.600	0.019	3.455
6427.800	0.019	3.455
6428.000	0.018	3.455
6428.200	0.019	3.455
6428.400	0.018	3.455
6428.600	0.019	3.455
6428.800	0.018	3.455
6429.000	0.019	3.455
6429.200	0.019	3.455
6429.400	0.019	3.455
6429.600	0.018	3.455
6429.800	0.018	3.455
6430.000	0.019	3.455
6430.200	0.018	3.455
6430.400	0.018	3.455
6430.600	0.017	3.455
6430.800	0.019	3.455
6431.000	0.018	3.455
6431.200	0.021	3.455
6431.400	0.018	3.455
6431.600	0.021	3.455
6431.800	0.018	3.455
6432.000	0.019	3.455
6432.200	0.020	3.455
6432.400	0.020	3.455
6432.600	0.017	3.455
6432.800	0.017	3.455
6433.000	0.018	3.455
6433.200	0.018	3.455
6433.400	0.019	3.455
6433.600	0.020	3.455
6433.800	0.018	3.455
6434.000	0.021	3.455
6434.200	0.019	3.455
6434.400	0.020	3.455
6434.600	0.021	3.455
6434.800	0.020	3.455
6435.000	0.020	3.455
6435.200	0.020	3.455
6435.400	0.021	3.455
6435.600	0.021	3.455
6435.800	0.020	3.455
6436.000	0.020	3.455
6436.200	0.018	3.455
6436.400	0.020	3.455
6436.600	0.021	3.455
6436.800	0.021	3.455
6437.000	0.020	3.455
6437.200	0.020	3.455
6437.400	0.018	3.455
6437.600	0.019	3.455
6437.800	0.021	3.455
6438.000	0.020	3.455
6438.200	0.020	3.455
6438.400	0.021	3.455
6438.600	0.021	3.455
6438.800	0.019	3.455
6439.000	0.020	3.455
6439.200	0.019	3.455
6439.400	0.020	3.455
6439.600	0.019	3.455
6439.800	0.019	3.455
6440.000	0.020	3.455
6440.200	0.019	3.455
6440.400	0.018	3.455
6440.600	0.021	3.455
6440.800	0.018	3.455
6441.000	0.018	3.455
6441.200	0.017	3.455
6441.400	0.019	3.455
6441.600	0.021	3.455
6441.800	0.019	3.455
6442.000	0.019	3.455
6442.200	0.018	3.455
6442.400	0.018	3.455
6442.600	0.019	3.455
6442.800	0.020	3.455
6443.000	0.020	3.455
6443.200	0.021	3.455
6443.400	0.021	3.455
6443.600	0.021	3.455
6443.800	0.019	3.455
6444.000	0.021	3.455
6444.200	0.020	3.455
6444.400	0.020	3.455
6444.600	0.020	3.455
6444.800	0.019	3.455
6445.000	0.020	3.455
6445.200	0.020	3.455
6445.400	0.022	3.455
6445.600	0.020	3.455
6445.800	0.020	3.455
6446.000	0.020	3.455
6446.200	0.019	3.455
6446.400	0.020	3.455
6446.600	0.020	3.455
6446.800	0.021	3.455
6447.000	0.021	3.455
6447.200	0.020	3.455
6447.400	0.019	3.455
6447.600	0.022	3.455
6447.800	0.019	3.455
6448.000	0.019	3.455
6448.200	0.021	3.455
6448.400	0.021	3.455
6448.600	0.020	3.455
6448.800	0.021	3.455
6449.000	0.021	3.455
6449.200	0.020	3.455
6449.400	0.020	3.455
6449.600	0.021	3.455
6449.800	0.022	3.455
6450.000	0.021	3.455
6450.200	0.020	3.455
6450.400	0.020	3.455
6450.600	0.021	3.455
6450.800	0.021	3.455
6451.000	0.020	3.455
6451.200	0.021	3.455
6451.400	0.020	3.455
6451.600	0.020	3.455
6451.800	0.021	3.455
6452.000	0.021	3.455
6452.200	0.020	3.455
6452.400	0.020	3.455
6452.600	0.021	3.455
6452.800	0.021	3.455
6453.000	0.020	3.455
6453.200	0.019	3.455
6453.400	0.020	3.455
6453.600	0.023	3.455
6453.800	0.021	3.455
6454.000	0.020	3.455
6454.200	0.021	3.455
6454.400	0.021	3.455
6454.600	0.020	3.455
6454.800	0.021	3.455
6455.000	0.021	3.455
6455.200	0.020	3.455
6455.400	0.022	3.455
6455.600	0.022	3.455
6455.800	0.020	3.455
6456.000	0.021	3.455
6456.200	0.021	3.455
6456.400	0.021	3.455
6456.600	0.023	3.455
6456.800	0.021	3.455
6457.000	0.023	3.455
6457.200	0.022	3.455
6457.400	0.021	3.455
6457.600	0.019	3.455
6457.800	0.021	3.455
6458.000	0.020	3.455
6458.200	0.018	3.455
6458.400	0.020	3.455
6458.600	0.021	3.455
6458.800	0.021	3.455
6459.000	0.020	3.455
6459.200	0.020	3.455
6459.400	0.021	3.455
6459.600	0.020	3.455
6459.800	0.020	3.455
6460.000	0.019	3.455
6460.200	0.020	3.455
6460.400	0.021	3.455
6460.600	0.020	3.455
6460.800	0.020	3.455
6461.000	0.018	3.455
6461.200	0.021	3.455
6461.400	0.021	3.455
6461.600	0.022	3.455
6461.800	0.022	3.455
6462.000	0.022	3.455
6462.200	0.022	3.455
6462.400	0.020	3.455
6462.600	0.023	3.455
6462.800	0.022	3.455
6463.000	0.021	3.455
6463.200	0.021	3.455
6463.400	0.019	3.455
6463.600	0.020	3.455
6463.800	0.021	3.455
6464.000	0.021	3.455
6464.200	0.021	3.455
6464.400	0.019	3.455
6464.600	0.021	3.455
6464.800	0.022	3.455
6465.000	0.021	3.455
6465.200	0.020	3.455
6465.400	0.021	3.455
6465.600	0.020	3.455
6465.800	0.020	3.455
6466.000	0.020	3.455
6466.200	0.018	3.455
6466.400	0.018	3.455
6466.600	0.018	3.455
6466.800	0.019	3.455
6467.000	0.020	3.455
6467.200	0.019	3.455
6467.400	0.019	3.455
6467.600	0.019	3.455
6467.800	0.019	3.455
6468.000	0.018	3.455
6468.200	0.021	3.455
6468.400	0.018	3.455
6468.600	0.018	3.455
6468.800	0.020	3.455
6469.000	0.020	3.455
6469.200	0.020	3.455
6469.400	0.021	3.455
6469.600	0.021	3.455
6469.800	0.021	3.455
6470.000	0.021	3.455
6470.200	0.019	3.455
6470.400	0.020	3.455
6470.600	0.020	3.455
6470.800	0.019	3.455
6471.000	0.020	3.455
6471.200	0.020	3.455
6471.400	0.019	3.455
6471.600	0.020	3.455
6471.800	0.020	3.455
6472.000	0.020	3.455
6472.200	0.021	3.455
6472.400	0.020	3.455
6472.600	0.021	3.455
6472.800	0.019	3.455
6473.000	0.019	3.455
6473.200	0.022	3.455
6473.400	0.020	3.455
6473.600	0.019	3.455
6473.800	0.022	3.455
6474.000	0.019	3.455
6474.200	0.018	3.455
6474.400	0.019	3.455
6474.600	0.019	3.455
6474.800	0.018	3.455
6475.000	0.018	3.455
6475.200	0.018	3.455
6475.400	0.019	3.455
6475.600	0.018	3.455
6475.800	0.019	3.455
6476.000	0.019	3.455
6476.200	0.020	3.455
6476.400	0.017	3.455
6476.600	0.019	3.455
6476.800	0.019	3.455
6477.000	0.019	3.455
6477.200	0.020	3.455
6477.400	0.017	3.455
6477.600	0.020	3.455
6477.800	0.020	3.455
6478.000	0.018	3.455
6478.200	0.021	3.455
6478.400	0.019	3.455
6478.600	0.019	3.455
6478.800	0.019	3.455
6479.000	0.017	3.455
6479.200	0.018	3.455
6479.400	0.018	3.455
6479.600	0.018	3.455
6479.800	0.018	3.455
6480.000	0.021	3.455
6480.200	0.019	3.455
6480.400	0.020	3.455
6480.600	0.020	3.455
6480.800	0.018	3.455
6481.000	0.017	3.455
6481.200	0.019	3.455
6481.400	0.019	3.455
6481.600	0.020	3.455
6481.800	0.018	3.455
6482.000	0.020	3.455
6482.200	0.018	3.455
6482.400	0.019	3.455
6482.600	0.020	3.455
6482.800	0.018	3.455
6483.000	0.018	3.455
6483.200	0.019	3.455
6483.400	0.018	3.455
6483.600	0.019	3.455
6483.800	0.018	3.455
6484.000	0.019	3.455
6484.200	0.019	3.455
6484.400	0.019	3.455
6484.600	0.018	3.455
6484.800	0.020	3.455
6485.000	0.020	3.455
6485.200	0.019	3.455
6485.400	0.021	3.455
6485.600	0.021	3.455
6485.800	0.019	3.455
6486.000	0.021	3.455
6486.200	0.019	3.455
6486.400	0.020	3.455
6486.600	0.020	3.455
6486.800	0.020	3.455
6487.000	0.019	3.455
6487.200	0.020	3.455
6487.400	0.019	3.455
6487.600	0.020	3.455
6487.800	0.019	3.455
6488.000	0.022	3.455
6488.200	0.021	3.455
6488.400	0.021	3.455
6488.600	0.021	3.455
6488.800	0.020	3.455
6489.000	0.020	3.455
6489.200	0.018	3.455
6489.400	0.020	3.455
6489.600	0.019	3.455
6489.800	0.021	3.455
6490.000	0.018	3.455
6490.200	0.019	3.455
6490.400	0.019	3.455
6490.600	0.019	3.455
6490.800	0.018	3.455
6491.000	0.018	3.455
6491.200	0.020	3.455
6491.400	0.018	3.455
6491.600	0.019	3.455
6491.800	0.019	3.455
6492.000	0.018	3.455
6492.200	0.019	3.455
6492.400	0.019	3.455
6492.600	0.018	3.455
6492.800	0.020	3.455
6493.000	0.020	3.455
6493.200	0.018	3.455
6493.400	0.021	3.455
6493.600	0.020	3.455
6493.800	0.019	3.455
6494.000	0.021	3.455
6494.200	0.019	3.455
6494.400	0.021	3.455
6494.600	0.020	3.455
6494.800	0.020	3.455
6495.000	0.020	3.455
6495.200	0.019	3.455
6495.400	0.017	3.455
6495.600	0.020	3.455
6495.800	0.019	3.455
6496.000	0.017	3.455
6496.200	0.019	3.455
6496.400	0.019	3.455
6496.600	0.019	3.455
6496.800	0.020	3.455
6497.000	0.019	3.455
6497.200	0.018	3.455
6497.400	0.018	3.455
6497.600	0.019	3.455
6497.800	0.019	3.455
6498.000	0.019	3.455
6498.200	0.019	3.455
6498.400	0.018	3.455
6498.600	0.016	3.455
6498.800	0.017	3.455
6499.000	0.019	3.455
6499.200	0.020	3.455
6499.400	0.018	3.455
6499.600	0.018	3.455
6499.800	0.018	3.455
6500.000	0.019	3.455
6500.200	0.019	3.455
6500.400	0.019	3.455
6500.600	0.018	3.455
6500.800	0.020	3.455
6501.000	0.020	3.455
6501.200	0.020	3.455
6501.400	0.019	3.455
6501.600	0.018	3.455
6501.800	0.019	3.455
6502.000	0.019	3.455
6502.200	0.020	3.455
6502.400	0.019	3.455
6502.600	0.019	3.455
6502.800	0.020	3.455
6503.000	0.019	3.455
6503.200	0.018	3.455
6503.400	0.019	3.455
6503.600	0.020	3.455
6503.800	0.020	3.455
6504.000	0.019	3.455
6504.200	0.019	3.455
6504.400	0.021	3.455
6504.600	0.019	3.455
6504.800	0.020	3.455
6505.000	0.021	3.455
6505.200	0.020	3.455
6505.400	0.019	3.455
6505.600	0.019	3.455
6505.800	0.020	3.455
6506.000	0.020	3.455
6506.200	0.017	3.455
6506.400	0.021	3.455
6506.600	0.020	3.455
6506.800	0.020	3.455
6507.000	0.018	3.455
6507.200	0.019	3.455
6507.400	0.018	3.455
6507.600	0.020	3.455
6507.800	0.019	3.455
6508.000	0.019	3.455
6508.200	0.020	3.455
6508.400	0.018	3.455
6508.600	0.019	3.455
6508.800	0.018	3.455
6509.000	0.021	3.455
6509.200	0.020	3.455
6509.400	0.018	3.455
6509.600	0.019	3.455
6509.800	0.018	3.455
6510.000	0.018	3.455
6510.200	0.019	3.455
6510.400	0.019	3.455
6510.600	0.019	3.455
6510.800	0.018	3.455
6511.000	0.020	3.455
6511.200	0.019	3.455
6511.400	0.021	3.455
6511.600	0.022	3.455
6511.800	0.019	3.455
6512.000	0.020	3.455
6512.200	0.019	3.455
6512.400	0.019	3.455
6512.600	0.019	3.455
6512.800	0.022	3.455
6513.000	0.020	3.455
6513.200	0.019	3.455
6513.400	0.019	3.455
6513.600	0.018	3.455
6513.800	0.019	3.455
6514.000	0.018	3.455
6514.200	0.019	3.455
6514.400	0.017	3.455
6514.600	0.019	3.455
6514.800	0.018	3.455
6515.000	0.017	3.455
6515.200	0.019	3.455
6515.400	0.018	3.455
6515.600	0.019	3.455
6515.800	0.020	3.455
6516.000	0.019	3.455
6516.200	0.019	3.455
6516.400	0.020	3.455
6516.600	0.019	3.455
6516.800	0.020	3.455
6517.000	0.018	3.455
6517.200	0.019	3.455
6517.400	0.020	3.455
6517.600	0.019	3.455
6517.800	0.020	3.455
6518.000	0.019	3.455
6518.200	0.019	3.455
6518.400	0.021	3.455
6518.600	0.019	3.455
6518.800	0.017	3.455
6519.000	0.020	3.455
6519.200	0.018	3.455
6519.400	0.019	3.455
6519.600	0.019	3.455
6519.800	0.020	3.455
6520.000	0.019	3.455
6520.200	0.018	3.455
6520.400	0.018	3.455
6520.600	0.018	3.455
6520.800	0.019	3.455
6521.000	0.018	3.455
6521.200	0.018	3.455
6521.400	0.019	3.455
6521.600	0.017	3.455
6521.800	0.021	3.455
6522.000	0.020	3.455
6522.200	0.019	3.455
6522.400	0.018	3.455
6522.600	0.017	3.455
6522.800	0.018	3.455
6523.000	0.017	3.455
6523.200	0.017	3.455
6523.400	0.019	3.455
6523.600	0.018	3.455
6523.800	0.020	3.455
6524.000	0.020	3.455
6524.200	0.017	3.455
6524.400	0.019	3.455
6524.600	0.021	3.455
6524.800	0.019	3.455
6525.000	0.020	3.455
6525.200	0.017	3.455
6525.400	0.017	3.455
6525.600	0.018	3.455
6525.800	0.018	3.455
6526.000	0.019	3.455
6526.200	0.019	3.455
6526.400	0.021	3.455
6526.600	0.019	3.455
6526.800	0.020	3.455
6527.000	0.019	3.455
6527.200	0.019	3.455
6527.400	0.019	3.455
6527.600	0.019	3.455
6527.800	0.018	3.455
6528.000	0.021	3.455
6528.200	0.021	3.455
6528.400	0.022	3.455
6528.600	0.022	3.455
6528.800	0.022	3.455
6529.000	0.021	3.455
6529.200	0.020	3.455
6529.400	0.021	3.455
6529.600	0.020	3.455
6529.800	0.020	3.455
6530.000	0.022	3.455
6530.200	0.021	3.455
6530.400	0.021	3.455
6530.600	0.020	3.455
6530.800	0.020	3.455
6531.000	0.019	3.455
6531.200	0.021	3.455
6531.400	0.020	3.455
6531.600	0.020	3.455
6531.800	0.020	3.455
6532.000	0.018	3.455
6532.200	0.020	3.455
6532.400	0.020	3.455
6532.600	0.019	3.455
6532.800	0.019	3.455
6533.000	0.020	3.455
6533.200	0.022	3.455
6533.400	0.020	3.455
6533.600	0.021	3.455
6533.800	0.020	3.455
6534.000	0.020	3.455
6534.200	0.020	3.455
6534.400	0.019	3.455
6534.600	0.019	3.455
6534.800	0.019	3.455
6535.000	0.019	3.455
6535.200	0.016	3.455
6535.400	0.020	3.455
6535.600	0.020	3.455
6535.800	0.019	3.455
6536.000	0.020	3.455
6536.200	0.021	3.455
6536.400	0.020	3.455
6536.600	0.019	3.455
6536.800	0.022	3.455
6537.000	0.019	3.455
6537.200	0.020	3.455
6537.400	0.019	3.455
6537.600	0.018	3.455
6537.800	0.019	3.455
6538.000	0.019	3.455
6538.200	0.019	3.455
6538.400	0.020	3.455
6538.600	0.019	3.455
6538.800	0.021	3.455
6539.000	0.020	3.455
6539.200	0.020	3.455
6539.400	0.021	3.455
6539.600	0.020	3.455
6539.800	0.018	3.455
6540.000	0.019	3.455
6540.200	0.019	3.455
6540.400	0.018	3.455
6540.600	0.020	3.455
6540.800	0.021	3.455
6541.000	0.021	3.455
6541.200	0.020	3.455
6541.400	0.018	3.455
6541.600	0.020	3.455
6541.800	0.020	3.455
6542.000	0.021	3.455
6542.200	0.019	3.455
6542.400	0.019	3.455
6542.600	0.019	3.455
6542.800	0.019	3.455
6543.000	0.021	3.455
6543.200	0.019	3.455
6543.400	0.018	3.455
6543.600	0.019	3.455
6543.800	0.020	3.455
6544.000	0.019	3.455
6544.200	0.019	3.455
6544.400	0.019	3.455
6544.600	0.019	3.455
6544.800	0.019	3.455
6545.000	0.018	3.455
6545.200	0.018	3.455
6545.400	0.020	3.455
6545.600	0.021	3.455
6545.800	0.020	3.455
6546.000	0.019	3.455
6546.200	0.019	3.455
6546.400	0.020	3.455
6546.600	0.020	3.455
6546.800	0.020	3.455
6547.000	0.020	3.455
6547.200	0.019	3.455
6547.400	0.018	3.455
6547.600	0.020	3.455
6547.800	0.018	3.455
6548.000	0.021	3.455
6548.200	0.018	3.455
6548.400	0.019	3.455
6548.600	0.021	3.455
6548.800	0.020	3.455
6549.000	0.020	3.455
6549.200	0.019	3.455
6549.400	0.020	3.455
6549.600	0.019	3.455
6549.800	0.021	3.455
6550.000	0.019	3.455
6550.200	0.020	3.455
6550.400	0.021	3.455
6550.600	0.023	3.455
6550.800	0.020	3.455
6551.000	0.020	3.455
6551.200	0.021	3.455
6551.400	0.020	3.455
6551.600	0.021	3.455
6551.800	0.022	3.455
6552.000	0.020	3.455
6552.200	0.019	3.455
6552.400	0.020	3.455
6552.600	0.020	3.455
6552.800	0.020	3.455
6553.000	0.018	3.455
6553.200	0.018	3.455
6553.400	0.020	3.455
6553.600	0.021	3.455
6553.800	0.021	3.455
6554.000	0.020	3.455
6554.200	0.019	3.455
6554.400	0.019	3.455
6554.600	0.018	3.455
6554.800	0.021	3.455
6555.000	0.020	3.455
6555.200	0.019	3.455
6555.400	0.020	3.455
6555.600	0.021	3.455
6555.800	0.020	3.455
6556.000	0.020	3.455
6556.200	0.020	3.455
6556.400	0.019	3.455
6556.600	0.021	3.455
6556.800	0.021	3.455
6557.000	0.020	3.455
6557.200	0.018	3.455
6557.400	0.019	3.455
6557.600	0.018	3.455
6557.800	0.021	3.455
6558.000	0.020	3.455
6558.200	0.021	3.455
6558.400	0.019	3.455
6558.600	0.021	3.455
6558.800	0.020	3.455
6559.000	0.021	3.455
6559.200	0.020	3.455
6559.400	0.020	3.455
6559.600	0.021	3.455
6559.800	0.020	3.455
6560.000	0.020	3.455
6560.200	0.021	3.455
6560.400	0.021	3.455
6560.600	0.019	3.455
6560.800	0.019	3.455
6561.000	0.019	3.455
6561.200	0.020	3.455
6561.400	0.020	3.455
6561.600	0.020	3.455
6561.800	0.019	3.455
6562.000	0.021	3.455
6562.200	0.020	3.455
6562.400	0.020	3.455
6562.600	0.021	3.455
6562.800	0.021	3.455
6563.000	0.020	3.455
6563.200	0.021	3.455
6563.400	0.020	3.455
6563.600	0.021	3.455
6563.800	0.020	3.455
6564.000	0.021	3.455
6564.200	0.022	3.455
6564.400	0.022	3.455
6564.600	0.020	3.455
6564.800	0.022	3.455
6565.000	0.020	3.455
6565.200	0.022	3.455
6565.400	0.022	3.455
6565.600	0.020	3.455
6565.800	0.022	3.455
6566.000	0.021	3.455
6566.200	0.020	3.455
6566.400	0.022	3.455
6566.600	0.021	3.455
6566.800	0.023	3.455
6567.000	0.020	3.455
6567.200	0.022	3.455
6567.400	0.020	3.455
6567.600	0.021	3.455
6567.800	0.022	3.455
6568.000	0.020	3.455
6568.200	0.021	3.455
6568.400	0.019	3.455
6568.600	0.019	3.455
6568.800	0.018	3.455
6569.000	0.018	3.455
6569.200	0.019	3.455
6569.400	0.018	3.455
6569.600	0.019	3.455
6569.800	0.020	3.455
6570.000	0.020	3.455
6570.200	0.019	3.455
6570.400	0.020	3.455
6570.600	0.020	3.455
6570.800	0.021	3.455
6571.000	0.021	3.455
6571.200	0.020	3.455
6571.400	0.020	3.455
6571.600	0.020	3.455
6571.800	0.021	3.455
6572.000	0.021	3.455
6572.200	0.020	3.455
6572.400	0.018	3.455
6572.600	0.020	3.455
6572.800	0.021	3.455
6573.000	0.020	3.455
6573.200	0.019	3.455
6573.400	0.020	3.455
6573.600	0.019	3.455
6573.800	0.020	3.455
6574.000	0.019	3.455
6574.200	0.017	3.455
6574.400	0.019	3.455
6574.600	0.021	3.455
6574.800	0.018	3.455
6575.000	0.018	3.455
6575.200	0.018	3.455
6575.400	0.021	3.455
6575.600	0.021	3.455
6575.800	0.021	3.455
6576.000	0.019	3.455
6576.200	0.019	3.455
6576.400	0.017	3.455
6576.600	0.019	3.455
6576.800	0.020	3.455
6577.000	0.020	3.455
6577.200	0.020	3.455
6577.400	0.022	3.455
6577.600	0.021	3.455
6577.800	0.021	3.455
6578.000	0.020	3.455
6578.200	0.021	3.455
6578.400	0.018	3.455
6578.600	0.021	3.455
6578.800	0.018	3.455
6579.000	0.018	3.455
6579.200	0.019	3.455
6579.400	0.021	3.455
6579.600	0.018	3.455
6579.800	0.019	3.455
6580.000	0.019	3.455
6580.200	0.019	3.455
6580.400	0.020	3.455
6580.600	0.019	3.455
6580.800	0.019	3.455
6581.000	0.019	3.455
6581.200	0.019	3.455
6581.400	0.022	3.455
6581.600	0.020	3.455
6581.800	0.019	3.455
6582.000	0.018	3.455
6582.200	0.019	3.455
6582.400	0.019	3.455
6582.600	0.018	3.455
6582.800	0.019	3.455
6583.000	0.019	3.455
6583.200	0.019	3.455
6583.400	0.020	3.455
6583.600	0.020	3.455
6583.800	0.020	3.455
6584.000	0.020	3.455
6584.200	0.020	3.455
6584.400	0.019	3.455
6584.600	0.021	3.455
6584.800	0.020	3.455
6585.000	0.021	3.455
6585.200	0.021	3.455
6585.400	0.020	3.455
6585.600	0.020	3.455
6585.800	0.022	3.455
6586.000	0.022	3.455
6586.200	0.022	3.455
6586.400	0.021	3.455
6586.600	0.020	3.455
6586.800	0.019	3.455
6587.000	0.020	3.455
6587.200	0.020	3.455
6587.400	0.021	3.455
6587.600	0.021	3.455
6587.800	0.021	3.455
6588.000	0.018	3.455
6588.200	0.020	3.455
6588.400	0.021	3.455
6588.600	0.020	3.455
6588.800	0.019	3.455
6589.000	0.021	3.455
6589.200	0.020	3.455
6589.400	0.019	3.455
6589.600	0.020	3.455
6589.800	0.020	3.455
6590.000	0.019	3.455
6590.200	0.020	3.455
6590.400	0.020	3.455
6590.600	0.019	3.455
6590.800	0.020	3.455
6591.000	0.020	3.455
6591.200	0.022	3.455
6591.400	0.021	3.455
6591.600	0.021	3.455
6591.800	0.022	3.455
6592.000	0.021	3.455
6592.200	0.022	3.455
6592.400	0.020	3.455
6592.600	0.021	3.455
6592.800	0.020	3.455
6593.000	0.021	3.455
6593.200	0.020	3.455
6593.400	0.020	3.455
6593.600	0.021	3.455
6593.800	0.021	3.455
6594.000	0.023	3.455
6594.200	0.021	3.455
6594.400	0.021	3.455
6594.600	0.021	3.455
6594.800	0.021	3.455
6595.000	0.020	3.455
6595.200	0.019	3.455
6595.400	0.020	3.455
6595.600	0.020	3.455
6595.800	0.019	3.455
6596.000	0.019	3.455
6596.200	0.020	3.455
6596.400	0.020	3.455
6596.600	0.020	3.455
6596.800	0.020	3.455
6597.000	0.020	3.455
6597.200	0.021	3.455
6597.400	0.020	3.455
6597.600	0.021	3.455
6597.800	0.021	3.455
6598.000	0.020	3.455
6598.200	0.021	3.455
6598.400	0.020	3.455
6598.600	0.020	3.455
6598.800	0.020	3.455
6599.000	0.020	3.455
6599.200	0.018	3.455
6599.400	0.019	3.455
6599.600	0.020	3.455
6599.800	0.019	3.455
6600.000	0.020	3.455
6600.200	0.022	3.455
6600.400	0.021	3.455
6600.600	0.021	3.455
6600.800	0.020	3.455
6601.000	0.019	3.455
6601.200	0.019	3.455
6601.400	0.021	3.455
6601.600	0.021	3.455
6601.800	0.020	3.455
6602.000	0.018	3.455
6602.200	0.020	3.455
6602.400	0.018	3.455
6602.600	0.020	3.455
6602.800	0.018	3.455
6603.000	0.019	3.455
6603.200	0.019	3.455
6603.400	0.020	3.455
6603.600	0.019	3.455
6603.800	0.020	3.455
6604.000	0.019	3.455
6604.200	0.018	3.455
6604.400	0.017	3.455
6604.600	0.018	3.455
6604.800	0.017	3.455
6605.000	0.019	3.455
6605.200	0.019	3.455
6605.400	0.019	3.455
6605.600	0.017	3.455
6605.800	0.018	3.455
6606.000	0.018	3.455
6606.200	0.018	3.455
6606.400	0.018	3.455
6606.600	0.019	3.455
6606.800	0.019	3.455
6607.000	0.019	3.455
6607.200	0.018	3.455
6607.400	0.019	3.455
6607.600	0.019	3.455
6607.800	0.020	3.455
6608.000	0.017	3.455
6608.200	0.018	3.455
6608.400	0.018	3.455
6608.600	0.018	3.455
6608.800	0.019	3.455
6609.000	0.019	3.455
6609.200	0.021	3.455
6609.400	0.021	3.455
6609.600	0.018	3.455
6609.800	0.017	3.455
6610.000	0.019	3.455
6610.200	0.019	3.455
6610.400	0.017	3.455
6610.600	0.017	3.455
6610.800	0.018	3.455
6611.000	0.017	3.455
6611.200	0.019	3.455
6611.400	0.017	3.455
6611.600	0.019	3.455
6611.800	0.019	3.455
6612.000	0.018	3.455
6612.200	0.018	3.455
6612.400	0.019	3.455
6612.600	0.019	3.455
6612.800	0.019	3.455
6613.000	0.019	3.455
6613.200	0.019	3.455
6613.400	0.019	3.455
6613.600	0.018	3.455
6613.800	0.020	3.455
6614.000	0.020	3.455
6614.200	0.021	3.455
6614.400	0.021	3.455
6614.600	0.021	3.455
6614.800	0.020	3.455
6615.000	0.021	3.455
6615.200	0.021	3.455
6615.400	0.022	3.455
6615.600	0.021	3.455
6615.800	0.021	3.455
6616.000	0.022	3.455
6616.200	0.021	3.455
6616.400	0.020	3.455
6616.600	0.020	3.455
6616.800	0.021	3.455
6617.000	0.020	3.455
6617.200	0.020	3.455
6617.400	0.020	3.455
6617.600	0.019	3.455
6617.800	0.021	3.455
6618.000	0.019	3.455
6618.200	0.018	3.455
6618.400	0.020	3.455
6618.600	0.021	3.455
6618.800	0.018	3.455
6619.000	0.019	3.455
6619.200	0.018	3.455
6619.400	0.020	3.455
6619.600	0.018	3.455
6619.800	0.019	3.455
6620.000	0.019	3.455
6620.200	0.020	3.455
6620.400	0.020	3.455
6620.600	0.019	3.455
6620.800	0.019	3.455
6621.000	0.019	3.455
6621.200	0.019	3.455
6621.400	0.020	3.455
6621.600	0.021	3.455
6621.800	0.019	3.455
6622.000	0.020	3.455
6622.200	0.021	3.455
6622.400	0.019	3.455
6622.600	0.021	3.455
6622.800	0.020	3.455
6623.000	0.018	3.455
6623.200	0.020	3.455
6623.400	0.019	3.455
6623.600	0.018	3.455
6623.800	0.017	3.455
6624.000	0.017	3.455
6624.200	0.017	3.455
6624.400	0.019	3.455
6624.600	0.019	3.455
6624.800	0.019	3.455
6625.000	0.019	3.455
6625.200	0.019	3.455
6625.400	0.020	3.455
6625.600	0.019	3.455
6625.800	0.020	3.455
6626.000	0.021	3.455
6626.200	0.020	3.455
6626.400	0.018	3.455
6626.600	0.019	3.455
6626.800	0.020	3.455
6627.000	0.019	3.455
6627.200	0.021	3.455
6627.400	0.020	3.455
6627.600	0.019	3.455
6627.800	0.019	3.455
6628.000	0.022	3.455
6628.200	0.020	3.455
6628.400	0.020	3.455
6628.600	0.020	3.455
6628.800	0.019	3.455
6629.000	0.021	3.455
6629.200	0.020	3.455
6629.400	0.021	3.455
6629.600	0.020	3.455
6629.800	0.021	3.455
6630.000	0.021	3.455
6630.200	0.021	3.455
6630.400	0.021	3.455
6630.600	0.022	3.455
6630.800	0.021	3.455
6631.000	0.021	3.455
6631.200	0.020	3.455
6631.400	0.021	3.455
6631.600	0.021	3.455
6631.800	0.021	3.455
6632.000	0.021	3.455
6632.200	0.020	3.455
6632.400	0.020	3.455
6632.600	0.022	3.455
6632.800	0.021	3.455
6633.000	0.021	3.455
6633.200	0.022	3.455
6633.400	0.019	3.455
6633.600	0.020	3.455
6633.800	0.020	3.455
6634.000	0.022	3.455
6634.200	0.021	3.455
6634.400	0.022	3.455
6634.600	0.021	3.455
6634.800	0.020	3.455
6635.000	0.021	3.455
6635.200	0.020	3.455
6635.400	0.020	3.455
6635.600	0.019	3.455
6635.800	0.023	3.455
6636.000	0.020	3.455
6636.200	0.020	3.455
6636.400	0.019	3.455
6636.600	0.021	3.455
6636.800	0.021	3.455
6637.000	0.019	3.455
6637.200	0.020	3.455
6637.400	0.023	3.455
6637.600	0.021	3.455
6637.800	0.022	3.455
6638.000	0.020	3.455
6638.200	0.019	3.455
6638.400	0.020	3.455
6638.600	0.021	3.455
6638.800	0.021	3.455
6639.000	0.019	3.455
6639.200	0.022	3.455
6639.400	0.021	3.455
6639.600	0.022	3.455
6639.800	0.021	3.455
6640.000	0.020	3.455
6640.200	0.020	3.455
6640.400	0.020	3.455
6640.600	0.020	3.455
6640.800	0.021	3.455
6641.000	0.020	3.455
6641.200	0.022	3.455
6641.400	0.022	3.455
6641.600	0.022	3.455
6641.800	0.022	3.455
6642.000	0.021	3.455
6642.200	0.021	3.455
6642.400	0.021	3.455
6642.600	0.021	3.455
6642.800	0.020	3.455
6643.000	0.021	3.455
6643.200	0.021	3.455
6643.400	0.020	3.455
6643.600	0.020	3.455
6643.800	0.021	3.455
6644.000	0.019	3.455
6644.200	0.021	3.455
6644.400	0.020	3.455
6644.600	0.023	3.455
6644.800	0.023	3.455
6645.000	0.022	3.455
6645.200	0.021	3.455
6645.400	0.021	3.455
6645.600	0.022	3.455
6645.800	0.020	3.455
6646.000	0.020	3.455
6646.200	0.020	3.455
6646.400	0.019	3.455
6646.600	0.021	3.455
6646.800	0.022	3.455
6647.000	0.020	3.455
6647.200	0.020	3.455
6647.400	0.023	3.455
6647.600	0.022	3.455
6647.800	0.021	3.455
6648.000	0.024	3.455
6648.200	0.020	3.455
6648.400	0.022	3.455
6648.600	0.021	3.455
6648.800	0.022	3.455
6649.000	0.022	3.455
6649.200	0.021	3.455
6649.400	0.022	3.455
6649.600	0.022	3.455
6649.800	0.022	3.455
6650.000	0.023	3.455
6650.200	0.020	3.455
6650.400	0.021	3.455
6650.600	0.021	3.455
6650.800	0.021	3.455
6651.000	0.022	3.455
6651.200	0.022	3.455
6651.400	0.020	3.455
6651.600	0.022	3.455
6651.800	0.021	3.455
6652.000	0.020	3.455
6652.200	0.020	3.455
6652.400	0.019	3.455
6652.600	0.019	3.455
6652.800	0.020	3.455
6653.000	0.020	3.455
6653.200	0.020	3.455
6653.400	0.021	3.455
6653.600	0.021	3.455
6653.800	0.022	3.455
6654.000	0.022	3.455
6654.200	0.021	3.455
6654.400	0.021	3.455
6654.600	0.021	3.455
6654.800	0.022	3.455
6655.000	0.020	3.455
6655.200	0.021	3.455
6655.400	0.021	3.455
6655.600	0.021	3.455
6655.800	0.022	3.455
6656.000	0.019	3.455
6656.200	0.021	3.455
6656.400	0.022	3.455
6656.600	0.021	3.455
6656.800	0.022	3.455
6657.000	0.022	3.455
6657.200	0.021	3.455
6657.400	0.020	3.455
6657.600	0.021	3.455
6657.800	0.022	3.455
6658.000	0.021	3.455
6658.200	0.022	3.455
6658.400	0.022	3.455
6658.600	0.022	3.455
6658.800	0.022	3.455
6659.000	0.021	3.455
6659.200	0.020	3.455
6659.400	0.023	3.455
6659.600	0.023	3.455
6659.800	0.022	3.455
6660.000	0.022	3.455
6660.200	0.022	3.455
6660.400	0.023	3.455
6660.600	0.022	3.455
6660.800	0.022	3.455
6661.000	0.020	3.455
6661.200	0.023	3.455
6661.400	0.023	3.455
6661.600	0.021	3.455
6661.800	0.023	3.455
6662.000	0.023	3.455
6662.200	0.022	3.455
6662.400	0.023	3.455
6662.600	0.023	3.455
6662.800	0.021	3.455
6663.000	0.023	3.455
6663.200	0.022	3.455
6663.400	0.021	3.455
6663.600	0.024	3.455
6663.800	0.023	3.455
6664.000	0.023	3.455
6664.200	0.022	3.455
6664.400	0.021	3.455
6664.600	0.022	3.455
6664.800	0.021	3.455
6665.000	0.022	3.455
6665.200	0.023	3.455
6665.400	0.021	3.455
6665.600	0.021	3.455
6665.800	0.022	3.455
6666.000	0.022	3.455
6666.200	0.021	3.455
6666.400	0.021	3.455
6666.600	0.021	3.455
6666.800	0.022	3.455
6667.000	0.020	3.455
6667.200	0.022	3.455
6667.400	0.021	3.455
6667.600	0.022	3.455
6667.800	0.022	3.455
6668.000	0.021	3.455
6668.200	0.022	3.455
6668.400	0.022	3.455
6668.600	0.022	3.455
6668.800	0.022	3.455
6669.000	0.021	3.455
6669.200	0.022	3.455
6669.400	0.022	3.455
6669.600	0.023	3.455
6669.800	0.023	3.455
6670.000	0.021	3.455
6670.200	0.022	3.455
6670.400	0.022	3.455
6670.600	0.023	3.455
6670.800	0.023	3.455
6671.000	0.024	3.455
6671.200	0.023	3.455
6671.400	0.022	3.455
6671.600	0.023	3.455
6671.800	0.023	3.455
6672.000	0.021	3.455
6672.200	0.023	3.455
6672.400	0.024	3.455
6672.600	0.022	3.455
6672.800	0.022	3.455
6673.000	0.022	3.455
6673.200	0.022	3.455
6673.400	0.023	3.455
6673.600	0.022	3.455
6673.800	0.023	3.455
6674.000	0.023	3.455
6674.200	0.023	3.455
6674.400	0.021	3.455
6674.600	0.021	3.455
6674.800	0.021	3.455
6675.000	0.023	3.455
6675.200	0.021	3.455
6675.400	0.023	3.455
6675.600	0.020	3.455
6675.800	0.023	3.455
6676.000	0.022	3.455
6676.200	0.021	3.455
6676.400	0.022	3.455
6676.600	0.023	3.455
6676.800	0.022	3.455
6677.000	0.024	3.455
6677.200	0.022	3.455
6677.400	0.022	3.455
6677.600	0.021	3.455
6677.800	0.021	3.455
6678.000	0.023	3.455
6678.200	0.023	3.455
6678.400	0.022	3.455
6678.600	0.023	3.455
6678.800	0.021	3.455
6679.000	0.021	3.455
6679.200	0.023	3.455
6679.400	0.022	3.455
6679.600	0.022	3.455
6679.800	0.022	3.455
6680.000	0.022	3.455
6680.200	0.023	3.455
6680.400	0.021	3.455
6680.600	0.023	3.455
6680.800	0.023	3.455
6681.000	0.021	3.455
6681.200	0.024	3.455
6681.400	0.022	3.455
6681.600	0.020	3.455
6681.800	0.023	3.455
6682.000	0.022	3.455
6682.200	0.022	3.455
6682.400	0.022	3.455
6682.600	0.021	3.455
6682.800	0.023	3.455
6683.000	0.022	3.455
6683.200	0.022	3.455
6683.400	0.022	3.455
6683.600	0.021	3.455
6683.800	0.023	3.455
6684.000	0.021	3.455
6684.200	0.021	3.455
6684.400	0.023	3.455
6684.600	0.021	3.455
6684.800	0.020	3.455
6685.000	0.023	3.455
6685.200	0.023	3.455
6685.400	0.023	3.455
6685.600	0.021	3.455
6685.800	0.022	3.455
6686.000	0.022	3.455
6686.200	0.021	3.455
6686.400	0.021	3.455
6686.600	0.023	3.455
6686.800	0.024	3.455
6687.000	0.022	3.455
6687.200	0.021	3.455
6687.400	0.022	3.455
6687.600	0.024	3.455
6687.800	0.023	3.455
6688.000	0.022	3.455
6688.200	0.022	3.455
6688.400	0.021	3.455
6688.600	0.022	3.455
6688.800	0.023	3.455
6689.000	0.024	3.455
6689.200	0.023	3.455
6689.400	0.023	3.455
6689.600	0.022	3.455
6689.800	0.023	3.455
6690.000	0.023	3.455
6690.200	0.024	3.455
6690.400	0.021	3.455
6690.600	0.022	3.455
6690.800	0.023	3.455
6691.000	0.022	3.455
6691.200	0.021	3.455
6691.400	0.021	3.455
6691.600	0.022	3.455
6691.800	0.022	3.455
6692.000	0.021	3.455
6692.200	0.020	3.455
6692.400	0.021	3.455
6692.600	0.022	3.455
6692.800	0.023	3.455
6693.000	0.022	3.455
6693.200	0.021	3.455
6693.400	0.023	3.455
6693.600	0.023	3.455
6693.800	0.022	3.455
6694.000	0.022	3.455
6694.200	0.021	3.455
6694.400	0.021	3.455
6694.600	0.020	3.455
6694.800	0.019	3.455
6695.000	0.022	3.455
6695.200	0.021	3.455
6695.400	0.022	3.455
6695.600	0.022	3.455
6695.800	0.022	3.455
6696.000	0.022	3.455
6696.200	0.022	3.455
6696.400	0.021	3.455
6696.600	0.021	3.455
6696.800	0.021	3.455
6697.000	0.023	3.455
6697.200	0.023	3.455
6697.400	0.023	3.455
6697.600	0.020	3.455
6697.800	0.021	3.455
6698.000	0.022	3.455
6698.200	0.021	3.455
6698.400	0.021	3.455
6698.600	0.021	3.455
6698.800	0.021	3.455
6699.000	0.023	3.455
6699.200	0.022	3.455
6699.400	0.022	3.455
6699.600	0.022	3.455
6699.800	0.022	3.455
6700.000	0.021	3.455
6700.200	0.023	3.455
6700.400	0.023	3.455
6700.600	0.021	3.455
6700.800	0.021	3.455
6701.000	0.020	3.455
6701.200	0.022	3.455
6701.400	0.020	3.455
6701.600	0.021	3.455
6701.800	0.023	3.455
6702.000	0.022	3.455
6702.200	0.021	3.455
6702.400	0.022	3.455
6702.600	0.022	3.455
6702.800	0.022	3.455
6703.000	0.022	3.455
6703.200	0.022	3.455
6703.400	0.022	3.455
6703.600	0.022	3.455
6703.800	0.023	3.455
6704.000	0.022	3.455
6704.200	0.022	3.455
6704.400	0.022	3.455
6704.600	0.021	3.455
6704.800	0.021	3.455
6705.000	0.021	3.455
6705.200	0.020	3.455
6705.400	0.022	3.455
6705.600	0.021	3.455
6705.800	0.020	3.455
6706.000	0.021	3.455
6706.200	0.023	3.455
6706.400	0.021	3.455
6706.600	0.022	3.455
6706.800	0.020	3.455
6707.000	0.021	3.455
6707.200	0.022	3.455
6707.400	0.020	3.455
6707.600	0.019	3.455
6707.800	0.022	3.455
6708.000	0.021	3.455
6708.200	0.022	3.455
6708.400	0.022	3.455
6708.600	0.022	3.455
6708.800	0.023	3.455
6709.000	0.022	3.455
6709.200	0.022	3.455
6709.400	0.021	3.455
6709.600	0.022	3.455
6709.800	0.022	3.455
6710.000	0.022	3.455
6710.200	0.023	3.455
6710.400	0.022	3.455
6710.600	0.024	3.455
6710.800	0.022	3.455
6711.000	0.021	3.455
6711.200	0.021	3.455
6711.400	0.022	3.455
6711.600	0.023	3.455
6711.800	0.022	3.455
6712.000	0.022	3.455
6712.200	0.022	3.455
6712.400	0.020	3.455
6712.600	0.020	3.455
6712.800	0.021	3.455
6713.000	0.022	3.455
6713.200	0.023	3.455
6713.400	0.022	3.455
6713.600	0.021	3.455
6713.800	0.023	3.455
6714.000	0.023	3.455
6714.200	0.023	3.455
6714.400	0.022	3.455
6714.600	0.023	3.455
6714.800	0.022	3.455
6715.000	0.021	3.455
6715.200	0.023	3.455
6715.400	0.022	3.455
6715.600	0.024	3.455
6715.800	0.024	3.455
6716.000	0.024	3.455
6716.200	0.025	3.455
6716.400	0.024	3.455
6716.600	0.022	3.455
6716.800	0.023	3.455
6717.000	0.021	3.455
6717.200	0.021	3.455
6717.400	0.021	3.455
6717.600	0.022	3.455
6717.800	0.022	3.455
6718.000	0.022	3.455
6718.200	0.023	3.455
6718.400	0.023	3.455
6718.600	0.021	3.455
6718.800	0.019	3.455
6719.000	0.020	3.455
6719.200	0.022	3.455
6719.400	0.021	3.455
6719.600	0.021	3.455
6719.800	0.020	3.455
6720.000	0.022	3.455
6720.200	0.022	3.455
6720.400	0.021	3.455
6720.600	0.020	3.455
6720.800	0.021	3.455
6721.000	0.023	3.455
6721.200	0.022	3.455
6721.400	0.022	3.455
6721.600	0.022	3.455
6721.800	0.022	3.455
6722.000	0.022	3.455
6722.200	0.021	3.455
6722.400	0.023	3.455
6722.600	0.019	3.455
6722.800	0.022	3.455
6723.000	0.021	3.455
6723.200	0.021	3.455
6723.400	0.020	3.455
6723.600	0.020	3.455
6723.800	0.021	3.455
6724.000	0.022	3.455
6724.200	0.021	3.455
6724.400	0.021	3.455
6724.600	0.022	3.455
6724.800	0.022	3.455
6725.000	0.021	3.455
6725.200	0.022	3.455
6725.400	0.021	3.455
6725.600	0.021	3.455
6725.800	0.022	3.455
6726.000	0.021	3.455
6726.200	0.021	3.455
6726.400	0.022	3.455
6726.600	0.023	3.455
6726.800	0.021	3.455
6727.000	0.022	3.455
6727.200	0.022	3.455
6727.400	0.022	3.455
6727.600	0.021	3.455
6727.800	0.022	3.455
6728.000	0.022	3.455
6728.200	0.022	3.455
6728.400	0.021	3.455
6728.600	0.022	3.455
6728.800	0.023	3.455
6729.000	0.022	3.455
6729.200	0.020	3.455
6729.400	0.022	3.455
6729.600	0.022	3.455
6729.800	0.022	3.455
6730.000	0.022	3.455
6730.200	0.021	3.455
6730.400	0.021	3.455
6730.600	0.021	3.455
6730.800	0.021	3.455
6731.000	0.022	3.455
6731.200	0.022	3.455
6731.400	0.023	3.455
6731.600	0.023	3.455
6731.800	0.023	3.455
6732.000	0.022	3.455
6732.200	0.021	3.455
6732.400	0.022	3.455
6732.600	0.022	3.455
6732.800	0.023	3.455
6733.000	0.022	3.455
6733.200	0.024	3.455
6733.400	0.026	3.455
6733.600	0.022	3.455
6733.800	0.022	3.455
6734.000	0.024	3.455
6734.200	0.023	3.455
6734.400	0.022	3.455
6734.600	0.023	3.455
6734.800	0.023	3.455
6735.000	0.023	3.455
6735.200	0.022	3.455
6735.400	0.022	3.455
6735.600	0.023	3.455
6735.800	0.023	3.455
6736.000	0.023	3.455
6736.200	0.022	3.455
6736.400	0.021	3.455
6736.600	0.022	3.455
6736.800	0.021	3.455
6737.000	0.022	3.455
6737.200	0.021	3.455
6737.400	0.022	3.455
6737.600	0.021	3.455
6737.800	0.021	3.455
6738.000	0.021	3.455
6738.200	0.021	3.455
6738.400	0.023	3.455
6738.600	0.021	3.455
6738.800	0.021	3.455
6739.000	0.019	3.455
6739.200	0.020	3.455
6739.400	0.021	3.455
6739.600	0.022	3.455
6739.800	0.020	3.455
6740.000	0.021	3.455
6740.200	0.022	3.455
6740.400	0.021	3.455
6740.600	0.021	3.455
6740.800	0.020	3.455
6741.000	0.021	3.455
6741.200	0.020	3.455
6741.400	0.023	3.455
6741.600	0.020	3.455
6741.800	0.020	3.455
6742.000	0.021	3.455
6742.200	0.020	3.455
6742.400	0.020	3.455
6742.600	0.020	3.455
6742.800	0.021	3.455
6743.000	0.020	3.455
6743.200	0.017	3.455
6743.400	0.018	3.455
6743.600	0.019	3.455
6743.800	0.019	3.455
6744.000	0.021	3.455
6744.200	0.020	3.455
6744.400	0.019	3.455
6744.600	0.018	3.455
6744.800	0.018	3.455
6745.000	0.020	3.455
6745.200	0.021	3.455
6745.400	0.021	3.455
6745.600	0.020	3.455
6745.800	0.021	3.455
6746.000	0.021	3.455
6746.200	0.021	3.455
6746.400	0.020	3.455
6746.600	0.021	3.455
6746.800	0.020	3.455
6747.000	0.020	3.455
6747.200	0.021	3.455
6747.400	0.021	3.455
6747.600	0.020	3.455
6747.800	0.022	3.455
6748.000	0.020	3.455
6748.200	0.021	3.455
6748.400	0.020	3.455
6748.600	0.020	3.455
6748.800	0.020	3.455
6749.000	0.019	3.455
6749.200	0.019	3.455
6749.400	0.020	3.455
6749.600	0.019	3.455
6749.800	0.022	3.455
6750.000	0.020	3.455
6750.200	0.020	3.455
6750.400	0.021	3.455
6750.600	0.021	3.455
6750.800	0.021	3.455
6751.000	0.022	3.455
6751.200	0.021	3.455
6751.400	0.019	3.455
6751.600	0.020	3.455
6751.800	0.020	3.455
6752.000	0.021	3.455
6752.200	0.018	3.455
6752.400	0.019	3.455
6752.600	0.018	3.455
6752.800	0.020	3.455
6753.000	0.020	3.455
6753.200	0.020	3.455
6753.400	0.020	3.455
6753.600	0.021	3.455
6753.800	0.021	3.455
6754.000	0.020	3.455
6754.200	0.020	3.455
6754.400	0.021	3.455
6754.600	0.020	3.455
6754.800	0.020	3.455
6755.000	0.020	3.455
6755.200	0.020	3.455
6755.400	0.021	3.455
6755.600	0.021	3.455
6755.800	0.020	3.455
6756.000	0.019	3.455
6756.200	0.020	3.455
6756.400	0.020	3.455
6756.600	0.018	3.455
6756.800	0.019	3.455
6757.000	0.020	3.455
6757.200	0.020	3.455
6757.400	0.019	3.455
6757.600	0.019	3.455
6757.800	0.021	3.455
6758.000	0.020	3.455
6758.200	0.019	3.455
6758.400	0.020	3.455
6758.600	0.019	3.455
6758.800	0.020	3.455
6759.000	0.018	3.455
6759.200	0.018	3.455
6759.400	0.018	3.455
6759.600	0.019	3.455
6759.800	0.018	3.455
6760.000	0.019	3.455
6760.200	0.020	3.455
6760.400	0.019	3.455
6760.600	0.019	3.455
6760.800	0.018	3.455
6761.000	0.019	3.455
6761.200	0.020	3.455
6761.400	0.019	3.455
6761.600	0.020	3.455
6761.800	0.019	3.455
6762.000	0.019	3.455
6762.200	0.021	3.455
6762.400	0.020	3.455
6762.600	0.020	3.455
6762.800	0.020	3.455
6763.000	0.019	3.455
6763.200	0.019	3.455
6763.400	0.020	3.455
6763.600	0.021	3.455
6763.800	0.020	3.455
6764.000	0.020	3.455
6764.200	0.020	3.455
6764.400	0.020	3.455
6764.600	0.021	3.455
6764.800	0.022	3.455
6765.000	0.022	3.455
6765.200	0.021	3.455
6765.400	0.021	3.455
6765.600	0.022	3.455
6765.800	0.021	3.455
6766.000	0.020	3.455
6766.200	0.021	3.455
6766.400	0.019	3.455
6766.600	0.019	3.455
6766.800	0.019	3.455
6767.000	0.020	3.455
6767.200	0.020	3.455
6767.400	0.021	3.455
6767.600	0.020	3.455
6767.800	0.021	3.455
6768.000	0.020	3.455
6768.200	0.019	3.455
6768.400	0.019	3.455
6768.600	0.018	3.455
6768.800	0.020	3.455
6769.000	0.021	3.455
6769.200	0.019	3.455
6769.400	0.021	3.455
6769.600	0.021	3.455
6769.800	0.021	3.455
6770.000	0.020	3.455
6770.200	0.021	3.455
6770.400	0.020	3.455
6770.600	0.021	3.455
6770.800	0.020	3.455
6771.000	0.022	3.455
6771.200	0.021	3.455
6771.400	0.021	3.455
6771.600	0.021	3.455
6771.800	0.022	3.455
6772.000	0.021	3.455
6772.200	0.021	3.455
6772.400	0.020	3.455
6772.600	0.020	3.455
6772.800	0.020	3.455
6773.000	0.021	3.455
6773.200	0.019	3.455
6773.400	0.020	3.455
6773.600	0.021	3.455
6773.800	0.021	3.455
6774.000	0.020	3.455
6774.200	0.020	3.455
6774.400	0.021	3.455
6774.600	0.019	3.455
6774.800	0.021	3.455
6775.000	0.021	3.455
6775.200	0.020	3.455
6775.400	0.021	3.455
6775.600	0.020	3.455
6775.800	0.021	3.455
6776.000	0.022	3.455
6776.200	0.019	3.455
6776.400	0.021	3.455
6776.600	0.022	3.455
6776.800	0.023	3.455
6777.000	0.021	3.455
6777.200	0.018	3.455
6777.400	0.020	3.455
6777.600	0.021	3.455
6777.800	0.021	3.455
6778.000	0.022	3.455
6778.200	0.020	3.455
6778.400	0.020	3.455
6778.600	0.020	3.455
6778.800	0.019	3.455
6779.000	0.022	3.455
6779.200	0.020	3.455
6779.400	0.020	3.455
6779.600	0.020	3.455
6779.800	0.020	3.455
6780.000	0.021	3.455
6780.200	0.020	3.455
6780.400	0.019	3.455
6780.600	0.021	3.455
6780.800	0.020	3.455
6781.000	0.020	3.455
6781.200	0.019	3.455
6781.400	0.021	3.455
6781.600	0.018	3.455
6781.800	0.019	3.455
6782.000	0.018	3.455
6782.200	0.021	3.455
6782.400	0.021	3.455
6782.600	0.019	3.455
6782.800	0.020	3.455
6783.000	0.019	3.455
6783.200	0.020	3.455
6783.400	0.019	3.455
6783.600	0.019	3.455
6783.800	0.020	3.455
6784.000	0.020	3.455
6784.200	0.018	3.455
6784.400	0.019	3.455
6784.600	0.021	3.455
6784.800	0.022	3.455
6785.000	0.019	3.455
6785.200	0.021	3.455
6785.400	0.022	3.455
6785.600	0.022	3.455
6785.800	0.020	3.455
6786.000	0.021	3.455
6786.200	0.022	3.455
6786.400	0.022	3.455
6786.600	0.021	3.455
6786.800	0.020	3.455
6787.000	0.021	3.455
6787.200	0.019	3.455
6787.400	0.022	3.455
6787.600	0.021	3.455
6787.800	0.018	3.455
6788.000	0.019	3.455
6788.200	0.021	3.455
6788.400	0.019	3.455
6788.600	0.019	3.455
6788.800	0.020	3.455
6789.000	0.020	3.455
6789.200	0.020	3.455
6789.400	0.020	3.455
6789.600	0.020	3.455
6789.800	0.019	3.455
6790.000	0.021	3.455
6790.200	0.020	3.455
6790.400	0.021	3.455
6790.600	0.019	3.455
6790.800	0.020	3.455
6791.000	0.021	3.455
6791.200	0.021	3.455
6791.400	0.020	3.455
6791.600	0.021	3.455
6791.800	0.020	3.455
6792.000	0.020	3.455
6792.200	0.021	3.455
6792.400	0.021	3.455
6792.600	0.021	3.455
6792.800	0.023	3.455
6793.000	0.021	3.455
6793.200	0.021	3.455
6793.400	0.022	3.455
6793.600	0.021	3.455
6793.800	0.021	3.455
6794.000	0.022	3.455
6794.200	0.021	3.455
6794.400	0.021	3.455
6794.600	0.020	3.455
6794.800	0.022	3.455
6795.000	0.021	3.455
6795.200	0.022	3.455
6795.400	0.021	3.455
6795.600	0.019	3.455
6795.800	0.020	3.455
6796.000	0.022	3.455
6796.200	0.023	3.455
6796.400	0.022	3.455
6796.600	0.020	3.455
6796.800	0.022	3.455
6797.000	0.022	3.455
6797.200	0.020	3.455
6797.400	0.020	3.455
6797.600	0.020	3.455
6797.800	0.021	3.455
6798.000	0.020	3.455
6798.200	0.020	3.455
6798.400	0.020	3.455
6798.600	0.022	3.455
6798.800	0.021	3.455
6799.000	0.020	3.455
6799.200	0.021	3.455
6799.400	0.020	3.455
6799.600	0.022	3.455
6799.800	0.019	3.455
6800.000	0.020	3.455
6800.200	0.021	3.455
6800.400	0.020	3.455
6800.600	0.023	3.455
6800.800	0.020	3.455
6801.000	0.021	3.455
6801.200	0.020	3.455
6801.400	0.020	3.455
6801.600	0.021	3.455
6801.800	0.020	3.455
6802.000	0.019	3.455
6802.200	0.020	3.455
6802.400	0.021	3.455
6802.600	0.019	3.455
6802.800	0.020	3.455
6803.000	0.018	3.455
6803.200	0.020	3.455
6803.400	0.019	3.455
6803.600	0.022	3.455
6803.800	0.022	3.455
6804.000	0.020	3.455
6804.200	0.022	3.455
6804.400	0.020	3.455
6804.600	0.021	3.455
6804.800	0.021	3.455
6805.000	0.020	3.455
6805.200	0.020	3.455
6805.400	0.021	3.455
6805.600	0.021	3.455
6805.800	0.020	3.455
6806.000	0.021	3.455
6806.200	0.021	3.455
6806.400	0.020	3.455
6806.600	0.022	3.455
6806.800	0.019	3.455
6807.000	0.019	3.455
6807.200	0.020	3.455
6807.400	0.020	3.455
6807.600	0.020	3.455
6807.800	0.022	3.455
6808.000	0.021	3.455
6808.200	0.019	3.455
6808.400	0.022	3.455
6808.600	0.020	3.455
6808.800	0.019	3.455
6809.000	0.020	3.455
6809.200	0.021	3.455
6809.400	0.020	3.455
6809.600	0.020	3.455
6809.800	0.019	3.455
6810.000	0.019	3.455
6810.200	0.021	3.455
6810.400	0.019	3.455
6810.600	0.021	3.455
6810.800	0.019	3.455
6811.000	0.021	3.455
6811.200	0.020	3.455
6811.400	0.021	3.455
6811.600	0.020	3.455
6811.800	0.021	3.455
6812.000	0.020	3.455
6812.200	0.020	3.455
6812.400	0.019	3.455
6812.600	0.019	3.455
6812.800	0.020	3.455
6813.000	0.020	3.455
6813.200	0.020	3.455
6813.400	0.020	3.455
6813.600	0.020	3.455
6813.800	0.022	3.455
6814.000	0.021	3.455
6814.200	0.021	3.455
6814.400	0.022	3.455
6814.600	0.022	3.455
6814.800	0.021	3.455
6815.000	0.021	3.455
6815.200	0.020	3.455
6815.400	0.019	3.455
6815.600	0.022	3.455
6815.800	0.021	3.455
6816.000	0.023	3.455
6816.200	0.021	3.455
6816.400	0.020	3.455
6816.600	0.021	3.455
6816.800	0.021	3.455
6817.000	0.019	3.455
6817.200	0.021	3.455
6817.400	0.020	3.455
6817.600	0.019	3.455
6817.800	0.021	3.455
6818.000	0.020	3.455
6818.200	0.021	3.455
6818.400	0.023	3.455
6818.600	0.020	3.455
6818.800	0.021	3.455
6819.000	0.021	3.455
6819.200	0.022	3.455
6819.400	0.022	3.455
6819.600	0.021	3.455
6819.800	0.020	3.455
6820.000	0.022	3.455
6820.200	0.020	3.455
6820.400	0.022	3.455
6820.600	0.021	3.455
6820.800	0.021	3.455
6821.000	0.021	3.455
6821.200	0.021	3.455
6821.400	0.019	3.455
6821.600	0.021	3.455
6821.800	0.020	3.455
6822.000	0.019	3.455
6822.200	0.021	3.455
6822.400	0.019	3.455
6822.600	0.019	3.455
6822.800	0.019	3.455
6823.000	0.020	3.455
6823.200	0.019	3.455
6823.400	0.019	3.455
6823.600	0.021	3.455
6823.800	0.019	3.455
6824.000	0.019	3.455
6824.200	0.020	3.455
6824.400	0.020	3.455
6824.600	0.020	3.455
6824.800	0.019	3.455
6825.000	0.021	3.455
6825.200	0.022	3.455
6825.400	0.021	3.455
6825.600	0.021	3.455
6825.800	0.019	3.455
6826.000	0.022	3.455
6826.200	0.020	3.455
6826.400	0.020	3.455
6826.600	0.022	3.455
6826.800	0.021	3.455
6827.000	0.021	3.455
6827.200	0.021	3.455
6827.400	0.019	3.455
6827.600	0.021	3.455
6827.800	0.020	3.455
6828.000	0.020	3.455
6828.200	0.020	3.455
6828.400	0.021	3.455
6828.600	0.020	3.455
6828.800	0.021	3.455
6829.000	0.019	3.455
6829.200	0.019	3.455
6829.400	0.020	3.455
6829.600	0.019	3.455
6829.800	0.022	3.455
6830.000	0.022	3.455
6830.200	0.022	3.455
6830.400	0.021	3.455
6830.600	0.020	3.455
6830.800	0.019	3.455
6831.000	0.019	3.455
6831.200	0.020	3.455
6831.400	0.018	3.455
6831.600	0.020	3.455
6831.800	0.020	3.455
6832.000	0.019	3.455
6832.200	0.021	3.455
6832.400	0.018	3.455
6832.600	0.021	3.455
6832.800	0.020	3.455
6833.000	0.018	3.455
6833.200	0.020	3.455
6833.400	0.020	3.455
6833.600	0.020	3.455
6833.800	0.018	3.455
6834.000	0.020	3.455
6834.200	0.020	3.455
6834.400	0.019	3.455
6834.600	0.019	3.455
6834.800	0.019	3.455
6835.000	0.019	3.455
6835.200	0.020	3.455
6835.400	0.023	3.455
6835.600	0.021	3.455
6835.800	0.020	3.455
6836.000	0.021	3.455
6836.200	0.019	3.455
6836.400	0.021	3.455
6836.600	0.021	3.455
6836.800	0.020	3.455
6837.000	0.022	3.455
6837.200	0.020	3.455
6837.400	0.020	3.455
6837.600	0.021	3.455
6837.800	0.020	3.455
6838.000	0.021	3.455
6838.200	0.021	3.455
6838.400	0.022	3.455
6838.600	0.022	3.455
6838.800	0.020	3.455
6839.000	0.018	3.455
6839.200	0.020	3.455
6839.400	0.021	3.455
6839.600	0.020	3.455
6839.800	0.019	3.455
6840.000	0.021	3.455
6840.200	0.019	3.455
6840.400	0.022	3.455
6840.600	0.021	3.455
6840.800	0.022	3.455
6841.000	0.019	3.455
6841.200	0.022	3.455
6841.400	0.021	3.455
6841.600	0.021	3.455
6841.800	0.021	3.455
6842.000	0.021	3.455
6842.200	0.020	3.455
6842.400	0.017	3.455
6842.600	0.020	3.455
6842.800	0.022	3.455
6843.000	0.021	3.455
6843.200	0.019	3.455
6843.400	0.020	3.455
6843.600	0.021	3.455
6843.800	0.021	3.455
6844.000	0.019	3.455
6844.200	0.021	3.455
6844.400	0.021	3.455
6844.600	0.019	3.455
6844.800	0.020	3.455
6845.000	0.021	3.455
6845.200	0.021	3.455
6845.400	0.022	3.455
6845.600	0.021	3.455
6845.800	0.019	3.455
6846.000	0.021	3.455
6846.200	0.021	3.455
6846.400	0.020	3.455
6846.600	0.018	3.455
6846.800	0.020	3.455
6847.000	0.021	3.455
6847.200	0.022	3.455
6847.400	0.021	3.455
6847.600	0.023	3.455
6847.800	0.021	3.455
6848.000	0.021	3.455
6848.200	0.022	3.455
6848.400	0.021	3.455
6848.600	0.021	3.455
6848.800	0.020	3.455
6849.000	0.021	3.455
6849.200	0.023	3.455
6849.400	0.021	3.455
6849.600	0.022	3.455
6849.800	0.022	3.455
6850.000	0.021	3.455
6850.200	0.022	3.455
6850.400	0.023	3.455
6850.600	0.023	3.455
6850.800	0.023	3.455
6851.000	0.022	3.455
6851.200	0.021	3.455
6851.400	0.020	3.455
6851.600	0.023	3.455
6851.800	0.023	3.455
6852.000	0.022	3.455
6852.200	0.022	3.455
6852.400	0.024	3.455
6852.600	0.022	3.455
6852.800	0.021	3.455
6853.000	0.022	3.455
6853.200	0.022	3.455
6853.400	0.022	3.455
6853.600	0.022	3.455
6853.800	0.021	3.455
6854.000	0.022	3.455
6854.200	0.021	3.455
6854.400	0.021	3.455
6854.600	0.021	3.455
6854.800	0.021	3.455
6855.000	0.021	3.455
6855.200	0.024	3.455
6855.400	0.022	3.455
6855.600	0.023	3.455
6855.800	0.021	3.455
6856.000	0.020	3.455
6856.200	0.023	3.455
6856.400	0.022	3.455
6856.600	0.022	3.455
6856.800	0.022	3.455
6857.000	0.021	3.455
6857.200	0.021	3.455
6857.400	0.023	3.455
6857.600	0.022	3.455
6857.800	0.022	3.455
6858.000	0.021	3.455
6858.200	0.021	3.455
6858.400	0.020	3.455
6858.600	0.022	3.455
6858.800	0.022	3.455
6859.000	0.023	3.455
6859.200	0.024	3.455
6859.400	0.024	3.455
6859.600	0.022	3.455
6859.800	0.022	3.455
6860.000	0.021	3.455
6860.200	0.022	3.455
6860.400	0.020	3.455
6860.600	0.021	3.455
6860.800	0.021	3.455
6861.000	0.022	3.455
6861.200	0.021	3.455
6861.400	0.020	3.455
6861.600	0.023	3.455
6861.800	0.024	3.455
6862.000	0.021	3.455
6862.200	0.023	3.455
6862.400	0.022	3.455
6862.600	0.023	3.455
6862.800	0.021	3.455
6863.000	0.022	3.455
6863.200	0.021	3.455
6863.400	0.022	3.455
6863.600	0.023	3.455
6863.800	0.023	3.455
6864.000	0.021	3.455
6864.200	0.022	3.455
6864.400	0.023	3.455
6864.600	0.023	3.455
6864.800	0.022	3.455
6865.000	0.022	3.455
6865.200	0.021	3.455
6865.400	0.021	3.455
6865.600	0.022	3.455
6865.800	0.022	3.455
6866.000	0.021	3.455
6866.200	0.023	3.455
6866.400	0.024	3.455
6866.600	0.021	3.455
6866.800	0.021	3.455
6867.000	0.019	3.455
6867.200	0.020	3.455
6867.400	0.021	3.455
6867.600	0.021	3.455
6867.800	0.021	3.455
6868.000	0.019	3.455
6868.200	0.018	3.455
6868.400	0.021	3.455
6868.600	0.021	3.455
6868.800	0.020	3.455
6869.000	0.018	3.455
6869.200	0.020	3.455
6869.400	0.021	3.455
6869.600	0.020	3.455
6869.800	0.020	3.455
6870.000	0.020	3.455
6870.200	0.021	3.455
6870.400	0.020	3.455
6870.600	0.020	3.455
6870.800	0.021	3.455
6871.000	0.022	3.455
6871.200	0.022	3.455
6871.400	0.021	3.455
6871.600	0.021	3.455
6871.800	0.022	3.455
6872.000	0.022	3.455
6872.200	0.020	3.455
6872.400	0.022	3.455
6872.600	0.022	3.455
6872.800	0.022	3.455
6873.000	0.022	3.455
6873.200	0.022	3.455
6873.400	0.020	3.455
6873.600	0.020	3.455
6873.800	0.020	3.455
6874.000	0.021	3.455
6874.200	0.023	3.455
6874.400	0.022	3.455
6874.600	0.022	3.455
6874.800	0.021	3.455
6875.000	0.020	3.455
6875.200	0.020	3.455
6875.400	0.021	3.455
6875.600	0.022	3.455
6875.800	0.021	3.455
6876.000	0.024	3.455
6876.200	0.023	3.455
6876.400	0.021	3.455
6876.600	0.022	3.455
6876.800	0.021	3.455
6877.000	0.021	3.455
6877.200	0.022	3.455
6877.400	0.021	3.455
6877.600	0.023	3.455
6877.800	0.022	3.455
6878.000	0.023	3.455
6878.200	0.024	3.455
6878.400	0.023	3.455
6878.600	0.023	3.455
6878.800	0.022	3.455
6879.000	0.020	3.455
6879.200	0.021	3.455
6879.400	0.020	3.455
6879.600	0.020	3.455
6879.800	0.022	3.455
6880.000	0.023	3.455
6880.200	0.023	3.455
6880.400	0.021	3.455
6880.600	0.020	3.455
6880.800	0.020	3.455
6881.000	0.021	3.455
6881.200	0.021	3.455
6881.400	0.021	3.455
6881.600	0.021	3.455
6881.800	0.021	3.455
6882.000	0.021	3.455
6882.200	0.022	3.455
6882.400	0.023	3.455
6882.600	0.022	3.455
6882.800	0.021	3.455
6883.000	0.021	3.455
6883.200	0.021	3.455
6883.400	0.021	3.455
6883.600	0.022	3.455
6883.800	0.021	3.455
6884.000	0.024	3.455
6884.200	0.023	3.455
6884.400	0.021	3.455
6884.600	0.022	3.455
6884.800	0.021	3.455
6885.000	0.021	3.455
6885.200	0.021	3.455
6885.400	0.023	3.455
6885.600	0.023	3.455
6885.800	0.021	3.455
6886.000	0.021	3.455
6886.200	0.022	3.455
6886.400	0.022	3.455
6886.600	0.021	3.455
6886.800	0.020	3.455
6887.000	0.020	3.455
6887.200	0.020	3.455
6887.400	0.019	3.455
6887.600	0.021	3.455
6887.800	0.021	3.455
6888.000	0.021	3.455
6888.200	0.020	3.455
6888.400	0.019	3.455
6888.600	0.021	3.455
6888.800	0.020	3.455
6889.000	0.018	3.455
6889.200	0.020	3.455
6889.400	0.020	3.455
6889.600	0.020	3.455
6889.800	0.020	3.455
6890.000	0.018	3.455
6890.200	0.018	3.455
6890.400	0.018	3.455
6890.600	0.020	3.455
6890.800	0.021	3.455
6891.000	0.018	3.455
6891.200	0.021	3.455
6891.400	0.022	3.455
6891.600	0.021	3.455
6891.800	0.020	3.455
6892.000	0.021	3.455
6892.200	0.021	3.455
6892.400	0.022	3.455
6892.600	0.020	3.455
6892.800	0.020	3.455
6893.000	0.019	3.455
6893.200	0.021	3.455
6893.400	0.022	3.455
6893.600	0.019	3.455
6893.800	0.019	3.455
6894.000	0.019	3.455
6894.200	0.020	3.455
6894.400	0.019	3.455
6894.600	0.021	3.455
6894.800	0.020	3.455
6895.000	0.020	3.455
6895.200	0.022	3.455
6895.400	0.021	3.455
6895.600	0.020	3.455
6895.800	0.019	3.455
6896.000	0.019	3.455
6896.200	0.021	3.455
6896.400	0.021	3.455
6896.600	0.020	3.455
6896.800	0.019	3.455
6897.000	0.020	3.455
6897.200	0.021	3.455
6897.400	0.021	3.455
6897.600	0.020	3.455
6897.800	0.020	3.455
6898.000	0.018	3.455
6898.200	0.020	3.455
6898.400	0.020	3.455
6898.600	0.020	3.455
6898.800	0.018	3.455
6899.000	0.018	3.455
6899.200	0.020	3.455
6899.400	0.020	3.455
6899.600	0.019	3.455
6899.800	0.019	3.455
6900.000	0.018	3.455
6900.200	0.019	3.455
6900.400	0.020	3.455
6900.600	0.021	3.455
6900.800	0.022	3.455
6901.000	0.021	3.455
6901.200	0.021	3.455
6901.400	0.018	3.455
6901.600	0.021	3.455
6901.800	0.022	3.455
6902.000	0.020	3.455
6902.200	0.020	3.455
6902.400	0.019	3.455
6902.600	0.019	3.455
6902.800	0.019	3.455
6903.000	0.020	3.455
6903.200	0.020	3.455
6903.400	0.020	3.455
6903.600	0.021	3.455
6903.800	0.021	3.455
6904.000	0.020	3.455
6904.200	0.019	3.455
6904.400	0.020	3.455
6904.600	0.018	3.455
6904.800	0.019	3.455
6905.000	0.018	3.455
6905.200	0.021	3.455
6905.400	0.020	3.455
6905.600	0.019	3.455
6905.800	0.019	3.455
6906.000	0.022	3.455
6906.200	0.022	3.455
6906.400	0.020	3.455
6906.600	0.020	3.455
6906.800	0.020	3.455
6907.000	0.021	3.455
6907.200	0.021	3.455
6907.400	0.020	3.455
6907.600	0.021	3.455
6907.800	0.021	3.455
6908.000	0.021	3.455
6908.200	0.020	3.455
6908.400	0.021	3.455
6908.600	0.021	3.455
6908.800	0.022	3.455
6909.000	0.020	3.455
6909.200	0.023	3.455
6909.400	0.020	3.455
6909.600	0.022	3.455
6909.800	0.023	3.455
6910.000	0.022	3.455
6910.200	0.023	3.455
6910.400	0.020	3.455
6910.600	0.021	3.455
6910.800	0.020	3.455
6911.000	0.022	3.455
6911.200	0.022	3.455
6911.400	0.022	3.455
6911.600	0.021	3.455
6911.800	0.021	3.455
6912.000	0.019	3.455
6912.200	0.021	3.455
6912.400	0.021	3.455
6912.600	0.020	3.455
6912.800	0.021	3.455
6913.000	0.020	3.455
6913.200	0.020	3.455
6913.400	0.020	3.455
6913.600	0.021	3.455
6913.800	0.021	3.455
6914.000	0.021	3.455
6914.200	0.022	3.455
6914.400	0.019	3.455
6914.600	0.020	3.455
6914.800	0.020	3.455
6915.000	0.020	3.455
6915.200	0.021	3.455
6915.400	0.021	3.455
6915.600	0.020	3.455
6915.800	0.020	3.455
6916.000	0.022	3.455
6916.200	0.023	3.455
6916.400	0.020	3.455
6916.600	0.020	3.455
6916.800	0.022	3.455
6917.000	0.021	3.455
6917.200	0.018	3.455
6917.400	0.019	3.455
6917.600	0.021	3.455
6917.800	0.020	3.455
6918.000	0.018	3.455
6918.200	0.020	3.455
6918.400	0.019	3.455
6918.600	0.019	3.455
6918.800	0.021	3.455
6919.000	0.022	3.455
6919.200	0.021	3.455
6919.400	0.021	3.455
6919.600	0.020	3.455
6919.800	0.020	3.455
6920.000	0.021	3.455
6920.200	0.020	3.455
6920.400	0.020	3.455
6920.600	0.021	3.455
6920.800	0.020	3.455
6921.000	0.019	3.455
6921.200	0.020	3.455
6921.400	0.018	3.455
6921.600	0.020	3.455
6921.800	0.019	3.455
6922.000	0.020	3.455
6922.200	0.020	3.455
6922.400	0.021	3.455
6922.600	0.019	3.455
6922.800	0.020	3.455
6923.000	0.019	3.455
6923.200	0.019	3.455
6923.400	0.018	3.455
6923.600	0.018	3.455
6923.800	0.021	3.455
6924.000	0.020	3.455
6924.200	0.019	3.455
6924.400	0.019	3.455
6924.600	0.019	3.455
6924.800	0.022	3.455
6925.000	0.020	3.455
6925.200	0.020	3.455
6925.400	0.020	3.455
6925.600	0.021	3.455
6925.800	0.020	3.455
6926.000	0.021	3.455
6926.200	0.019	3.455
6926.400	0.020	3.455
6926.600	0.021	3.455
6926.800	0.018	3.455
6927.000	0.019	3.455
6927.200	0.021	3.455
6927.400	0.021	3.455
6927.600	0.021	3.455
6927.800	0.020	3.455
6928.000	0.019	3.455
6928.200	0.019	3.455
6928.400	0.019	3.455
6928.600	0.021	3.455
6928.800	0.019	3.455
6929.000	0.021	3.455
6929.200	0.019	3.455
6929.400	0.019	3.455
6929.600	0.019	3.455
6929.800	0.020	3.455
6930.000	0.019	3.455
6930.200	0.018	3.455
6930.400	0.019	3.455
6930.600	0.018	3.455
6930.800	0.018	3.455
6931.000	0.020	3.455
6931.200	0.020	3.455
6931.400	0.020	3.455
6931.600	0.021	3.455
6931.800	0.021	3.455
6932.000	0.021	3.455
6932.200	0.020	3.455
6932.400	0.019	3.455
6932.600	0.021	3.455
6932.800	0.022	3.455
6933.000	0.021	3.455
6933.200	0.021	3.455
6933.400	0.021	3.455
6933.600	0.021	3.455
6933.800	0.019	3.455
6934.000	0.020	3.455
6934.200	0.021	3.455
6934.400	0.020	3.455
6934.600	0.021	3.455
6934.800	0.020	3.455
6935.000	0.019	3.455
6935.200	0.020	3.455
6935.400	0.021	3.455
6935.600	0.021	3.455
6935.800	0.021	3.455
6936.000	0.021	3.455
6936.200	0.022	3.455
6936.400	0.020	3.455
6936.600	0.020	3.455
6936.800	0.022	3.455
6937.000	0.020	3.455
6937.200	0.020	3.455
6937.400	0.022	3.455
6937.600	0.020	3.455
6937.800	0.022	3.455
6938.000	0.020	3.455
6938.200	0.020	3.455
6938.400	0.019	3.455
6938.600	0.019	3.455
6938.800	0.020	3.455
6939.000	0.019	3.455
6939.200	0.020	3.455
6939.400	0.020	3.455
6939.600	0.018	3.455
6939.800	0.019	3.455
6940.000	0.020	3.455
6940.200	0.020	3.455
6940.400	0.019	3.455
6940.600	0.021	3.455
6940.800	0.021	3.455
6941.000	0.020	3.455
6941.200	0.020	3.455
6941.400	0.021	3.455
6941.600	0.021	3.455
6941.800	0.020	3.455
6942.000	0.021	3.455
6942.200	0.022	3.455
6942.400	0.020	3.455
6942.600	0.019	3.455
6942.800	0.020	3.455
6943.000	0.020	3.455
6943.200	0.019	3.455
6943.400	0.020	3.455
6943.600	0.020	3.455
6943.800	0.019	3.455
6944.000	0.020	3.455
6944.200	0.020	3.455
6944.400	0.020	3.455
6944.600	0.020	3.455
6944.800	0.020	3.455
6945.000	0.020	3.455
6945.200	0.020	3.455
6945.400	0.020	3.455
6945.600	0.021	3.455
6945.800	0.019	3.455
6946.000	0.020	3.455
6946.200	0.022	3.455
6946.400	0.020	3.455
6946.600	0.020	3.455
6946.800	0.019	3.455
6947.000	0.017	3.455
6947.200	0.019	3.455
6947.400	0.019	3.455
6947.600	0.020	3.455
6947.800	0.020	3.455
6948.000	0.020	3.455
6948.200	0.020	3.455
6948.400	0.019	3.455
6948.600	0.021	3.455
6948.800	0.019	3.455
6949.000	0.022	3.455
6949.200	0.020	3.455
6949.400	0.020	3.455
6949.600	0.019	3.455
6949.800	0.019	3.455
6950.000	0.019	3.455
6950.200	0.021	3.455
6950.400	0.021	3.455
6950.600	0.019	3.455
6950.800	0.020	3.455
6951.000	0.019	3.455
6951.200	0.020	3.455
6951.400	0.019	3.455
6951.600	0.022	3.455
6951.800	0.019	3.455
6952.000	0.021	3.455
6952.200	0.022	3.455
6952.400	0.021	3.455
6952.600	0.021	3.455
6952.800	0.020	3.455
6953.000	0.021	3.455
6953.200	0.020	3.455
6953.400	0.020	3.455
6953.600	0.021	3.455
6953.800	0.021	3.455
6954.000	0.021	3.455
6954.200	0.021	3.455
6954.400	0.021	3.455
6954.600	0.021	3.455
6954.800	0.023	3.455
6955.000	0.020	3.455
6955.200	0.021	3.455
6955.400	0.019	3.455
6955.600	0.022	3.455
6955.800	0.022	3.455
6956.000	0.021	3.455
6956.200	0.020	3.455
6956.400	0.020	3.455
6956.600	0.022	3.455
6956.800	0.021	3.455
6957.000	0.019	3.455
6957.200	0.018	3.455
6957.400	0.019	3.455
6957.600	0.020	3.455
6957.800	0.020	3.455
6958.000	0.022	3.455
6958.200	0.019	3.455
6958.400	0.019	3.455
6958.600	0.021	3.455
6958.800	0.022	3.455
6959.000	0.019	3.455
6959.200	0.021	3.455
6959.400	0.020	3.455
6959.600	0.020	3.455
6959.800	0.019	3.455
6960.000	0.019	3.455
6960.200	0.020	3.455
6960.400	0.021	3.455
6960.600	0.020	3.455
6960.800	0.019	3.455
6961.000	0.020	3.455
6961.200	0.018	3.455
6961.400	0.021	3.455
6961.600	0.019	3.455
6961.800	0.019	3.455
6962.000	0.018	3.455
6962.200	0.020	3.455
6962.400	0.021	3.455
6962.600	0.020	3.455
6962.800	0.020	3.455
6963.000	0.020	3.455
6963.200	0.019	3.455
6963.400	0.020	3.455
6963.600	0.019	3.455
6963.800	0.018	3.455
6964.000	0.019	3.455
6964.200	0.020	3.455
6964.400	0.020	3.455
6964.600	0.020	3.455
6964.800	0.020	3.455
6965.000	0.019	3.455
6965.200	0.018	3.455
6965.400	0.021	3.455
6965.600	0.020	3.455
6965.800	0.019	3.455
6966.000	0.019	3.455
6966.200	0.021	3.455
6966.400	0.022	3.455
6966.600	0.018	3.455
6966.800	0.019	3.455
6967.000	0.018	3.455
6967.200	0.021	3.455
6967.400	0.018	3.455
6967.600	0.019	3.455
6967.800	0.020	3.455
6968.000	0.021	3.455
6968.200	0.018	3.455
6968.400	0.019	3.455
6968.600	0.017	3.455
6968.800	0.018	3.455
6969.000	0.019	3.455
6969.200	0.018	3.455
6969.400	0.018	3.455
6969.600	0.018	3.455
6969.800	0.015	3.455
6970.000	0.018	3.455
6970.200	0.017	3.455
6970.400	0.019	3.455
6970.600	0.020	3.455
6970.800	0.018	3.455
6971.000	0.019	3.455
6971.200	0.019	3.455
6971.400	0.017	3.455
6971.600	0.019	3.455
6971.800	0.019	3.455
6972.000	0.021	3.455
6972.200	0.020	3.455
6972.400	0.019	3.455
6972.600	0.019	3.455
6972.800	0.020	3.455
6973.000	0.019	3.455
6973.200	0.019	3.455
6973.400	0.019	3.455
6973.600	0.020	3.455
6973.800	0.019	3.455
6974.000	0.020	3.455
6974.200	0.017	3.455
6974.400	0.019	3.455
6974.600	0.019	3.455
6974.800	0.020	3.455
6975.000	0.019	3.455
6975.200	0.017	3.455
6975.400	0.019	3.455
6975.600	0.019	3.455
6975.800	0.019	3.455
6976.000	0.020	3.455
6976.200	0.020	3.455
6976.400	0.019	3.455
6976.600	0.017	3.455
6976.800	0.018	3.455
6977.000	0.020	3.455
6977.200	0.018	3.455
6977.400	0.019	3.455
6977.600	0.019	3.455
6977.800	0.018	3.455
6978.000	0.017	3.455
6978.200	0.019	3.455
6978.400	0.017	3.455
6978.600	0.017	3.455
6978.800	0.019	3.455
6979.000	0.019	3.455
6979.200	0.015	3.455
6979.400	0.020	3.455
6979.600	0.018	3.455
6979.800	0.020	3.455
6980.000	0.017	3.455
6980.200	0.020	3.455
6980.400	0.019	3.455
6980.600	0.018	3.455
6980.800	0.019	3.455
6981.000	0.020	3.455
6981.200	0.018	3.455
6981.400	0.019	3.455
6981.600	0.018	3.455
6981.800	0.019	3.455
6982.000	0.017	3.455
6982.200	0.019	3.455
6982.400	0.019	3.455
6982.600	0.018	3.455
6982.800	0.020	3.455
6983.000	0.021	3.455
6983.200	0.019	3.455
6983.400	0.020	3.455
6983.600	0.020	3.455
6983.800	0.020	3.455
6984.000	0.018	3.455
6984.200	0.019	3.455
6984.400	0.021	3.455
6984.600	0.019	3.455
6984.800	0.019	3.455
6985.000	0.020	3.455
6985.200	0.018	3.455
6985.400	0.019	3.455
6985.600	0.019	3.455
6985.800	0.019	3.455
6986.000	0.020	3.455
6986.200	0.021	3.455
6986.400	0.019	3.455
6986.600	0.019	3.455
6986.800	0.020	3.455
6987.000	0.021	3.455
6987.200	0.019	3.455
6987.400	0.021	3.455
6987.600	0.021	3.455
6987.800	0.021	3.455
6988.000	0.021	3.455
6988.200	0.021	3.455
6988.400	0.019	3.455
6988.600	0.021	3.455
6988.800	0.020	3.455
6989.000	0.019	3.455
6989.200	0.019	3.455
6989.400	0.019	3.455
6989.600	0.020	3.455
6989.800	0.020	3.455
6990.000	0.021	3.455
6990.200	0.021	3.455
6990.400	0.020	3.455
6990.600	0.019	3.455
6990.800	0.019	3.455
6991.000	0.021	3.455
6991.200	0.021	3.455
6991.400	0.018	3.455
6991.600	0.018	3.455
6991.800	0.019	3.455
6992.000	0.019	3.455
6992.200	0.017	3.455
6992.400	0.018	3.455
6992.600	0.018	3.455
6992.800	0.018	3.455
6993.000	0.020	3.455
6993.200	0.019	3.455
6993.400	0.018	3.455
6993.600	0.019	3.455
6993.800	0.018	3.455
6994.000	0.018	3.455
6994.200	0.020	3.455
6994.400	0.019	3.455
6994.600	0.019	3.455
6994.800	0.019	3.455
6995.000	0.017	3.455
6995.200	0.018	3.455
6995.400	0.019	3.455
6995.600	0.020	3.455
6995.800	0.019	3.455
6996.000	0.018	3.455
6996.200	0.020	3.455
6996.400	0.020	3.455
6996.600	0.020	3.455
6996.800	0.017	3.455
6997.000	0.019	3.455
6997.200	0.020	3.455
6997.400	0.019	3.455
6997.600	0.020	3.455
6997.800	0.021	3.455
6998.000	0.022	3.455
6998.200	0.020	3.455
6998.400	0.020	3.455
6998.600	0.021	3.455
6998.800	0.021	3.455
6999.000	0.020	3.455
6999.200	0.021	3.455
6999.400	0.019	3.455
6999.600	0.018	3.455
6999.800	0.019	3.455
7000.000	0.021	3.455
7000.200	0.019	3.455
7000.400	0.020	3.455
7000.600	0.019	3.455
7000.800	0.020	3.455
7001.000	0.021	3.455
7001.200	0.020	3.455
7001.400	0.021	3.455
7001.600	0.021	3.455
7001.800	0.021	3.455
7002.000	0.020	3.455
7002.200	0.021	3.455
7002.400	0.021	3.455
7002.600	0.021	3.455
7002.800	0.019	3.455
7003.000	0.021	3.455
7003.200	0.020	3.455
7003.400	0.019	3.455
7003.600	0.019	3.455
7003.800	0.019	3.455
7004.000	0.020	3.455
7004.200	0.020	3.455
7004.400	0.021	3.455
7004.600	0.021	3.455
7004.800	0.021	3.455
7005.000	0.021	3.455
7005.200	0.019	3.455
7005.400	0.020	3.455
7005.600	0.020	3.455
7005.800	0.019	3.455
7006.000	0.020	3.455
7006.200	0.021	3.455
7006.400	0.018	3.455
7006.600	0.019	3.455
7006.800	0.019	3.455
7007.000	0.017	3.455
7007.200	0.018	3.455
7007.400	0.019	3.455
7007.600	0.018	3.455
7007.800	0.019	3.455
7008.000	0.019	3.455
7008.200	0.019	3.455
7008.400	0.021	3.455
7008.600	0.021	3.455
7008.800	0.020	3.455
7009.000	0.021	3.455
7009.200	0.022	3.455
7009.400	0.021	3.455
7009.600	0.020	3.455
7009.800	0.020	3.455
7010.000	0.020	3.455
7010.200	0.019	3.455
7010.400	0.019	3.455
7010.600	0.021	3.455
7010.800	0.019	3.455
7011.000	0.021	3.455
7011.200	0.020	3.455
7011.400	0.021	3.455
7011.600	0.021	3.455
7011.800	0.020	3.455
7012.000	0.020	3.455
7012.200	0.021	3.455
7012.400	0.020	3.455
7012.600	0.021	3.455
7012.800	0.022	3.455
7013.000	0.020	3.455
7013.200	0.019	3.455
7013.400	0.019	3.455
7013.600	0.020	3.455
7013.800	0.020	3.455
7014.000	0.021	3.455
7014.200	0.021	3.455
7014.400	0.022	3.455
7014.600	0.022	3.455
7014.800	0.022	3.455
7015.000	0.021	3.455
7015.200	0.023	3.455
7015.400	0.022	3.455
7015.600	0.021	3.455
7015.800	0.019	3.455
7016.000	0.020	3.455
7016.200	0.021	3.455
7016.400	0.021	3.455
7016.600	0.019	3.455
7016.800	0.020	3.455
7017.000	0.022	3.455
7017.200	0.021	3.455
7017.400	0.022	3.455
7017.600	0.019	3.455
7017.800	0.021	3.455
7018.000	0.021	3.455
7018.200	0.020	3.455
7018.400	0.020	3.455
7018.600	0.021	3.455
7018.800	0.020	3.455
7019.000	0.021	3.455
7019.200	0.022	3.455
7019.400	0.021	3.455
7019.600	0.021	3.455
7019.800	0.020	3.455
7020.000	0.021	3.455
7020.200	0.021	3.455
7020.400	0.021	3.455
7020.600	0.020	3.455
7020.800	0.020	3.455
7021.000	0.021	3.455
7021.200	0.022	3.455
7021.400	0.020	3.455
7021.600	0.021	3.455
7021.800	0.020	3.455
7022.000	0.021	3.455
7022.200	0.020	3.455
7022.400	0.020	3.455
7022.600	0.021	3.455
7022.800	0.021	3.455
7023.000	0.021	3.455
7023.200	0.021	3.455
7023.400	0.020	3.455
7023.600	0.020	3.455
7023.800	0.020	3.455
7024.000	0.019	3.455
7024.200	0.021	3.455
7024.400	0.020	3.455
7024.600	0.016	3.455
7024.800	0.018	3.455
7025.000	0.019	3.455
7025.200	0.020	3.455
7025.400	0.019	3.455
7025.600	0.019	3.455
7025.800	0.020	3.455
7026.000	0.020	3.455
7026.200	0.019	3.455
7026.400	0.019	3.455
7026.600	0.022	3.455
7026.800	0.018	3.455
7027.000	0.020	3.455
7027.200	0.022	3.455
7027.400	0.021	3.455
7027.600	0.021	3.455
7027.800	0.018	3.455
7028.000	0.019	3.455
7028.200	0.019	3.455
7028.400	0.020	3.455
7028.600	0.021	3.455
7028.800	0.020	3.455
7029.000	0.020	3.455
7029.200	0.021	3.455
7029.400	0.019	3.455
7029.600	0.019	3.455
7029.800	0.022	3.455
7030.000	0.022	3.455
7030.200	0.020	3.455
7030.400	0.021	3.455
7030.600	0.021	3.455
7030.800	0.020	3.455
7031.000	0.020	3.455
7031.200	0.020	3.455
7031.400	0.020	3.455
7031.600	0.019	3.455
7031.800	0.020	3.455
7032.000	0.022	3.455
7032.200	0.020	3.455
7032.400	0.020	3.455
7032.600	0.021	3.455
7032.800	0.020	3.455
7033.000	0.018	3.455
7033.200	0.019	3.455
7033.400	0.021	3.455
7033.600	0.021	3.455
7033.800	0.023	3.455
7034.000	0.022	3.455
7034.200	0.021	3.455
7034.400	0.021	3.455
7034.600	0.020	3.455
7034.800	0.020	3.455
7035.000	0.021	3.455
7035.200	0.020	3.455
7035.400	0.020	3.455
7035.600	0.018	3.455
7035.800	0.016	3.455
7036.000	0.017	3.455
7036.200	0.018	3.455
7036.400	0.020	3.455
7036.600	0.020	3.455
7036.800	0.021	3.455
7037.000	0.020	3.455
7037.200	0.020	3.455
7037.400	0.021	3.455
7037.600	0.018	3.455
7037.800	0.020	3.455
7038.000	0.019	3.455
7038.200	0.020	3.455
7038.400	0.020	3.455
7038.600	0.018	3.455
7038.800	0.019	3.455
7039.000	0.019	3.455
7039.200	0.019	3.455
7039.400	0.020	3.455
7039.600	0.019	3.455
7039.800	0.018	3.455
7040.000	0.018	3.455
7040.200	0.018	3.455
7040.400	0.018	3.455
7040.600	0.017	3.455
7040.800	0.021	3.455
7041.000	0.020	3.455
7041.200	0.019	3.455
7041.400	0.019	3.455
7041.600	0.018	3.455
7041.800	0.016	3.455
7042.000	0.018	3.455
7042.200	0.018	3.455
7042.400	0.017	3.455
7042.600	0.019	3.455
7042.800	0.020	3.455
7043.000	0.018	3.455
7043.200	0.018	3.455
7043.400	0.017	3.455
7043.600	0.018	3.455
7043.800	0.018	3.455
7044.000	0.017	3.455
7044.200	0.017	3.455
7044.400	0.018	3.455
7044.600	0.019	3.455
7044.800	0.018	3.455
7045.000	0.020	3.455
7045.200	0.019	3.455
7045.400	0.019	3.455
7045.600	0.018	3.455
7045.800	0.018	3.455
7046.000	0.019	3.455
7046.200	0.017	3.455
7046.400	0.017	3.455
7046.600	0.017	3.455
7046.800	0.017	3.455
7047.000	0.017	3.455
7047.200	0.018	3.455
7047.400	0.019	3.455
7047.600	0.019	3.455
7047.800	0.019	3.455
7048.000	0.018	3.455
7048.200	0.018	3.455
7048.400	0.017	3.455
7048.600	0.018	3.455
7048.800	0.017	3.455
7049.000	0.019	3.455
7049.200	0.019	3.455
7049.400	0.018	3.455
7049.600	0.018	3.455
7049.800	0.018	3.455
7050.000	0.018	3.455
7050.200	0.017	3.455
7050.400	0.019	3.455
7050.600	0.019	3.455
7050.800	0.019	3.455
7051.000	0.017	3.455
7051.200	0.020	3.455
7051.400	0.019	3.455
7051.600	0.018	3.455
7051.800	0.018	3.455
7052.000	0.018	3.455
7052.200	0.017	3.455
7052.400	0.018	3.455
7052.600	0.018	3.455
7052.800	0.019	3.455
7053.000	0.018	3.455
7053.200	0.018	3.455
7053.400	0.019	3.455
7053.600	0.018	3.455
7053.800	0.017	3.455
7054.000	0.018	3.455
7054.200	0.018	3.455
7054.400	0.017	3.455
7054.600	0.018	3.455
7054.800	0.018	3.455
7055.000	0.018	3.455
7055.200	0.019	3.455
7055.400	0.018	3.455
7055.600	0.018	3.455
7055.800	0.019	3.455
7056.000	0.018	3.455
7056.200	0.016	3.455
7056.400	0.018	3.455
7056.600	0.018	3.455
7056.800	0.016	3.455
7057.000	0.017	3.455
7057.200	0.017	3.455
7057.400	0.019	3.455
7057.600	0.016	3.455
7057.800	0.018	3.455
7058.000	0.017	3.455
7058.200	0.018	3.455
7058.400	0.018	3.455
7058.600	0.018	3.455
7058.800	0.017	3.455
7059.000	0.018	3.455
7059.200	0.018	3.455
7059.400	0.019	3.455
7059.600	0.018	3.455
7059.800	0.018	3.455
7060.000	0.018	3.455
7060.200	0.019	3.455
7060.400	0.019	3.455
7060.600	0.019	3.455
7060.800	0.021	3.455
7061.000	0.021	3.455
7061.200	0.019	3.455
7061.400	0.020	3.455
7061.600	0.018	3.455
7061.800	0.018	3.455
7062.000	0.020	3.455
7062.200	0.015	3.455
7062.400	0.019	3.455
7062.600	0.020	3.455
7062.800	0.017	3.455
7063.000	0.020	3.455
7063.200	0.018	3.455
7063.400	0.022	3.455
7063.600	0.019	3.455
7063.800	0.019	3.455
7064.000	0.019	3.455
7064.200	0.019	3.455
7064.400	0.019	3.455
7064.600	0.019	3.455
7064.800	0.018	3.455
7065.000	0.019	3.455
7065.200	0.019	3.455
7065.400	0.018	3.455
7065.600	0.020	3.455
7065.800	0.020	3.455
7066.000	0.020	3.455
7066.200	0.021	3.455
7066.400	0.021	3.455
7066.600	0.020	3.455
7066.800	0.022	3.455
7067.000	0.020	3.455
7067.200	0.020	3.455
7067.400	0.019	3.455
7067.600	0.019	3.455
7067.800	0.021	3.455
7068.000	0.021	3.455
7068.200	0.021	3.455
7068.400	0.022	3.455
7068.600	0.020	3.455
7068.800	0.021	3.455
7069.000	0.022	3.455
7069.200	0.019	3.455
7069.400	0.019	3.455
7069.600	0.018	3.455
7069.800	0.019	3.455
7070.000	0.019	3.455
7070.200	0.020	3.455
7070.400	0.019	3.455
7070.600	0.016	3.455
7070.800	0.018	3.455
7071.000	0.018	3.455
7071.200	0.019	3.455
7071.400	0.020	3.455
7071.600	0.020	3.455
7071.800	0.019	3.455
7072.000	0.019	3.455
7072.200	0.019	3.455
7072.400	0.018	3.455
7072.600	0.018	3.455
7072.800	0.020	3.455
7073.000	0.019	3.455
7073.200	0.021	3.455
7073.400	0.019	3.455
7073.600	0.018	3.455
7073.800	0.017	3.455
7074.000	0.018	3.455
7074.200	0.019	3.455
7074.400	0.020	3.455
7074.600	0.018	3.455
7074.800	0.020	3.455
7075.000	0.019	3.455
7075.200	0.021	3.455
7075.400	0.020	3.455
7075.600	0.017	3.455
7075.800	0.019	3.455
7076.000	0.019	3.455
7076.200	0.018	3.455
7076.400	0.020	3.455
7076.600	0.020	3.455
7076.800	0.022	3.455
7077.000	0.020	3.455
7077.200	0.020	3.455
7077.400	0.020	3.455
7077.600	0.017	3.455
7077.800	0.019	3.455
7078.000	0.019	3.455
7078.200	0.020	3.455
7078.400	0.019	3.455
7078.600	0.019	3.455
7078.800	0.018	3.455
7079.000	0.019	3.455
7079.200	0.018	3.455
7079.400	0.021	3.455
7079.600	0.019	3.455
7079.800	0.022	3.455
7080.000	0.021	3.455
7080.200	0.020	3.455
7080.400	0.020	3.455
7080.600	0.020	3.455
7080.800	0.020	3.455
7081.000	0.020	3.455
7081.200	0.020	3.455
7081.400	0.020	3.455
7081.600	0.021	3.455
7081.800	0.021	3.455
7082.000	0.018	3.455
7082.200	0.017	3.455
7082.400	0.020	3.455
7082.600	0.020	3.455
7082.800	0.018	3.455
7083.000	0.018	3.455
7083.200	0.019	3.455
7083.400	0.017	3.455
7083.600	0.019	3.455
7083.800	0.018	3.455
7084.000	0.018	3.455
7084.200	0.018	3.455
7084.400	0.018	3.455
7084.600	0.019	3.455
7084.800	0.018	3.455
7085.000	0.019	3.455
7085.200	0.021	3.455
7085.400	0.018	3.455
7085.600	0.017	3.455
7085.800	0.016	3.455
7086.000	0.020	3.455
7086.200	0.018	3.455
7086.400	0.020	3.455
7086.600	0.018	3.455
7086.800	0.018	3.455
7087.000	0.019	3.455
7087.200	0.018	3.455
7087.400	0.022	3.455
7087.600	0.020	3.455
7087.800	0.020	3.455
7088.000	0.019	3.455
7088.200	0.019	3.455
7088.400	0.020	3.455
7088.600	0.020	3.455
7088.800	0.020	3.455
7089.000	0.020	3.455
7089.200	0.020	3.455
7089.400	0.021	3.455
7089.600	0.019	3.455
7089.800	0.019	3.455
7090.000	0.020	3.455
7090.200	0.019	3.455
7090.400	0.020	3.455
7090.600	0.019	3.455
7090.800	0.019	3.455
7091.000	0.019	3.455
7091.200	0.019	3.455
7091.400	0.019	3.455
7091.600	0.020	3.455
7091.800	0.018	3.455
7092.000	0.020	3.455
7092.200	0.020	3.455
7092.400	0.019	3.455
7092.600	0.019	3.455
7092.800	0.019	3.455
7093.000	0.020	3.455
7093.200	0.020	3.455
7093.400	0.021	3.455
7093.600	0.020	3.455
7093.800	0.019	3.455
7094.000	0.018	3.455
7094.200	0.017	3.455
7094.400	0.016	3.455
7094.600	0.018	3.455
7094.800	0.020	3.455
7095.000	0.020	3.455
7095.200	0.019	3.455
7095.400	0.019	3.455
7095.600	0.018	3.455
7095.800	0.019	3.455
7096.000	0.018	3.455
7096.200	0.020	3.455
7096.400	0.018	3.455
7096.600	0.019	3.455
7096.800	0.018	3.455
7097.000	0.016	3.455
7097.200	0.018	3.455
7097.400	0.018	3.455
7097.600	0.017	3.455
7097.800	0.017	3.455
7098.000	0.017	3.455
7098.200	0.015	3.455
7098.400	0.017	3.455
7098.600	0.017	3.455
7098.800	0.018	3.455
7099.000	0.018	3.455
7099.200	0.018	3.455
7099.400	0.019	3.455
7099.600	0.018	3.455
7099.800	0.020	3.455
7100.000	0.017	3.455
7100.200	0.017	3.455
7100.400	0.017	3.455
7100.600	0.018	3.455
7100.800	0.017	3.455
7101.000	0.015	3.455
7101.200	0.017	3.455
7101.400	0.018	3.455
7101.600	0.018	3.455
7101.800	0.018	3.455
7102.000	0.018	3.455
7102.200	0.018	3.455
7102.400	0.017	3.455
7102.600	0.017	3.455
7102.800	0.017	3.455
7103.000	0.016	3.455
7103.200	0.017	3.455
7103.400	0.018	3.455
7103.600	0.017	3.455
7103.800	0.016	3.455
7104.000	0.019	3.455
7104.200	0.018	3.455
7104.400	0.018	3.455
7104.600	0.016	3.455
7104.800	0.017	3.455
7105.000	0.018	3.455
7105.200	0.017	3.455
7105.400	0.017	3.455
7105.600	0.017	3.455
7105.800	0.018	3.455
7106.000	0.017	3.455
7106.200	0.018	3.455
7106.400	0.018	3.455
7106.600	0.019	3.455
7106.800	0.018	3.455
7107.000	0.018	3.455
7107.200	0.017	3.455
7107.400	0.018	3.455
7107.600	0.017	3.455
7107.800	0.017	3.455
7108.000	0.017	3.455
7108.200	0.017	3.455
7108.400	0.018	3.455
7108.600	0.018	3.455
7108.800	0.018	3.455
7109.000	0.017	3.455
7109.200	0.017	3.455
7109.400	0.017	3.455
7109.600	0.019	3.455
7109.800	0.018	3.455
7110.000	0.017	3.455
7110.200	0.016	3.455
7110.400	0.017	3.455
7110.600	0.019	3.455
7110.800	0.018	3.455
7111.000	0.017	3.455
7111.200	0.018	3.455
7111.400	0.018	3.455
7111.600	0.017	3.455
7111.800	0.018	3.455
7112.000	0.018	3.455
7112.200	0.017	3.455
7112.400	0.018	3.455
7112.600	0.018	3.455
7112.800	0.019	3.455
7113.000	0.020	3.455
7113.200	0.018	3.455
7113.400	0.018	3.455
7113.600	0.017	3.455
7113.800	0.018	3.455
7114.000	0.019	3.455
7114.200	0.019	3.455
7114.400	0.019	3.455
7114.600	0.019	3.455
7114.800	0.017	3.455
7115.000	0.019	3.455
7115.200	0.018	3.455
7115.400	0.018	3.455
7115.600	0.016	3.455
7115.800	0.018	3.455
7116.000	0.017	3.455
7116.200	0.017	3.455
7116.400	0.017	3.455
7116.600	0.017	3.455
7116.800	0.017	3.455
7117.000	0.017	3.455
7117.200	0.017	3.455
7117.400	0.019	3.455
7117.600	0.018	3.455
7117.800	0.018	3.455
7118.000	0.017	3.455
7118.200	0.018	3.455
7118.400	0.020	3.455
7118.600	0.020	3.455
7118.800	0.020	3.455
7119.000	0.020	3.455
7119.200	0.020	3.455
7119.400	0.020	3.455
7119.600	0.020	3.455
7119.800	0.021	3.455
7120.000	0.020	3.455
7120.200	0.021	3.455
7120.400	0.021	3.455
7120.600	0.020	3.455
7120.800	0.018	3.455
7121.000	0.018	3.455
7121.200	0.019	3.455
7121.400	0.020	3.455
7121.600	0.021	3.455
7121.800	0.021	3.455
7122.000	0.019	3.455
7122.200	0.020	3.455
7122.400	0.019	3.455
7122.600	0.020	3.455
7122.800	0.018	3.455
7123.000	0.020	3.455
7123.200	0.020	3.455
7123.400	0.019	3.455
7123.600	0.020	3.455
7123.800	0.017	3.455
7124.000	0.017	3.455
7124.200	0.019	3.455
7124.400	0.018	3.455
7124.600	0.020	3.455
7124.800	0.017	3.455
7125.000	0.019	3.455
7125.200	0.020	3.455
7125.400	0.018	3.455
7125.600	0.019	3.455
7125.800	0.018	3.455
7126.000	0.020	3.455
7126.200	0.018	3.455
7126.400	0.018	3.455
7126.600	0.019	3.455
7126.800	0.018	3.455
7127.000	0.017	3.455
7127.200	0.020	3.455
7127.400	0.018	3.455
7127.600	0.018	3.455
7127.800	0.019	3.455
7128.000	0.020	3.455
7128.200	0.020	3.455
7128.400	0.020	3.455
7128.600	0.019	3.455
7128.800	0.019	3.455
7129.000	0.019	3.455
7129.200	0.018	3.455
7129.400	0.020	3.455
7129.600	0.018	3.455
7129.800	0.018	3.455
7130.000	0.019	3.455
7130.200	0.019	3.455
7130.400	0.020	3.455
7130.600	0.019	3.455
7130.800	0.018	3.455
7131.000	0.018	3.455
7131.200	0.019	3.455
7131.400	0.018	3.455
7131.600	0.019	3.455
7131.800	0.020	3.455
7132.000	0.019	3.455
7132.200	0.019	3.455
7132.400	0.020	3.455
7132.600	0.019	3.455
7132.800	0.020	3.455
7133.000	0.018	3.455
7133.200	0.020	3.455
7133.400	0.019	3.455
7133.600	0.020	3.455
7133.800	0.019	3.455
7134.000	0.018	3.455
7134.200	0.018	3.455
7134.400	0.019	3.455
7134.600	0.018	3.455
7134.800	0.018	3.455
7135.000	0.019	3.455
7135.200	0.019	3.455
7135.400	0.018	3.455
7135.600	0.020	3.455
7135.800	0.019	3.455
7136.000	0.020	3.455
7136.200	0.019	3.455
7136.400	0.019	3.455
7136.600	0.019	3.455
7136.800	0.020	3.455
7137.000	0.018	3.455
7137.200	0.019	3.455
7137.400	0.021	3.455
7137.600	0.020	3.455
7137.800	0.019	3.455
7138.000	0.020	3.455
7138.200	0.019	3.455
7138.400	0.020	3.455
7138.600	0.019	3.455
7138.800	0.021	3.455
7139.000	0.020	3.455
7139.200	0.022	3.455
7139.400	0.020	3.455
7139.600	0.019	3.455
7139.800	0.019	3.455
7140.000	0.017	3.455
7140.200	0.019	3.455
7140.400	0.018	3.455
7140.600	0.018	3.455
7140.800	0.019	3.455
7141.000	0.021	3.455
7141.200	0.020	3.455
7141.400	0.020	3.455
7141.600	0.018	3.455
7141.800	0.020	3.455
7142.000	0.021	3.455
7142.200	0.018	3.455
7142.400	0.020	3.455
7142.600	0.019	3.455
7142.800	0.020	3.455
7143.000	0.020	3.455
7143.200	0.021	3.455
7143.400	0.020	3.455
7143.600	0.020	3.455
7143.800	0.019	3.455
7144.000	0.019	3.455
7144.200	0.020	3.455
7144.400	0.018	3.455
7144.600	0.020	3.455
7144.800	0.020	3.455
7145.000	0.019	3.455
7145.200	0.020	3.455
7145.400	0.020	3.455
7145.600	0.018	3.455
7145.800	0.021	3.455
7146.000	0.020	3.455
7146.200	0.019	3.455
7146.400	0.019	3.455
7146.600	0.020	3.455
7146.800	0.021	3.455
7147.000	0.019	3.455
7147.200	0.020	3.455
7147.400	0.021	3.455
7147.600	0.019	3.455
7147.800	0.020	3.455
7148.000	0.022	3.455
7148.200	0.021	3.455
7148.400	0.022	3.455
7148.600	0.021	3.455
7148.800	0.021	3.455
7149.000	0.019	3.455
7149.200	0.020	3.455
7149.400	0.020	3.455
7149.600	0.019	3.455
7149.800	0.019	3.455
7150.000	0.019	3.455
7150.200	0.020	3.455
7150.400	0.020	3.455
7150.600	0.019	3.455
7150.800	0.021	3.455
7151.000	0.020	3.455
7151.200	0.019	3.455
7151.400	0.021	3.455
7151.600	0.022	3.455
7151.800	0.020	3.455
7152.000	0.020	3.455
7152.200	0.020	3.455
7152.400	0.020	3.455
7152.600	0.018	3.455
7152.800	0.019	3.455
7153.000	0.017	3.455
7153.200	0.019	3.455
7153.400	0.021	3.455
7153.600	0.021	3.455
7153.800	0.019	3.455
7154.000	0.020	3.455
7154.200	0.018	3.455
7154.400	0.019	3.455
7154.600	0.020	3.455
7154.800	0.020	3.455
7155.000	0.020	3.455
7155.200	0.018	3.455
7155.400	0.018	3.455
7155.600	0.019	3.455
7155.800	0.019	3.455
7156.000	0.019	3.455
7156.200	0.017	3.455
7156.400	0.017	3.455
7156.600	0.020	3.455
7156.800	0.019	3.455
7157.000	0.020	3.455
7157.200	0.021	3.455
7157.400	0.018	3.455
7157.600	0.018	3.455
7157.800	0.018	3.455
7158.000	0.019	3.455
7158.200	0.019	3.455
7158.400	0.017	3.455
7158.600	0.019	3.455
7158.800	0.019	3.455
7159.000	0.020	3.455
7159.200	0.017	3.455
7159.400	0.017	3.455
7159.600	0.019	3.455
7159.800	0.018	3.455
7160.000	0.016	3.455
7160.200	0.017	3.455
7160.400	0.020	3.455
7160.600	0.019	3.455
7160.800	0.017	3.455
7161.000	0.019	3.455
7161.200	0.016	3.455
7161.400	0.017	3.455
7161.600	0.018	3.455
7161.800	0.018	3.455
7162.000	0.018	3.455
7162.200	0.019	3.455
7162.400	0.018	3.455
7162.600	0.018	3.455
7162.800	0.018	3.455
7163.000	0.020	3.455
7163.200	0.017	3.455
7163.400	0.020	3.455
7163.600	0.018	3.455
7163.800	0.019	3.455
7164.000	0.018	3.455
7164.200	0.018	3.455
7164.400	0.017	3.455
7164.600	0.017	3.455
7164.800	0.018	3.455
7165.000	0.018	3.455
7165.200	0.019	3.455
7165.400	0.018	3.455
7165.600	0.019	3.455
7165.800	0.019	3.455
7166.000	0.021	3.455
7166.200	0.016	3.455
7166.400	0.018	3.455
7166.600	0.018	3.455
7166.800	0.018	3.455
7167.000	0.019	3.455
7167.200	0.018	3.455
7167.400	0.018	3.455
7167.600	0.018	3.455
7167.800	0.020	3.455
7168.000	0.018	3.455
7168.200	0.018	3.455
7168.400	0.019	3.455
7168.600	0.019	3.455
7168.800	0.018	3.455
7169.000	0.018	3.455
7169.200	0.019	3.455
7169.400	0.019	3.455
7169.600	0.019	3.455
7169.800	0.017	3.455
7170.000	0.018	3.455
7170.200	0.018	3.455
7170.400	0.018	3.455
7170.600	0.018	3.455
7170.800	0.019	3.455
7171.000	0.018	3.455
7171.200	0.019	3.455
7171.400	0.020	3.455
7171.600	0.019	3.455
7171.800	0.020	3.455
7172.000	0.020	3.455
7172.200	0.021	3.455
7172.400	0.019	3.455
7172.600	0.019	3.455
7172.800	0.020	3.455
7173.000	0.018	3.455
7173.200	0.018	3.455
7173.400	0.018	3.455
7173.600	0.018	3.455
7173.800	0.019	3.455
7174.000	0.021	3.455
7174.200	0.019	3.455
7174.400	0.017	3.455
7174.600	0.018	3.455
7174.800	0.018	3.455
7175.000	0.019	3.455
7175.200	0.020	3.455
7175.400	0.020	3.455
7175.600	0.019	3.455
7175.800	0.020	3.455
7176.000	0.020	3.455
7176.200	0.019	3.455
7176.400	0.018	3.455
7176.600	0.018	3.455
7176.800	0.019	3.455
7177.000	0.019	3.455
7177.200	0.019	3.455
7177.400	0.017	3.455
7177.600	0.017	3.455
7177.800	0.019	3.455
7178.000	0.017	3.455
7178.200	0.019	3.455
7178.400	0.019	3.455
7178.600	0.018	3.455
7178.800	0.019	3.455
7179.000	0.017	3.455
7179.200	0.018	3.455
7179.400	0.019	3.455
7179.600	0.020	3.455
7179.800	0.019	3.455
7180.000	0.020	3.455
7180.200	0.019	3.455
7180.400	0.020	3.455
7180.600	0.020	3.455
7180.800	0.020	3.455
7181.000	0.019	3.455
7181.200	0.020	3.455
7181.400	0.019	3.455
7181.600	0.020	3.455
7181.800	0.020	3.455
7182.000	0.020	3.455
7182.200	0.020	3.455
7182.400	0.021	3.455
7182.600	0.021	3.455
7182.800	0.020	3.455
7183.000	0.020	3.455
7183.200	0.019	3.455
7183.400	0.020	3.455
7183.600	0.018	3.455
7183.800	0.020	3.455
7184.000	0.020	3.455
7184.200	0.020	3.455
7184.400	0.019	3.455
7184.600	0.019	3.455
7184.800	0.020	3.455
7185.000	0.019	3.455
7185.200	0.021	3.455
7185.400	0.020	3.455
7185.600	0.021	3.455
7185.800	0.021	3.455
7186.000	0.022	3.455
7186.200	0.019	3.455
7186.400	0.020	3.455
7186.600	0.019	3.455
7186.800	0.019	3.455
7187.000	0.020	3.455
7187.200	0.018	3.455
7187.400	0.020	3.455
7187.600	0.021	3.455
7187.800	0.020	3.455
7188.000	0.021	3.455
7188.200	0.021	3.455
7188.400	0.020	3.455
7188.600	0.020	3.455
7188.800	0.019	3.455
7189.000	0.020	3.455
7189.200	0.021	3.455
7189.400	0.020	3.455
7189.600	0.020	3.455
7189.800	0.019	3.455
7190.000	0.019	3.455
7190.200	0.020	3.455
7190.400	0.019	3.455
7190.600	0.018	3.455
7190.800	0.019	3.455
7191.000	0.018	3.455
7191.200	0.019	3.455
7191.400	0.020	3.455
7191.600	0.019	3.455
7191.800	0.019	3.455
7192.000	0.019	3.455
7192.200	0.020	3.455
7192.400	0.020	3.455
7192.600	0.021	3.455
7192.800	0.019	3.455
7193.000	0.021	3.455
7193.200	0.018	3.455
7193.400	0.020	3.455
7193.600	0.018	3.455
7193.800	0.019	3.455
7194.000	0.019	3.455
7194.200	0.018	3.455
7194.400	0.019	3.455
7194.600	0.018	3.455
7194.800	0.018	3.455
7195.000	0.018	3.455
7195.200	0.020	3.455
7195.400	0.018	3.455
7195.600	0.019	3.455
7195.800	0.018	3.455
7196.000	0.018	3.455
7196.200	0.018	3.455
7196.400	0.019	3.455
7196.600	0.018	3.455
7196.800	0.018	3.455
7197.000	0.019	3.455
7197.200	0.020	3.455
7197.400	0.020	3.455
7197.600	0.020	3.455
7197.800	0.020	3.455
7198.000	0.020	3.455
7198.200	0.020	3.455
7198.400	0.019	3.455
7198.600	0.019	3.455
7198.800	0.019	3.455
7199.000	0.018	3.455
7199.200	0.020	3.455
7199.400	0.019	3.455
7199.600	0.021	3.455
7199.800	0.020	3.455
7200.000	0.020	3.455
7200.200	0.020	3.455
7200.400	0.021	3.455
7200.600	0.020	3.455
7200.800	0.020	3.455
7201.000	0.019	3.455
7201.200	0.020	3.455
7201.400	0.021	3.455
7201.600	0.021	3.455
7201.800	0.023	3.455
7202.000	0.021	3.455
7202.200	0.020	3.455
7202.400	0.020	3.455
7202.600	0.019	3.455
7202.800	0.021	3.455
7203.000	0.021	3.455
7203.200	0.021	3.455
7203.400	0.021	3.455
7203.600	0.021	3.455
7203.800	0.023	3.455
7204.000	0.021	3.455
7204.200	0.022	3.455
7204.400	0.022	3.455
7204.600	0.021	3.455
7204.800	0.020	3.455
7205.000	0.020	3.455
7205.200	0.020	3.455
7205.400	0.020	3.455
7205.600	0.020	3.455
7205.800	0.019	3.455
7206.000	0.021	3.455
7206.200	0.021	3.455
7206.400	0.021	3.455
7206.600	0.019	3.455
7206.800	0.021	3.455
7207.000	0.020	3.455
7207.200	0.019	3.455
7207.400	0.021	3.455
7207.600	0.018	3.455
7207.800	0.020	3.455
7208.000	0.020	3.455
7208.200	0.021	3.455
7208.400	0.021	3.455
7208.600	0.021	3.455
7208.800	0.020	3.455
7209.000	0.019	3.455
7209.200	0.020	3.455
7209.400	0.022	3.455
7209.600	0.023	3.455
7209.800	0.019	3.455
7210.000	0.020	3.455
7210.200	0.020	3.455
7210.400	0.019	3.455
7210.600	0.019	3.455
7210.800	0.019	3.455
7211.000	0.020	3.455
7211.200	0.021	3.455
7211.400	0.020	3.455
7211.600	0.020	3.455
7211.800	0.020	3.455
7212.000	0.019	3.455
7212.200	0.019	3.455
7212.400	0.017	3.455
7212.600	0.018	3.455
7212.800	0.018	3.455
7213.000	0.018	3.455
7213.200	0.019	3.455
7213.400	0.019	3.455
7213.600	0.019	3.455
7213.800	0.019	3.455
7214.000	0.019	3.455
7214.200	0.018	3.455
7214.400	0.018	3.455
7214.600	0.020	3.455
7214.800	0.019	3.455
7215.000	0.018	3.455
7215.200	0.020	3.455
7215.400	0.021	3.455
7215.600	0.020	3.455
7215.800	0.020	3.455
7216.000	0.020	3.455
7216.200	0.020	3.455
7216.400	0.019	3.455
7216.600	0.019	3.455
7216.800	0.021	3.455
7217.000	0.022	3.455
7217.200	0.021	3.455
7217.400	0.020	3.455
7217.600	0.022	3.455
7217.800	0.021	3.455
7218.000	0.020	3.455
7218.200	0.021	3.455
7218.400	0.021	3.455
7218.600	0.021	3.455
7218.800	0.021	3.455
7219.000	0.023	3.455
7219.200	0.021	3.455
7219.400	0.022	3.455
7219.600	0.022	3.455
7219.800	0.021	3.455
7220.000	0.020	3.455
7220.200	0.021	3.455
7220.400	0.021	3.455
7220.600	0.020	3.455
7220.800	0.018	3.455
7221.000	0.018	3.455
7221.200	0.017	3.455
7221.400	0.020	3.455
7221.600	0.019	3.455
7221.800	0.021	3.455
7222.000	0.019	3.455
7222.200	0.020	3.455
7222.400	0.020	3.455
7222.600	0.019	3.455
7222.800	0.020	3.455
7223.000	0.019	3.455
7223.200	0.019	3.455
7223.400	0.019	3.455
7223.600	0.018	3.455
7223.800	0.020	3.455
7224.000	0.019	3.455
7224.200	0.019	3.455
7224.400	0.019	3.455
7224.600	0.019	3.455
7224.800	0.019	3.455
7225.000	0.020	3.455
7225.200	0.021	3.455
7225.400	0.021	3.455
7225.600	0.022	3.455
7225.800	0.020	3.455
7226.000	0.021	3.455
7226.200	0.021	3.455
7226.400	0.021	3.455
7226.600	0.020	3.455
7226.800	0.020	3.455
7227.000	0.021	3.455
7227.200	0.020	3.455
7227.400	0.019	3.455
7227.600	0.020	3.455
7227.800	0.021	3.455
7228.000	0.020	3.455
7228.200	0.022	3.455
7228.400	0.021	3.455
7228.600	0.021	3.455
7228.800	0.020	3.455
7229.000	0.021	3.455
7229.200	0.021	3.455
7229.400	0.022	3.455
7229.600	0.021	3.455
7229.800	0.022	3.455
7230.000	0.022	3.455
7230.200	0.022	3.455
7230.400	0.020	3.455
7230.600	0.020	3.455
7230.800	0.020	3.455
7231.000	0.021	3.455
7231.200	0.019	3.455
7231.400	0.020	3.455
7231.600	0.019	3.455
7231.800	0.018	3.455
7232.000	0.018	3.455
7232.200	0.018	3.455
7232.400	0.019	3.455
7232.600	0.022	3.455
7232.800	0.020	3.455
7233.000	0.020	3.455
7233.200	0.018	3.455
7233.400	0.019	3.455
7233.600	0.020	3.455
7233.800	0.020	3.455
7234.000	0.019	3.455
7234.200	0.019	3.455
7234.400	0.019	3.455
7234.600	0.018	3.455
7234.800	0.019	3.455
7235.000	0.019	3.455
7235.200	0.021	3.455
7235.400	0.021	3.455
7235.600	0.021	3.455
7235.800	0.018	3.455
7236.000	0.020	3.455
7236.200	0.019	3.455
7236.400	0.021	3.455
7236.600	0.020	3.455
7236.800	0.021	3.455
7237.000	0.020	3.455
7237.200	0.021	3.455
7237.400	0.019	3.455
7237.600	0.020	3.455
7237.800	0.020	3.455
7238.000	0.020	3.455
7238.200	0.020	3.455
7238.400	0.018	3.455
7238.600	0.019	3.455
7238.800	0.020	3.455
7239.000	0.017	3.455
7239.200	0.019	3.455
7239.400	0.020	3.455
7239.600	0.019	3.455
7239.800	0.019	3.455
7240.000	0.019	3.455
7240.200	0.018	3.455
7240.400	0.019	3.455
7240.600	0.018	3.455
7240.800	0.019	3.455
7241.000	0.019	3.455
7241.200	0.020	3.455
7241.400	0.018	3.455
7241.600	0.018	3.455
7241.800	0.019	3.455
7242.000	0.021	3.455
7242.200	0.019	3.455
7242.400	0.022	3.455
7242.600	0.020	3.455
7242.800	0.021	3.455
7243.000	0.021	3.455
7243.200	0.020	3.455
7243.400	0.018	3.455
7243.600	0.019	3.455
7243.800	0.019	3.455
7244.000	0.020	3.455
7244.200	0.019	3.455
7244.400	0.020	3.455
7244.600	0.018	3.455
7244.800	0.020	3.455
7245.000	0.019	3.455
7245.200	0.019	3.455
7245.400	0.019	3.455
7245.600	0.020	3.455
7245.800	0.019	3.455
7246.000	0.020	3.455
7246.200	0.020	3.455
7246.400	0.020	3.455
7246.600	0.021	3.455
7246.800	0.020	3.455
7247.000	0.020	3.455
7247.200	0.022	3.455
7247.400	0.019	3.455
7247.600	0.021	3.455
7247.800	0.022	3.455
7248.000	0.022	3.455
7248.200	0.021	3.455
7248.400	0.022	3.455
7248.600	0.021	3.455
7248.800	0.021	3.455
7249.000	0.022	3.455
7249.200	0.020	3.455
7249.400	0.021	3.455
7249.600	0.020	3.455
7249.800	0.020	3.455
7250.000	0.020	3.455
7250.200	0.020	3.455
7250.400	0.020	3.455
7250.600	0.020	3.455
7250.800	0.020	3.455
7251.000	0.022	3.455
7251.200	0.021	3.455
7251.400	0.020	3.455
7251.600	0.021	3.455
7251.800	0.019	3.455
7252.000	0.021	3.455
7252.200	0.019	3.455
7252.400	0.019	3.455
7252.600	0.021	3.455
7252.800	0.020	3.455
7253.000	0.020	3.455
7253.200	0.020	3.455
7253.400	0.019	3.455
7253.600	0.019	3.455
7253.800	0.019	3.455
7254.000	0.018	3.455
7254.200	0.019	3.455
7254.400	0.019	3.455
7254.600	0.019	3.455
7254.800	0.019	3.455
7255.000	0.019	3.455
7255.200	0.020	3.455
7255.400	0.020	3.455
7255.600	0.020	3.455
7255.800	0.019	3.455
7256.000	0.019	3.455
7256.200	0.019	3.455
7256.400	0.018	3.455
7256.600	0.018	3.455
7256.800	0.019	3.455
7257.000	0.018	3.455
7257.200	0.020	3.455
7257.400	0.020	3.455
7257.600	0.019	3.455
7257.800	0.019	3.455
7258.000	0.019	3.455
7258.200	0.020	3.455
7258.400	0.020	3.455
7258.600	0.020	3.455
7258.800	0.018	3.455
7259.000	0.020	3.455
7259.200	0.019	3.455
7259.400	0.019	3.455
7259.600	0.019	3.455
7259.800	0.018	3.455
7260.000	0.019	3.455
7260.200	0.018	3.455
7260.400	0.018	3.455
7260.600	0.019	3.455
7260.800	0.019	3.455
7261.000	0.017	3.455
7261.200	0.018	3.455
7261.400	0.019	3.455
7261.600	0.018	3.455
7261.800	0.019	3.455
7262.000	0.019	3.455
7262.200	0.018	3.455
7262.400	0.020	3.455
7262.600	0.019	3.455
7262.800	0.021	3.455
7263.000	0.020	3.455
7263.200	0.019	3.455
7263.400	0.018	3.455
7263.600	0.018	3.455
7263.800	0.018	3.455
7264.000	0.019	3.455
7264.200	0.021	3.455
7264.400	0.020	3.455
7264.600	0.022	3.455
7264.800	0.020	3.455
7265.000	0.019	3.455
7265.200	0.018	3.455
7265.400	0.020	3.455
7265.600	0.019	3.455
7265.800	0.020	3.455
7266.000	0.021	3.455
7266.200	0.020	3.455
7266.400	0.019	3.455
7266.600	0.019	3.455
7266.800	0.018	3.455
7267.000	0.020	3.455
7267.200	0.020	3.455
7267.400	0.018	3.455
7267.600	0.021	3.455
7267.800	0.020	3.455
7268.000	0.022	3.455
7268.200	0.019	3.455
7268.400	0.021	3.455
7268.600	0.020	3.455
7268.800	0.019	3.455
7269.000	0.020	3.455
7269.200	0.022	3.455
7269.400	0.020	3.455
7269.600	0.020	3.455
7269.800	0.020	3.455
7270.000	0.019	3.455
7270.200	0.019	3.455
7270.400	0.020	3.455
7270.600	0.019	3.455
7270.800	0.020	3.455
7271.000	0.018	3.455
7271.200	0.019	3.455
7271.400	0.021	3.455
7271.600	0.022	3.455
7271.800	0.019	3.455
7272.000	0.020	3.455
7272.200	0.020	3.455
7272.400	0.022	3.455
7272.600	0.021	3.455
7272.800	0.021	3.455
7273.000	0.021	3.455
7273.200	0.021	3.455
7273.400	0.022	3.455
7273.600	0.020	3.455
7273.800	0.021	3.455
7274.000	0.019	3.455
7274.200	0.022	3.455
7274.400	0.021	3.455
7274.600	0.022	3.455
7274.800	0.022	3.455
7275.000	0.020	3.455
7275.200	0.021	3.455
7275.400	0.022	3.455
7275.600	0.021	3.455
7275.800	0.021	3.455
7276.000	0.021	3.455
7276.200	0.020	3.455
7276.400	0.019	3.455
7276.600	0.020	3.455
7276.800	0.021	3.455
7277.000	0.019	3.455
7277.200	0.020	3.455
7277.400	0.020	3.455
7277.600	0.021	3.455
7277.800	0.020	3.455
7278.000	0.021	3.455
7278.200	0.021	3.455
7278.400	0.020	3.455
7278.600	0.019	3.455
7278.800	0.021	3.455
7279.000	0.022	3.455
7279.200	0.021	3.455
7279.400	0.020	3.455
7279.600	0.021	3.455
7279.800	0.020	3.455
7280.000	0.020	3.455
7280.200	0.020	3.455
7280.400	0.021	3.455
7280.600	0.020	3.455
7280.800	0.019	3.455
7281.000	0.020	3.455
7281.200	0.019	3.455
7281.400	0.019	3.455
7281.600	0.019	3.455
7281.800	0.021	3.455
7282.000	0.022	3.455
7282.200	0.018	3.455
7282.400	0.019	3.455
7282.600	0.020	3.455
7282.800	0.018	3.455
7283.000	0.019	3.455
7283.200	0.019	3.455
7283.400	0.020	3.455
7283.600	0.018	3.455
7283.800	0.019	3.455
7284.000	0.020	3.455
7284.200	0.019	3.455
7284.400	0.020	3.455
7284.600	0.019	3.455
7284.800	0.021	3.455
7285.000	0.021	3.455
7285.200	0.020	3.455
7285.400	0.020	3.455
7285.600	0.020	3.455
7285.800	0.018	3.455
7286.000	0.019	3.455
7286.200	0.019	3.455
7286.400	0.020	3.455
7286.600	0.020	3.455
7286.800	0.020	3.455
7287.000	0.020	3.455
7287.200	0.019	3.455
7287.400	0.019	3.455
7287.600	0.019	3.455
7287.800	0.018	3.455
7288.000	0.019	3.455
7288.200	0.018	3.455
7288.400	0.018	3.455
7288.600	0.017	3.455
7288.800	0.019	3.455
7289.000	0.018	3.455
7289.200	0.019	3.455
7289.400	0.020	3.455
7289.600	0.020	3.455
7289.800	0.019	3.455
7290.000	0.019	3.455
7290.200	0.017	3.455
7290.400	0.019	3.455
7290.600	0.019	3.455
7290.800	0.018	3.455
7291.000	0.019	3.455
7291.200	0.018	3.455
7291.400	0.016	3.455
7291.600	0.018	3.455
7291.800	0.018	3.455
7292.000	0.019	3.455
7292.200	0.018	3.455
7292.400	0.019	3.455
7292.600	0.019	3.455
7292.800	0.018	3.455
7293.000	0.018	3.455
7293.200	0.018	3.455
7293.400	0.018	3.455
7293.600	0.018	3.455
7293.800	0.019	3.455
7294.000	0.021	3.455
7294.200	0.020	3.455
7294.400	0.019	3.455
7294.600	0.018	3.455
7294.800	0.020	3.455
7295.000	0.020	3.455
7295.200	0.018	3.455
7295.400	0.019	3.455
7295.600	0.018	3.455
7295.800	0.020	3.455
7296.000	0.018	3.455
7296.200	0.019	3.455
7296.400	0.019	3.455
7296.600	0.018	3.455
7296.800	0.019	3.455
7297.000	0.018	3.455
7297.200	0.017	3.455
7297.400	0.018	3.455
7297.600	0.020	3.455
7297.800	0.019	3.455
7298.000	0.019	3.455
7298.200	0.018	3.455
7298.400	0.018	3.455
7298.600	0.017	3.455
7298.800	0.018	3.455
7299.000	0.016	3.455
7299.200	0.018	3.455
7299.400	0.017	3.455
7299.600	0.017	3.455
7299.800	0.018	3.455
7300.000	0.017	3.455
7300.200	0.016	3.455
7300.400	0.018	3.455
7300.600	0.017	3.455
7300.800	0.019	3.455
7301.000	0.018	3.455
7301.200	0.016	3.455
7301.400	0.016	3.455
7301.600	0.018	3.455
7301.800	0.016	3.455
7302.000	0.019	3.455
7302.200	0.018	3.455
7302.400	0.019	3.455
7302.600	0.019	3.455
7302.800	0.018	3.455
7303.000	0.019	3.455
7303.200	0.017	3.455
7303.400	0.017	3.455
7303.600	0.017	3.455
7303.800	0.018	3.455
7304.000	0.019	3.455
7304.200	0.018	3.455
7304.400	0.020	3.455
7304.600	0.019	3.455
7304.800	0.019	3.455
7305.000	0.017	3.455
7305.200	0.018	3.455
7305.400	0.018	3.455
7305.600	0.019	3.455
7305.800	0.019	3.455
7306.000	0.019	3.455
7306.200	0.019	3.455
7306.400	0.020	3.455
7306.600	0.018	3.455
7306.800	0.018	3.455
7307.000	0.017	3.455
7307.200	0.019	3.455
7307.400	0.020	3.455
7307.600	0.021	3.455
7307.800	0.018	3.455
7308.000	0.019	3.455
7308.200	0.019	3.455
7308.400	0.018	3.455
7308.600	0.019	3.455
7308.800	0.018	3.455
7309.000	0.019	3.455
7309.200	0.019	3.455
7309.400	0.019	3.455
7309.600	0.019	3.455
7309.800	0.018	3.455
7310.000	0.018	3.455
7310.200	0.017	3.455
7310.400	0.018	3.455
7310.600	0.019	3.455
7310.800	0.019	3.455
7311.000	0.017	3.455
7311.200	0.018	3.455
7311.400	0.021	3.455
7311.600	0.018	3.455
7311.800	0.020	3.455
7312.000	0.019	3.455
7312.200	0.018	3.455
7312.400	0.019	3.455
7312.600	0.019	3.455
7312.800	0.016	3.455
7313.000	0.019	3.455
7313.200	0.019	3.455
7313.400	0.018	3.455
7313.600	0.017	3.455
7313.800	0.017	3.455
7314.000	0.018	3.455
7314.200	0.018	3.455
7314.400	0.019	3.455
7314.600	0.019	3.455
7314.800	0.018	3.455
7315.000	0.018	3.455
7315.200	0.019	3.455
7315.400	0.018	3.455
7315.600	0.019	3.455
7315.800	0.021	3.455
7316.000	0.018	3.455
7316.200	0.021	3.455
7316.400	0.020	3.455
7316.600	0.019	3.455
7316.800	0.019	3.455
7317.000	0.020	3.455
7317.200	0.019	3.455
7317.400	0.019	3.455
7317.600	0.019	3.455
7317.800	0.017	3.455
7318.000	0.019	3.455
7318.200	0.021	3.455
7318.400	0.020	3.455
7318.600	0.018	3.455
7318.800	0.019	3.455
7319.000	0.018	3.455
7319.200	0.019	3.455
7319.400	0.019	3.455
7319.600	0.019	3.455
7319.800	0.019	3.455
7320.000	0.018	3.455
7320.200	0.019	3.455
7320.400	0.019	3.455
7320.600	0.019	3.455
7320.800	0.019	3.455
7321.000	0.020	3.455
7321.200	0.021	3.455
7321.400	0.020	3.455
7321.600	0.021	3.455
7321.800	0.019	3.455
7322.000	0.019	3.455
7322.200	0.018	3.455
7322.400	0.020	3.455
7322.600	0.019	3.455
7322.800	0.019	3.455
7323.000	0.021	3.455
7323.200	0.021	3.455
7323.400	0.021	3.455
7323.600	0.021	3.455
7323.800	0.022	3.455
7324.000	0.019	3.455
7324.200	0.018	3.455
7324.400	0.020	3.455
7324.600	0.020	3.455
7324.800	0.019	3.455
7325.000	0.019	3.455
7325.200	0.020	3.455
7325.400	0.019	3.455
7325.600	0.019	3.455
7325.800	0.019	3.455
7326.000	0.019	3.455
7326.200	0.019	3.455
7326.400	0.020	3.455
7326.600	0.019	3.455
7326.800	0.020	3.455
7327.000	0.020	3.455
7327.200	0.020	3.455
7327.400	0.020	3.455
7327.600	0.019	3.455
7327.800	0.018	3.455
7328.000	0.020	3.455
7328.200	0.022	3.455
7328.400	0.020	3.455
7328.600	0.019	3.455
7328.800	0.019	3.455
7329.000	0.020	3.455
7329.200	0.021	3.455
7329.400	0.021	3.455
7329.600	0.020	3.455
7329.800	0.020	3.455
7330.000	0.020	3.455
7330.200	0.020	3.455
7330.400	0.019	3.455
7330.600	0.020	3.455
7330.800	0.020	3.455
7331.000	0.022	3.455
7331.200	0.021	3.455
7331.400	0.020	3.455
7331.600	0.020	3.455
7331.800	0.020	3.455
7332.000	0.019	3.455
7332.200	0.020	3.455
7332.400	0.022	3.455
7332.600	0.020	3.455
7332.800	0.020	3.455
7333.000	0.022	3.455
7333.200	0.021	3.455
7333.400	0.020	3.455
7333.600	0.021	3.455
7333.800	0.018	3.455
7334.000	0.020	3.455
7334.200	0.019	3.455
7334.400	0.019	3.455
7334.600	0.019	3.455
7334.800	0.021	3.455
7335.000	0.019	3.455
7335.200	0.021	3.455
7335.400	0.019	3.455
7335.600	0.019	3.455
7335.800	0.020	3.455
7336.000	0.020	3.455
7336.200	0.021	3.455
7336.400	0.021	3.455
7336.600	0.019	3.455
7336.800	0.021	3.455
7337.000	0.020	3.455
7337.200	0.022	3.455
7337.400	0.021	3.455
7337.600	0.020	3.455
7337.800	0.020	3.455
7338.000	0.020	3.455
7338.200	0.020	3.455
7338.400	0.021	3.455
7338.600	0.021	3.455
7338.800	0.020	3.455
7339.000	0.022	3.455
7339.200	0.021	3.455
7339.400	0.019	3.455
7339.600	0.023	3.455
7339.800	0.022	3.455
7340.000	0.023	3.455
7340.200	0.021	3.455
7340.400	0.020	3.455
7340.600	0.022	3.455
7340.800	0.022	3.455
7341.000	0.021	3.455
7341.200	0.022	3.455
7341.400	0.023	3.455
7341.600	0.022	3.455
7341.800	0.022	3.455
7342.000	0.022	3.455
7342.200	0.024	3.455
7342.400	0.021	3.455
7342.600	0.020	3.455
7342.800	0.022	3.455
7343.000	0.021	3.455
7343.200	0.022	3.455
7343.400	0.022	3.455
7343.600	0.023	3.455
7343.800	0.022	3.455
7344.000	0.022	3.455
7344.200	0.022	3.455
7344.400	0.022	3.455
7344.600	0.023	3.455
7344.800	0.021	3.455
7345.000	0.021	3.455
7345.200	0.021	3.455
7345.400	0.022	3.455
7345.600	0.022	3.455
7345.800	0.020	3.455
7346.000	0.021	3.455
7346.200	0.022	3.455
7346.400	0.022	3.455
7346.600	0.022	3.455
7346.800	0.022	3.455
7347.000	0.022	3.455
7347.200	0.022	3.455
7347.400	0.024	3.455
7347.600	0.022	3.455
7347.800	0.021	3.455
7348.000	0.023	3.455
7348.200	0.022	3.455
7348.400	0.022	3.455
7348.600	0.024	3.455
7348.800	0.021	3.455
7349.000	0.021	3.455
7349.200	0.023	3.455
7349.400	0.021	3.455
7349.600	0.021	3.455
7349.800	0.021	3.455
7350.000	0.021	3.455
7350.200	0.022	3.455
7350.400	0.021	3.455
7350.600	0.021	3.455
7350.800	0.024	3.455
7351.000	0.022	3.455
7351.200	0.023	3.455
7351.400	0.021	3.455
7351.600	0.023	3.455
7351.800	0.020	3.455
7352.000	0.023	3.455
7352.200	0.022	3.455
7352.400	0.023	3.455
7352.600	0.022	3.455
7352.800	0.022	3.455
7353.000	0.022	3.455
7353.200	0.022	3.455
7353.400	0.023	3.455
7353.600	0.022	3.455
7353.800	0.021	3.455
7354.000	0.020	3.455
7354.200	0.020	3.455
7354.400	0.022	3.455
7354.600	0.023	3.455
7354.800	0.023	3.455
7355.000	0.022	3.455
7355.200	0.022	3.455
7355.400	0.022	3.455
7355.600	0.022	3.455
7355.800	0.022	3.455
7356.000	0.021	3.455
7356.200	0.022	3.455
7356.400	0.021	3.455
7356.600	0.020	3.455
7356.800	0.021	3.455
7357.000	0.020	3.455
7357.200	0.020	3.455
7357.400	0.019	3.455
7357.600	0.020	3.455
7357.800	0.020	3.455
7358.000	0.020	3.455
7358.200	0.019	3.455
7358.400	0.019	3.455
7358.600	0.020	3.455
7358.800	0.021	3.455
7359.000	0.020	3.455
7359.200	0.020	3.455
7359.400	0.019	3.455
7359.600	0.018	3.455
7359.800	0.021	3.455
7360.000	0.018	3.455
7360.200	0.020	3.455
7360.400	0.018	3.455
7360.600	0.019	3.455
7360.800	0.018	3.455
7361.000	0.020	3.455
7361.200	0.022	3.455
7361.400	0.020	3.455
7361.600	0.022	3.455
7361.800	0.019	3.455
7362.000	0.022	3.455
7362.200	0.021	3.455
7362.400	0.022	3.455
7362.600	0.017	3.455
7362.800	0.019	3.455
7363.000	0.020	3.455
7363.200	0.019	3.455
7363.400	0.022	3.455
7363.600	0.020	3.455
7363.800	0.019	3.455
7364.000	0.020	3.455
7364.200	0.021	3.455
7364.400	0.021	3.455
7364.600	0.020	3.455
7364.800	0.022	3.455
7365.000	0.021	3.455
7365.200	0.022	3.455
7365.400	0.019	3.455
7365.600	0.020	3.455
7365.800	0.020	3.455
7366.000	0.020	3.455
7366.200	0.021	3.455
7366.400	0.021	3.455
7366.600	0.021	3.455
7366.800	0.022	3.455
7367.000	0.021	3.455
7367.200	0.020	3.455
7367.400	0.021	3.455
7367.600	0.019	3.455
7367.800	0.020	3.455
7368.000	0.021	3.455
7368.200	0.020	3.455
7368.400	0.020	3.455
7368.600	0.021	3.455
7368.800	0.020	3.455
7369.000	0.023	3.455
7369.200	0.020	3.455
7369.400	0.019	3.455
7369.600	0.019	3.455
7369.800	0.020	3.455
7370.000	0.020	3.455
7370.200	0.018	3.455
7370.400	0.019	3.455
7370.600	0.020	3.455
7370.800	0.019	3.455
7371.000	0.022	3.455
7371.200	0.019	3.455
7371.400	0.017	3.455
7371.600	0.018	3.455
7371.800	0.019	3.455
7372.000	0.018	3.455
7372.200	0.020	3.455
7372.400	0.019	3.455
7372.600	0.018	3.455
7372.800	0.019	3.455
7373.000	0.019	3.455
7373.200	0.021	3.455
7373.400	0.017	3.455
7373.600	0.021	3.455
7373.800	0.020	3.455
7374.000	0.020	3.455
7374.200	0.018	3.455
7374.400	0.019	3.455
7374.600	0.019	3.455
7374.800	0.019	3.455
7375.000	0.020	3.455
7375.200	0.019	3.455
7375.400	0.019	3.455
7375.600	0.019	3.455
7375.800	0.018	3.455
7376.000	0.018	3.455
7376.200	0.018	3.455
7376.400	0.018	3.455
7376.600	0.019	3.455
7376.800	0.019	3.455
7377.000	0.019	3.455
7377.200	0.017	3.455
7377.400	0.018	3.455
7377.600	0.021	3.455
7377.800	0.019	3.455
7378.000	0.018	3.455
7378.200	0.019	3.455
7378.400	0.019	3.455
7378.600	0.019	3.455
7378.800	0.019	3.455
7379.000	0.018	3.455
7379.200	0.021	3.455
7379.400	0.018	3.455
7379.600	0.018	3.455
7379.800	0.017	3.455
7380.000	0.019	3.455
7380.200	0.019	3.455
7380.400	0.018	3.455
7380.600	0.018	3.455
7380.800	0.019	3.455
7381.000	0.019	3.455
7381.200	0.019	3.455
7381.400	0.019	3.455
7381.600	0.019	3.455
7381.800	0.018	3.455
7382.000	0.018	3.455
7382.200	0.019	3.455
7382.400	0.018	3.455
7382.600	0.019	3.455
7382.800	0.018	3.455
7383.000	0.018	3.455
7383.200	0.018	3.455
7383.400	0.017	3.455
7383.600	0.017	3.455
7383.800	0.017	3.455
7384.000	0.018	3.455
7384.200	0.017	3.455
7384.400	0.020	3.455
7384.600	0.018	3.455
7384.800	0.019	3.455
7385.000	0.020	3.455
7385.200	0.018	3.455
7385.400	0.017	3.455
7385.600	0.019	3.455
7385.800	0.018	3.455
7386.000	0.018	3.455
7386.200	0.017	3.455
7386.400	0.017	3.455
7386.600	0.017	3.455
7386.800	0.017	3.455
7387.000	0.018	3.455
7387.200	0.018	3.455
7387.400	0.018	3.455
7387.600	0.019	3.455
7387.800	0.017	3.455
7388.000	0.018	3.455
7388.200	0.017	3.455
7388.400	0.018	3.455
7388.600	0.018	3.455
7388.800	0.018	3.455
7389.000	0.019	3.455
7389.200	0.019	3.455
7389.400	0.017	3.455
7389.600	0.020	3.455
7389.800	0.017	3.455
7390.000	0.019	3.455
7390.200	0.018	3.455
7390.400	0.019	3.455
7390.600	0.018	3.455
7390.800	0.020	3.455
7391.000	0.020	3.455
7391.200	0.018	3.455
7391.400	0.019	3.455
7391.600	0.020	3.455
7391.800	0.019	3.455
7392.000	0.019	3.455
7392.200	0.019	3.455
7392.400	0.019	3.455
7392.600	0.018	3.455
7392.800	0.019	3.455
7393.000	0.020	3.455
7393.200	0.019	3.455
7393.400	0.019	3.455
7393.600	0.019	3.455
7393.800	0.020	3.455
7394.000	0.019	3.455
7394.200	0.020	3.455
7394.400	0.019	3.455
7394.600	0.019	3.455
7394.800	0.019	3.455
7395.000	0.018	3.455
7395.200	0.019	3.455
7395.400	0.019	3.455
7395.600	0.020	3.455
7395.800	0.020	3.455
7396.000	0.020	3.455
7396.200	0.020	3.455
7396.400	0.018	3.455
7396.600	0.019	3.455
7396.800	0.019	3.455
7397.000	0.019	3.455
7397.200	0.019	3.455
7397.400	0.019	3.455
7397.600	0.021	3.455
7397.800	0.019	3.455
7398.000	0.020	3.455
7398.200	0.020	3.455
7398.400	0.019	3.455
7398.600	0.018	3.455
7398.800	0.020	3.455
7399.000	0.020	3.455
7399.200	0.020	3.455
7399.400	0.021	3.455
7399.600	0.020	3.455
7399.800	0.021	3.455
7400.000	0.019	3.455
7400.200	0.019	3.455
7400.400	0.019	3.455
7400.600	0.020	3.455
7400.800	0.019	3.455
7401.000	0.019	3.455
7401.200	0.020	3.455
7401.400	0.021	3.455
7401.600	0.020	3.455
7401.800	0.021	3.455
7402.000	0.021	3.455
7402.200	0.022	3.455
7402.400	0.021	3.455
7402.600	0.021	3.455
7402.800	0.020	3.455
7403.000	0.021	3.455
7403.200	0.020	3.455
7403.400	0.020	3.455
7403.600	0.021	3.455
7403.800	0.019	3.455
7404.000	0.021	3.455
7404.200	0.021	3.455
7404.400	0.019	3.455
7404.600	0.022	3.455
7404.800	0.019	3.455
7405.000	0.022	3.455
7405.200	0.021	3.455
7405.400	0.021	3.455
7405.600	0.022	3.455
7405.800	0.019	3.455
7406.000	0.022	3.455
7406.200	0.019	3.455
7406.400	0.020	3.455
7406.600	0.018	3.455
7406.800	0.021	3.455
7407.000	0.021	3.455
7407.200	0.021	3.455
7407.400	0.020	3.455
7407.600	0.020	3.455
7407.800	0.021	3.455
7408.000	0.021	3.455
7408.200	0.020	3.455
7408.400	0.020	3.455
7408.600	0.021	3.455
7408.800	0.022	3.455
7409.000	0.020	3.455
7409.200	0.021	3.455
7409.400	0.020	3.455
7409.600	0.022	3.455
7409.800	0.020	3.455
7410.000	0.023	3.455
7410.200	0.020	3.455
7410.400	0.020	3.455
7410.600	0.023	3.455
7410.800	0.021	3.455
7411.000	0.020	3.455
7411.200	0.022	3.455
7411.400	0.021	3.455
7411.600	0.020	3.455
7411.800	0.021	3.455
7412.000	0.022	3.455
7412.200	0.023	3.455
7412.400	0.021	3.455
7412.600	0.021	3.455
7412.800	0.023	3.455
7413.000	0.022	3.455
7413.200	0.020	3.455
7413.400	0.020	3.455
7413.600	0.021	3.455
7413.800	0.023	3.455
7414.000	0.019	3.455
7414.200	0.022	3.455
7414.400	0.019	3.455
7414.600	0.021	3.455
7414.800	0.021	3.455
7415.000	0.020	3.455
7415.200	0.021	3.455
7415.400	0.019	3.455
7415.600	0.021	3.455
7415.800	0.019	3.455
7416.000	0.019	3.455
7416.200	0.020	3.455
7416.400	0.019	3.455
7416.600	0.019	3.455
7416.800	0.020	3.455
7417.000	0.019	3.455
7417.200	0.018	3.455
7417.400	0.017	3.455
7417.600	0.020	3.455
7417.800	0.019	3.455
7418.000	0.020	3.455
7418.200	0.021	3.455
7418.400	0.020	3.455
7418.600	0.018	3.455
7418.800	0.020	3.455
7419.000	0.021	3.455
7419.200	0.020	3.455
7419.400	0.019	3.455
7419.600	0.018	3.455
7419.800	0.020	3.455
7420.000	0.020	3.455
7420.200	0.021	3.455
7420.400	0.022	3.455
7420.600	0.021	3.455
7420.800	0.020	3.455
7421.000	0.020	3.455
7421.200	0.022	3.455
7421.400	0.020	3.455
7421.600	0.019	3.455
7421.800	0.018	3.455
7422.000	0.018	3.455
7422.200	0.018	3.455
7422.400	0.020	3.455
7422.600	0.019	3.455
7422.800	0.017	3.455
7423.000	0.017	3.455
7423.200	0.020	3.455
7423.400	0.020	3.455
7423.600	0.019	3.455
7423.800	0.021	3.455
7424.000	0.020	3.455
7424.200	0.017	3.455
7424.400	0.019	3.455
7424.600	0.018	3.455
7424.800	0.019	3.455
7425.000	0.021	3.455
7425.200	0.019	3.455
7425.400	0.018	3.455
7425.600	0.019	3.455
7425.800	0.018	3.455
7426.000	0.018	3.455
7426.200	0.020	3.455
7426.400	0.020	3.455
7426.600	0.019	3.455
7426.800	0.019	3.455
7427.000	0.019	3.455
7427.200	0.020	3.455
7427.400	0.019	3.455
7427.600	0.016	3.455
7427.800	0.018	3.455
7428.000	0.018	3.455
7428.200	0.018	3.455
7428.400	0.018	3.455
7428.600	0.019	3.455
7428.800	0.015	3.455
7429.000	0.018	3.455
7429.200	0.018	3.455
7429.400	0.019	3.455
7429.600	0.019	3.455
7429.800	0.018	3.455
7430.000	0.019	3.455
7430.200	0.019	3.455
7430.400	0.018	3.455
7430.600	0.019	3.455
7430.800	0.019	3.455
7431.000	0.018	3.455
7431.200	0.018	3.455
7431.400	0.019	3.455
7431.600	0.019	3.455
7431.800	0.018	3.455
7432.000	0.018	3.455
7432.200	0.017	3.455
7432.400	0.019	3.455
7432.600	0.018	3.455
7432.800	0.018	3.455
7433.000	0.018	3.455
7433.200	0.018	3.455
7433.400	0.020	3.455
7433.600	0.019	3.455
7433.800	0.016	3.455
7434.000	0.018	3.455
7434.200	0.016	3.455
7434.400	0.018	3.455
7434.600	0.018	3.455
7434.800	0.019	3.455
7435.000	0.018	3.455
7435.200	0.018	3.455
7435.400	0.019	3.455
7435.600	0.019	3.455
7435.800	0.020	3.455
7436.000	0.017	3.455
7436.200	0.016	3.455
7436.400	0.017	3.455
7436.600	0.017	3.455
7436.800	0.017	3.455
7437.000	0.018	3.455
7437.200	0.018	3.455
7437.400	0.020	3.455
7437.600	0.019	3.455
7437.800	0.019	3.455
7438.000	0.019	3.455
7438.200	0.019	3.455
7438.400	0.018	3.455
7438.600	0.018	3.455
7438.800	0.019	3.455
7439.000	0.017	3.455
7439.200	0.017	3.455
7439.400	0.018	3.455
7439.600	0.018	3.455
7439.800	0.020	3.455
7440.000	0.018	3.455
7440.200	0.017	3.455
7440.400	0.017	3.455
7440.600	0.018	3.455
7440.800	0.017	3.455
7441.000	0.018	3.455
7441.200	0.020	3.455
7441.400	0.019	3.455
7441.600	0.019	3.455
7441.800	0.018	3.455
7442.000	0.018	3.455
7442.200	0.017	3.455
7442.400	0.019	3.455
7442.600	0.018	3.455
7442.800	0.018	3.455
7443.000	0.019	3.455
7443.200	0.019	3.455
7443.400	0.017	3.455
7443.600	0.019	3.455
7443.800	0.019	3.455
7444.000	0.017	3.455
7444.200	0.016	3.455
7444.400	0.017	3.455
7444.600	0.018	3.455
7444.800	0.017	3.455
7445.000	0.017	3.455
7445.200	0.016	3.455
7445.400	0.016	3.455
7445.600	0.017	3.455
7445.800	0.017	3.455
7446.000	0.015	3.455
7446.200	0.018	3.455
7446.400	0.017	3.455
7446.600	0.018	3.455
7446.800	0.018	3.455
7447.000	0.016	3.455
7447.200	0.015	3.455
7447.400	0.015	3.455
7447.600	0.016	3.455
7447.800	0.014	3.455
7448.000	0.016	3.455
7448.200	0.017	3.455
7448.400	0.017	3.455
7448.600	0.016	3.455
7448.800	0.016	3.455
7449.000	0.018	3.455
7449.200	0.018	3.455
7449.400	0.019	3.455
7449.600	0.018	3.455
7449.800	0.017	3.455
7450.000	0.017	3.455
7450.200	0.017	3.455
7450.400	0.016	3.455
7450.600	0.017	3.455
7450.800	0.016	3.455
7451.000	0.016	3.455
7451.200	0.015	3.455
7451.400	0.015	3.455
7451.600	0.015	3.455
7451.800	0.017	3.455
7452.000	0.014	3.455
7452.200	0.016	3.455
7452.400	0.015	3.455
7452.600	0.015	3.455
7452.800	0.016	3.455
7453.000	0.015	3.455
7453.200	0.015	3.455
7453.400	0.015	3.455
7453.600	0.017	3.455
7453.800	0.017	3.455
7454.000	0.017	3.455
7454.200	0.016	3.455
7454.400	0.015	3.455
7454.600	0.016	3.455
7454.800	0.016	3.455
7455.000	0.017	3.455
7455.200	0.016	3.455
7455.400	0.018	3.455
7455.600	0.017	3.455
7455.800	0.015	3.455
7456.000	0.018	3.455
7456.200	0.017	3.455
7456.400	0.017	3.455
7456.600	0.016	3.455
7456.800	0.017	3.455
7457.000	0.019	3.455
7457.200	0.018	3.455
7457.400	0.018	3.455
7457.600	0.016	3.455
7457.800	0.019	3.455
7458.000	0.016	3.455
7458.200	0.017	3.455
7458.400	0.016	3.455
7458.600	0.017	3.455
7458.800	0.018	3.455
7459.000	0.018	3.455
7459.200	0.016	3.455
7459.400	0.018	3.455
7459.600	0.017	3.455
7459.800	0.020	3.455
7460.000	0.018	3.455
7460.200	0.018	3.455
7460.400	0.017	3.455
7460.600	0.018	3.455
7460.800	0.017	3.455
7461.000	0.017	3.455
7461.200	0.018	3.455
7461.400	0.017	3.455
7461.600	0.019	3.455
7461.800	0.018	3.455
7462.000	0.016	3.455
7462.200	0.018	3.455
7462.400	0.018	3.455
7462.600	0.017	3.455
7462.800	0.018	3.455
7463.000	0.015	3.455
7463.200	0.017	3.455
7463.400	0.018	3.455
7463.600	0.018	3.455
7463.800	0.017	3.455
7464.000	0.017	3.455
7464.200	0.017	3.455
7464.400	0.018	3.455
7464.600	0.017	3.455
7464.800	0.019	3.455
7465.000	0.019	3.455
7465.200	0.019	3.455
7465.400	0.018	3.455
7465.600	0.018	3.455
7465.800	0.020	3.455
7466.000	0.019	3.455
7466.200	0.018	3.455
7466.400	0.020	3.455
7466.600	0.020	3.455
7466.800	0.019	3.455
7467.000	0.020	3.455
7467.200	0.017	3.455
7467.400	0.020	3.455
7467.600	0.019	3.455
7467.800	0.019	3.455
7468.000	0.018	3.455
7468.200	0.017	3.455
7468.400	0.018	3.455
7468.600	0.018	3.455
7468.800	0.019	3.455
7469.000	0.018	3.455
7469.200	0.018	3.455
7469.400	0.019	3.455
7469.600	0.018	3.455
7469.800	0.019	3.455
7470.000	0.019	3.455
7470.200	0.019	3.455
7470.400	0.019	3.455
7470.600	0.019	3.455
7470.800	0.019	3.455
7471.000	0.019	3.455
7471.200	0.019	3.455
7471.400	0.020	3.455
7471.600	0.020	3.455
7471.800	0.018	3.455
7472.000	0.020	3.455
7472.200	0.020	3.455
7472.400	0.020	3.455
7472.600	0.020	3.455
7472.800	0.019	3.455
7473.000	0.018	3.455
7473.200	0.020	3.455
7473.400	0.019	3.455
7473.600	0.019	3.455
7473.800	0.019	3.455
7474.000	0.019	3.455
7474.200	0.018	3.455
7474.400	0.020	3.455
7474.600	0.020	3.455
7474.800	0.020	3.455
7475.000	0.019	3.455
7475.200	0.019	3.455
7475.400	0.020	3.455
7475.600	0.018	3.455
7475.800	0.019	3.455
7476.000	0.019	3.455
7476.200	0.018	3.455
7476.400	0.019	3.455
7476.600	0.019	3.455
7476.800	0.019	3.455
7477.000	0.018	3.455
7477.200	0.019	3.455
7477.400	0.020	3.455
7477.600	0.018	3.455
7477.800	0.019	3.455
7478.000	0.018	3.455
7478.200	0.019	3.455
7478.400	0.019	3.455
7478.600	0.019	3.455
7478.800	0.019	3.455
7479.000	0.018	3.455
7479.200	0.019	3.455
7479.400	0.018	3.455
7479.600	0.019	3.455
7479.800	0.018	3.455
7480.000	0.018	3.455
7480.200	0.020	3.455
7480.400	0.020	3.455
7480.600	0.018	3.455
7480.800	0.017	3.455
7481.000	0.020	3.455
7481.200	0.018	3.455
7481.400	0.020	3.455
7481.600	0.018	3.455
7481.800	0.020	3.455
7482.000	0.019	3.455
7482.200	0.021	3.455
7482.400	0.019	3.455
7482.600	0.020	3.455
7482.800	0.019	3.455
7483.000	0.019	3.455
7483.200	0.021	3.455
7483.400	0.019	3.455
7483.600	0.019	3.455
7483.800	0.019	3.455
7484.000	0.020	3.455
7484.200	0.018	3.455
7484.400	0.020	3.455
7484.600	0.017	3.455
7484.800	0.018	3.455
7485.000	0.018	3.455
7485.200	0.017	3.455
7485.400	0.018	3.455
7485.600	0.018	3.455
7485.800	0.020	3.455
7486.000	0.020	3.455
7486.200	0.019	3.455
7486.400	0.017	3.455
7486.600	0.018	3.455
7486.800	0.019	3.455
7487.000	0.018	3.455
7487.200	0.020	3.455
7487.400	0.020	3.455
7487.600	0.019	3.455
7487.800	0.021	3.455
7488.000	0.021	3.455
7488.200	0.022	3.455
7488.400	0.020	3.455
7488.600	0.022	3.455
7488.800	0.021	3.455
7489.000	0.022	3.455
7489.200	0.023	3.455
7489.400	0.023	3.455
7489.600	0.022	3.455
7489.800	0.023	3.455
7490.000	0.021	3.455
7490.200	0.020	3.455
7490.400	0.022	3.455
7490.600	0.021	3.455
7490.800	0.022	3.455
7491.000	0.022	3.455
7491.200	0.021	3.455
7491.400	0.019	3.455
7491.600	0.020	3.455
7491.800	0.019	3.455
7492.000	0.019	3.455
7492.200	0.020	3.455
7492.400	0.019	3.455
7492.600	0.020	3.455
7492.800	0.019	3.455
7493.000	0.020	3.455
7493.200	0.019	3.455
7493.400	0.018	3.455
7493.600	0.020	3.455
7493.800	0.019	3.455
7494.000	0.019	3.455
7494.200	0.019	3.455
7494.400	0.020	3.455
7494.600	0.021	3.455
7494.800	0.021	3.455
7495.000	0.019	3.455
7495.200	0.020	3.455
7495.400	0.021	3.455
7495.600	0.020	3.455
7495.800	0.019	3.455
7496.000	0.021	3.455
7496.200	0.020	3.455
7496.400	0.020	3.455
7496.600	0.019	3.455
7496.800	0.018	3.455
7497.000	0.018	3.455
7497.200	0.017	3.455
7497.400	0.019	3.455
7497.600	0.019	3.455
7497.800	0.020	3.455
7498.000	0.019	3.455
7498.200	0.017	3.455
7498.400	0.018	3.455
7498.600	0.019	3.455
7498.800	0.017	3.455
7499.000	0.020	3.455
7499.200	0.017	3.455
7499.400	0.019	3.455
7499.600	0.018	3.455
7499.800	0.018	3.455
7500.000	0.018	3.455
7500.200	0.017	3.455
7500.400	0.018	3.455
7500.600	0.017	3.455
7500.800	0.019	3.455
7501.000	0.018	3.455
7501.200	0.018	3.455
7501.400	0.016	3.455
7501.600	0.019	3.455
7501.800	0.017	3.455
7502.000	0.019	3.455
7502.200	0.018	3.455
7502.400	0.017	3.455
7502.600	0.018	3.455
7502.800	0.020	3.455
7503.000	0.016	3.455
7503.200	0.018	3.455
7503.400	0.019	3.455
7503.600	0.019	3.455
7503.800	0.020	3.455
7504.000	0.018	3.455
7504.200	0.018	3.455
7504.400	0.018	3.455
7504.600	0.019	3.455
7504.800	0.019	3.455
7505.000	0.019	3.455
7505.200	0.019	3.455
7505.400	0.019	3.455
7505.600	0.018	3.455
7505.800	0.018	3.455
7506.000	0.018	3.455
7506.200	0.020	3.455
7506.400	0.019	3.455
7506.600	0.019	3.455
7506.800	0.018	3.455
7507.000	0.019	3.455
7507.200	0.020	3.455
7507.400	0.018	3.455
7507.600	0.020	3.455
7507.800	0.019	3.455
7508.000	0.018	3.455
7508.200	0.018	3.455
7508.400	0.019	3.455
7508.600	0.019	3.455
7508.800	0.018	3.455
7509.000	0.018	3.455
7509.200	0.018	3.455
7509.400	0.018	3.455
7509.600	0.017	3.455
7509.800	0.017	3.455
7510.000	0.020	3.455
7510.200	0.019	3.455
7510.400	0.020	3.455
7510.600	0.020	3.455
7510.800	0.019	3.455
7511.000	0.019	3.455
7511.200	0.018	3.455
7511.400	0.019	3.455
7511.600	0.019	3.455
7511.800	0.018	3.455
7512.000	0.018	3.455
7512.200	0.017	3.455
7512.400	0.016	3.455
7512.600	0.017	3.455
7512.800	0.017	3.455
7513.000	0.018	3.455
7513.200	0.017	3.455
7513.400	0.016	3.455
7513.600	0.018	3.455
7513.800	0.016	3.455
7514.000	0.017	3.455
7514.200	0.018	3.455
7514.400	0.020	3.455
7514.600	0.019	3.455
7514.800	0.019	3.455
7515.000	0.018	3.455
7515.200	0.018	3.455
7515.400	0.019	3.455
7515.600	0.017	3.455
7515.800	0.019	3.455
7516.000	0.018	3.455
7516.200	0.019	3.455
7516.400	0.019	3.455
7516.600	0.018	3.454
7516.800	0.019	3.455
7517.000	0.018	3.455
7517.200	0.017	3.455
7517.400	0.020	3.455
7517.600	0.019	3.455
7517.800	0.019	3.455
7518.000	0.019	3.455
7518.200	0.018	3.455
7518.400	0.018	3.455
7518.600	0.016	3.455
7518.800	0.019	3.455
7519.000	0.017	3.455
7519.200	0.017	3.455
7519.400	0.018	3.455
7519.600	0.018	3.455
7519.800	0.017	3.455
7520.000	0.018	3.455
7520.200	0.019	3.455
7520.400	0.017	3.455
7520.600	0.021	3.455
7520.800	0.018	3.455
7521.000	0.017	3.455
7521.200	0.016	3.455
7521.400	0.019	3.455
7521.600	0.017	3.455
7521.800	0.018	3.455
7522.000	0.018	3.454
7522.200	0.017	3.454
7522.400	0.018	3.454
7522.600	0.020	3.455
7522.800	0.019	3.455
7523.000	0.018	3.455
7523.200	0.020	3.455
7523.400	0.019	3.455
7523.600	0.019	3.455
7523.800	0.018	3.455
7524.000	0.018	3.455
7524.200	0.019	3.455
7524.400	0.017	3.455
7524.600	0.019	3.455
7524.800	0.018	3.455
7525.000	0.019	3.455
7525.200	0.019	3.455
7525.400	0.019	3.455
7525.600	0.019	3.455
7525.800	0.019	3.455
7526.000	0.019	3.455
7526.200	0.020	3.455
7526.400	0.017	3.455
7526.600	0.018	3.454
7526.800	0.021	3.455
7527.000	0.021	3.455
7527.200	0.020	3.455
7527.400	0.019	3.455
7527.600	0.019	3.455
7527.800	0.020	3.455
7528.000	0.019	3.455
7528.200	0.019	3.455
7528.400	0.020	3.455
7528.600	0.021	3.455
7528.800	0.020	3.455
7529.000	0.021	3.455
7529.200	0.021	3.455
7529.400	0.022	3.455
7529.600	0.023	3.455
7529.800	0.021	3.455
7530.000	0.020	3.455
7530.200	0.021	3.455
7530.400	0.020	3.455
7530.600	0.019	3.455
7530.800	0.019	3.455
7531.000	0.022	3.455
7531.200	0.019	3.455
7531.400	0.021	3.455
7531.600	0.020	3.455
7531.800	0.018	3.455
7532.000	0.019	3.455
7532.200	0.019	3.455
7532.400	0.019	3.455
7532.600	0.020	3.455
7532.800	0.019	3.455
7533.000	0.019	3.455
7533.200	0.019	3.455
7533.400	0.021	3.455
7533.600	0.020	3.455
7533.800	0.020	3.455
7534.000	0.020	3.455
7534.200	0.021	3.455
7534.400	0.021	3.455
7534.600	0.022	3.455
7534.800	0.021	3.455
7535.000	0.020	3.455
7535.200	0.021	3.455
7535.400	0.021	3.455
7535.600	0.021	3.455
7535.800	0.020	3.455
7536.000	0.021	3.455
7536.200	0.020	3.455
7536.400	0.019	3.454
7536.600	0.019	3.455
7536.800	0.022	3.455
7537.000	0.020	3.454
7537.200	0.020	3.455
7537.400	0.021	3.455
7537.600	0.020	3.455
7537.800	0.019	3.454
7538.000	0.017	3.455
7538.200	0.020	3.455
7538.400	0.019	3.455
7538.600	0.020	3.455
7538.800	0.019	3.455
7539.000	0.019	3.455
7539.200	0.020	3.455
7539.400	0.020	3.455
7539.600	0.021	3.455
7539.800	0.018	3.455
7540.000	0.019	3.455
7540.200	0.022	3.455
7540.400	0.019	3.455
7540.600	0.020	3.455
7540.800	0.020	3.455
7541.000	0.020	3.454
7541.200	0.020	3.455
7541.400	0.018	3.455
7541.600	0.018	3.455
7541.800	0.018	3.454
7542.000	0.019	3.455
7542.200	0.021	3.455
7542.400	0.020	3.455
7542.600	0.018	3.455
7542.800	0.019	3.455
7543.000	0.021	3.455
7543.200	0.018	3.455
7543.400	0.018	3.455
7543.600	0.019	3.455
7543.800	0.017	3.455
7544.000	0.018	3.455
7544.200	0.017	3.455
7544.400	0.019	3.454
7544.600	0.018	3.455
7544.800	0.018	3.454
7545.000	0.018	3.455
7545.200	0.018	3.455
7545.400	0.017	3.455
7545.600	0.018	3.455
7545.800	0.018	3.455
7546.000	0.018	3.455
7546.200	0.018	3.455
7546.400	0.017	3.455
7546.600	0.018	3.455
7546.800	0.017	3.454
7547.000	0.018	3.455
7547.200	0.018	3.455
7547.400	0.017	3.455
7547.600	0.018	3.455
7547.800	0.018	3.455
7548.000	0.017	3.455
7548.200	0.018	3.455
7548.400	0.017	3.455
7548.600	0.017	3.455
7548.800	0.018	3.455
7549.000	0.017	3.455
7549.200	0.017	3.454
7549.400	0.017	3.454
7549.600	0.017	3.455
7549.800	0.016	3.455
7550.000	0.016	3.455
7550.200	0.016	3.454
7550.400	0.016	3.455
7550.600	0.019	3.455
7550.800	0.018	3.455
7551.000	0.017	3.455
7551.200	0.017	3.455
7551.400	0.016	3.455
7551.600	0.016	3.455
7551.800	0.017	3.454
7552.000	0.017	3.454
7552.200	0.017	3.454
7552.400	0.019	3.455
7552.600	0.017	3.455
7552.800	0.018	3.455
7553.000	0.017	3.455
7553.200	0.016	3.455
7553.400	0.016	3.454
7553.600	0.017	3.454
7553.800	0.018	3.455
7554.000	0.018	3.455
7554.200	0.018	3.455
7554.400	0.017	3.455
7554.600	0.017	3.455
7554.800	0.017	3.455
7555.000	0.017	3.455
7555.200	0.019	3.455
7555.400	0.018	3.455
7555.600	0.018	3.454
7555.800	0.017	3.455
7556.000	0.019	3.455
7556.200	0.019	3.455
7556.400	0.019	3.455
7556.600	0.018	3.455
7556.800	0.016	3.455
7557.000	0.017	3.455
7557.200	0.017	3.455
7557.400	0.018	3.455
7557.600	0.018	3.455
7557.800	0.019	3.455
7558.000	0.019	3.455
7558.200	0.021	3.455
7558.400	0.018	3.455
7558.600	0.019	3.455
7558.800	0.019	3.455
7559.000	0.019	3.455
7559.200	0.017	3.454
7559.400	0.019	3.455
7559.600	0.018	3.454
7559.800	0.018	3.455
7560.000	0.018	3.455
7560.200	0.017	3.455
7560.400	0.017	3.455
7560.600	0.018	3.455
7560.800	0.018	3.455
7561.000	0.018	3.455
7561.200	0.018	3.455
7561.400	0.019	3.455
7561.600	0.015	3.455
7561.800	0.017	3.455
7562.000	0.017	3.455
7562.200	0.017	3.455
7562.400	0.017	3.454
7562.600	0.016	3.455
7562.800	0.016	3.455
7563.000	0.016	3.455
7563.200	0.018	3.455
7563.400	0.017	3.454
7563.600	0.017	3.455
7563.800	0.017	3.455
7564.000	0.018	3.454
7564.200	0.017	3.454
7564.400	0.017	3.454
7564.600	0.018	3.455
7564.800	0.018	3.455
7565.000	0.017	3.455
7565.200	0.017	3.454
7565.400	0.016	3.454
7565.600	0.018	3.454
7565.800	0.016	3.454
7566.000	0.016	3.455
7566.200	0.017	3.454
7566.400	0.017	3.454
7566.600	0.017	3.454
7566.800	0.018	3.455
7567.000	0.019	3.455
7567.200	0.017	3.454
7567.400	0.016	3.454
7567.600	0.018	3.455
7567.800	0.016	3.455
7568.000	0.016	3.454
7568.200	0.017	3.454
7568.400	0.017	3.454
7568.600	0.017	3.454
7568.800	0.017	3.455
7569.000	0.016	3.455
7569.200	0.017	3.454
7569.400	0.015	3.454
7569.600	0.016	3.455
7569.800	0.019	3.455
7570.000	0.016	3.454
7570.200	0.016	3.455
7570.400	0.015	3.455
7570.600	0.018	3.455
7570.800	0.019	3.455
7571.000	0.017	3.455
7571.200	0.017	3.455
7571.400	0.015	3.455
7571.600	0.018	3.455
7571.800	0.019	3.455
7572.000	0.017	3.455
7572.200	0.017	3.455
7572.400	0.017	3.455
7572.600	0.017	3.455
7572.800	0.016	3.454
7573.000	0.014	3.454
7573.200	0.019	3.455
7573.400	0.018	3.455
7573.600	0.016	3.455
7573.800	0.019	3.454
7574.000	0.017	3.455
7574.200	0.017	3.454
7574.400	0.017	3.455
7574.600	0.017	3.455
7574.800	0.018	3.455
7575.000	0.020	3.455
7575.200	0.019	3.455
7575.400	0.019	3.455
7575.600	0.018	3.455
7575.800	0.019	3.454
7576.000	0.017	3.454
7576.200	0.019	3.454
7576.400	0.019	3.454
7576.600	0.018	3.454
7576.800	0.019	3.454
7577.000	0.018	3.455
7577.200	0.020	3.455
7577.400	0.018	3.455
7577.600	0.019	3.455
7577.800	0.018	3.455
7578.000	0.018	3.455
7578.200	0.020	3.455
7578.400	0.020	3.454
7578.600	0.017	3.454
7578.800	0.017	3.455
7579.000	0.017	3.454
7579.200	0.018	3.455
7579.400	0.019	3.455
7579.600	0.018	3.454
7579.800	0.018	3.455
7580.000	0.017	3.454
7580.200	0.017	3.454
7580.400	0.018	3.455
7580.600	0.017	3.455
7580.800	0.019	3.455
7581.000	0.018	3.455
7581.200	0.017	3.455
7581.400	0.018	3.455
7581.600	0.017	3.454
7581.800	0.018	3.455
7582.000	0.017	3.455
7582.200	0.016	3.455
7582.400	0.016	3.455
7582.600	0.017	3.455
7582.800	0.018	3.455
7583.000	0.017	3.455
7583.200	0.019	3.455
7583.400	0.019	3.455
7583.600	0.018	3.455
7583.800	0.018	3.455
7584.000	0.017	3.455
7584.200	0.018	3.455
7584.400	0.016	3.454
7584.600	0.019	3.455
7584.800	0.018	3.455
7585.000	0.019	3.455
7585.200	0.016	3.454
7585.400	0.016	3.455
7585.600	0.017	3.455
7585.800	0.016	3.454
7586.000	0.018	3.455
7586.200	0.019	3.454
7586.400	0.017	3.455
7586.600	0.017	3.454
7586.800	0.017	3.455
7587.000	0.017	3.455
7587.200	0.017	3.455
7587.400	0.017	3.455
7587.600	0.018	3.455
7587.800	0.016	3.454
7588.000	0.016	3.454
7588.200	0.017	3.455
7588.400	0.016	3.454
7588.600	0.018	3.454
7588.800	0.016	3.454
7589.000	0.016	3.454
7589.200	0.017	3.455
7589.400	0.018	3.454
7589.600	0.017	3.454
7589.800	0.020	3.455
7590.000	0.018	3.454
7590.200	0.016	3.454
7590.400	0.017	3.455
7590.600	0.017	3.454
7590.800	0.017	3.454
7591.000	0.017	3.455
7591.200	0.018	3.455
7591.400	0.019	3.455
7591.600	0.020	3.455
7591.800	0.017	3.455
7592.000	0.017	3.455
7592.200	0.019	3.454
7592.400	0.018	3.455
7592.600	0.020	3.454
7592.800	0.020	3.454
7593.000	0.020	3.454
7593.200	0.019	3.454
7593.400	0.019	3.455
7593.600	0.019	3.455
7593.800	0.019	3.455
7594.000	0.019	3.454
7594.200	0.022	3.455
7594.400	0.019	3.455
7594.600	0.019	3.454
7594.800	0.019	3.455
7595.000	0.020	3.455
7595.200	0.021	3.455
7595.400	0.019	3.455
7595.600	0.019	3.454
7595.800	0.019	3.454
7596.000	0.021	3.455
7596.200	0.020	3.455
7596.400	0.022	3.455
7596.600	0.021	3.455
7596.800	0.021	3.455
7597.000	0.021	3.455
7597.200	0.019	3.455
7597.400	0.020	3.455
7597.600	0.019	3.455
7597.800	0.020	3.455
7598.000	0.019	3.455
7598.200	0.020	3.455
7598.400	0.021	3.455
7598.600	0.020	3.455
7598.800	0.019	3.455
7599.000	0.018	3.455
7599.200	0.019	3.455
7599.400	0.017	3.455
7599.600	0.020	3.455
7599.800	0.019	3.455
7600.000	0.018	3.454
7600.200	0.019	3.455
7600.400	0.020	3.455
7600.600	0.018	3.455
7600.800	0.017	3.454
7601.000	0.020	3.455
7601.200	0.020	3.455
7601.400	0.020	3.455
7601.600	0.018	3.455
7601.800	0.020	3.455
7602.000	0.019	3.454
7602.200	0.018	3.454
7602.400	0.019	3.455
7602.600	0.019	3.454
7602.800	0.019	3.454
7603.000	0.022	3.455
7603.200	0.019	3.455
7603.400	0.019	3.455
7603.600	0.020	3.455
7603.800	0.018	3.454
7604.000	0.018	3.454
7604.200	0.019	3.454
7604.400	0.017	3.455
7604.600	0.018	3.455
7604.800	0.018	3.454
7605.000	0.018	3.455
7605.200	0.019	3.454
7605.400	0.019	3.454
7605.600	0.020	3.455
7605.800	0.017	3.455
7606.000	0.018	3.455
7606.200	0.019	3.455
7606.400	0.018	3.455
7606.600	0.018	3.455
7606.800	0.018	3.455
7607.000	0.018	3.454
7607.200	0.017	3.455
7607.400	0.020	3.454
7607.600	0.019	3.455
7607.800	0.020	3.454
7608.000	0.019	3.455
7608.200	0.021	3.455
7608.400	0.019	3.455
7608.600	0.020	3.455
7608.800	0.021	3.455
7609.000	0.019	3.455
7609.200	0.019	3.455
7609.400	0.020	3.455
7609.600	0.020	3.454
7609.800	0.020	3.455
7610.000	0.020	3.455
7610.200	0.019	3.454
7610.400	0.020	3.454
7610.600	0.020	3.455
7610.800	0.020	3.455
7611.000	0.018	3.454
7611.200	0.017	3.454
7611.400	0.019	3.454
7611.600	0.019	3.455
7611.800	0.020	3.454
7612.000	0.018	3.454
7612.200	0.019	3.454
7612.400	0.020	3.455
7612.600	0.018	3.454
7612.800	0.020	3.455
7613.000	0.020	3.455
7613.200	0.019	3.455
7613.400	0.020	3.454
7613.600	0.019	3.454
7613.800	0.019	3.455
7614.000	0.018	3.454
7614.200	0.019	3.454
7614.400	0.020	3.455
7614.600	0.019	3.455
7614.800	0.020	3.454
7615.000	0.018	3.454
7615.200	0.017	3.454
7615.400	0.019	3.454
7615.600	0.018	3.454
7615.800	0.018	3.454
7616.000	0.018	3.454
7616.200	0.018	3.454
7616.400	0.019	3.454
7616.600	0.019	3.455
7616.800	0.018	3.455
7617.000	0.018	3.454
7617.200	0.018	3.454
7617.400	0.019	3.454
7617.600	0.020	3.454
7617.800	0.020	3.454
7618.000	0.020	3.454
7618.200	0.019	3.455
7618.400	0.021	3.454
7618.600	0.018	3.454
7618.800	0.017	3.454
7619.000	0.020	3.454
7619.200	0.021	3.454
7619.400	0.019	3.454
7619.600	0.020	3.454
7619.800	0.019	3.454
7620.000	0.021	3.454
7620.200	0.018	3.454
7620.400	0.019	3.454
7620.600	0.018	3.454
7620.800	0.020	3.454
7621.000	0.019	3.454
7621.200	0.017	3.454
7621.400	0.019	3.454
7621.600	0.019	3.454
7621.800	0.018	3.454
7622.000	0.020	3.455
7622.200	0.018	3.454
7622.400	0.018	3.455
7622.600	0.019	3.454
7622.800	0.018	3.454
7623.000	0.020	3.454
7623.200	0.019	3.454
7623.400	0.019	3.454
7623.600	0.019	3.454
7623.800	0.019	3.454
7624.000	0.019	3.454
7624.200	0.018	3.454
7624.400	0.018	3.454
7624.600	0.019	3.454
7624.800	0.018	3.454
7625.000	0.018	3.454
7625.200	0.019	3.454
7625.400	0.019	3.454
7625.600	0.019	3.454
7625.800	0.019	3.454
7626.000	0.018	3.454
7626.200	0.018	3.454
7626.400	0.018	3.454
7626.600	0.017	3.454
7626.800	0.019	3.454
7627.000	0.018	3.455
7627.200	0.018	3.454
7627.400	0.019	3.454
7627.600	0.019	3.455
7627.800	0.019	3.455
7628.000	0.019	3.454
7628.200	0.019	3.454
7628.400	0.020	3.455
7628.600	0.018	3.454
7628.800	0.019	3.455
7629.000	0.019	3.454
7629.200	0.019	3.454
7629.400	0.016	3.454
7629.600	0.017	3.455
7629.800	0.017	3.454
7630.000	0.017	3.454
7630.200	0.018	3.454
7630.400	0.020	3.454
7630.600	0.018	3.454
7630.800	0.018	3.454
7631.000	0.018	3.454
7631.200	0.017	3.454
7631.400	0.018	3.454
7631.600	0.017	3.454
7631.800	0.019	3.454
7632.000	0.018	3.454
7632.200	0.018	3.454
7632.400	0.017	3.454
7632.600	0.018	3.454
7632.800	0.018	3.454
7633.000	0.018	3.454
7633.200	0.017	3.454
7633.400	0.016	3.454
7633.600	0.017	3.454
7633.800	0.016	3.454
7634.000	0.018	3.454
7634.200	0.017	3.454
7634.400	0.017	3.454
7634.600	0.016	3.454
7634.800	0.018	3.454
7635.000	0.018	3.454
7635.200	0.019	3.454
7635.400	0.017	3.454
7635.600	0.017	3.454
7635.800	0.018	3.454
7636.000	0.017	3.454
7636.200	0.017	3.454
7636.400	0.016	3.454
7636.600	0.018	3.454
7636.800	0.019	3.454
7637.000	0.017	3.454
7637.200	0.018	3.454
7637.400	0.016	3.454
7637.600	0.019	3.454
7637.800	0.017	3.454
7638.000	0.016	3.454
7638.200	0.017	3.454
7638.400	0.017	3.454
7638.600	0.018	3.454
7638.800	0.017	3.454
7639.000	0.018	3.454
7639.200	0.017	3.454
7639.400	0.017	3.454
7639.600	0.019	3.454
7639.800	0.020	3.455
7640.000	0.020	3.454
7640.200	0.018	3.454
7640.400	0.019	3.454
7640.600	0.018	3.454
7640.800	0.018	3.454
7641.000	0.020	3.454
7641.200	0.018	3.454
7641.400	0.019	3.454
7641.600	0.020	3.454
7641.800	0.020	3.454
7642.000	0.020	3.454
7642.200	0.021	3.454
7642.400	0.020	3.454
7642.600	0.019	3.454
7642.800	0.019	3.454
7643.000	0.020	3.454
7643.200	0.018	3.454
7643.400	0.020	3.454
7643.600	0.021	3.454
7643.800	0.020	3.454
7644.000	0.019	3.454
7644.200	0.018	3.454
7644.400	0.019	3.454
7644.600	0.018	3.454
7644.800	0.019	3.454
7645.000	0.019	3.454
7645.200	0.017	3.454
7645.400	0.020	3.454
7645.600	0.018	3.454
7645.800	0.017	3.454
7646.000	0.018	3.454
7646.200	0.018	3.454
7646.400	0.018	3.454
7646.600	0.020	3.454
7646.800	0.018	3.454
7647.000	0.018	3.454
7647.200	0.017	3.454
7647.400	0.017	3.454
7647.600	0.017	3.454
7647.800	0.018	3.454
7648.000	0.017	3.454
7648.200	0.017	3.454
7648.400	0.019	3.454
7648.600	0.018	3.454
7648.800	0.019	3.454
7649.000	0.019	3.454
7649.200	0.017	3.454
7649.400	0.020	3.454
7649.600	0.018	3.454
7649.800	0.018	3.454
7650.000	0.016	3.454
7650.200	0.018	3.454
7650.400	0.017	3.454
7650.600	0.017	3.454
7650.800	0.017	3.454
7651.000	0.016	3.454
7651.200	0.016	3.454
7651.400	0.018	3.454
7651.600	0.017	3.454
7651.800	0.018	3.454
7652.000	0.016	3.454
7652.200	0.017	3.454
7652.400	0.018	3.454
7652.600	0.017	3.454
7652.800	0.015	3.454
7653.000	0.019	3.454
7653.200	0.015	3.454
7653.400	0.018	3.454
7653.600	0.019	3.454
7653.800	0.018	3.454
7654.000	0.017	3.454
7654.200	0.020	3.454
7654.400	0.018	3.454
7654.600	0.019	3.454
7654.800	0.018	3.454
7655.000	0.018	3.454
7655.200	0.018	3.454
7655.400	0.017	3.454
7655.600	0.017	3.454
7655.800	0.016	3.454
7656.000	0.017	3.454
7656.200	0.018	3.454
7656.400	0.018	3.454
7656.600	0.016	3.454
7656.800	0.016	3.454
7657.000	0.014	3.454
7657.200	0.016	3.454
7657.400	0.017	3.454
7657.600	0.016	3.454
7657.800	0.018	3.454
7658.000	0.017	3.454
7658.200	0.016	3.454
7658.400	0.019	3.454
7658.600	0.017	3.454
7658.800	0.017	3.454
7659.000	0.017	3.454
7659.200	0.018	3.454
7659.400	0.021	3.454
7659.600	0.017	3.454
7659.800	0.016	3.454
7660.000	0.017	3.454
7660.200	0.017	3.454
7660.400	0.017	3.454
7660.600	0.020	3.454
7660.800	0.019	3.454
7661.000	0.018	3.454
7661.200	0.023	3.455
7661.400	0.018	3.454
7661.600	0.018	3.454
7661.800	0.019	3.454
7662.000	0.019	3.454
7662.200	0.018	3.454
7662.400	0.019	3.454
7662.600	0.017	3.454
7662.800	0.018	3.454
7663.000	0.020	3.454
7663.200	0.019	3.454
7663.400	0.017	3.454
7663.600	0.019	3.454
7663.800	0.019	3.454
7664.000	0.018	3.454
7664.200	0.017	3.454
7664.400	0.018	3.454
7664.600	0.017	3.454
7664.800	0.018	3.454
7665.000	0.018	3.454
7665.200	0.016	3.454
7665.400	0.018	3.454
7665.600	0.020	3.454
7665.800	0.018	3.454
7666.000	0.017	3.454
7666.200	0.018	3.454
7666.400	0.019	3.454
7666.600	0.019	3.454
7666.800	0.018	3.454
7667.000	0.017	3.454
7667.200	0.019	3.454
7667.400	0.018	3.454
7667.600	0.017	3.454
7667.800	0.017	3.454
7668.000	0.017	3.454
7668.200	0.019	3.454
7668.400	0.018	3.454
7668.600	0.019	3.454
7668.800	0.017	3.454
7669.000	0.019	3.454
7669.200	0.017	3.454
7669.400	0.019	3.454
7669.600	0.018	3.454
7669.800	0.017	3.454
7670.000	0.018	3.454
7670.200	0.019	3.454
7670.400	0.018	3.454
7670.600	0.018	3.454
7670.800	0.018	3.454
7671.000	0.019	3.454
7671.200	0.018	3.454
7671.400	0.019	3.454
7671.600	0.019	3.454
7671.800	0.017	3.454
7672.000	0.018	3.454
7672.200	0.020	3.454
7672.400	0.018	3.454
7672.600	0.020	3.454
7672.800	0.016	3.454
7673.000	0.016	3.454
7673.200	0.018	3.454
7673.400	0.019	3.454
7673.600	0.019	3.454
7673.800	0.017	3.454
7674.000	0.016	3.454
7674.200	0.018	3.454
7674.400	0.018	3.454
7674.600	0.020	3.454
7674.800	0.017	3.454
7675.000	0.017	3.454
7675.200	0.020	3.454
7675.400	0.018	3.454
7675.600	0.019	3.454
7675.800	0.019	3.454
7676.000	0.020	3.454
7676.200	0.018	3.454
7676.400	0.017	3.454
7676.600	0.020	3.454
7676.800	0.019	3.454
7677.000	0.017	3.454
7677.200	0.017	3.454
7677.400	0.018	3.454
7677.600	0.018	3.454
7677.800	0.019	3.454
7678.000	0.019	3.454
7678.200	0.018	3.454
7678.400	0.020	3.454
7678.600	0.017	3.454
7678.800	0.018	3.454
7679.000	0.017	3.454
7679.200	0.018	3.454
7679.400	0.018	3.454
7679.600	0.018	3.454
7679.800	0.019	3.454
7680.000	0.017	3.454
7680.200	0.018	3.454
7680.400	0.018	3.454
7680.600	0.018	3.454
7680.800	0.018	3.454
7681.000	0.017	3.454
7681.200	0.019	3.454
7681.400	0.017	3.454
7681.600	0.018	3.454
7681.800	0.016	3.454
7682.000	0.019	3.454
7682.200	0.018	3.454
7682.400	0.017	3.454
7682.600	0.017	3.454
7682.800	0.016	3.454
7683.000	0.018	3.454
7683.200	0.018	3.454
7683.400	0.018	3.454
7683.600	0.017	3.454
7683.800	0.017	3.454
7684.000	0.017	3.454
7684.200	0.017	3.454
7684.400	0.016	3.454
7684.600	0.018	3.454
7684.800	0.017	3.454
7685.000	0.018	3.454
7685.200	0.018	3.454
7685.400	0.017	3.454
7685.600	0.016	3.454
7685.800	0.017	3.454
7686.000	0.018	3.454
7686.200	0.016	3.454
7686.400	0.017	3.454
7686.600	0.016	3.454
7686.800	0.014	3.454
7687.000	0.014	3.454
7687.200	0.016	3.454
7687.400	0.018	3.454
7687.600	0.016	3.454
7687.800	0.016	3.454
7688.000	0.017	3.455
7688.200	0.018	3.454
7688.400	0.018	3.454
7688.600	0.018	3.454
7688.800	0.017	3.454
7689.000	0.017	3.454
7689.200	0.019	3.454
7689.400	0.017	3.454
7689.600	0.019	3.454
7689.800	0.017	3.454
7690.000	0.018	3.454
7690.200	0.017	3.454
7690.400	0.018	3.454
7690.600	0.018	3.454
7690.800	0.019	3.454
7691.000	0.021	3.454
7691.200	0.018	3.454
7691.400	0.019	3.454
7691.600	0.020	3.454
7691.800	0.020	3.454
7692.000	0.020	3.454
7692.200	0.018	3.454
7692.400	0.018	3.454
7692.600	0.019	3.454
7692.800	0.019	3.454
7693.000	0.018	3.454
7693.200	0.019	3.454
7693.400	0.020	3.454
7693.600	0.019	3.454
7693.800	0.019	3.454
7694.000	0.019	3.454
7694.200	0.018	3.454
7694.400	0.018	3.454
7694.600	0.021	3.454
7694.800	0.019	3.454
7695.000	0.019	3.454
7695.200	0.022	3.454
7695.400	0.018	3.454
7695.600	0.020	3.454
7695.800	0.020	3.454
7696.000	0.018	3.454
7696.200	0.019	3.454
7696.400	0.020	3.454
7696.600	0.019	3.454
7696.800	0.019	3.454
7697.000	0.020	3.454
7697.200	0.020	3.454
7697.400	0.020	3.454
7697.600	0.018	3.454
7697.800	0.020	3.454
7698.000	0.020	3.454
7698.200	0.018	3.454
7698.400	0.018	3.454
7698.600	0.019	3.454
7698.800	0.019	3.454
7699.000	0.019	3.454
7699.200	0.015	3.454
7699.400	0.018	3.454
7699.600	0.019	3.454
7699.800	0.018	3.454
7700.000	0.019	3.454
7700.200	0.020	3.454
7700.400	0.019	3.454
7700.600	0.019	3.454
7700.800	0.019	3.454
7701.000	0.019	3.454
7701.200	0.020	3.454
7701.400	0.019	3.454
7701.600	0.018	3.454
7701.800	0.018	3.454
7702.000	0.019	3.454
7702.200	0.019	3.454
7702.400	0.020	3.454
7702.600	0.018	3.454
7702.800	0.020	3.454
7703.000	0.019	3.454
7703.200	0.018	3.454
7703.400	0.019	3.454
7703.600	0.021	3.454
7703.800	0.019	3.454
7704.000	0.020	3.454
7704.200	0.019	3.454
7704.400	0.020	3.454
7704.600	0.018	3.454
7704.800	0.020	3.454
7705.000	0.018	3.454
7705.200	0.019	3.454
7705.400	0.019	3.454
7705.600	0.018	3.454
7705.800	0.018	3.454
7706.000	0.021	3.454
7706.200	0.019	3.454
7706.400	0.021	3.454
7706.600	0.021	3.454
7706.800	0.019	3.454
7707.000	0.021	3.454
7707.200	0.020	3.454
7707.400	0.020	3.454
7707.600	0.019	3.454
7707.800	0.017	3.454
7708.000	0.017	3.454
7708.200	0.020	3.454
7708.400	0.018	3.454
7708.600	0.018	3.454
7708.800	0.019	3.454
7709.000	0.018	3.454
7709.200	0.018	3.454
7709.400	0.019	3.454
7709.600	0.020	3.454
7709.800	0.018	3.454
7710.000	0.018	3.454
7710.200	0.018	3.454
7710.400	0.018	3.454
7710.600	0.019	3.454
7710.800	0.018	3.454
7711.000	0.019	3.454
7711.200	0.018	3.454
7711.400	0.017	3.454
7711.600	0.018	3.454
7711.800	0.018	3.454
7712.000	0.019	3.454
7712.200	0.018	3.454
7712.400	0.018	3.454
7712.600	0.018	3.454
7712.800	0.018	3.454
7713.000	0.019	3.454
7713.200	0.019	3.454
7713.400	0.018	3.454
7713.600	0.019	3.454
7713.800	0.019	3.454
7714.000	0.020	3.454
7714.200	0.018	3.454
7714.400	0.017	3.454
7714.600	0.017	3.454
7714.800	0.018	3.454
7715.000	0.018	3.454
7715.200	0.018	3.454
7715.400	0.017	3.454
7715.600	0.018	3.454
7715.800	0.018	3.454
7716.000	0.018	3.454
7716.200	0.018	3.454
7716.400	0.019	3.454
7716.600	0.018	3.454
7716.800	0.018	3.454
7717.000	0.017	3.454
7717.200	0.019	3.454
7717.400	0.017	3.454
7717.600	0.018	3.454
7717.800	0.018	3.454
7718.000	0.017	3.454
7718.200	0.019	3.454
7718.400	0.019	3.454
7718.600	0.019	3.454
7718.800	0.019	3.454
7719.000	0.020	3.454
7719.200	0.020	3.454
7719.400	0.019	3.454
7719.600	0.019	3.454
7719.800	0.021	3.454
7720.000	0.021	3.454
7720.200	0.019	3.454
7720.400	0.021	3.454
7720.600	0.019	3.454
7720.800	0.019	3.454
7721.000	0.019	3.454
7721.200	0.018	3.454
7721.400	0.018	3.454
7721.600	0.016	3.454
7721.800	0.019	3.454
7722.000	0.019	3.454
7722.200	0.019	3.454
7722.400	0.020	3.454
7722.600	0.019	3.454
7722.800	0.018	3.454
7723.000	0.019	3.454
7723.200	0.020	3.454
7723.400	0.018	3.454
7723.600	0.021	3.454
7723.800	0.020	3.454
7724.000	0.020	3.454
7724.200	0.019	3.454
7724.400	0.020	3.454
7724.600	0.019	3.454
7724.800	0.019	3.454
7725.000	0.019	3.454
7725.200	0.018	3.454
7725.400	0.019	3.454
7725.600	0.019	3.454
7725.800	0.020	3.454
7726.000	0.020	3.454
7726.200	0.019	3.454
7726.400	0.019	3.454
7726.600	0.018	3.454
7726.800	0.020	3.454
7727.000	0.019	3.454
7727.200	0.018	3.454
7727.400	0.016	3.454
7727.600	0.019	3.454
7727.800	0.021	3.454
7728.000	0.020	3.454
7728.200	0.019	3.454
7728.400	0.017	3.454
7728.600	0.018	3.454
7728.800	0.018	3.454
7729.000	0.018	3.454
7729.200	0.020	3.454
7729.400	0.020	3.454
7729.600	0.020	3.454
7729.800	0.020	3.454
7730.000	0.020	3.454
7730.200	0.018	3.454
7730.400	0.019	3.454
7730.600	0.017	3.454
7730.800	0.018	3.454
7731.000	0.018	3.454
7731.200	0.019	3.454
7731.400	0.019	3.454
7731.600	0.019	3.454
7731.800	0.018	3.454
7732.000	0.018	3.454
7732.200	0.019	3.454
7732.400	0.019	3.454
7732.600	0.019	3.454
7732.800	0.017	3.454
7733.000	0.017	3.454
7733.200	0.017	3.454
7733.400	0.021	3.455
7733.600	0.018	3.454
7733.800	0.019	3.454
7734.000	0.020	3.454
7734.200	0.021	3.454
7734.400	0.019	3.454
7734.600	0.018	3.454
7734.800	0.020	3.454
7735.000	0.021	3.454
7735.200	0.020	3.454
7735.400	0.020	3.454
7735.600	0.019	3.454
7735.800	0.020	3.454
7736.000	0.020	3.454
7736.200	0.019	3.454
7736.400	0.019	3.454
7736.600	0.018	3.454
7736.800	0.020	3.454
7737.000	0.019	3.454
7737.200	0.019	3.454
7737.400	0.019	3.454
7737.600	0.018	3.454
7737.800	0.018	3.454
7738.000	0.018	3.454
7738.200	0.020	3.454
7738.400	0.019	3.454
7738.600	0.021	3.454
7738.800	0.018	3.454
7739.000	0.018	3.454
7739.200	0.020	3.454
7739.400	0.020	3.454
7739.600	0.019	3.454
7739.800	0.017	3.454
7740.000	0.018	3.454
7740.200	0.018	3.454
7740.400	0.019	3.454
7740.600	0.020	3.454
7740.800	0.021	3.454
7741.000	0.019	3.454
7741.200	0.019	3.454
7741.400	0.019	3.454
7741.600	0.020	3.454
7741.800	0.020	3.454
7742.000	0.018	3.454
7742.200	0.018	3.454
7742.400	0.020	3.454
7742.600	0.020	3.454
7742.800	0.019	3.454
7743.000	0.017	3.454
7743.200	0.019	3.454
7743.400	0.020	3.454
7743.600	0.020	3.454
7743.800	0.022	3.454
7744.000	0.021	3.454
7744.200	0.022	3.454
7744.400	0.020	3.454
7744.600	0.020	3.454
7744.800	0.020	3.454
7745.000	0.021	3.454
7745.200	0.019	3.454
7745.400	0.020	3.454
7745.600	0.019	3.454
7745.800	0.020	3.454
7746.000	0.020	3.454
7746.200	0.018	3.454
7746.400	0.017	3.454
7746.600	0.019	3.454
7746.800	0.019	3.454
7747.000	0.019	3.454
7747.200	0.021	3.454
7747.400	0.020	3.454
7747.600	0.019	3.454
7747.800	0.020	3.454
7748.000	0.021	3.454
7748.200	0.017	3.454
7748.400	0.021	3.454
7748.600	0.020	3.454
7748.800	0.019	3.454
7749.000	0.019	3.454
7749.200	0.020	3.454
7749.400	0.019	3.454
7749.600	0.019	3.454
7749.800	0.019	3.454
7750.000	0.022	3.454
7750.200	0.020	3.454
7750.400	0.020	3.454
7750.600	0.020	3.454
7750.800	0.021	3.454
7751.000	0.020	3.454
7751.200	0.020	3.454
7751.400	0.019	3.454
7751.600	0.019	3.454
7751.800	0.021	3.454
7752.000	0.022	3.455
7752.200	0.020	3.454
7752.400	0.018	3.455
7752.600	0.019	3.455
7752.800	0.019	3.454
7753.000	0.020	3.454
7753.200	0.020	3.454
7753.400	0.020	3.454
7753.600	0.021	3.454
7753.800	0.019	3.454
7754.000	0.021	3.454
7754.200	0.020	3.455
7754.400	0.018	3.454
7754.600	0.019	3.454
7754.800	0.020	3.454
7755.000	0.020	3.454
7755.200	0.020	3.454
7755.400	0.019	3.454
7755.600	0.020	3.454
7755.800	0.020	3.454
7756.000	0.021	3.454
7756.200	0.022	3.454
7756.400	0.022	3.454
7756.600	0.020	3.454
7756.800	0.020	3.454
7757.000	0.019	3.454
7757.200	0.021	3.454
7757.400	0.021	3.454
7757.600	0.021	3.454
7757.800	0.021	3.454
7758.000	0.021	3.454
7758.200	0.022	3.454
7758.400	0.021	3.454
7758.600	0.022	3.454
7758.800	0.021	3.454
7759.000	0.023	3.454
7759.200	0.022	3.454
7759.400	0.021	3.454
7759.600	0.020	3.454
7759.800	0.020	3.454
7760.000	0.019	3.454
7760.200	0.020	3.454
7760.400	0.020	3.454
7760.600	0.021	3.454
7760.800	0.020	3.454
7761.000	0.020	3.454
7761.200	0.020	3.454
7761.400	0.020	3.454
7761.600	0.020	3.454
7761.800	0.021	3.454
7762.000	0.018	3.454
7762.200	0.019	3.454
7762.400	0.019	3.454
7762.600	0.020	3.454
7762.800	0.019	3.454
7763.000	0.017	3.454
7763.200	0.018	3.454
7763.400	0.019	3.454
7763.600	0.020	3.454
7763.800	0.018	3.454
7764.000	0.020	3.454
7764.200	0.018	3.454
7764.400	0.015	3.454
7764.600	0.016	3.454
7764.800	0.017	3.454
7765.000	0.016	3.454
7765.200	0.018	3.454
7765.400	0.019	3.454
7765.600	0.018	3.454
7765.800	0.018	3.454
7766.000	0.021	3.454
7766.200	0.018	3.454
7766.400	0.019	3.454
7766.600	0.018	3.454
7766.800	0.018	3.454
7767.000	0.018	3.454
7767.200	0.019	3.454
7767.400	0.019	3.454
7767.600	0.019	3.454
7767.800	0.019	3.454
7768.000	0.020	3.454
7768.200	0.020	3.454
7768.400	0.021	3.454
7768.600	0.020	3.454
7768.800	0.019	3.454
7769.000	0.020	3.454
7769.200	0.019	3.454
7769.400	0.019	3.454
7769.600	0.021	3.454
7769.800	0.020	3.454
7770.000	0.020	3.454
7770.200	0.020	3.454
7770.400	0.019	3.454
7770.600	0.020	3.454
7770.800	0.020	3.454
7771.000	0.022	3.454
7771.200	0.020	3.454
7771.400	0.020	3.454
7771.600	0.020	3.454
7771.800	0.021	3.454
7772.000	0.022	3.454
7772.200	0.021	3.454
7772.400	0.021	3.454
7772.600	0.020	3.454
7772.800	0.021	3.454
7773.000	0.022	3.454
7773.200	0.020	3.454
7773.400	0.021	3.454
7773.600	0.019	3.454
7773.800	0.018	3.454
7774.000	0.017	3.454
7774.200	0.020	3.454
7774.400	0.018	3.454
7774.600	0.020	3.454
7774.800	0.021	3.454
7775.000	0.019	3.454
7775.200	0.021	3.454
7775.400	0.020	3.454
7775.600	0.021	3.454
7775.800	0.022	3.454
7776.000	0.022	3.454
7776.200	0.021	3.454
7776.400	0.021	3.454
7776.600	0.020	3.454
7776.800	0.019	3.454
7777.000	0.020	3.454
7777.200	0.021	3.454
7777.400	0.019	3.454
7777.600	0.020	3.454
7777.800	0.022	3.454
7778.000	0.022	3.454
7778.200	0.019	3.454
7778.400	0.020	3.454
7778.600	0.019	3.454
7778.800	0.019	3.454
7779.000	0.020	3.454
7779.200	0.019	3.454
7779.400	0.020	3.454
7779.600	0.020	3.454
7779.800	0.018	3.454
7780.000	0.019	3.454
7780.200	0.018	3.454
7780.400	0.019	3.454
7780.600	0.019	3.454
7780.800	0.019	3.454
7781.000	0.020	3.454
7781.200	0.019	3.454
7781.400	0.019	3.454
7781.600	0.018	3.454
7781.800	0.019	3.454
7782.000	0.019	3.454
7782.200	0.020	3.454
7782.400	0.020	3.454
7782.600	0.019	3.454
7782.800	0.018	3.454
7783.000	0.019	3.454
7783.200	0.019	3.454
7783.400	0.019	3.454
7783.600	0.019	3.454
7783.800	0.019	3.454
7784.000	0.020	3.454
7784.200	0.019	3.454
7784.400	0.019	3.454
7784.600	0.018	3.454
7784.800	0.021	3.454
7785.000	0.020	3.454
7785.200	0.018	3.454
7785.400	0.018	3.454
7785.600	0.019	3.454
7785.800	0.020	3.454
7786.000	0.021	3.454
7786.200	0.021	3.454
7786.400	0.020	3.454
7786.600	0.020	3.454
7786.800	0.021	3.454
7787.000	0.019	3.454
7787.200	0.021	3.454
7787.400	0.021	3.454
7787.600	0.021	3.454
7787.800	0.019	3.454
7788.000	0.019	3.454
7788.200	0.020	3.454
7788.400	0.020	3.454
7788.600	0.018	3.454
7788.800	0.019	3.454
7789.000	0.020	3.454
7789.200	0.018	3.454
7789.400	0.019	3.454
7789.600	0.019	3.454
7789.800	0.020	3.454
7790.000	0.019	3.454
7790.200	0.020	3.454
7790.400	0.017	3.454
7790.600	0.019	3.454
7790.800	0.019	3.454
7791.000	0.019	3.454
7791.200	0.017	3.454
7791.400	0.020	3.454
7791.600	0.020	3.454
7791.800	0.022	3.454
7792.000	0.022	3.454
7792.200	0.018	3.454
7792.400	0.019	3.454
7792.600	0.021	3.454
7792.800	0.019	3.454
7793.000	0.020	3.454
7793.200	0.020	3.454
7793.400	0.019	3.454
7793.600	0.020	3.454
7793.800	0.020	3.454
7794.000	0.019	3.454
7794.200	0.020	3.454
7794.400	0.019	3.454
7794.600	0.019	3.454
7794.800	0.020	3.454
7795.000	0.018	3.454
7795.200	0.019	3.454
7795.400	0.019	3.454
7795.600	0.019	3.454
7795.800	0.021	3.454
7796.000	0.019	3.454
7796.200	0.019	3.454
7796.400	0.019	3.454
7796.600	0.019	3.454
7796.800	0.018	3.454
7797.000	0.019	3.454
7797.200	0.020	3.454
7797.400	0.018	3.454
7797.600	0.018	3.454
7797.800	0.016	3.454
7798.000	0.017	3.454
7798.200	0.016	3.454
7798.400	0.019	3.454
7798.600	0.018	3.454
7798.800	0.019	3.454
7799.000	0.016	3.454
7799.200	0.020	3.454
7799.400	0.021	3.454
7799.600	0.019	3.454
7799.800	0.019	3.454
7800.000	0.019	3.454
7800.200	0.017	3.454
7800.400	0.019	3.454
7800.600	0.018	3.454
7800.800	0.018	3.454
7801.000	0.019	3.454
7801.200	0.021	3.454
7801.400	0.019	3.454
7801.600	0.018	3.454
7801.800	0.018	3.454
7802.000	0.019	3.454
7802.200	0.020	3.454
7802.400	0.022	3.454
7802.600	0.020	3.454
7802.800	0.018	3.454
7803.000	0.020	3.454
7803.200	0.020	3.454
7803.400	0.019	3.454
7803.600	0.019	3.454
7803.800	0.020	3.454
7804.000	0.018	3.454
7804.200	0.018	3.454
7804.400	0.019	3.454
7804.600	0.020	3.454
7804.800	0.019	3.454
7805.000	0.019	3.454
7805.200	0.020	3.454
7805.400	0.021	3.454
7805.600	0.019	3.454
7805.800	0.021	3.454
7806.000	0.019	3.454
7806.200	0.018	3.454
7806.400	0.019	3.454
7806.600	0.020	3.454
7806.800	0.020	3.454
7807.000	0.020	3.454
7807.200	0.020	3.454
7807.400	0.020	3.454
7807.600	0.021	3.454
7807.800	0.019	3.454
7808.000	0.022	3.454
7808.200	0.021	3.454
7808.400	0.020	3.454
7808.600	0.019	3.454
7808.800	0.019	3.454
7809.000	0.019	3.454
7809.200	0.019	3.454
7809.400	0.019	3.454
7809.600	0.021	3.454
7809.800	0.018	3.454
7810.000	0.017	3.454
7810.200	0.020	3.454
7810.400	0.019	3.454
7810.600	0.020	3.454
7810.800	0.020	3.454
7811.000	0.022	3.454
7811.200	0.020	3.454
7811.400	0.021	3.454
7811.600	0.020	3.454
7811.800	0.021	3.454
7812.000	0.020	3.454
7812.200	0.018	3.454
7812.400	0.022	3.454
7812.600	0.020	3.454
7812.800	0.017	3.454
7813.000	0.020	3.454
7813.200	0.019	3.454
7813.400	0.021	3.454
7813.600	0.020	3.454
7813.800	0.022	3.454
7814.000	0.020	3.454
7814.200	0.020	3.454
7814.400	0.019	3.454
7814.600	0.019	3.454
7814.800	0.020	3.454
7815.000	0.018	3.454
7815.200	0.018	3.454
7815.400	0.021	3.454
7815.600	0.019	3.454
7815.800	0.019	3.454
7816.000	0.019	3.454
7816.200	0.019	3.454
7816.400	0.019	3.454
7816.600	0.018	3.454
7816.800	0.020	3.454
7817.000	0.019	3.454
7817.200	0.019	3.454
7817.400	0.019	3.454
7817.600	0.018	3.454
7817.800	0.019	3.454
7818.000	0.019	3.454
7818.200	0.019	3.454
7818.400	0.016	3.454
7818.600	0.017	3.454
7818.800	0.018	3.454
7819.000	0.017	3.454
7819.200	0.019	3.454
7819.400	0.019	3.454
7819.600	0.018	3.454
7819.800	0.019	3.454
7820.000	0.020	3.454
7820.200	0.022	3.454
7820.400	0.019	3.454
7820.600	0.019	3.454
7820.800	0.018	3.454
7821.000	0.018	3.454
7821.200	0.020	3.454
7821.400	0.019	3.454
7821.600	0.020	3.454
7821.800	0.019	3.454
7822.000	0.019	3.454
7822.200	0.019	3.454
7822.400	0.019	3.454
7822.600	0.020	3.454
7822.800	0.018	3.454
7823.000	0.019	3.454
7823.200	0.020	3.454
7823.400	0.019	3.454
7823.600	0.020	3.454
7823.800	0.020	3.454
7824.000	0.019	3.454
7824.200	0.020	3.454
7824.400	0.020	3.454
7824.600	0.019	3.454
7824.800	0.018	3.454
7825.000	0.019	3.454
7825.200	0.018	3.454
7825.400	0.019	3.454
7825.600	0.018	3.454
7825.800	0.019	3.454
7826.000	0.018	3.454
7826.200	0.017	3.454
7826.400	0.017	3.454
7826.600	0.018	3.454
7826.800	0.018	3.454
7827.000	0.017	3.454
7827.200	0.018	3.454
7827.400	0.020	3.454
7827.600	0.019	3.454
7827.800	0.020	3.454
7828.000	0.019	3.454
7828.200	0.019	3.454
7828.400	0.019	3.454
7828.600	0.018	3.454
7828.800	0.019	3.454
7829.000	0.018	3.454
7829.200	0.019	3.454
7829.400	0.018	3.454
7829.600	0.017	3.454
7829.800	0.020	3.454
7830.000	0.019	3.454
7830.200	0.020	3.454
7830.400	0.020	3.454
7830.600	0.018	3.454
7830.800	0.018	3.454
7831.000	0.020	3.454
7831.200	0.018	3.454
7831.400	0.019	3.454
7831.600	0.019	3.454
7831.800	0.017	3.454
7832.000	0.019	3.454
7832.200	0.018	3.454
7832.400	0.020	3.454
7832.600	0.019	3.454
7832.800	0.018	3.454
7833.000	0.019	3.454
7833.200	0.019	3.454
7833.400	0.019	3.454
7833.600	0.019	3.454
7833.800	0.019	3.454
7834.000	0.019	3.454
7834.200	0.019	3.454
7834.400	0.020	3.454
7834.600	0.018	3.454
7834.800	0.018	3.454
7835.000	0.018	3.454
7835.200	0.019	3.454
7835.400	0.020	3.454
7835.600	0.017	3.454
7835.800	0.019	3.454
7836.000	0.019	3.454
7836.200	0.020	3.454
7836.400	0.019	3.454
7836.600	0.019	3.454
7836.800	0.019	3.454
7837.000	0.018	3.454
7837.200	0.020	3.454
7837.400	0.019	3.454
7837.600	0.020	3.454
7837.800	0.018	3.454
7838.000	0.018	3.454
7838.200	0.019	3.454
7838.400	0.018	3.454
7838.600	0.018	3.454
7838.800	0.020	3.454
7839.000	0.019	3.454
7839.200	0.020	3.454
7839.400	0.019	3.454
7839.600	0.021	3.454
7839.800	0.019	3.454
7840.000	0.018	3.454
7840.200	0.019	3.454
7840.400	0.019	3.454
7840.600	0.020	3.454
7840.800	0.018	3.454
7841.000	0.019	3.454
7841.200	0.018	3.454
7841.400	0.020	3.454
7841.600	0.019	3.454
7841.800	0.019	3.454
7842.000	0.018	3.454
7842.200	0.017	3.454
7842.400	0.020	3.454
7842.600	0.019	3.454
7842.800	0.020	3.454
7843.000	0.018	3.454
7843.200	0.019	3.454
7843.400	0.019	3.454
7843.600	0.018	3.454
7843.800	0.020	3.454
7844.000	0.018	3.454
7844.200	0.018	3.454
7844.400	0.019	3.454
7844.600	0.018	3.454
7844.800	0.018	3.454
7845.000	0.018	3.454
7845.200	0.019	3.454
7845.400	0.019	3.454
7845.600	0.020	3.454
7845.800	0.019	3.454
7846.000	0.018	3.454
7846.200	0.019	3.454
7846.400	0.018	3.454
7846.600	0.019	3.454
7846.800	0.017	3.454
7847.000	0.018	3.454
7847.200	0.019	3.454
7847.400	0.018	3.454
7847.600	0.020	3.454
7847.800	0.018	3.454
7848.000	0.018	3.454
7848.200	0.019	3.454
7848.400	0.021	3.454
7848.600	0.021	3.454
7848.800	0.018	3.454
7849.000	0.020	3.454
7849.200	0.020	3.454
7849.400	0.018	3.454
7849.600	0.020	3.454
7849.800	0.019	3.454
7850.000	0.020	3.454
7850.200	0.019	3.454
7850.400	0.019	3.454
7850.600	0.019	3.454
7850.800	0.020	3.454
7851.000	0.020	3.454
7851.200	0.019	3.454
7851.400	0.019	3.454
7851.600	0.021	3.454
7851.800	0.021	3.454
7852.000	0.019	3.454
7852.200	0.021	3.454
7852.400	0.019	3.454
7852.600	0.019	3.454
7852.800	0.021	3.454
7853.000	0.021	3.454
7853.200	0.020	3.454
7853.400	0.020	3.454
7853.600	0.020	3.454
7853.800	0.020	3.454
7854.000	0.019	3.454
7854.200	0.021	3.454
7854.400	0.019	3.454
7854.600	0.021	3.454
7854.800	0.021	3.454
7855.000	0.021	3.454
7855.200	0.019	3.454
7855.400	0.020	3.454
7855.600	0.021	3.454
7855.800	0.019	3.454
7856.000	0.021	3.454
7856.200	0.019	3.454
7856.400	0.019	3.454
7856.600	0.020	3.454
7856.800	0.019	3.454
7857.000	0.019	3.454
7857.200	0.021	3.454
7857.400	0.021	3.454
7857.600	0.019	3.454
7857.800	0.019	3.454
7858.000	0.019	3.454
7858.200	0.018	3.454
7858.400	0.022	3.454
7858.600	0.019	3.454
7858.800	0.019	3.454
7859.000	0.019	3.454
7859.200	0.019	3.454
7859.400	0.019	3.454
7859.600	0.018	3.454
7859.800	0.020	3.454
7860.000	0.020	3.454
7860.200	0.019	3.454
7860.400	0.018	3.454
7860.600	0.017	3.454
7860.800	0.018	3.454
7861.000	0.018	3.454
7861.200	0.020	3.454
7861.400	0.019	3.454
7861.600	0.019	3.454
7861.800	0.019	3.454
7862.000	0.018	3.454
7862.200	0.020	3.454
7862.400	0.018	3.454
7862.600	0.020	3.454
7862.800	0.019	3.454
7863.000	0.021	3.454
7863.200	0.019	3.454
7863.400	0.018	3.454
7863.600	0.019	3.454
7863.800	0.019	3.454
7864.000	0.019	3.454
7864.200	0.018	3.454
7864.400	0.019	3.454
7864.600	0.018	3.454
7864.800	0.020	3.454
7865.000	0.019	3.454
7865.200	0.019	3.454
7865.400	0.018	3.454
7865.600	0.019	3.454
7865.800	0.019	3.454
7866.000	0.017	3.454
7866.200	0.019	3.454
7866.400	0.020	3.454
7866.600	0.020	3.454
7866.800	0.017	3.454
7867.000	0.020	3.454
7867.200	0.020	3.454
7867.400	0.020	3.454
7867.600	0.020	3.454
7867.800	0.020	3.454
7868.000	0.020	3.454
7868.200	0.020	3.454
7868.400	0.018	3.454
7868.600	0.019	3.454
7868.800	0.019	3.454
7869.000	0.021	3.454
7869.200	0.020	3.454
7869.400	0.020	3.454
7869.600	0.020	3.454
7869.800	0.020	3.454
7870.000	0.019	3.454
7870.200	0.020	3.454
7870.400	0.022	3.454
7870.600	0.019	3.454
7870.800	0.020	3.454
7871.000	0.018	3.454
7871.200	0.019	3.454
7871.400	0.021	3.454
7871.600	0.020	3.454
7871.800	0.021	3.454
7872.000	0.020	3.454
7872.200	0.020	3.454
7872.400	0.020	3.454
7872.600	0.021	3.454
7872.800	0.020	3.454
7873.000	0.020	3.454
7873.200	0.019	3.454
7873.400	0.018	3.454
7873.600	0.019	3.454
7873.800	0.019	3.454
7874.000	0.019	3.454
7874.200	0.020	3.454
7874.400	0.019	3.454
7874.600	0.017	3.454
7874.800	0.020	3.454
7875.000	0.019	3.454
7875.200	0.019	3.454
7875.400	0.020	3.454
7875.600	0.019	3.454
7875.800	0.022	3.454
7876.000	0.019	3.454
7876.200	0.019	3.454
7876.400	0.020	3.454
7876.600	0.019	3.454
7876.800	0.020	3.454
7877.000	0.020	3.454
7877.200	0.021	3.454
7877.400	0.020	3.454
7877.600	0.020	3.454
7877.800	0.021	3.454
7878.000	0.020	3.454
7878.200	0.020	3.454
7878.400	0.020	3.454
7878.600	0.019	3.454
7878.800	0.019	3.454
7879.000	0.019	3.454
7879.200	0.021	3.454
7879.400	0.020	3.454
7879.600	0.020	3.454
7879.800	0.020	3.454
7880.000	0.020	3.454
7880.200	0.020	3.454
7880.400	0.020	3.454
7880.600	0.020	3.454
7880.800	0.021	3.454
7881.000	0.020	3.454
7881.200	0.019	3.454
7881.400	0.018	3.454
7881.600	0.019	3.454
7881.800	0.020	3.454
7882.000	0.020	3.454
7882.200	0.020	3.454
7882.400	0.020	3.454
7882.600	0.019	3.454
7882.800	0.018	3.454
7883.000	0.020	3.454
7883.200	0.019	3.454
7883.400	0.020	3.454
7883.600	0.021	3.454
7883.800	0.022	3.454
7884.000	0.021	3.454
7884.200	0.020	3.454
7884.400	0.021	3.454
7884.600	0.019	3.454
7884.800	0.020	3.454
7885.000	0.019	3.454
7885.200	0.019	3.454
7885.400	0.020	3.454
7885.600	0.019	3.454
7885.800	0.020	3.454
7886.000	0.019	3.454
7886.200	0.020	3.454
7886.400	0.021	3.454
7886.600	0.020	3.454
7886.800	0.021	3.454
7887.000	0.020	3.454
7887.200	0.020	3.454
7887.400	0.021	3.454
7887.600	0.019	3.454
7887.800	0.020	3.454
7888.000	0.018	3.454
7888.200	0.021	3.454
7888.400	0.021	3.454
7888.600	0.020	3.454
7888.800	0.019	3.454
7889.000	0.020	3.454
7889.200	0.019	3.454
7889.400	0.021	3.454
7889.600	0.022	3.454
7889.800	0.019	3.454
7890.000	0.019	3.454
7890.200	0.021	3.454
7890.400	0.019	3.454
7890.600	0.019	3.454
7890.800	0.021	3.454
7891.000	0.018	3.454
7891.200	0.019	3.454
7891.400	0.021	3.454
7891.600	0.020	3.454
7891.800	0.021	3.454
7892.000	0.020	3.454
7892.200	0.019	3.454
7892.400	0.019	3.454
7892.600	0.019	3.454
7892.800	0.019	3.454
7893.000	0.020	3.454
7893.200	0.019	3.454
7893.400	0.019	3.454
7893.600	0.017	3.454
7893.800	0.018	3.454
7894.000	0.020	3.454
7894.200	0.021	3.454
7894.400	0.020	3.454
7894.600	0.019	3.454
7894.800	0.019	3.454
7895.000	0.020	3.454
7895.200	0.019	3.454
7895.400	0.020	3.454
7895.600	0.021	3.454
7895.800	0.021	3.454
7896.000	0.019	3.454
7896.200	0.021	3.454
7896.400	0.020	3.454
7896.600	0.022	3.454
7896.800	0.020	3.454
7897.000	0.019	3.454
7897.200	0.020	3.454
7897.400	0.020	3.454
7897.600	0.019	3.454
7897.800	0.019	3.454
7898.000	0.018	3.454
7898.200	0.018	3.454
7898.400	0.019	3.454
7898.600	0.019	3.454
7898.800	0.018	3.454
7899.000	0.020	3.454
7899.200	0.019	3.454
7899.400	0.019	3.454
7899.600	0.017	3.454
7899.800	0.020	3.454
7900.000	0.021	3.454
7900.200	0.019	3.454
7900.400	0.019	3.454
7900.600	0.018	3.454
7900.800	0.019	3.454
7901.000	0.019	3.454
7901.200	0.020	3.454
7901.400	0.019	3.454
7901.600	0.021	3.454
7901.800	0.021	3.454
7902.000	0.019	3.454
7902.200	0.018	3.454
7902.400	0.019	3.454
7902.600	0.017	3.454
7902.800	0.019	3.454
7903.000	0.020	3.454
7903.200	0.020	3.454
7903.400	0.019	3.454
7903.600	0.020	3.454
7903.800	0.021	3.454
7904.000	0.018	3.454
7904.200	0.020	3.454
7904.400	0.022	3.454
7904.600	0.020	3.454
7904.800	0.020	3.454
7905.000	0.018	3.454
7905.200	0.017	3.454
7905.400	0.017	3.454
7905.600	0.020	3.454
7905.800	0.020	3.454
7906.000	0.019	3.454
7906.200	0.019	3.454
7906.400	0.019	3.454
7906.600	0.020	3.454
7906.800	0.020	3.454
7907.000	0.019	3.454
7907.200	0.019	3.454
7907.400	0.020	3.454
7907.600	0.018	3.454
7907.800	0.019	3.454
7908.000	0.020	3.454
7908.200	0.021	3.454
7908.400	0.021	3.454
7908.600	0.019	3.454
7908.800	0.019	3.454
7909.000	0.020	3.454
7909.200	0.018	3.454
7909.400	0.018	3.454
7909.600	0.018	3.454
7909.800	0.019	3.454
7910.000	0.018	3.454
7910.200	0.019	3.454
7910.400	0.020	3.454
7910.600	0.019	3.454
7910.800	0.020	3.454
7911.000	0.020	3.454
7911.200	0.018	3.454
7911.400	0.018	3.454
7911.600	0.020	3.454
7911.800	0.020	3.454
7912.000	0.020	3.454
7912.200	0.018	3.454
7912.400	0.018	3.454
7912.600	0.020	3.454
7912.800	0.019	3.454
7913.000	0.017	3.454
7913.200	0.020	3.454
7913.400	0.019	3.454
7913.600	0.018	3.454
7913.800	0.017	3.454
7914.000	0.018	3.454
7914.200	0.018	3.454
7914.400	0.019	3.454
7914.600	0.018	3.454
7914.800	0.019	3.454
7915.000	0.018	3.454
7915.200	0.018	3.454
7915.400	0.017	3.454
7915.600	0.019	3.454
7915.800	0.018	3.454
7916.000	0.018	3.454
7916.200	0.017	3.454
7916.400	0.017	3.454
7916.600	0.018	3.454
7916.800	0.019	3.454
7917.000	0.018	3.454
7917.200	0.016	3.454
7917.400	0.020	3.454
7917.600	0.019	3.454
7917.800	0.018	3.454
7918.000	0.019	3.454
7918.200	0.019	3.454
7918.400	0.018	3.454
7918.600	0.019	3.454
7918.800	0.019	3.454
7919.000	0.018	3.454
7919.200	0.017	3.454
7919.400	0.017	3.454
7919.600	0.018	3.454
7919.800	0.018	3.454
7920.000	0.018	3.454
7920.200	0.019	3.454
7920.400	0.018	3.454
7920.600	0.019	3.454
7920.800	0.019	3.454
7921.000	0.019	3.454
7921.200	0.017	3.454
7921.400	0.018	3.454
7921.600	0.020	3.454
7921.800	0.019	3.454
7922.000	0.020	3.454
7922.200	0.019	3.454
7922.400	0.020	3.454
7922.600	0.020	3.454
7922.800	0.020	3.454
7923.000	0.019	3.454
7923.200	0.020	3.454
7923.400	0.020	3.454
7923.600	0.020	3.454
7923.800	0.021	3.454
7924.000	0.020	3.454
7924.200	0.019	3.454
7924.400	0.020	3.454
7924.600	0.019	3.454
7924.800	0.019	3.454
7925.000	0.018	3.454
7925.200	0.017	3.454
7925.400	0.019	3.454
7925.600	0.017	3.454
7925.800	0.019	3.454
7926.000	0.018	3.454
7926.200	0.018	3.454
7926.400	0.016	3.454
7926.600	0.018	3.454
7926.800	0.017	3.454
7927.000	0.016	3.454
7927.200	0.016	3.454
7927.400	0.018	3.454
7927.600	0.017	3.454
7927.800	0.018	3.454
7928.000	0.018	3.454
7928.200	0.018	3.454
7928.400	0.019	3.454
7928.600	0.018	3.454
7928.800	0.019	3.454
7929.000	0.018	3.454
7929.200	0.018	3.454
7929.400	0.017	3.454
7929.600	0.019	3.454
7929.800	0.019	3.454
7930.000	0.018	3.454
7930.200	0.019	3.454
7930.400	0.019	3.454
7930.600	0.020	3.454
7930.800	0.019	3.454
7931.000	0.018	3.454
7931.200	0.019	3.454
7931.400	0.019	3.454
7931.600	0.019	3.454
7931.800	0.019	3.454
7932.000	0.017	3.454
7932.200	0.020	3.454
7932.400	0.018	3.454
7932.600	0.018	3.454
7932.800	0.018	3.454
7933.000	0.018	3.454
7933.200	0.019	3.454
7933.400	0.019	3.454
7933.600	0.020	3.454
7933.800	0.019	3.454
7934.000	0.019	3.454
7934.200	0.018	3.454
7934.400	0.018	3.454
7934.600	0.018	3.454
7934.800	0.019	3.454
7935.000	0.020	3.454
7935.200	0.018	3.454
7935.400	0.019	3.454
7935.600	0.020	3.454
7935.800	0.019	3.454
7936.000	0.019	3.454
7936.200	0.020	3.454
7936.400	0.020	3.454
7936.600	0.020	3.454
7936.800	0.018	3.454
7937.000	0.018	3.454
7937.200	0.018	3.454
7937.400	0.020	3.454
7937.600	0.022	3.454
7937.800	0.020	3.454
7938.000	0.021	3.454
7938.200	0.021	3.454
7938.400	0.021	3.454
7938.600	0.020	3.454
7938.800	0.019	3.454
7939.000	0.019	3.454
7939.200	0.020	3.454
7939.400	0.022	3.454
7939.600	0.020	3.454
7939.800	0.020	3.454
7940.000	0.021	3.454
7940.200	0.021	3.454
7940.400	0.020	3.454
7940.600	0.020	3.454
7940.800	0.022	3.454
7941.000	0.020	3.454
7941.200	0.019	3.454
7941.400	0.019	3.454
7941.600	0.021	3.454
7941.800	0.020	3.454
7942.000	0.020	3.454
7942.200	0.020	3.454
7942.400	0.019	3.454
7942.600	0.019	3.454
7942.800	0.019	3.454
7943.000	0.020	3.454
7943.200	0.021	3.454
7943.400	0.019	3.454
7943.600	0.020	3.454
7943.800	0.020	3.454
7944.000	0.017	3.454
7944.200	0.019	3.454
7944.400	0.020	3.454
7944.600	0.019	3.454
7944.800	0.020	3.454
7945.000	0.020	3.454
7945.200	0.020	3.454
7945.400	0.020	3.454
7945.600	0.019	3.454
7945.800	0.021	3.454
7946.000	0.019	3.454
7946.200	0.021	3.454
7946.400	0.020	3.454
7946.600	0.020	3.454
7946.800	0.017	3.454
7947.000	0.020	3.454
7947.200	0.020	3.454
7947.400	0.019	3.454
7947.600	0.020	3.454
7947.800	0.019	3.454
7948.000	0.020	3.454
7948.200	0.019	3.454
7948.400	0.019	3.454
7948.600	0.020	3.454
7948.800	0.020	3.454
7949.000	0.018	3.454
7949.200	0.018	3.454
7949.400	0.019	3.454
7949.600	0.020	3.454
7949.800	0.018	3.454
7950.000	0.019	3.454
7950.200	0.020	3.454
7950.400	0.018	3.454
7950.600	0.019	3.454
7950.800	0.018	3.454
7951.000	0.019	3.454
7951.200	0.017	3.454
7951.400	0.019	3.454
7951.600	0.018	3.454
7951.800	0.019	3.454
7952.000	0.019	3.454
7952.200	0.022	3.454
7952.400	0.019	3.454
7952.600	0.020	3.454
7952.800	0.020	3.454
7953.000	0.020	3.454
7953.200	0.019	3.454
7953.400	0.017	3.454
7953.600	0.017	3.454
7953.800	0.019	3.454
7954.000	0.019	3.454
7954.200	0.018	3.454
7954.400	0.018	3.454
7954.600	0.019	3.454
7954.800	0.017	3.454
7955.000	0.017	3.454
7955.200	0.017	3.454
7955.400	0.017	3.454
7955.600	0.017	3.454
7955.800	0.017	3.454
7956.000	0.018	3.454
7956.200	0.019	3.454
7956.400	0.018	3.454
7956.600	0.018	3.454
7956.800	0.018	3.454
7957.000	0.016	3.454
7957.200	0.017	3.454
7957.400	0.019	3.454
7957.600	0.022	3.454
7957.800	0.018	3.454
7958.000	0.019	3.454
7958.200	0.018	3.454
7958.400	0.018	3.454
7958.600	0.016	3.454
7958.800	0.017	3.454
7959.000	0.016	3.454
7959.200	0.017	3.454
7959.400	0.017	3.454
7959.600	0.018	3.454
7959.800	0.017	3.454
7960.000	0.018	3.454
7960.200	0.020	3.454
7960.400	0.019	3.454
7960.600	0.019	3.454
7960.800	0.017	3.454
7961.000	0.017	3.454
7961.200	0.018	3.454
7961.400	0.018	3.454
7961.600	0.017	3.454
7961.800	0.018	3.454
7962.000	0.017	3.454
7962.200	0.017	3.454
7962.400	0.018	3.454
7962.600	0.018	3.454
7962.800	0.019	3.454
7963.000	0.017	3.454
7963.200	0.019	3.454
7963.400	0.019	3.454
7963.600	0.018	3.454
7963.800	0.017	3.454
7964.000	0.017	3.454
7964.200	0.019	3.454
7964.400	0.017	3.454
7964.600	0.017	3.454
7964.800	0.019	3.454
7965.000	0.020	3.454
7965.200	0.019	3.454
7965.400	0.019	3.454
7965.600	0.018	3.454
7965.800	0.020	3.454
7966.000	0.019	3.454
7966.200	0.017	3.454
7966.400	0.020	3.454
7966.600	0.019	3.454
7966.800	0.019	3.454
7967.000	0.018	3.454
7967.200	0.019	3.454
7967.400	0.018	3.454
7967.600	0.019	3.454
7967.800	0.020	3.454
7968.000	0.020	3.454
7968.200	0.020	3.454
7968.400	0.020	3.454
7968.600	0.018	3.454
7968.800	0.017	3.454
7969.000	0.020	3.454
7969.200	0.019	3.454
7969.400	0.019	3.454
7969.600	0.019	3.454
7969.800	0.019	3.454
7970.000	0.017	3.454
7970.200	0.019	3.454
7970.400	0.019	3.454
7970.600	0.019	3.454
7970.800	0.018	3.454
7971.000	0.018	3.454
7971.200	0.019	3.454
7971.400	0.020	3.454
7971.600	0.019	3.454
7971.800	0.019	3.454
7972.000	0.020	3.454
7972.200	0.018	3.454
7972.400	0.018	3.454
7972.600	0.019	3.454
7972.800	0.019	3.454
7973.000	0.017	3.454
7973.200	0.020	3.454
7973.400	0.018	3.454
7973.600	0.019	3.454
7973.800	0.019	3.454
7974.000	0.017	3.454
7974.200	0.020	3.454
7974.400	0.018	3.454
7974.600	0.020	3.454
7974.800	0.018	3.454
7975.000	0.019	3.454
7975.200	0.019	3.454
7975.400	0.019	3.454
7975.600	0.019	3.454
7975.800	0.017	3.454
7976.000	0.018	3.454
7976.200	0.020	3.454
7976.400	0.018	3.454
7976.600	0.019	3.454
7976.800	0.019	3.454
7977.000	0.018	3.454
7977.200	0.020	3.454
7977.400	0.018	3.454
7977.600	0.019	3.454
7977.800	0.019	3.454
7978.000	0.018	3.454
7978.200	0.017	3.454
7978.400	0.019	3.454
7978.600	0.018	3.454
7978.800	0.016	3.454
7979.000	0.017	3.454
7979.200	0.016	3.454
7979.400	0.017	3.454
7979.600	0.017	3.454
7979.800	0.017	3.454
7980.000	0.017	3.454
7980.200	0.017	3.454
7980.400	0.018	3.454
7980.600	0.017	3.454
7980.800	0.016	3.454
7981.000	0.017	3.454
7981.200	0.018	3.454
7981.400	0.018	3.454
7981.600	0.019	3.454
7981.800	0.016	3.454
7982.000	0.018	3.454
7982.200	0.017	3.454
7982.400	0.016	3.454
7982.600	0.018	3.454
7982.800	0.017	3.454
7983.000	0.018	3.454
7983.200	0.018	3.454
7983.400	0.018	3.454
7983.600	0.017	3.454
7983.800	0.016	3.454
7984.000	0.017	3.454
7984.200	0.017	3.454
7984.400	0.017	3.454
7984.600	0.019	3.454
7984.800	0.018	3.454
7985.000	0.018	3.454
7985.200	0.018	3.454
7985.400	0.016	3.454
7985.600	0.017	3.454
7985.800	0.018	3.454
7986.000	0.018	3.454
7986.200	0.018	3.454
7986.400	0.019	3.454
7986.600	0.020	3.454
7986.800	0.020	3.454
7987.000	0.020	3.454
7987.200	0.018	3.454
7987.400	0.019	3.454
7987.600	0.019	3.454
7987.800	0.018	3.454
7988.000	0.018	3.454
7988.200	0.021	3.454
7988.400	0.019	3.454
7988.600	0.018	3.454
7988.800	0.019	3.454
7989.000	0.019	3.454
7989.200	0.018	3.454
7989.400	0.018	3.454
7989.600	0.019	3.454
7989.800	0.021	3.454
7990.000	0.019	3.454
7990.200	0.018	3.454
7990.400	0.018	3.454
7990.600	0.018	3.454
7990.800	0.018	3.454
7991.000	0.016	3.454
7991.200	0.017	3.454
7991.400	0.018	3.454
7991.600	0.017	3.454
7991.800	0.018	3.454
7992.000	0.017	3.454
7992.200	0.018	3.454
7992.400	0.018	3.454
7992.600	0.020	3.454
7992.800	0.019	3.454
7993.000	0.021	3.454
7993.200	0.021	3.454
7993.400	0.018	3.454
7993.600	0.019	3.454
7993.800	0.018	3.454
7994.000	0.018	3.454
7994.200	0.017	3.454
7994.400	0.017	3.454
7994.600	0.017	3.454
7994.800	0.019	3.454
7995.000	0.019	3.454
7995.200	0.019	3.454
7995.400	0.018	3.454
7995.600	0.017	3.454
7995.800	0.018	3.454
7996.000	0.018	3.454
7996.200	0.019	3.454
7996.400	0.018	3.454
7996.600	0.017	3.454
7996.800	0.016	3.454
7997.000	0.016	3.454
7997.200	0.017	3.454
7997.400	0.017	3.454
7997.600	0.018	3.454
7997.800	0.019	3.454
7998.000	0.018	3.454
7998.200	0.018	3.454
7998.400	0.019	3.454
7998.600	0.019	3.454
7998.800	0.018	3.454
7999.000	0.020	3.454
7999.200	0.019	3.454
7999.400	0.018	3.454
7999.600	0.020	3.454
7999.800	0.018	3.454
8000.000	0.019	3.454
8000.200	0.018	3.454
8000.400	0.018	3.454
8000.600	0.018	3.454
8000.800	0.021	3.454
8001.000	0.017	3.454
8001.200	0.020	3.454
8001.400	0.020	3.454
8001.600	0.019	3.454
8001.800	0.018	3.454
8002.000	0.019	3.454
8002.200	0.018	3.454
8002.400	0.017	3.454
8002.600	0.016	3.454
8002.800	0.018	3.454
8003.000	0.018	3.454
8003.200	0.017	3.454
8003.400	0.017	3.454
8003.600	0.018	3.454
8003.800	0.019	3.454
8004.000	0.017	3.454
8004.200	0.017	3.454
8004.400	0.018	3.454
8004.600	0.018	3.454
8004.800	0.018	3.454
8005.000	0.016	3.454
8005.200	0.019	3.454
8005.400	0.017	3.454
8005.600	0.016	3.454
8005.800	0.018	3.454
8006.000	0.017	3.454
8006.200	0.017	3.454
8006.400	0.018	3.454
8006.600	0.018	3.454
8006.800	0.019	3.454
8007.000	0.018	3.454
8007.200	0.018	3.454
8007.400	0.016	3.454
8007.600	0.017	3.454
8007.800	0.019	3.454
8008.000	0.018	3.454
8008.200	0.018	3.454
8008.400	0.016	3.454
8008.600	0.016	3.454
8008.800	0.017	3.454
8009.000	0.017	3.454
8009.200	0.018	3.454
8009.400	0.015	3.454
8009.600	0.015	3.454
8009.800	0.016	3.454
8010.000	0.017	3.454
8010.200	0.014	3.454
8010.400	0.015	3.454
8010.600	0.015	3.454
8010.800	0.015	3.454
8011.000	0.017	3.454
8011.200	0.018	3.454
8011.400	0.017	3.454
8011.600	0.016	3.454
8011.800	0.017	3.454
8012.000	0.016	3.454
8012.200	0.016	3.454
8012.400	0.017	3.454
8012.600	0.017	3.454
8012.800	0.019	3.454
8013.000	0.017	3.454
8013.200	0.019	3.454
8013.400	0.018	3.454
8013.600	0.018	3.454
8013.800	0.019	3.454
8014.000	0.018	3.454
8014.200	0.017	3.454
8014.400	0.016	3.454
8014.600	0.018	3.454
8014.800	0.017	3.454
8015.000	0.018	3.454
8015.200	0.018	3.454
8015.400	0.017	3.454
8015.600	0.018	3.454
8015.800	0.017	3.454
8016.000	0.019	3.454
8016.200	0.017	3.454
8016.400	0.016	3.454
8016.600	0.017	3.454
8016.800	0.017	3.454
8017.000	0.018	3.454
8017.200	0.019	3.454
8017.400	0.016	3.454
8017.600	0.017	3.454
8017.800	0.017	3.454
8018.000	0.017	3.454
8018.200	0.018	3.454
8018.400	0.018	3.454
8018.600	0.017	3.454
8018.800	0.016	3.454
8019.000	0.017	3.454
8019.200	0.019	3.454
8019.400	0.018	3.454
8019.600	0.016	3.454
8019.800	0.018	3.454
8020.000	0.016	3.454
8020.200	0.017	3.454
8020.400	0.017	3.454
8020.600	0.017	3.454
8020.800	0.016	3.454
8021.000	0.016	3.454
8021.200	0.015	3.454
8021.400	0.017	3.454
8021.600	0.016	3.454
8021.800	0.016	3.454
8022.000	0.014	3.454
8022.200	0.015	3.454
8022.400	0.017	3.454
8022.600	0.016	3.454
8022.800	0.017	3.454
8023.000	0.015	3.454
8023.200	0.016	3.454
8023.400	0.013	3.454
8023.600	0.015	3.454
8023.800	0.016	3.454
8024.000	0.016	3.454
8024.200	0.015	3.454
8024.400	0.015	3.454
8024.600	0.014	3.454
8024.800	0.015	3.454
8025.000	0.016	3.454
8025.200	0.016	3.454
8025.400	0.016	3.454
8025.600	0.015	3.454
8025.800	0.017	3.454
8026.000	0.018	3.454
8026.200	0.016	3.454
8026.400	0.017	3.454
8026.600	0.018	3.454
8026.800	0.017	3.454
8027.000	0.017	3.454
8027.200	0.018	3.454
8027.400	0.018	3.454
8027.600	0.017	3.454
8027.800	0.020	3.454
8028.000	0.018	3.454
8028.200	0.018	3.454
8028.400	0.017	3.454
8028.600	0.019	3.454
8028.800	0.018	3.454
8029.000	0.018	3.454
8029.200	0.016	3.454
8029.400	0.016	3.454
8029.600	0.018	3.454
8029.800	0.017	3.454
8030.000	0.018	3.454
8030.200	0.017	3.454
8030.400	0.017	3.454
8030.600	0.016	3.454
8030.800	0.016	3.454
8031.000	0.015	3.454
8031.200	0.016	3.454
8031.400	0.014	3.454
8031.600	0.017	3.454
8031.800	0.016	3.454
8032.000	0.016	3.454
8032.200	0.016	3.454
8032.400	0.016	3.454
8032.600	0.018	3.454
8032.800	0.016	3.454
8033.000	0.016	3.454
8033.200	0.018	3.454
8033.400	0.017	3.454
8033.600	0.017	3.454
8033.800	0.017	3.454
8034.000	0.017	3.454
8034.200	0.018	3.454
8034.400	0.017	3.454
8034.600	0.014	3.454
8034.800	0.016	3.454
8035.000	0.015	3.454
8035.200	0.017	3.454
8035.400	0.017	3.454
8035.600	0.016	3.454
8035.800	0.016	3.454
8036.000	0.016	3.454
8036.200	0.017	3.454
8036.400	0.017	3.454
8036.600	0.016	3.454
8036.800	0.017	3.454
8037.000	0.017	3.454
8037.200	0.017	3.454
8037.400	0.016	3.454
8037.600	0.016	3.454
8037.800	0.018	3.454
8038.000	0.018	3.454
8038.200	0.019	3.454
8038.400	0.019	3.454
8038.600	0.019	3.454
8038.800	0.017	3.454
8039.000	0.016	3.454
8039.200	0.016	3.454
8039.400	0.016	3.454
8039.600	0.018	3.454
8039.800	0.017	3.454
8040.000	0.018	3.454
8040.200	0.019	3.454
8040.400	0.019	3.454
8040.600	0.019	3.454
8040.800	0.018	3.454
8041.000	0.017	3.454
8041.200	0.016	3.454
8041.400	0.016	3.454
8041.600	0.017	3.454
8041.800	0.016	3.454
8042.000	0.016	3.454
8042.200	0.016	3.454
8042.400	0.016	3.454
8042.600	0.018	3.454
8042.800	0.018	3.454
8043.000	0.016	3.454
8043.200	0.017	3.454
8043.400	0.016	3.454
8043.600	0.017	3.454
8043.800	0.017	3.454
8044.000	0.016	3.454
8044.200	0.017	3.454
8044.400	0.017	3.454
8044.600	0.017	3.454
8044.800	0.017	3.454
8045.000	0.017	3.454
8045.200	0.016	3.454
8045.400	0.018	3.454
8045.600	0.016	3.454
8045.800	0.016	3.454
8046.000	0.018	3.454
8046.200	0.016	3.454
8046.400	0.015	3.454
8046.600	0.017	3.454
8046.800	0.016	3.454
8047.000	0.016	3.454
8047.200	0.015	3.454
8047.400	0.014	3.454
8047.600	0.016	3.454
8047.800	0.015	3.454
8048.000	0.017	3.454
8048.200	0.017	3.454
8048.400	0.017	3.454
8048.600	0.017	3.454
8048.800	0.017	3.454
8049.000	0.018	3.454
8049.200	0.017	3.454
8049.400	0.017	3.454
8049.600	0.016	3.454
8049.800	0.016	3.454
8050.000	0.015	3.454
8050.200	0.016	3.454
8050.400	0.016	3.454
8050.600	0.015	3.454
8050.800	0.015	3.454
8051.000	0.016	3.454
8051.200	0.016	3.454
8051.400	0.015	3.454
8051.600	0.014	3.454
8051.800	0.017	3.454
8052.000	0.015	3.454
8052.200	0.017	3.454
8052.400	0.017	3.454
8052.600	0.015	3.454
8052.800	0.016	3.454
8053.000	0.017	3.454
8053.200	0.017	3.454
8053.400	0.017	3.454
8053.600	0.016	3.454
8053.800	0.017	3.454
8054.000	0.015	3.454
8054.200	0.017	3.454
8054.400	0.016	3.454
8054.600	0.017	3.454
8054.800	0.016	3.454
8055.000	0.017	3.454
8055.200	0.017	3.454
8055.400	0.016	3.454
8055.600	0.017	3.454
8055.800	0.016	3.454
8056.000	0.016	3.454
8056.200	0.015	3.454
8056.400	0.017	3.454
8056.600	0.016	3.454
8056.800	0.017	3.454
8057.000	0.017	3.454
8057.200	0.019	3.454
8057.400	0.017	3.454
8057.600	0.018	3.454
8057.800	0.017	3.454
8058.000	0.018	3.454
8058.200	0.019	3.454
8058.400	0.017	3.454
8058.600	0.018	3.454
8058.800	0.017	3.454
8059.000	0.017	3.454
8059.200	0.017	3.454
8059.400	0.018	3.454
8059.600	0.016	3.454
8059.800	0.016	3.454
8060.000	0.018	3.454
8060.200	0.017	3.454
8060.400	0.017	3.454
8060.600	0.017	3.454
8060.800	0.015	3.454
8061.000	0.017	3.454
8061.200	0.017	3.454
8061.400	0.017	3.454
8061.600	0.016	3.454
8061.800	0.016	3.454
8062.000	0.017	3.454
8062.200	0.017	3.454
8062.400	0.016	3.454
8062.600	0.016	3.454
8062.800	0.017	3.454
8063.000	0.017	3.454
8063.200	0.016	3.454
8063.400	0.017	3.454
8063.600	0.016	3.454
8063.800	0.017	3.454
8064.000	0.015	3.454
8064.200	0.016	3.454
8064.400	0.016	3.454
8064.600	0.017	3.454
8064.800	0.017	3.454
8065.000	0.017	3.454
8065.200	0.016	3.454
8065.400	0.017	3.454
8065.600	0.017	3.454
8065.800	0.017	3.454
8066.000	0.015	3.454
8066.200	0.017	3.454
8066.400	0.018	3.454
8066.600	0.018	3.454
8066.800	0.019	3.454
8067.000	0.019	3.454
8067.200	0.018	3.454
8067.400	0.018	3.454
8067.600	0.017	3.454
8067.800	0.019	3.454
8068.000	0.018	3.454
8068.200	0.017	3.454
8068.400	0.018	3.454
8068.600	0.018	3.454
8068.800	0.020	3.454
8069.000	0.020	3.454
8069.200	0.019	3.454
8069.400	0.019	3.454
8069.600	0.018	3.454
8069.800	0.018	3.454
8070.000	0.017	3.454
8070.200	0.018	3.454
8070.400	0.019	3.454
8070.600	0.019	3.454
8070.800	0.019	3.454
8071.000	0.019	3.454
8071.200	0.017	3.454
8071.400	0.019	3.454
8071.600	0.019	3.454
8071.800	0.017	3.454
8072.000	0.018	3.454
8072.200	0.019	3.454
8072.400	0.017	3.454
8072.600	0.020	3.454
8072.800	0.017	3.454
8073.000	0.018	3.454
8073.200	0.018	3.454
8073.400	0.017	3.454
8073.600	0.017	3.454
8073.800	0.017	3.454
8074.000	0.016	3.454
8074.200	0.017	3.454
8074.400	0.017	3.454
8074.600	0.019	3.454
8074.800	0.019	3.454
8075.000	0.017	3.454
8075.200	0.018	3.454
8075.400	0.020	3.454
8075.600	0.020	3.454
8075.800	0.019	3.454
8076.000	0.018	3.454
8076.200	0.021	3.454
8076.400	0.019	3.454
8076.600	0.018	3.454
8076.800	0.021	3.454
8077.000	0.020	3.454
8077.200	0.020	3.454
8077.400	0.019	3.454
8077.600	0.019	3.454
8077.800	0.019	3.454
8078.000	0.018	3.454
8078.200	0.017	3.454
8078.400	0.017	3.454
8078.600	0.019	3.454
8078.800	0.016	3.454
8079.000	0.017	3.454
8079.200	0.017	3.454
8079.400	0.019	3.454
8079.600	0.017	3.454
8079.800	0.019	3.454
8080.000	0.017	3.454
8080.200	0.017	3.454
8080.400	0.018	3.454
8080.600	0.018	3.454
8080.800	0.018	3.454
8081.000	0.018	3.454
8081.200	0.018	3.454
8081.400	0.019	3.454
8081.600	0.019	3.454
8081.800	0.019	3.454
8082.000	0.020	3.454
8082.200	0.018	3.454
8082.400	0.018	3.454
8082.600	0.019	3.454
8082.800	0.017	3.454
8083.000	0.019	3.454
8083.200	0.019	3.454
8083.400	0.020	3.454
8083.600	0.017	3.454
8083.800	0.018	3.454
8084.000	0.018	3.454
8084.200	0.016	3.454
8084.400	0.017	3.454
8084.600	0.017	3.454
8084.800	0.019	3.454
8085.000	0.019	3.454
8085.200	0.018	3.454
8085.400	0.019	3.454
8085.600	0.018	3.454
8085.800	0.017	3.454
8086.000	0.018	3.454
8086.200	0.017	3.454
8086.400	0.016	3.454
8086.600	0.017	3.454
8086.800	0.017	3.454
8087.000	0.018	3.454
8087.200	0.019	3.454
8087.400	0.019	3.454
8087.600	0.018	3.454
8087.800	0.019	3.454
8088.000	0.020	3.454
8088.200	0.019	3.454
8088.400	0.018	3.454
8088.600	0.018	3.454
8088.800	0.018	3.454
8089.000	0.019	3.454
8089.200	0.019	3.454
8089.400	0.020	3.454
8089.600	0.018	3.454
8089.800	0.019	3.454
8090.000	0.018	3.454
8090.200	0.017	3.454
8090.400	0.018	3.454
8090.600	0.018	3.454
8090.800	0.018	3.454
8091.000	0.021	3.454
8091.200	0.019	3.454
8091.400	0.019	3.454
8091.600	0.020	3.454
8091.800	0.019	3.454
8092.000	0.019	3.454
8092.200	0.018	3.454
8092.400	0.019	3.454
8092.600	0.018	3.454
8092.800	0.018	3.454
8093.000	0.018	3.454
8093.200	0.018	3.454
8093.400	0.020	3.454
8093.600	0.017	3.454
8093.800	0.017	3.454
8094.000	0.018	3.454
8094.200	0.018	3.454
8094.400	0.017	3.454
8094.600	0.017	3.454
8094.800	0.018	3.454
8095.000	0.017	3.454
8095.200	0.019	3.454
8095.400	0.016	3.454
8095.600	0.017	3.454
8095.800	0.017	3.454
8096.000	0.018	3.454
8096.200	0.019	3.454
8096.400	0.021	3.454
8096.600	0.019	3.454
8096.800	0.018	3.454
8097.000	0.019	3.454
8097.200	0.018	3.454
8097.400	0.021	3.454
8097.600	0.020	3.454
8097.800	0.021	3.454
8098.000	0.021	3.454
8098.200	0.021	3.454
8098.400	0.021	3.454
8098.600	0.021	3.454
8098.800	0.020	3.454
8099.000	0.019	3.454
8099.200	0.019	3.454
8099.400	0.019	3.454
8099.600	0.018	3.454
8099.800	0.020	3.454
8100.000	0.019	3.454
8100.200	0.019	3.454
8100.400	0.019	3.454
8100.600	0.019	3.454
8100.800	0.020	3.454
8101.000	0.019	3.454
8101.200	0.020	3.454
8101.400	0.020	3.454
8101.600	0.021	3.454
8101.800	0.020	3.454
8102.000	0.019	3.454
8102.200	0.019	3.454
8102.400	0.020	3.454
8102.600	0.021	3.454
8102.800	0.020	3.454
8103.000	0.019	3.454
8103.200	0.021	3.454
8103.400	0.021	3.454
8103.600	0.021	3.454
8103.800	0.019	3.454
8104.000	0.020	3.454
8104.200	0.020	3.454
8104.400	0.019	3.454
8104.600	0.022	3.454
8104.800	0.020	3.454
8105.000	0.020	3.454
8105.200	0.018	3.454
8105.400	0.020	3.454
8105.600	0.020	3.454
8105.800	0.020	3.454
8106.000	0.021	3.454
8106.200	0.022	3.454
8106.400	0.020	3.454
8106.600	0.021	3.454
8106.800	0.019	3.454
8107.000	0.020	3.454
8107.200	0.020	3.454
8107.400	0.021	3.454
8107.600	0.019	3.454
8107.800	0.019	3.454
8108.000	0.021	3.454
8108.200	0.020	3.454
8108.400	0.020	3.454
8108.600	0.018	3.454
8108.800	0.020	3.454
8109.000	0.017	3.454
8109.200	0.017	3.454
8109.400	0.018	3.454
8109.600	0.021	3.454
8109.800	0.020	3.454
8110.000	0.019	3.454
8110.200	0.019	3.454
8110.400	0.018	3.454
8110.600	0.019	3.454
8110.800	0.018	3.454
8111.000	0.020	3.454
8111.200	0.019	3.454
8111.400	0.017	3.454
8111.600	0.017	3.454
8111.800	0.018	3.454
8112.000	0.019	3.454
8112.200	0.018	3.454
8112.400	0.019	3.454
8112.600	0.019	3.454
8112.800	0.019	3.454
8113.000	0.019	3.454
8113.200	0.019	3.454
8113.400	0.018	3.454
8113.600	0.020	3.454
8113.800	0.019	3.454
8114.000	0.019	3.454
8114.200	0.019	3.454
8114.400	0.020	3.454
8114.600	0.020	3.454
8114.800	0.020	3.454
8115.000	0.020	3.454
8115.200	0.019	3.454
8115.400	0.020	3.454
8115.600	0.020	3.454
8115.800	0.020	3.454
8116.000	0.020	3.454
8116.200	0.019	3.454
8116.400	0.019	3.454
8116.600	0.019	3.454
8116.800	0.019	3.454
8117.000	0.018	3.454
8117.200	0.020	3.454
8117.400	0.019	3.454
8117.600	0.018	3.454
8117.800	0.020	3.454
8118.000	0.019	3.454
8118.200	0.020	3.454
8118.400	0.019	3.454
8118.600	0.020	3.454
8118.800	0.018	3.454
8119.000	0.018	3.454
8119.200	0.018	3.454
8119.400	0.020	3.454
8119.600	0.020	3.454
8119.800	0.018	3.454
8120.000	0.020	3.454
8120.200	0.019	3.454
8120.400	0.020	3.454
8120.600	0.018	3.454
8120.800	0.019	3.454
8121.000	0.018	3.454
8121.200	0.019	3.454
8121.400	0.019	3.454
8121.600	0.020	3.454
8121.800	0.021	3.454
8122.000	0.018	3.454
8122.200	0.019	3.454
8122.400	0.018	3.454
8122.600	0.019	3.454
8122.800	0.019	3.454
8123.000	0.018	3.454
8123.200	0.019	3.454
8123.400	0.020	3.454
8123.600	0.020	3.454
8123.800	0.020	3.454
8124.000	0.019	3.454
8124.200	0.021	3.454
8124.400	0.018	3.454
8124.600	0.019	3.454
8124.800	0.019	3.454
8125.000	0.021	3.454
8125.200	0.020	3.454
8125.400	0.019	3.454
8125.600	0.020	3.454
8125.800	0.019	3.454
8126.000	0.019	3.454
8126.200	0.020	3.454
8126.400	0.018	3.454
8126.600	0.018	3.454
8126.800	0.019	3.454
8127.000	0.018	3.454
8127.200	0.020	3.454
8127.400	0.018	3.454
8127.600	0.018	3.454
8127.800	0.018	3.454
8128.000	0.017	3.454
8128.200	0.020	3.454
8128.400	0.020	3.454
8128.600	0.021	3.454
8128.800	0.019	3.454
8129.000	0.018	3.454
8129.200	0.018	3.454
8129.400	0.018	3.454
8129.600	0.019	3.454
8129.800	0.017	3.454
8130.000	0.017	3.454
8130.200	0.019	3.454
8130.400	0.018	3.454
8130.600	0.018	3.454
8130.800	0.019	3.454
8131.000	0.021	3.454
8131.200	0.020	3.454
8131.400	0.020	3.454
8131.600	0.021	3.454
8131.800	0.020	3.454
8132.000	0.019	3.454
8132.200	0.019	3.454
8132.400	0.020	3.454
8132.600	0.019	3.454
8132.800	0.020	3.454
8133.000	0.019	3.454
8133.200	0.019	3.454
8133.400	0.021	3.454
8133.600	0.021	3.454
8133.800	0.019	3.454
8134.000	0.018	3.454
8134.200	0.020	3.454
8134.400	0.020	3.454
8134.600	0.019	3.454
8134.800	0.019	3.454
8135.000	0.019	3.454
8135.200	0.019	3.454
8135.400	0.019	3.454
8135.600	0.018	3.454
8135.800	0.019	3.454
8136.000	0.019	3.454
8136.200	0.019	3.454
8136.400	0.018	3.454
8136.600	0.019	3.454
8136.800	0.018	3.454
8137.000	0.019	3.454
8137.200	0.020	3.454
8137.400	0.019	3.454
8137.600	0.019	3.454
8137.800	0.019	3.454
8138.000	0.017	3.454
8138.200	0.018	3.454
8138.400	0.017	3.454
8138.600	0.018	3.454
8138.800	0.016	3.454
8139.000	0.018	3.454
8139.200	0.017	3.454
8139.400	0.017	3.454
8139.600	0.017	3.454
8139.800	0.017	3.454
8140.000	0.017	3.454
8140.200	0.019	3.454
8140.400	0.019	3.454
8140.600	0.019	3.454
8140.800	0.018	3.454
8141.000	0.017	3.454
8141.200	0.019	3.454
8141.400	0.016	3.454
8141.600	0.017	3.454
8141.800	0.018	3.454
8142.000	0.016	3.454
8142.200	0.016	3.454
8142.400	0.017	3.454
8142.600	0.018	3.454
8142.800	0.017	3.454
8143.000	0.018	3.454
8143.200	0.020	3.454
8143.400	0.020	3.454
8143.600	0.017	3.454
8143.800	0.017	3.454
8144.000	0.018	3.454
8144.200	0.017	3.454
8144.400	0.017	3.454
8144.600	0.016	3.454
8144.800	0.014	3.454
8145.000	0.017	3.454
8145.200	0.017	3.454
8145.400	0.017	3.454
8145.600	0.018	3.454
8145.800	0.017	3.454
8146.000	0.017	3.454
8146.200	0.018	3.454
8146.400	0.017	3.454
8146.600	0.018	3.454
8146.800	0.018	3.454
8147.000	0.018	3.454
8147.200	0.017	3.454
8147.400	0.015	3.454
8147.600	0.015	3.454
8147.800	0.016	3.454
8148.000	0.016	3.454
8148.200	0.017	3.454
8148.400	0.017	3.454
8148.600	0.016	3.454
8148.800	0.016	3.454
8149.000	0.015	3.454
8149.200	0.016	3.454
8149.400	0.017	3.454
8149.600	0.016	3.454
8149.800	0.017	3.454
8150.000	0.016	3.454
8150.200	0.017	3.454
8150.400	0.018	3.454
8150.600	0.017	3.454
8150.800	0.017	3.454
8151.000	0.016	3.454
8151.200	0.018	3.454
8151.400	0.018	3.454
8151.600	0.019	3.454
8151.800	0.018	3.454
8152.000	0.018	3.454
8152.200	0.018	3.454
8152.400	0.019	3.454
8152.600	0.018	3.454
8152.800	0.017	3.454
8153.000	0.017	3.454
8153.200	0.019	3.454
8153.400	0.018	3.454
8153.600	0.018	3.454
8153.800	0.018	3.454
8154.000	0.019	3.454
8154.200	0.019	3.454
8154.400	0.018	3.454
8154.600	0.018	3.454
8154.800	0.018	3.454
8155.000	0.017	3.454
8155.200	0.018	3.454
8155.400	0.020	3.454
8155.600	0.018	3.454
8155.800	0.018	3.454
8156.000	0.018	3.454
8156.200	0.018	3.454
8156.400	0.019	3.454
8156.600	0.020	3.454
8156.800	0.018	3.454
8157.000	0.018	3.454
8157.200	0.018	3.454
8157.400	0.019	3.454
8157.600	0.017	3.454
8157.800	0.018	3.454
8158.000	0.019	3.454
8158.200	0.018	3.454
8158.400	0.017	3.454
8158.600	0.018	3.454
8158.800	0.019	3.454
8159.000	0.018	3.454
8159.200	0.017	3.454
8159.400	0.017	3.454
8159.600	0.018	3.454
8159.800	0.020	3.454
8160.000	0.018	3.454
8160.200	0.018	3.454
8160.400	0.018	3.454
8160.600	0.018	3.454
8160.800	0.018	3.454
8161.000	0.019	3.454
8161.200	0.018	3.454
8161.400	0.019	3.454
8161.600	0.020	3.454
8161.800	0.019	3.454
8162.000	0.020	3.454
8162.200	0.021	3.454
8162.400	0.021	3.454
8162.600	0.018	3.454
8162.800	0.019	3.454
8163.000	0.019	3.454
8163.200	0.021	3.454
8163.400	0.019	3.454
8163.600	0.019	3.454
8163.800	0.018	3.454
8164.000	0.019	3.454
8164.200	0.021	3.454
8164.400	0.021	3.454
8164.600	0.021	3.454
8164.800	0.022	3.454
8165.000	0.021	3.454
8165.200	0.018	3.454
8165.400	0.019	3.454
8165.600	0.021	3.454
8165.800	0.019	3.454
8166.000	0.020	3.454
8166.200	0.021	3.454
8166.400	0.021	3.454
8166.600	0.020	3.454
8166.800	0.021	3.454
8167.000	0.021	3.454
8167.200	0.019	3.454
8167.400	0.020	3.454
8167.600	0.019	3.454
8167.800	0.021	3.454
8168.000	0.020	3.454
8168.200	0.020	3.454
8168.400	0.020	3.454
8168.600	0.020	3.454
8168.800	0.020	3.454
8169.000	0.020	3.454
8169.200	0.020	3.454
8169.400	0.022	3.454
8169.600	0.019	3.454
8169.800	0.022	3.454
8170.000	0.019	3.454
8170.200	0.020	3.454
8170.400	0.020	3.454
8170.600	0.021	3.454
8170.800	0.019	3.454
8171.000	0.020	3.454
8171.200	0.019	3.454
8171.400	0.020	3.454
8171.600	0.019	3.454
8171.800	0.021	3.454
8172.000	0.020	3.454
8172.200	0.021	3.454
8172.400	0.021	3.454
8172.600	0.018	3.454
8172.800	0.021	3.454
8173.000	0.019	3.454
8173.200	0.019	3.454
8173.400	0.019	3.454
8173.600	0.020	3.454
8173.800	0.018	3.454
8174.000	0.021	3.454
8174.200	0.021	3.454
8174.400	0.020	3.454
8174.600	0.022	3.454
8174.800	0.022	3.454
8175.000	0.022	3.454
8175.200	0.022	3.454
8175.400	0.021	3.454
8175.600	0.019	3.454
8175.800	0.018	3.454
8176.000	0.021	3.454
8176.200	0.020	3.454
8176.400	0.020	3.454
8176.600	0.020	3.454
8176.800	0.020	3.454
8177.000	0.019	3.454
8177.200	0.021	3.454
8177.400	0.020	3.454
8177.600	0.020	3.454
8177.800	0.020	3.454
8178.000	0.019	3.454
8178.200	0.019	3.454
8178.400	0.022	3.454
8178.600	0.022	3.454
8178.800	0.020	3.454
8179.000	0.020	3.454
8179.200	0.021	3.454
8179.400	0.021	3.454
8179.600	0.022	3.454
8179.800	0.020	3.454
8180.000	0.020	3.454
8180.200	0.019	3.454
8180.400	0.020	3.454
8180.600	0.019	3.454
8180.800	0.020	3.454
8181.000	0.019	3.454
8181.200	0.019	3.454
8181.400	0.019	3.454
8181.600	0.020	3.454
8181.800	0.018	3.454
8182.000	0.020	3.454
8182.200	0.018	3.454
8182.400	0.018	3.454
8182.600	0.019	3.454
8182.800	0.020	3.454
8183.000	0.018	3.454
8183.200	0.018	3.454
8183.400	0.018	3.454
8183.600	0.019	3.454
8183.800	0.020	3.454
8184.000	0.019	3.454
8184.200	0.019	3.454
8184.400	0.018	3.454
8184.600	0.019	3.454
8184.800	0.019	3.454
8185.000	0.019	3.454
8185.200	0.018	3.454
8185.400	0.019	3.454
8185.600	0.020	3.454
8185.800	0.020	3.454
8186.000	0.022	3.454
8186.200	0.020	3.454
8186.400	0.020	3.454
8186.600	0.017	3.454
8186.800	0.020	3.454
8187.000	0.019	3.454
8187.200	0.017	3.454
8187.400	0.018	3.454
8187.600	0.018	3.454
8187.800	0.018	3.454
8188.000	0.020	3.454
8188.200	0.019	3.454
8188.400	0.019	3.454
8188.600	0.017	3.454
8188.800	0.019	3.454
8189.000	0.019	3.454
8189.200	0.019	3.454
8189.400	0.018	3.454
8189.600	0.017	3.454
8189.800	0.019	3.454
8190.000	0.017	3.454
8190.200	0.017	3.454
8190.400	0.017	3.454
8190.600	0.018	3.454
8190.800	0.020	3.454
8191.000	0.019	3.454
8191.200	0.019	3.454
8191.400	0.019	3.454
8191.600	0.020	3.454
8191.800	0.018	3.454
8192.000	0.017	3.454
8192.200	0.018	3.454
8192.400	0.019	3.454
8192.600	0.019	3.454
8192.800	0.019	3.454
8193.000	0.018	3.454
8193.200	0.021	3.454
8193.400	0.018	3.454
8193.600	0.018	3.454
8193.800	0.019	3.454
8194.000	0.020	3.454
8194.200	0.017	3.454
8194.400	0.020	3.454
8194.600	0.020	3.454
8194.800	0.019	3.454
8195.000	0.018	3.454
8195.200	0.018	3.454
8195.400	0.019	3.454
8195.600	0.018	3.454
8195.800	0.019	3.454
8196.000	0.019	3.454
8196.200	0.020	3.454
8196.400	0.019	3.454
8196.600	0.019	3.454
8196.800	0.019	3.454
8197.000	0.020	3.454
8197.200	0.019	3.454
8197.400	0.020	3.454
8197.600	0.017	3.454
8197.800	0.018	3.454
8198.000	0.019	3.454
8198.200	0.019	3.454
8198.400	0.020	3.454
8198.600	0.020	3.454
8198.800	0.018	3.454
8199.000	0.019	3.454
8199.200	0.020	3.454
8199.400	0.019	3.454
8199.600	0.020	3.454
8199.800	0.021	3.454
8200.000	0.020	3.454
8200.200	0.020	3.454
8200.400	0.020	3.454
8200.600	0.020	3.454
8200.800	0.021	3.454
8201.000	0.022	3.454
8201.200	0.020	3.454
8201.400	0.022	3.454
8201.600	0.021	3.454
8201.800	0.020	3.454
8202.000	0.019	3.454
8202.200	0.019	3.454
8202.400	0.020	3.454
8202.600	0.019	3.454
8202.800	0.021	3.454
8203.000	0.020	3.454
8203.200	0.021	3.454
8203.400	0.018	3.454
8203.600	0.019	3.454
8203.800	0.018	3.454
8204.000	0.019	3.454
8204.200	0.019	3.454
8204.400	0.020	3.454
8204.600	0.018	3.454
8204.800	0.019	3.454
8205.000	0.018	3.454
8205.200	0.020	3.454
8205.400	0.018	3.454
8205.600	0.018	3.454
8205.800	0.019	3.454
8206.000	0.021	3.454
8206.200	0.019	3.454
8206.400	0.019	3.454
8206.600	0.019	3.454
8206.800	0.019	3.454
8207.000	0.019	3.454
8207.200	0.020	3.454
8207.400	0.020	3.454
8207.600	0.019	3.454
8207.800	0.019	3.454
8208.000	0.020	3.454
8208.200	0.020	3.454
8208.400	0.022	3.454
8208.600	0.020	3.454
8208.800	0.020	3.454
8209.000	0.020	3.454
8209.200	0.019	3.454
8209.400	0.020	3.454
8209.600	0.021	3.454
8209.800	0.019	3.454
8210.000	0.018	3.454
8210.200	0.018	3.454
8210.400	0.020	3.454
8210.600	0.018	3.454
8210.800	0.018	3.454
8211.000	0.019	3.454
8211.200	0.019	3.454
8211.400	0.020	3.454
8211.600	0.020	3.454
8211.800	0.019	3.454
8212.000	0.019	3.454
8212.200	0.018	3.454
8212.400	0.019	3.454
8212.600	0.019	3.454
8212.800	0.020	3.454
8213.000	0.020	3.454
8213.200	0.019	3.454
8213.400	0.019	3.454
8213.600	0.019	3.454
8213.800	0.019	3.454
8214.000	0.020	3.454
8214.200	0.020	3.454
8214.400	0.019	3.454
8214.600	0.019	3.454
8214.800	0.019	3.454
8215.000	0.019	3.454
8215.200	0.019	3.454
8215.400	0.018	3.454
8215.600	0.020	3.454
8215.800	0.019	3.454
8216.000	0.019	3.454
8216.200	0.019	3.454
8216.400	0.019	3.454
8216.600	0.020	3.454
8216.800	0.020	3.454
8217.000	0.020	3.454
8217.200	0.018	3.454
8217.400	0.019	3.454
8217.600	0.021	3.454
8217.800	0.020	3.454
8218.000	0.019	3.454
8218.200	0.018	3.454
8218.400	0.019	3.454
8218.600	0.019	3.454
8218.800	0.019	3.454
8219.000	0.018	3.454
8219.200	0.018	3.454
8219.400	0.019	3.454
8219.600	0.020	3.454
8219.800	0.020	3.454
8220.000	0.020	3.454
8220.200	0.019	3.454
8220.400	0.021	3.454
8220.600	0.019	3.454
8220.800	0.020	3.454
8221.000	0.020	3.454
8221.200	0.020	3.454
8221.400	0.019	3.454
8221.600	0.020	3.454
8221.800	0.019	3.454
8222.000	0.021	3.454
8222.200	0.018	3.454
8222.400	0.019	3.454
8222.600	0.020	3.454
8222.800	0.020	3.454
8223.000	0.020	3.454
8223.200	0.021	3.454
8223.400	0.018	3.454
8223.600	0.020	3.454
8223.800	0.019	3.454
8224.000	0.020	3.454
8224.200	0.021	3.454
8224.400	0.019	3.454
8224.600	0.019	3.454
8224.800	0.020	3.454
8225.000	0.021	3.454
8225.200	0.019	3.454
8225.400	0.019	3.454
8225.600	0.020	3.454
8225.800	0.019	3.454
8226.000	0.020	3.454
8226.200	0.019	3.454
8226.400	0.020	3.454
8226.600	0.018	3.454
8226.800	0.018	3.454
8227.000	0.020	3.454
8227.200	0.019	3.454
8227.400	0.019	3.454
8227.600	0.019	3.454
8227.800	0.019	3.454
8228.000	0.019	3.454
8228.200	0.018	3.454
8228.400	0.018	3.454
8228.600	0.018	3.454
8228.800	0.021	3.454
8229.000	0.021	3.454
8229.200	0.019	3.454
8229.400	0.018	3.454
8229.600	0.019	3.454
8229.800	0.017	3.454
8230.000	0.019	3.454
8230.200	0.018	3.454
8230.400	0.019	3.454
8230.600	0.017	3.454
8230.800	0.019	3.454
8231.000	0.019	3.454
8231.200	0.019	3.454
8231.400	0.018	3.454
8231.600	0.019	3.454
8231.800	0.019	3.454
8232.000	0.020	3.454
8232.200	0.021	3.454
8232.400	0.019	3.454
8232.600	0.016	3.454
8232.800	0.018	3.454
8233.000	0.018	3.454
8233.200	0.019	3.454
8233.400	0.020	3.454
8233.600	0.018	3.454
8233.800	0.019	3.454
8234.000	0.018	3.454
8234.200	0.019	3.454
8234.400	0.020	3.454
8234.600	0.020	3.454
8234.800	0.020	3.454
8235.000	0.020	3.454
8235.200	0.021	3.454
8235.400	0.020	3.454
8235.600	0.020	3.454
8235.800	0.021	3.454
8236.000	0.021	3.454
8236.200	0.022	3.454
8236.400	0.022	3.454
8236.600	0.021	3.454
8236.800	0.020	3.454
8237.000	0.020	3.454
8237.200	0.019	3.454
8237.400	0.021	3.454
8237.600	0.021	3.454
8237.800	0.020	3.454
8238.000	0.020	3.454
8238.200	0.022	3.454
8238.400	0.021	3.454
8238.600	0.020	3.454
8238.800	0.020	3.454
8239.000	0.021	3.454
8239.200	0.020	3.454
8239.400	0.022	3.454
8239.600	0.021	3.454
8239.800	0.021	3.454
8240.000	0.019	3.454
8240.200	0.019	3.454
8240.400	0.020	3.454
8240.600	0.020	3.454
8240.800	0.020	3.454
8241.000	0.019	3.454
8241.200	0.021	3.454
8241.400	0.019	3.454
8241.600	0.020	3.454
8241.800	0.021	3.454
8242.000	0.021	3.454
8242.200	0.021	3.454
8242.400	0.021	3.454
8242.600	0.021	3.454
8242.800	0.019	3.454
8243.000	0.022	3.454
8243.200	0.020	3.454
8243.400	0.021	3.454
8243.600	0.021	3.454
8243.800	0.021	3.454
8244.000	0.021	3.454
8244.200	0.020	3.454
8244.400	0.019	3.454
8244.600	0.020	3.454
8244.800	0.021	3.454
8245.000	0.018	3.454
8245.200	0.019	3.454
8245.400	0.021	3.454
8245.600	0.021	3.454
8245.800	0.021	3.454
8246.000	0.020	3.454
8246.200	0.021	3.454
8246.400	0.022	3.454
8246.600	0.020	3.454
8246.800	0.020	3.454
8247.000	0.021	3.454
8247.200	0.021	3.454
8247.400	0.021	3.454
8247.600	0.021	3.454
8247.800	0.022	3.454
8248.000	0.021	3.454
8248.200	0.022	3.454
8248.400	0.021	3.454
8248.600	0.022	3.454
8248.800	0.023	3.454
8249.000	0.020	3.454
8249.200	0.022	3.454
8249.400	0.019	3.454
8249.600	0.022	3.454
8249.800	0.023	3.454
8250.000	0.021	3.454
8250.200	0.021	3.454
8250.400	0.022	3.454
8250.600	0.021	3.454
8250.800	0.020	3.454
8251.000	0.023	3.454
8251.200	0.020	3.454
8251.400	0.020	3.454
8251.600	0.021	3.454
8251.800	0.021	3.454
8252.000	0.022	3.454
8252.200	0.022	3.454
8252.400	0.020	3.454
8252.600	0.021	3.454
8252.800	0.022	3.454
8253.000	0.020	3.454
8253.200	0.022	3.454
8253.400	0.023	3.454
8253.600	0.023	3.454
8253.800	0.024	3.454
8254.000	0.021	3.454
8254.200	0.023	3.454
8254.400	0.023	3.454
8254.600	0.021	3.454
8254.800	0.023	3.454
8255.000	0.020	3.454
8255.200	0.023	3.454
8255.400	0.025	3.454
8255.600	0.021	3.454
8255.800	0.022	3.454
8256.000	0.023	3.454
8256.200	0.022	3.454
8256.400	0.022	3.454
8256.600	0.023	3.454
8256.800	0.021	3.454
8257.000	0.021	3.454
8257.200	0.022	3.454
8257.400	0.023	3.454
8257.600	0.022	3.454
8257.800	0.023	3.454
8258.000	0.021	3.454
8258.200	0.021	3.454
8258.400	0.020	3.454
8258.600	0.021	3.454
8258.800	0.019	3.454
8259.000	0.020	3.454
8259.200	0.020	3.454
8259.400	0.021	3.454
8259.600	0.019	3.454
8259.800	0.020	3.454
8260.000	0.022	3.454
8260.200	0.021	3.454
8260.400	0.021	3.454
8260.600	0.021	3.454
8260.800	0.023	3.454
8261.000	0.021	3.454
8261.200	0.021	3.454
8261.400	0.022	3.454
8261.600	0.021	3.454
8261.800	0.021	3.454
8262.000	0.018	3.454
8262.200	0.022	3.454
8262.400	0.019	3.454
8262.600	0.021	3.454
8262.800	0.019	3.454
8263.000	0.021	3.454
8263.200	0.021	3.454
8263.400	0.021	3.454
8263.600	0.020	3.454
8263.800	0.019	3.454
8264.000	0.021	3.454
8264.200	0.021	3.454
8264.400	0.021	3.454
8264.600	0.019	3.454
8264.800	0.022	3.454
8265.000	0.020	3.454
8265.200	0.020	3.454
8265.400	0.020	3.454
8265.600	0.023	3.454
8265.800	0.021	3.454
8266.000	0.022	3.454
8266.200	0.021	3.454
8266.400	0.021	3.454
8266.600	0.020	3.454
8266.800	0.019	3.454
8267.000	0.020	3.454
8267.200	0.020	3.454
8267.400	0.021	3.454
8267.600	0.021	3.454
8267.800	0.021	3.454
8268.000	0.020	3.454
8268.200	0.020	3.454
8268.400	0.019	3.454
8268.600	0.020	3.454
8268.800	0.021	3.454
8269.000	0.022	3.454
8269.200	0.020	3.454
8269.400	0.020	3.454
8269.600	0.018	3.454
8269.800	0.020	3.454
8270.000	0.019	3.454
8270.200	0.021	3.454
8270.400	0.020	3.454
8270.600	0.019	3.454
8270.800	0.020	3.454
8271.000	0.020	3.454
8271.200	0.021	3.454
8271.400	0.020	3.454
8271.600	0.021	3.454
8271.800	0.019	3.454
8272.000	0.021	3.454
8272.200	0.022	3.454
8272.400	0.020	3.454
8272.600	0.021	3.454
8272.800	0.020	3.454
8273.000	0.019	3.454
8273.200	0.022	3.454
8273.400	0.019	3.454
8273.600	0.020	3.454
8273.800	0.019	3.454
8274.000	0.019	3.454
8274.200	0.021	3.454
8274.400	0.018	3.454
8274.600	0.020	3.454
8274.800	0.022	3.454
8275.000	0.021	3.454
8275.200	0.021	3.454
8275.400	0.020	3.454
8275.600	0.021	3.454
8275.800	0.021	3.454
8276.000	0.023	3.454
8276.200	0.021	3.454
8276.400	0.020	3.454
8276.600	0.023	3.454
8276.800	0.021	3.454
8277.000	0.023	3.454
8277.200	0.021	3.454
8277.400	0.019	3.454
8277.600	0.021	3.454
8277.800	0.021	3.454
8278.000	0.020	3.454
8278.200	0.022	3.454
8278.400	0.020	3.454
8278.600	0.020	3.454
8278.800	0.019	3.454
8279.000	0.022	3.454
8279.200	0.019	3.454
8279.400	0.021	3.454
8279.600	0.020	3.454
8279.800	0.021	3.454
8280.000	0.020	3.454
8280.200	0.019	3.454
8280.400	0.021	3.454
8280.600	0.019	3.454
8280.800	0.019	3.454
8281.000	0.021	3.454
8281.200	0.019	3.454
8281.400	0.019	3.454
8281.600	0.020	3.454
8281.800	0.020	3.454
8282.000	0.022	3.454
8282.200	0.021	3.454
8282.400	0.021	3.454
8282.600	0.021	3.454
8282.800	0.023	3.454
8283.000	0.022	3.454
8283.200	0.021	3.454
8283.400	0.021	3.454
8283.600	0.021	3.454
8283.800	0.022	3.454
8284.000	0.020	3.454
8284.200	0.022	3.454
8284.400	0.023	3.454
8284.600	0.022	3.454
8284.800	0.020	3.454
8285.000	0.021	3.454
8285.200	0.023	3.454
8285.400	0.023	3.454
8285.600	0.022	3.454
8285.800	0.022	3.454
8286.000	0.021	3.454
8286.200	0.021	3.454
8286.400	0.020	3.454
8286.600	0.022	3.454
8286.800	0.022	3.454
8287.000	0.019	3.454
8287.200	0.021	3.454
8287.400	0.020	3.454
8287.600	0.022	3.454
8287.800	0.022	3.454
8288.000	0.023	3.454
8288.200	0.021	3.454
8288.400	0.021	3.454
8288.600	0.022	3.454
8288.800	0.022	3.454
8289.000	0.019	3.454
8289.200	0.024	3.454
8289.400	0.021	3.454
8289.600	0.021	3.454
8289.800	0.024	3.454
8290.000	0.023	3.454
8290.200	0.022	3.454
8290.400	0.021	3.454
8290.600	0.023	3.454
8290.800	0.022	3.454
8291.000	0.022	3.454
8291.200	0.020	3.454
8291.400	0.020	3.454
8291.600	0.021	3.454
8291.800	0.023	3.454
8292.000	0.021	3.454
8292.200	0.021	3.454
8292.400	0.020	3.454
8292.600	0.020	3.454
8292.800	0.019	3.454
8293.000	0.021	3.454
8293.200	0.021	3.454
8293.400	0.021	3.454
8293.600	0.020	3.454
8293.800	0.021	3.454
8294.000	0.021	3.454
8294.200	0.019	3.454
8294.400	0.021	3.454
8294.600	0.020	3.454
8294.800	0.020	3.454
8295.000	0.019	3.454
8295.200	0.022	3.454
8295.400	0.021	3.454
8295.600	0.022	3.454
8295.800	0.021	3.454
8296.000	0.021	3.454
8296.200	0.020	3.454
8296.400	0.020	3.454
8296.600	0.022	3.454
8296.800	0.022	3.454
8297.000	0.021	3.454
8297.200	0.021	3.454
8297.400	0.021	3.454
8297.600	0.021	3.454
8297.800	0.020	3.454
8298.000	0.021	3.454
8298.200	0.021	3.454
8298.400	0.022	3.454
8298.600	0.019	3.454
8298.800	0.021	3.454
8299.000	0.022	3.454
8299.200	0.021	3.454
8299.400	0.020	3.454
8299.600	0.019	3.454
8299.800	0.020	3.454
8300.000	0.020	3.454
8300.200	0.019	3.454
8300.400	0.020	3.454
8300.600	0.020	3.454
8300.800	0.020	3.454
8301.000	0.019	3.454
8301.200	0.018	3.454
8301.400	0.018	3.454
8301.600	0.021	3.454
8301.800	0.020	3.454
8302.000	0.018	3.454
8302.200	0.019	3.454
8302.400	0.020	3.454
8302.600	0.021	3.454
8302.800	0.020	3.454
8303.000	0.020	3.454
8303.200	0.021	3.454
8303.400	0.022	3.454
8303.600	0.021	3.454
8303.800	0.021	3.454
8304.000	0.021	3.454
8304.200	0.021	3.454
8304.400	0.022	3.454
8304.600	0.020	3.454
8304.800	0.020	3.454
8305.000	0.019	3.454
8305.200	0.019	3.454
8305.400	0.020	3.454
8305.600	0.022	3.454
8305.800	0.019	3.454
8306.000	0.021	3.454
8306.200	0.020	3.454
8306.400	0.019	3.454
8306.600	0.019	3.454
8306.800	0.018	3.454
8307.000	0.019	3.454
8307.200	0.020	3.454
8307.400	0.019	3.454
8307.600	0.019	3.454
8307.800	0.020	3.454
8308.000	0.019	3.454
8308.200	0.019	3.454
8308.400	0.019	3.454
8308.600	0.020	3.454
8308.800	0.019	3.454
8309.000	0.019	3.454
8309.200	0.019	3.454
8309.400	0.020	3.454
8309.600	0.018	3.454
8309.800	0.020	3.454
8310.000	0.019	3.454
8310.200	0.021	3.454
8310.400	0.019	3.454
8310.600	0.019	3.454
8310.800	0.021	3.454
8311.000	0.019	3.454
8311.200	0.018	3.454
8311.400	0.019	3.454
8311.600	0.019	3.454
8311.800	0.019	3.454
8312.000	0.020	3.454
8312.200	0.020	3.454
8312.400	0.020	3.454
8312.600	0.018	3.454
8312.800	0.019	3.454
8313.000	0.019	3.454
8313.200	0.019	3.454
8313.400	0.020	3.454
8313.600	0.020	3.454
8313.800	0.019	3.454
8314.000	0.019	3.454
8314.200	0.021	3.454
8314.400	0.018	3.454
8314.600	0.019	3.454
8314.800	0.020	3.454
8315.000	0.021	3.454
8315.200	0.019	3.454
8315.400	0.020	3.454
8315.600	0.019	3.454
8315.800	0.017	3.454
8316.000	0.021	3.454
8316.200	0.020	3.454
8316.400	0.016	3.454
8316.600	0.018	3.454
8316.800	0.020	3.454
8317.000	0.018	3.454
8317.200	0.019	3.454
8317.400	0.020	3.454
8317.600	0.019	3.454
8317.800	0.017	3.454
8318.000	0.018	3.454
8318.200	0.018	3.454
8318.400	0.017	3.454
8318.600	0.017	3.454
8318.800	0.017	3.454
8319.000	0.017	3.454
8319.200	0.017	3.454
8319.400	0.018	3.454
8319.600	0.018	3.454
8319.800	0.018	3.454
8320.000	0.019	3.454
8320.200	0.019	3.454
8320.400	0.020	3.454
8320.600	0.020	3.454
8320.800	0.018	3.454
8321.000	0.019	3.454
8321.200	0.019	3.454
8321.400	0.018	3.454
8321.600	0.020	3.454
8321.800	0.020	3.454
8322.000	0.018	3.454
8322.200	0.019	3.454
8322.400	0.018	3.454
8322.600	0.018	3.454
8322.800	0.019	3.454
8323.000	0.018	3.454
8323.200	0.020	3.454
8323.400	0.020	3.454
8323.600	0.019	3.454
8323.800	0.021	3.454
8324.000	0.017	3.454
8324.200	0.020	3.454
8324.400	0.019	3.454
8324.600	0.020	3.454
8324.800	0.020	3.454
8325.000	0.020	3.454
8325.200	0.018	3.454
8325.400	0.019	3.454
8325.600	0.018	3.454
8325.800	0.018	3.454
8326.000	0.018	3.454
8326.200	0.019	3.454
8326.400	0.018	3.454
8326.600	0.018	3.454
8326.800	0.017	3.454
8327.000	0.017	3.454
8327.200	0.019	3.454
8327.400	0.019	3.454
8327.600	0.018	3.454
8327.800	0.019	3.454
8328.000	0.017	3.454
8328.200	0.018	3.454
8328.400	0.018	3.454
8328.600	0.019	3.454
8328.800	0.018	3.454
8329.000	0.018	3.454
8329.200	0.018	3.454
8329.400	0.020	3.454
8329.600	0.020	3.454
8329.800	0.018	3.454
8330.000	0.019	3.454
8330.200	0.019	3.454
8330.400	0.018	3.454
8330.600	0.018	3.454
8330.800	0.017	3.454
8331.000	0.018	3.454
8331.200	0.019	3.454
8331.400	0.018	3.454
8331.600	0.018	3.454
8331.800	0.019	3.454
8332.000	0.021	3.454
8332.200	0.020	3.454
8332.400	0.018	3.454
8332.600	0.019	3.454
8332.800	0.018	3.454
8333.000	0.018	3.454
8333.200	0.018	3.454
8333.400	0.019	3.454
8333.600	0.018	3.454
8333.800	0.016	3.454
8334.000	0.017	3.454
8334.200	0.017	3.454
8334.400	0.018	3.454
8334.600	0.016	3.454
8334.800	0.017	3.454
8335.000	0.017	3.454
8335.200	0.017	3.454
8335.400	0.016	3.454
8335.600	0.017	3.454
8335.800	0.018	3.454
8336.000	0.018	3.454
8336.200	0.019	3.454
8336.400	0.018	3.454
8336.600	0.018	3.454
8336.800	0.019	3.454
8337.000	0.020	3.454
8337.200	0.017	3.454
8337.400	0.017	3.454
8337.600	0.018	3.454
8337.800	0.018	3.454
8338.000	0.019	3.454
8338.200	0.018	3.454
8338.400	0.018	3.454
8338.600	0.018	3.454
8338.800	0.017	3.454
8339.000	0.016	3.454
8339.200	0.017	3.454
8339.400	0.018	3.454
8339.600	0.019	3.454
8339.800	0.018	3.454
8340.000	0.018	3.454
8340.200	0.018	3.454
8340.400	0.017	3.454
8340.600	0.017	3.454
8340.800	0.017	3.454
8341.000	0.018	3.454
8341.200	0.018	3.454
8341.400	0.018	3.454
8341.600	0.020	3.454
8341.800	0.019	3.454
8342.000	0.020	3.454
8342.200	0.019	3.454
8342.400	0.018	3.454
8342.600	0.015	3.454
8342.800	0.018	3.454
8343.000	0.019	3.454
8343.200	0.019	3.454
8343.400	0.018	3.454
8343.600	0.018	3.454
8343.800	0.018	3.454
8344.000	0.018	3.454
8344.200	0.018	3.454
8344.400	0.019	3.454
8344.600	0.018	3.454
8344.800	0.018	3.454
8345.000	0.018	3.454
8345.200	0.018	3.454
8345.400	0.017	3.454
8345.600	0.016	3.454
8345.800	0.018	3.454
8346.000	0.018	3.454
8346.200	0.018	3.454
8346.400	0.020	3.454
8346.600	0.019	3.454
8346.800	0.020	3.454
8347.000	0.020	3.454
8347.200	0.019	3.454
8347.400	0.017	3.454
8347.600	0.019	3.454
8347.800	0.020	3.454
8348.000	0.020	3.454
8348.200	0.018	3.454
8348.400	0.018	3.454
8348.600	0.019	3.454
8348.800	0.017	3.454
8349.000	0.019	3.454
8349.200	0.018	3.454
8349.400	0.020	3.454
8349.600	0.019	3.454
8349.800	0.018	3.454
8350.000	0.019	3.454
8350.200	0.019	3.454
8350.400	0.017	3.454
8350.600	0.017	3.454
8350.800	0.017	3.454
8351.000	0.018	3.454
8351.200	0.019	3.454
8351.400	0.019	3.454
8351.600	0.019	3.454
8351.800	0.020	3.454
8352.000	0.019	3.454
8352.200	0.020	3.454
8352.400	0.019	3.454
8352.600	0.018	3.454
8352.800	0.019	3.454
8353.000	0.019	3.454
8353.200	0.019	3.454
8353.400	0.018	3.454
8353.600	0.017	3.454
8353.800	0.019	3.454
8354.000	0.019	3.454
8354.200	0.019	3.454
8354.400	0.020	3.454
8354.600	0.020	3.454
8354.800	0.018	3.454
8355.000	0.019	3.454
8355.200	0.021	3.454
8355.400	0.019	3.454
8355.600	0.020	3.454
8355.800	0.019	3.454
8356.000	0.019	3.454
8356.200	0.019	3.454
8356.400	0.019	3.454
8356.600	0.020	3.454
8356.800	0.019	3.454
8357.000	0.018	3.454
8357.200	0.020	3.454
8357.400	0.019	3.454
8357.600	0.018	3.454
8357.800	0.018	3.454
8358.000	0.017	3.454
8358.200	0.019	3.454
8358.400	0.018	3.454
8358.600	0.019	3.454
8358.800	0.019	3.454
8359.000	0.019	3.454
8359.200	0.018	3.454
8359.400	0.019	3.454
8359.600	0.017	3.454
8359.800	0.018	3.454
8360.000	0.018	3.454
8360.200	0.018	3.454
8360.400	0.019	3.454
8360.600	0.018	3.454
8360.800	0.019	3.454
8361.000	0.021	3.454
8361.200	0.021	3.454
8361.400	0.019	3.454
8361.600	0.021	3.454
8361.800	0.019	3.454
8362.000	0.020	3.454
8362.200	0.017	3.454
8362.400	0.018	3.454
8362.600	0.017	3.454
8362.800	0.018	3.454
8363.000	0.017	3.454
8363.200	0.017	3.454
8363.400	0.019	3.454
8363.600	0.017	3.454
8363.800	0.018	3.454
8364.000	0.021	3.454
8364.200	0.019	3.454
8364.400	0.019	3.454
8364.600	0.019	3.454
8364.800	0.019	3.454
8365.000	0.020	3.454
8365.200	0.019	3.454
8365.400	0.018	3.454
8365.600	0.018	3.454
8365.800	0.016	3.454
8366.000	0.018	3.454
8366.200	0.019	3.454
8366.400	0.018	3.454
8366.600	0.019	3.454
8366.800	0.018	3.454
8367.000	0.018	3.454
8367.200	0.018	3.454
8367.400	0.019	3.454
8367.600	0.019	3.454
8367.800	0.019	3.454
8368.000	0.019	3.454
8368.200	0.018	3.454
8368.400	0.017	3.454
8368.600	0.017	3.454
8368.800	0.020	3.454
8369.000	0.019	3.454
8369.200	0.016	3.454
8369.400	0.015	3.454
8369.600	0.018	3.454
8369.800	0.017	3.454
8370.000	0.019	3.454
8370.200	0.015	3.454
8370.400	0.017	3.454
8370.600	0.018	3.454
8370.800	0.018	3.454
8371.000	0.018	3.454
8371.200	0.017	3.454
8371.400	0.018	3.454
8371.600	0.018	3.454
8371.800	0.017	3.454
8372.000	0.019	3.454
8372.200	0.018	3.454
8372.400	0.017	3.454
8372.600	0.020	3.454
8372.800	0.019	3.454
8373.000	0.019	3.454
8373.200	0.017	3.454
8373.400	0.018	3.454
8373.600	0.017	3.454
8373.800	0.018	3.454
8374.000	0.019	3.454
8374.200	0.019	3.454
8374.400	0.017	3.454
8374.600	0.017	3.454
8374.800	0.019	3.454
8375.000	0.017	3.454
8375.200	0.018	3.454
8375.400	0.017	3.454
8375.600	0.016	3.454
8375.800	0.019	3.454
8376.000	0.018	3.454
8376.200	0.017	3.454
8376.400	0.019	3.454
8376.600	0.020	3.454
8376.800	0.018	3.454
8377.000	0.019	3.454
8377.200	0.019	3.454
8377.400	0.019	3.454
8377.600	0.019	3.454
8377.800	0.018	3.454
8378.000	0.019	3.454
8378.200	0.020	3.454
8378.400	0.018	3.454
8378.600	0.018	3.454
8378.800	0.018	3.454
8379.000	0.022	3.454
8379.200	0.019	3.454
8379.400	0.018	3.454
8379.600	0.018	3.454
8379.800	0.016	3.454
8380.000	0.019	3.454
8380.200	0.020	3.454
8380.400	0.018	3.454
8380.600	0.018	3.454
8380.800	0.018	3.454
8381.000	0.020	3.454
8381.200	0.017	3.454
8381.400	0.017	3.454
8381.600	0.019	3.454
8381.800	0.018	3.454
8382.000	0.019	3.454
8382.200	0.018	3.454
8382.400	0.017	3.454
8382.600	0.017	3.454
8382.800	0.018	3.454
8383.000	0.018	3.454
8383.200	0.020	3.454
8383.400	0.018	3.454
8383.600	0.020	3.454
8383.800	0.019	3.454
8384.000	0.018	3.454
8384.200	0.018	3.454
8384.400	0.018	3.454
8384.600	0.020	3.454
8384.800	0.018	3.454
8385.000	0.019	3.454
8385.200	0.019	3.454
8385.400	0.018	3.454
8385.600	0.019	3.454
8385.800	0.018	3.454
8386.000	0.019	3.454
8386.200	0.017	3.454
8386.400	0.018	3.454
8386.600	0.018	3.454
8386.800	0.019	3.454
8387.000	0.017	3.454
8387.200	0.019	3.454
8387.400	0.017	3.454
8387.600	0.016	3.454
8387.800	0.018	3.454
8388.000	0.020	3.454
8388.200	0.017	3.454
8388.400	0.017	3.454
8388.600	0.018	3.454
8388.800	0.019	3.454
8389.000	0.020	3.454
8389.200	0.019	3.454
8389.400	0.018	3.454
8389.600	0.019	3.454
8389.800	0.019	3.454
8390.000	0.020	3.454
8390.200	0.018	3.454
8390.400	0.019	3.454
8390.600	0.020	3.454
8390.800	0.018	3.454
8391.000	0.019	3.454
8391.200	0.020	3.454
8391.400	0.020	3.454
8391.600	0.020	3.454
8391.800	0.018	3.454
8392.000	0.019	3.454
8392.200	0.017	3.454
8392.400	0.018	3.454
8392.600	0.018	3.454
8392.800	0.019	3.454
8393.000	0.018	3.454
8393.200	0.018	3.454
8393.400	0.019	3.454
8393.600	0.018	3.454
8393.800	0.019	3.454
8394.000	0.020	3.454
8394.200	0.018	3.454
8394.400	0.019	3.454
8394.600	0.018	3.454
8394.800	0.019	3.454
8395.000	0.018	3.454
8395.200	0.019	3.454
8395.400	0.018	3.454
8395.600	0.022	3.454
8395.800	0.019	3.454
8396.000	0.018	3.454
8396.200	0.019	3.454
8396.400	0.019	3.454
8396.600	0.020	3.454
8396.800	0.018	3.454
8397.000	0.019	3.454
8397.200	0.019	3.454
8397.400	0.018	3.454
8397.600	0.018	3.454
8397.800	0.018	3.454
8398.000	0.018	3.454
8398.200	0.019	3.454
8398.400	0.019	3.454
8398.600	0.018	3.454
8398.800	0.019	3.454
8399.000	0.018	3.454
8399.200	0.018	3.454
8399.400	0.018	3.454
8399.600	0.018	3.454
8399.800	0.018	3.454
8400.000	0.019	3.454
8400.200	0.017	3.454
8400.400	0.018	3.454
8400.600	0.018	3.454
8400.800	0.018	3.454
8401.000	0.018	3.454
8401.200	0.018	3.454
8401.400	0.019	3.454
8401.600	0.019	3.454
8401.800	0.019	3.454
8402.000	0.018	3.454
8402.200	0.018	3.454
8402.400	0.019	3.454
8402.600	0.018	3.454
8402.800	0.018	3.454
8403.000	0.021	3.454
8403.200	0.019	3.454
8403.400	0.018	3.454
8403.600	0.018	3.454
8403.800	0.018	3.454
8404.000	0.018	3.454
8404.200	0.020	3.454
8404.400	0.018	3.454
8404.600	0.017	3.454
8404.800	0.019	3.454
8405.000	0.020	3.454
8405.200	0.019	3.454
8405.400	0.017	3.454
8405.600	0.019	3.454
8405.800	0.017	3.454
8406.000	0.018	3.454
8406.200	0.018	3.454
8406.400	0.018	3.454
8406.600	0.019	3.454
8406.800	0.018	3.454
8407.000	0.018	3.454
8407.200	0.017	3.454
8407.400	0.018	3.454
8407.600	0.018	3.454
8407.800	0.017	3.454
8408.000	0.016	3.454
8408.200	0.018	3.454
8408.400	0.016	3.454
8408.600	0.017	3.454
8408.800	0.018	3.454
8409.000	0.017	3.454
8409.200	0.016	3.454
8409.400	0.016	3.454
8409.600	0.019	3.454
8409.800	0.019	3.454
8410.000	0.016	3.454
8410.200	0.017	3.454
8410.400	0.018	3.454
8410.600	0.017	3.454
8410.800	0.018	3.454
8411.000	0.018	3.454
8411.200	0.017	3.454
8411.400	0.018	3.454
8411.600	0.017	3.454
8411.800	0.017	3.454
8412.000	0.017	3.454
8412.200	0.018	3.454
8412.400	0.018	3.454
8412.600	0.019	3.454
8412.800	0.017	3.454
8413.000	0.016	3.454
8413.200	0.015	3.454
8413.400	0.016	3.454
8413.600	0.017	3.454
8413.800	0.017	3.454
8414.000	0.017	3.454
8414.200	0.017	3.454
8414.400	0.016	3.454
8414.600	0.018	3.454
8414.800	0.019	3.454
8415.000	0.019	3.454
8415.200	0.018	3.454
8415.400	0.019	3.454
8415.600	0.019	3.454
8415.800	0.017	3.454
8416.000	0.019	3.454
8416.200	0.019	3.454
8416.400	0.018	3.454
8416.600	0.018	3.454
8416.800	0.018	3.454
8417.000	0.016	3.454
8417.200	0.017	3.454
8417.400	0.018	3.454
8417.600	0.018	3.454
8417.800	0.018	3.454
8418.000	0.017	3.454
8418.200	0.019	3.454
8418.400	0.017	3.454
8418.600	0.018	3.454
8418.800	0.016	3.454
8419.000	0.017	3.454
8419.200	0.017	3.454
8419.400	0.019	3.454
8419.600	0.018	3.454
8419.800	0.018	3.454
8420.000	0.016	3.454
8420.200	0.017	3.454
8420.400	0.018	3.454
8420.600	0.017	3.454
8420.800	0.017	3.454
8421.000	0.017	3.454
8421.200	0.017	3.454
8421.400	0.018	3.454
8421.600	0.017	3.454
8421.800	0.018	3.454
8422.000	0.016	3.454
8422.200	0.018	3.454
8422.400	0.018	3.454
8422.600	0.017	3.454
8422.800	0.017	3.454
8423.000	0.017	3.454
8423.200	0.017	3.454
8423.400	0.017	3.454
8423.600	0.018	3.454
8423.800	0.018	3.454
8424.000	0.018	3.454
8424.200	0.016	3.454
8424.400	0.017	3.454
8424.600	0.018	3.454
8424.800	0.018	3.454
8425.000	0.018	3.454
8425.200	0.018	3.454
8425.400	0.020	3.454
8425.600	0.018	3.454
8425.800	0.020	3.454
8426.000	0.020	3.454
8426.200	0.018	3.454
8426.400	0.018	3.454
8426.600	0.019	3.454
8426.800	0.019	3.454
8427.000	0.017	3.454
8427.200	0.019	3.454
8427.400	0.019	3.454
8427.600	0.017	3.454
8427.800	0.018	3.454
8428.000	0.019	3.454
8428.200	0.017	3.454
8428.400	0.018	3.454
8428.600	0.020	3.454
8428.800	0.017	3.454
8429.000	0.018	3.454
8429.200	0.019	3.454
8429.400	0.017	3.454
8429.600	0.019	3.454
8429.800	0.019	3.454
8430.000	0.018	3.454
8430.200	0.019	3.454
8430.400	0.018	3.454
8430.600	0.018	3.454
8430.800	0.020	3.454
8431.000	0.020	3.454
8431.200	0.017	3.454
8431.400	0.019	3.454
8431.600	0.018	3.454
8431.800	0.019	3.454
8432.000	0.017	3.454
8432.200	0.017	3.454
8432.400	0.020	3.454
8432.600	0.019	3.454
8432.800	0.019	3.454
8433.000	0.020	3.454
8433.200	0.018	3.454
8433.400	0.018	3.454
8433.600	0.018	3.454
8433.800	0.019	3.454
8434.000	0.019	3.454
8434.200	0.017	3.454
8434.400	0.018	3.454
