time /s	I /mA	E /V
0.200	209.601	3.536
0.400	209.894	3.536
0.600	209.914	3.537
0.800	209.920	3.537
1.000	209.928	3.537
1.200	209.929	3.537
1.400	209.931	3.537
1.600	209.934	3.537
1.800	209.936	3.537
2.000	209.936	3.537
2.200	209.936	3.537
2.400	209.937	3.537
2.600	209.939	3.537
2.800	209.938	3.537
3.000	209.940	3.537
3.200	209.941	3.537
3.400	209.939	3.537
3.600	209.939	3.537
3.800	209.939	3.537
4.000	209.939	3.537
4.200	209.939	3.537
4.400	209.939	3.537
4.600	209.938	3.537
4.800	209.940	3.537
5.000	209.941	3.537
5.200	209.942	3.537
5.400	209.941	3.537
5.600	209.941	3.538
5.800	209.941	3.538
6.000	209.941	3.538
6.200	209.941	3.538
6.400	209.941	3.538
6.600	209.943	3.538
6.800	209.942	3.538
7.000	209.942	3.538
7.200	209.942	3.538
7.400	209.941	3.538
7.600	209.942	3.538
7.800	209.941	3.538
8.000	209.942	3.538
8.200	209.942	3.538
8.400	209.942	3.538
8.600	209.941	3.538
8.800	209.941	3.538
9.000	209.942	3.538
9.200	209.943	3.538
9.400	209.941	3.538
9.600	209.940	3.538
9.800	209.941	3.538
10.000	209.942	3.538
10.200	209.943	3.538
10.400	209.941	3.538
10.600	209.941	3.538
10.800	209.942	3.538
11.000	209.944	3.538
11.200	209.943	3.538
11.400	209.945	3.538
11.600	209.944	3.538
11.800	209.944	3.538
12.000	209.943	3.538
12.200	209.944	3.538
12.400	209.944	3.538
12.600	209.943	3.538
12.800	209.944	3.538
13.000	209.945	3.538
13.200	209.942	3.538
13.400	209.943	3.538
13.600	209.944	3.538
13.800	209.944	3.539
14.000	209.944	3.539
14.200	209.945	3.539
14.400	209.943	3.539
14.600	209.944	3.539
14.800	209.945	3.539
15.000	209.945	3.539
15.200	209.946	3.539
15.400	209.944	3.539
15.600	209.944	3.539
15.800	209.943	3.539
16.000	209.942	3.539
16.200	209.944	3.539
16.400	209.942	3.539
16.600	209.942	3.539
16.800	209.943	3.539
17.000	209.944	3.539
17.200	209.944	3.539
17.400	209.944	3.539
17.600	209.944	3.539
17.800	209.944	3.539
18.000	209.945	3.539
18.200	209.945	3.539
18.400	209.945	3.539
18.600	209.943	3.539
18.800	209.944	3.539
19.000	209.946	3.539
19.200	209.945	3.539
19.400	209.945	3.539
19.600	209.946	3.539
19.800	209.946	3.539
20.000	209.946	3.539
20.200	209.946	3.539
20.400	209.945	3.539
20.600	209.945	3.539
20.800	209.945	3.539
21.000	209.945	3.539
21.200	209.945	3.539
21.400	209.945	3.539
21.600	209.945	3.539
21.800	209.944	3.539
22.000	209.945	3.539
22.200	209.944	3.539
22.400	209.944	3.539
22.600	209.943	3.539
22.800	209.947	3.539
23.000	209.946	3.539
23.200	209.946	3.539
23.400	209.946	3.540
23.600	209.946	3.540
23.800	209.945	3.540
24.000	209.944	3.540
24.200	209.944	3.540
24.400	209.945	3.540
24.600	209.945	3.540
24.800	209.944	3.540
25.000	209.945	3.540
25.200	209.944	3.540
25.400	209.946	3.540
25.600	209.946	3.540
25.800	209.944	3.540
26.000	209.945	3.540
26.200	209.945	3.540
26.400	209.943	3.540
26.600	209.944	3.540
26.800	209.945	3.540
27.000	209.944	3.540
27.200	209.945	3.540
27.400	209.945	3.540
27.600	209.946	3.540
27.800	209.946	3.540
28.000	209.945	3.540
28.200	209.946	3.540
28.400	209.946	3.540
28.600	209.946	3.540
28.800	209.947	3.540
29.000	209.946	3.540
29.200	209.946	3.540
29.400	209.944	3.540
29.600	209.945	3.540
29.800	209.944	3.540
30.000	209.944	3.540
30.200	209.945	3.540
30.400	209.944	3.540
30.600	209.944	3.540
30.800	209.945	3.540
31.000	209.944	3.540
31.200	209.943	3.540
31.400	209.944	3.540
31.600	209.944	3.540
31.800	209.945	3.540
32.000	209.945	3.540
32.200	209.944	3.540
32.400	209.943	3.540
32.600	209.944	3.540
32.800	209.944	3.540
33.000	209.945	3.540
33.200	209.944	3.540
33.400	209.946	3.540
33.600	209.945	3.540
33.800	209.946	3.540
34.000	209.945	3.540
34.200	209.945	3.540
34.400	209.946	3.540
34.600	209.945	3.540
34.800	209.946	3.540
35.000	209.946	3.540
35.200	209.946	3.540
35.400	209.946	3.540
35.600	209.945	3.540
35.800	209.946	3.540
36.000	209.945	3.541
36.200	209.946	3.541
36.400	209.946	3.540
36.600	209.944	3.541
36.800	209.948	3.541
37.000	209.945	3.541
37.200	209.946	3.541
37.400	209.944	3.541
37.600	209.944	3.541
37.800	209.946	3.541
38.000	209.946	3.541
38.200	209.946	3.541
38.400	209.945	3.541
38.600	209.946	3.541
38.800	209.946	3.541
39.000	209.946	3.541
39.200	209.947	3.541
39.400	209.946	3.541
39.600	209.946	3.541
39.800	209.946	3.541
40.000	209.947	3.541
40.200	209.947	3.541
40.400	209.945	3.541
40.600	209.946	3.541
40.800	209.947	3.541
41.000	209.947	3.541
41.200	209.947	3.541
41.400	209.946	3.541
41.600	209.947	3.541
41.800	209.947	3.541
42.000	209.947	3.541
42.200	209.947	3.541
42.400	209.948	3.541
42.600	209.945	3.541
42.800	209.946	3.541
43.000	209.945	3.541
43.200	209.945	3.541
43.400	209.947	3.541
43.600	209.946	3.541
43.800	209.945	3.541
44.000	209.944	3.541
44.200	209.944	3.541
44.400	209.943	3.541
44.600	209.944	3.541
44.800	209.946	3.541
45.000	209.944	3.541
45.200	209.946	3.541
45.400	209.946	3.541
45.600	209.944	3.541
45.800	209.945	3.541
46.000	209.944	3.541
46.200	209.944	3.541
46.400	209.945	3.541
46.600	209.946	3.541
46.800	209.946	3.541
47.000	209.946	3.541
47.200	209.945	3.541
47.400	209.945	3.541
47.600	209.945	3.541
47.800	209.943	3.541
48.000	209.945	3.541
48.200	209.945	3.541
48.400	209.946	3.541
48.600	209.945	3.541
48.800	209.944	3.541
49.000	209.944	3.541
49.200	209.945	3.541
49.400	209.946	3.541
49.600	209.947	3.541
49.800	209.946	3.541
50.000	209.946	3.541
50.200	209.945	3.541
50.400	209.946	3.541
50.600	209.946	3.541
50.800	209.946	3.541
51.000	209.948	3.542
51.200	209.947	3.542
51.400	209.947	3.542
51.600	209.945	3.542
51.800	209.945	3.542
52.000	209.946	3.542
52.200	209.947	3.542
52.400	209.946	3.542
52.600	209.945	3.542
52.800	209.945	3.542
53.000	209.945	3.542
53.200	209.943	3.542
53.400	209.944	3.542
53.600	209.944	3.542
53.800	209.946	3.542
54.000	209.942	3.542
54.200	209.945	3.542
54.400	209.944	3.542
54.600	209.945	3.542
54.800	209.945	3.542
55.000	209.944	3.542
55.200	209.945	3.542
55.400	209.945	3.542
55.600	209.947	3.542
55.800	209.946	3.542
56.000	209.945	3.542
56.200	209.945	3.542
56.400	209.946	3.542
56.600	209.947	3.542
56.800	209.947	3.542
57.000	209.945	3.542
57.200	209.945	3.542
57.400	209.943	3.542
57.600	209.943	3.542
57.800	209.944	3.542
58.000	209.945	3.542
58.200	209.947	3.542
58.400	209.945	3.542
58.600	209.944	3.542
58.800	209.943	3.542
59.000	209.944	3.542
59.200	209.945	3.542
59.400	209.943	3.542
59.600	209.944	3.542
59.800	209.944	3.542
60.000	209.943	3.542
60.200	209.943	3.542
60.400	209.943	3.542
60.600	209.944	3.542
60.800	209.943	3.542
61.000	209.945	3.542
61.200	209.945	3.542
61.400	209.944	3.542
61.600	209.944	3.542
61.800	209.944	3.542
62.000	209.946	3.542
62.200	209.945	3.542
62.400	209.945	3.542
62.600	209.944	3.542
62.800	209.944	3.542
63.000	209.945	3.542
63.200	209.946	3.542
63.400	209.945	3.542
63.600	209.943	3.542
63.800	209.944	3.542
64.000	209.944	3.542
64.200	209.945	3.542
64.400	209.945	3.542
64.600	209.945	3.542
64.800	209.947	3.542
65.000	209.945	3.542
65.200	209.945	3.542
65.400	209.944	3.542
65.600	209.946	3.542
65.800	209.946	3.542
66.000	209.945	3.542
66.200	209.945	3.542
66.400	209.946	3.542
66.600	209.946	3.542
66.800	209.947	3.542
67.000	209.946	3.542
67.200	209.946	3.542
67.400	209.946	3.543
67.600	209.945	3.543
67.800	209.946	3.543
68.000	209.946	3.543
68.200	209.943	3.543
68.400	209.944	3.543
68.600	209.946	3.543
68.800	209.945	3.543
69.000	209.946	3.543
69.200	209.946	3.543
69.400	209.945	3.543
69.600	209.945	3.543
69.800	209.944	3.543
70.000	209.945	3.543
70.200	209.945	3.543
70.400	209.946	3.543
70.600	209.946	3.543
70.800	209.947	3.543
71.000	209.946	3.543
71.200	209.945	3.543
71.400	209.945	3.543
71.600	209.945	3.543
71.800	209.945	3.543
72.000	209.946	3.543
72.200	209.945	3.543
72.400	209.945	3.543
72.600	209.944	3.543
72.800	209.945	3.543
73.000	209.947	3.543
73.200	209.946	3.543
73.400	209.946	3.543
73.600	209.945	3.543
73.800	209.945	3.543
74.000	209.944	3.543
74.200	209.945	3.543
74.400	209.947	3.543
74.600	209.946	3.543
74.800	209.945	3.543
75.000	209.944	3.543
75.200	209.944	3.543
75.400	209.943	3.543
75.600	209.944	3.543
75.800	209.944	3.543
76.000	209.946	3.543
76.200	209.943	3.543
76.400	209.944	3.543
76.600	209.944	3.543
76.800	209.945	3.543
77.000	209.944	3.543
77.200	209.945	3.543
77.400	209.944	3.543
77.600	209.945	3.543
77.800	209.944	3.543
78.000	209.945	3.543
78.200	209.945	3.543
78.400	209.945	3.543
78.600	209.944	3.543
78.800	209.945	3.543
79.000	209.946	3.543
79.200	209.945	3.543
79.400	209.943	3.543
79.600	209.945	3.543
79.800	209.947	3.543
80.000	209.946	3.543
80.200	209.947	3.543
80.400	209.947	3.543
80.600	209.946	3.543
80.800	209.946	3.543
81.000	209.946	3.543
81.200	209.946	3.543
81.400	209.946	3.543
81.600	209.946	3.543
81.800	209.947	3.543
82.000	209.946	3.543
82.200	209.945	3.543
82.400	209.945	3.543
82.600	209.944	3.543
82.800	209.944	3.543
83.000	209.946	3.543
83.200	209.945	3.543
83.400	209.944	3.543
83.600	209.945	3.543
83.800	209.945	3.543
84.000	209.945	3.543
84.200	209.945	3.543
84.400	209.944	3.543
84.600	209.946	3.543
84.800	209.946	3.543
85.000	209.947	3.543
85.200	209.947	3.543
85.400	209.947	3.543
85.600	209.946	3.544
85.800	209.946	3.543
86.000	209.946	3.543
86.200	209.946	3.544
86.400	209.944	3.544
86.600	209.945	3.544
86.800	209.945	3.544
87.000	209.945	3.544
87.200	209.945	3.544
87.400	209.946	3.544
87.600	209.945	3.544
87.800	209.944	3.544
88.000	209.945	3.544
88.200	209.945	3.544
88.400	209.945	3.544
88.600	209.945	3.544
88.800	209.944	3.544
89.000	209.945	3.544
89.200	209.944	3.544
89.400	209.945	3.544
89.600	209.945	3.544
89.800	209.946	3.544
90.000	209.947	3.544
90.200	209.945	3.544
90.400	209.945	3.544
90.600	209.947	3.544
90.800	209.946	3.544
91.000	209.946	3.544
91.200	209.945	3.544
91.400	209.944	3.544
91.600	209.944	3.544
91.800	209.946	3.544
92.000	209.946	3.544
92.200	209.946	3.544
92.400	209.946	3.544
92.600	209.947	3.544
92.800	209.946	3.544
93.000	209.946	3.544
93.200	209.945	3.544
93.400	209.945	3.544
93.600	209.946	3.544
93.800	209.946	3.544
94.000	209.943	3.544
94.200	209.945	3.544
94.400	209.945	3.544
94.600	209.944	3.544
94.800	209.943	3.544
95.000	209.944	3.544
95.200	209.945	3.544
95.400	209.945	3.544
95.600	209.944	3.544
95.800	209.944	3.544
96.000	209.946	3.544
96.200	209.945	3.544
96.400	209.945	3.544
96.600	209.944	3.544
96.800	209.944	3.544
97.000	209.946	3.544
97.200	209.944	3.544
97.400	209.944	3.544
97.600	209.945	3.544
97.800	209.945	3.544
98.000	209.944	3.544
98.200	209.944	3.544
98.400	209.944	3.544
98.600	209.944	3.544
98.800	209.945	3.544
99.000	209.946	3.544
99.200	209.945	3.544
99.400	209.946	3.544
99.600	209.947	3.544
99.800	209.945	3.544
100.000	209.946	3.544
100.200	209.947	3.544
100.400	209.946	3.544
100.600	209.946	3.544
100.800	209.946	3.544
101.000	209.944	3.544
101.200	209.946	3.544
101.400	209.945	3.544
101.600	209.945	3.544
101.800	209.944	3.544
102.000	209.945	3.544
102.200	209.945	3.544
102.400	209.944	3.544
102.600	209.946	3.544
102.800	209.946	3.544
103.000	209.946	3.544
103.200	209.944	3.544
103.400	209.945	3.544
103.600	209.945	3.544
103.800	209.944	3.544
104.000	209.942	3.544
104.200	209.944	3.544
104.400	209.943	3.544
104.600	209.944	3.544
104.800	209.944	3.544
105.000	209.941	3.544
105.200	209.942	3.544
105.400	209.944	3.544
105.600	209.944	3.544
105.800	209.943	3.544
106.000	209.944	3.544
106.200	209.944	3.544
106.400	209.944	3.544
106.600	209.943	3.544
106.800	209.945	3.544
107.000	209.945	3.544
107.200	209.944	3.544
107.400	209.945	3.544
107.600	209.945	3.545
107.800	209.945	3.544
108.000	209.944	3.544
108.200	209.943	3.544
108.400	209.946	3.545
108.600	209.945	3.545
108.800	209.944	3.545
109.000	209.944	3.545
109.200	209.944	3.545
109.400	209.945	3.545
109.600	209.946	3.545
109.800	209.946	3.545
110.000	209.944	3.545
110.200	209.948	3.545
110.400	209.946	3.545
110.600	209.947	3.545
110.800	209.946	3.545
111.000	209.947	3.545
111.200	209.946	3.545
111.400	209.947	3.545
111.600	209.947	3.545
111.800	209.947	3.545
112.000	209.946	3.545
112.200	209.946	3.545
112.400	209.946	3.545
112.600	209.946	3.545
112.800	209.946	3.545
113.000	209.946	3.545
113.200	209.948	3.545
113.400	209.947	3.545
113.600	209.948	3.545
113.800	209.945	3.545
114.000	209.945	3.545
114.200	209.944	3.545
114.400	209.944	3.545
114.600	209.946	3.545
114.800	209.944	3.545
115.000	209.944	3.545
115.200	209.945	3.545
115.400	209.944	3.545
115.600	209.944	3.545
115.800	209.945	3.545
116.000	209.944	3.545
116.200	209.944	3.545
116.400	209.945	3.545
116.600	209.945	3.545
116.800	209.944	3.545
117.000	209.945	3.545
117.200	209.945	3.545
117.400	209.946	3.545
117.600	209.944	3.545
117.800	209.944	3.545
118.000	209.947	3.545
118.200	209.946	3.545
118.400	209.946	3.545
118.600	209.946	3.545
118.800	209.947	3.545
119.000	209.945	3.545
119.200	209.945	3.545
119.400	209.946	3.545
119.600	209.947	3.545
119.800	209.945	3.545
120.000	209.945	3.545
120.200	209.945	3.545
120.400	209.946	3.545
120.600	209.945	3.545
120.800	209.946	3.545
121.000	209.947	3.545
121.200	209.946	3.545
121.400	209.948	3.545
121.600	209.946	3.545
121.800	209.945	3.545
122.000	209.946	3.545
122.200	209.945	3.545
122.400	209.943	3.545
122.600	209.944	3.545
122.800	209.944	3.545
123.000	209.945	3.545
123.200	209.944	3.545
123.400	209.944	3.545
123.600	209.944	3.545
123.800	209.945	3.545
124.000	209.945	3.545
124.200	209.943	3.545
124.400	209.945	3.545
124.600	209.945	3.545
124.800	209.943	3.545
125.000	209.944	3.545
125.200	209.945	3.545
125.400	209.947	3.545
125.600	209.946	3.545
125.800	209.946	3.545
126.000	209.946	3.545
126.200	209.945	3.545
126.400	209.946	3.545
126.600	209.946	3.545
126.800	209.947	3.545
127.000	209.947	3.545
127.200	209.947	3.545
127.400	209.946	3.545
127.600	209.946	3.545
127.800	209.947	3.545
128.000	209.948	3.545
128.200	209.946	3.545
128.400	209.946	3.545
128.600	209.947	3.546
128.800	209.945	3.545
129.000	209.947	3.546
129.200	209.948	3.546
129.400	209.946	3.546
129.600	209.945	3.546
129.800	209.947	3.546
130.000	209.946	3.546
130.200	209.946	3.546
130.400	209.946	3.546
130.600	209.946	3.546
130.800	209.946	3.546
131.000	209.946	3.546
131.200	209.946	3.546
131.400	209.945	3.546
131.600	209.946	3.546
131.800	209.945	3.546
132.000	209.945	3.546
132.200	209.944	3.546
132.400	209.945	3.546
132.600	209.946	3.546
132.800	209.948	3.546
133.000	209.947	3.546
133.200	209.946	3.546
133.400	209.948	3.546
133.600	209.947	3.546
133.800	209.948	3.546
134.000	209.948	3.546
134.200	209.949	3.546
134.400	209.947	3.546
134.600	209.947	3.546
134.800	209.949	3.546
135.000	209.949	3.546
135.200	209.948	3.546
135.400	209.948	3.546
135.600	209.949	3.546
135.800	209.948	3.546
136.000	209.947	3.546
136.200	209.948	3.546
136.400	209.948	3.546
136.600	209.948	3.546
136.800	209.949	3.546
137.000	209.948	3.546
137.200	209.949	3.546
137.400	209.948	3.546
137.600	209.947	3.546
137.800	209.949	3.546
138.000	209.948	3.546
138.200	209.948	3.546
138.400	209.948	3.546
138.600	209.949	3.546
138.800	209.948	3.546
139.000	209.947	3.546
139.200	209.946	3.546
139.400	209.948	3.546
139.600	209.947	3.546
139.800	209.947	3.546
140.000	209.948	3.546
140.200	209.948	3.546
140.400	209.947	3.546
140.600	209.946	3.546
140.800	209.948	3.546
141.000	209.949	3.546
141.200	209.947	3.546
141.400	209.947	3.546
141.600	209.947	3.546
141.800	209.947	3.546
142.000	209.946	3.546
142.200	209.947	3.546
142.400	209.948	3.546
142.600	209.948	3.546
142.800	209.948	3.546
143.000	209.947	3.546
143.200	209.950	3.546
143.400	209.949	3.546
143.600	209.949	3.546
143.800	209.948	3.546
144.000	209.946	3.546
144.200	209.946	3.546
144.400	209.949	3.546
144.600	209.947	3.546
144.800	209.949	3.546
145.000	209.947	3.546
145.200	209.947	3.546
145.400	209.947	3.546
145.600	209.947	3.546
145.800	209.946	3.546
146.000	209.946	3.546
146.200	209.946	3.546
146.400	209.946	3.546
146.600	209.946	3.546
146.800	209.947	3.546
147.000	209.948	3.546
147.200	209.948	3.546
147.400	209.948	3.546
147.600	209.947	3.546
147.800	209.947	3.546
148.000	209.946	3.546
148.200	209.947	3.546
148.400	209.946	3.546
148.600	209.946	3.546
148.800	209.948	3.546
149.000	209.948	3.546
149.200	209.947	3.546
149.400	209.946	3.546
149.600	209.947	3.546
149.800	209.945	3.546
150.000	209.943	3.546
150.200	209.943	3.546
150.400	209.946	3.546
150.600	209.944	3.546
150.800	209.945	3.546
151.000	209.945	3.546
151.200	209.946	3.547
151.400	209.945	3.547
151.600	209.945	3.546
151.800	209.945	3.546
152.000	209.946	3.546
152.200	209.944	3.547
152.400	209.945	3.546
152.600	209.945	3.547
152.800	209.945	3.547
153.000	209.945	3.547
153.200	209.945	3.547
153.400	209.946	3.547
153.600	209.946	3.547
153.800	209.945	3.547
154.000	209.943	3.547
154.200	209.944	3.547
154.400	209.944	3.547
154.600	209.944	3.547
154.800	209.945	3.547
155.000	209.943	3.547
155.200	209.944	3.547
155.400	209.942	3.547
155.600	209.944	3.547
155.800	209.943	3.547
156.000	209.943	3.547
156.200	209.944	3.547
156.400	209.943	3.547
156.600	209.942	3.547
156.800	209.944	3.547
157.000	209.943	3.547
157.200	209.945	3.547
157.400	209.944	3.547
157.600	209.943	3.547
157.800	209.943	3.547
158.000	209.943	3.547
158.200	209.942	3.547
158.400	209.942	3.547
158.600	209.942	3.547
158.800	209.942	3.547
159.000	209.943	3.547
159.200	209.945	3.547
159.400	209.945	3.547
159.600	209.943	3.547
159.800	209.945	3.547
160.000	209.945	3.547
160.200	209.943	3.547
160.400	209.943	3.547
160.600	209.944	3.547
160.800	209.944	3.547
161.000	209.943	3.547
161.200	209.944	3.547
161.400	209.944	3.547
161.600	209.944	3.547
161.800	209.944	3.547
162.000	209.944	3.547
162.200	209.943	3.547
162.400	209.942	3.547
162.600	209.942	3.547
162.800	209.944	3.547
163.000	209.944	3.547
163.200	209.944	3.547
163.400	209.943	3.547
163.600	209.943	3.547
163.800	209.945	3.547
164.000	209.944	3.547
164.200	209.943	3.547
164.400	209.940	3.547
164.600	209.943	3.547
164.800	209.942	3.547
165.000	209.945	3.547
165.200	209.942	3.547
165.400	209.944	3.547
165.600	209.944	3.547
165.800	209.944	3.547
166.000	209.946	3.547
166.200	209.944	3.547
166.400	209.943	3.547
166.600	209.943	3.547
166.800	209.943	3.547
167.000	209.942	3.547
167.200	209.944	3.547
167.400	209.943	3.547
167.600	209.944	3.547
167.800	209.945	3.547
168.000	209.944	3.547
168.200	209.942	3.547
168.400	209.944	3.547
168.600	209.943	3.547
168.800	209.942	3.547
169.000	209.941	3.547
169.200	209.943	3.547
169.400	209.943	3.547
169.600	209.943	3.547
169.800	209.943	3.547
170.000	209.943	3.547
170.200	209.943	3.547
170.400	209.943	3.547
170.600	209.943	3.547
170.800	209.943	3.547
171.000	209.944	3.547
171.200	209.945	3.547
171.400	209.942	3.547
171.600	209.943	3.547
171.800	209.941	3.547
172.000	209.941	3.547
172.200	209.941	3.547
172.400	209.941	3.547
172.600	209.942	3.547
172.800	209.944	3.547
173.000	209.944	3.547
173.200	209.944	3.547
173.400	209.944	3.547
173.600	209.943	3.547
173.800	209.944	3.547
174.000	209.945	3.547
174.200	209.944	3.547
174.400	209.946	3.547
174.600	209.944	3.547
174.800	209.943	3.547
175.000	209.945	3.547
175.200	209.944	3.547
175.400	209.946	3.547
175.600	209.944	3.547
175.800	209.945	3.547
176.000	209.945	3.547
176.200	209.945	3.547
176.400	209.946	3.547
176.600	209.945	3.547
176.800	209.947	3.547
177.000	209.946	3.547
177.200	209.944	3.547
177.400	209.945	3.547
177.600	209.945	3.547
177.800	209.945	3.547
178.000	209.945	3.547
178.200	209.945	3.547
178.400	209.948	3.548
178.600	209.946	3.548
178.800	209.945	3.547
179.000	209.945	3.548
179.200	209.944	3.548
179.400	209.943	3.548
179.600	209.945	3.548
179.800	209.945	3.548
180.000	209.946	3.548
180.200	209.943	3.548
180.400	209.945	3.548
180.600	209.943	3.548
180.800	209.945	3.548
181.000	209.945	3.548
181.200	209.944	3.548
181.400	209.943	3.548
181.600	209.946	3.548
181.800	209.944	3.548
182.000	209.945	3.548
182.200	209.946	3.548
182.400	209.944	3.548
182.600	209.946	3.548
182.800	209.946	3.548
183.000	209.946	3.548
183.200	209.945	3.548
183.400	209.943	3.548
183.600	209.944	3.548
183.800	209.944	3.548
184.000	209.946	3.548
184.200	209.945	3.548
184.400	209.944	3.548
184.600	209.944	3.548
184.800	209.944	3.548
185.000	209.944	3.548
185.200	209.943	3.548
185.400	209.945	3.548
185.600	209.946	3.548
185.800	209.944	3.548
186.000	209.945	3.548
186.200	209.946	3.548
186.400	209.945	3.548
186.600	209.945	3.548
186.800	209.944	3.548
187.000	209.944	3.548
187.200	209.944	3.548
187.400	209.945	3.548
187.600	209.945	3.548
187.800	209.945	3.548
188.000	209.946	3.548
188.200	209.946	3.548
188.400	209.945	3.548
188.600	209.946	3.548
188.800	209.946	3.548
189.000	209.945	3.548
189.200	209.945	3.548
189.400	209.945	3.548
189.600	209.946	3.548
189.800	209.946	3.548
190.000	209.944	3.548
190.200	209.947	3.548
190.400	209.945	3.548
190.600	209.947	3.548
190.800	209.946	3.548
191.000	209.945	3.548
191.200	209.946	3.548
191.400	209.944	3.548
191.600	209.944	3.548
191.800	209.945	3.548
192.000	209.944	3.548
192.200	209.943	3.548
192.400	209.946	3.548
192.600	209.945	3.548
192.800	209.945	3.548
193.000	209.944	3.548
193.200	209.945	3.548
193.400	209.944	3.548
193.600	209.945	3.548
193.800	209.944	3.548
194.000	209.945	3.548
194.200	209.944	3.548
194.400	209.946	3.548
194.600	209.944	3.548
194.800	209.943	3.548
195.000	209.944	3.548
195.200	209.945	3.548
195.400	209.945	3.548
195.600	209.944	3.548
195.800	209.944	3.548
196.000	209.946	3.548
196.200	209.945	3.548
196.400	209.944	3.548
196.600	209.945	3.548
196.800	209.945	3.548
197.000	209.944	3.548
197.200	209.944	3.548
197.400	209.945	3.548
197.600	209.945	3.548
197.800	209.944	3.548
198.000	209.947	3.548
198.200	209.945	3.548
198.400	209.945	3.548
198.600	209.946	3.548
198.800	209.945	3.548
199.000	209.945	3.548
199.200	209.944	3.548
199.400	209.947	3.548
199.600	209.945	3.548
199.800	209.947	3.548
200.000	209.945	3.548
200.200	209.947	3.548
200.400	209.945	3.548
200.600	209.946	3.548
200.800	209.945	3.548
201.000	209.944	3.548
201.200	209.945	3.548
201.400	209.944	3.548
201.600	209.945	3.548
201.800	209.944	3.548
202.000	209.946	3.548
202.200	209.946	3.548
202.400	209.943	3.548
202.600	209.943	3.548
202.800	209.943	3.548
203.000	209.944	3.548
203.200	209.944	3.548
203.400	209.943	3.548
203.600	209.942	3.548
203.800	209.943	3.548
204.000	209.944	3.548
204.200	209.945	3.548
204.400	209.946	3.548
204.600	209.945	3.548
204.800	209.944	3.548
205.000	209.945	3.549
205.200	209.944	3.548
205.400	209.944	3.549
205.600	209.944	3.548
205.800	209.943	3.549
206.000	209.944	3.549
206.200	209.944	3.549
206.400	209.943	3.548
206.600	209.944	3.548
206.800	209.945	3.549
207.000	209.945	3.549
207.200	209.944	3.549
207.400	209.944	3.549
207.600	209.945	3.549
207.800	209.943	3.549
208.000	209.943	3.549
208.200	209.943	3.549
208.400	209.945	3.549
208.600	209.944	3.549
208.800	209.944	3.549
209.000	209.945	3.549
209.200	209.942	3.549
209.400	209.944	3.549
209.600	209.944	3.549
209.800	209.941	3.549
210.000	209.944	3.549
210.200	209.941	3.549
210.400	209.943	3.549
210.600	209.943	3.549
210.800	209.942	3.549
211.000	209.942	3.549
211.200	209.942	3.549
211.400	209.943	3.549
211.600	209.945	3.549
211.800	209.943	3.549
212.000	209.942	3.549
212.200	209.941	3.549
212.400	209.941	3.549
212.600	209.944	3.549
212.800	209.943	3.549
213.000	209.942	3.549
213.200	209.943	3.549
213.400	209.941	3.549
213.600	209.941	3.549
213.800	209.943	3.549
214.000	209.942	3.549
214.200	209.944	3.549
214.400	209.944	3.549
214.600	209.946	3.549
214.800	209.945	3.549
215.000	209.943	3.549
215.200	209.943	3.549
215.400	209.944	3.549
215.600	209.944	3.549
215.800	209.945	3.549
216.000	209.948	3.549
216.200	209.945	3.549
216.400	209.946	3.549
216.600	209.947	3.549
216.800	209.946	3.549
217.000	209.945	3.549
217.200	209.945	3.549
217.400	209.945	3.549
217.600	209.947	3.549
217.800	209.946	3.549
218.000	209.943	3.549
218.200	209.945	3.549
218.400	209.943	3.549
218.600	209.945	3.549
218.800	209.943	3.549
219.000	209.944	3.549
219.200	209.945	3.549
219.400	209.944	3.549
219.600	209.942	3.549
219.800	209.943	3.549
220.000	209.944	3.549
220.200	209.944	3.549
220.400	209.942	3.549
220.600	209.945	3.549
220.800	209.943	3.549
221.000	209.945	3.549
221.200	209.943	3.549
221.400	209.943	3.549
221.600	209.945	3.549
221.800	209.945	3.549
222.000	209.944	3.549
222.200	209.944	3.549
222.400	209.942	3.549
222.600	209.944	3.549
222.800	209.943	3.549
223.000	209.941	3.549
223.200	209.942	3.549
223.400	209.941	3.549
223.600	209.943	3.549
223.800	209.942	3.549
224.000	209.944	3.549
224.200	209.943	3.549
224.400	209.944	3.549
224.600	209.943	3.549
224.800	209.943	3.549
225.000	209.944	3.549
225.200	209.945	3.549
225.400	209.944	3.549
225.600	209.945	3.549
225.800	209.943	3.549
226.000	209.945	3.549
226.200	209.943	3.549
226.400	209.944	3.549
226.600	209.944	3.549
226.800	209.944	3.549
227.000	209.946	3.549
227.200	209.947	3.549
227.400	209.946	3.549
227.600	209.947	3.549
227.800	209.947	3.549
228.000	209.946	3.549
228.200	209.944	3.549
228.400	209.944	3.549
228.600	209.947	3.549
228.800	209.946	3.549
229.000	209.944	3.549
229.200	209.944	3.549
229.400	209.943	3.549
229.600	209.945	3.549
229.800	209.943	3.549
230.000	209.945	3.549
230.200	209.945	3.549
230.400	209.943	3.549
230.600	209.944	3.549
230.800	209.944	3.549
231.000	209.942	3.549
231.200	209.943	3.549
231.400	209.944	3.549
231.600	209.946	3.549
231.800	209.944	3.549
232.000	209.945	3.549
232.200	209.945	3.549
232.400	209.944	3.549
232.600	209.944	3.549
232.800	209.942	3.549
233.000	209.943	3.549
233.200	209.943	3.549
233.400	209.943	3.549
233.600	209.943	3.549
233.800	209.944	3.549
234.000	209.944	3.549
234.200	209.944	3.549
234.400	209.944	3.549
234.600	209.945	3.549
234.800	209.946	3.549
235.000	209.945	3.549
235.200	209.943	3.549
235.400	209.942	3.550
235.600	209.945	3.550
235.800	209.946	3.550
236.000	209.944	3.550
236.200	209.945	3.549
236.400	209.944	3.550
236.600	209.944	3.550
236.800	209.944	3.550
237.000	209.944	3.550
237.200	209.946	3.550
237.400	209.945	3.550
237.600	209.944	3.550
237.800	209.946	3.550
238.000	209.946	3.550
238.200	209.945	3.550
238.400	209.946	3.550
238.600	209.944	3.550
238.800	209.944	3.550
239.000	209.943	3.550
239.200	209.943	3.550
239.400	209.942	3.550
239.600	209.943	3.550
239.800	209.944	3.550
240.000	209.945	3.550
240.200	209.944	3.550
240.400	209.942	3.550
240.600	209.943	3.550
240.800	209.942	3.550
241.000	209.945	3.550
241.200	209.943	3.550
241.400	209.943	3.550
241.600	209.943	3.550
241.800	209.943	3.550
242.000	209.941	3.550
242.200	209.942	3.550
242.400	209.942	3.550
242.600	209.943	3.550
242.800	209.943	3.550
243.000	209.943	3.550
243.200	209.942	3.550
243.400	209.942	3.550
243.600	209.944	3.550
243.800	209.943	3.550
244.000	209.943	3.550
244.200	209.945	3.550
244.400	209.946	3.550
244.600	209.946	3.550
244.800	209.945	3.550
245.000	209.945	3.550
245.200	209.946	3.550
245.400	209.947	3.550
245.600	209.947	3.550
245.800	209.945	3.550
246.000	209.947	3.550
246.200	209.948	3.550
246.400	209.946	3.550
246.600	209.946	3.550
246.800	209.946	3.550
247.000	209.946	3.550
247.200	209.946	3.550
247.400	209.946	3.550
247.600	209.944	3.550
247.800	209.945	3.550
248.000	209.945	3.550
248.200	209.946	3.550
248.400	209.947	3.550
248.600	209.946	3.550
248.800	209.946	3.550
249.000	209.947	3.550
249.200	209.946	3.550
249.400	209.945	3.550
249.600	209.946	3.550
249.800	209.947	3.550
250.000	209.947	3.550
250.200	209.946	3.550
250.400	209.946	3.550
250.600	209.947	3.550
250.800	209.946	3.550
251.000	209.946	3.550
251.200	209.947	3.550
251.400	209.947	3.550
251.600	209.946	3.550
251.800	209.946	3.550
252.000	209.944	3.550
252.200	209.946	3.550
252.400	209.944	3.550
252.600	209.944	3.550
252.800	209.946	3.550
253.000	209.947	3.550
253.200	209.948	3.550
253.400	209.948	3.550
253.600	209.947	3.550
253.800	209.948	3.550
254.000	209.948	3.550
254.200	209.947	3.550
254.400	209.946	3.550
254.600	209.945	3.550
254.800	209.946	3.550
255.000	209.945	3.550
255.200	209.945	3.550
255.400	209.945	3.550
255.600	209.946	3.550
255.800	209.945	3.550
256.000	209.946	3.550
256.200	209.946	3.550
256.400	209.947	3.550
256.600	209.946	3.550
256.800	209.946	3.550
257.000	209.945	3.550
257.200	209.945	3.550
257.400	209.945	3.550
257.600	209.944	3.550
257.800	209.948	3.550
258.000	209.947	3.550
258.200	209.946	3.550
258.400	209.946	3.550
258.600	209.948	3.550
258.800	209.947	3.550
259.000	209.947	3.550
259.200	209.945	3.550
259.400	209.946	3.550
259.600	209.945	3.550
259.800	209.946	3.550
260.000	209.946	3.550
260.200	209.946	3.550
260.400	209.946	3.550
260.600	209.945	3.550
260.800	209.944	3.550
261.000	209.944	3.550
261.200	209.944	3.550
261.400	209.944	3.550
261.600	209.943	3.550
261.800	209.945	3.550
262.000	209.945	3.550
262.200	209.945	3.550
262.400	209.946	3.550
262.600	209.947	3.550
262.800	209.946	3.550
263.000	209.947	3.550
263.200	209.946	3.550
263.400	209.947	3.550
263.600	209.946	3.550
263.800	209.945	3.550
264.000	209.946	3.550
264.200	209.946	3.550
264.400	209.945	3.550
264.600	209.946	3.550
264.800	209.946	3.550
265.000	209.944	3.550
265.200	209.945	3.550
265.400	209.945	3.550
265.600	209.944	3.550
265.800	209.946	3.550
266.000	209.946	3.550
266.200	209.944	3.550
266.400	209.945	3.550
266.600	209.945	3.550
266.800	209.946	3.550
267.000	209.945	3.550
267.200	209.948	3.550
267.400	209.945	3.550
267.600	209.943	3.550
267.800	209.945	3.550
268.000	209.944	3.550
268.200	209.944	3.550
268.400	209.944	3.550
268.600	209.943	3.550
268.800	209.942	3.550
269.000	209.942	3.550
269.200	209.946	3.550
269.400	209.943	3.550
269.600	209.943	3.550
269.800	209.944	3.550
270.000	209.944	3.550
270.200	209.944	3.550
270.400	209.946	3.550
270.600	209.944	3.550
270.800	209.945	3.550
271.000	209.946	3.551
271.200	209.946	3.551
271.400	209.944	3.550
271.600	209.946	3.551
271.800	209.946	3.551
272.000	209.945	3.551
272.200	209.945	3.551
272.400	209.946	3.551
272.600	209.946	3.551
272.800	209.945	3.551
273.000	209.947	3.551
273.200	209.946	3.551
273.400	209.945	3.551
273.600	209.945	3.551
273.800	209.946	3.551
274.000	209.943	3.551
274.200	209.945	3.551
274.400	209.943	3.551
274.600	209.944	3.551
274.800	209.944	3.551
275.000	209.946	3.551
275.200	209.946	3.551
275.400	209.945	3.551
275.600	209.946	3.551
275.800	209.945	3.551
276.000	209.944	3.551
276.200	209.944	3.551
276.400	209.945	3.551
276.600	209.943	3.551
276.800	209.943	3.551
277.000	209.942	3.551
277.200	209.944	3.551
277.400	209.943	3.551
277.600	209.945	3.551
277.800	209.944	3.551
278.000	209.946	3.551
278.200	209.945	3.551
278.400	209.943	3.551
278.600	209.944	3.551
278.800	209.945	3.551
279.000	209.945	3.551
279.200	209.946	3.551
279.400	209.945	3.551
279.600	209.944	3.551
279.800	209.945	3.551
280.000	209.946	3.551
280.200	209.945	3.551
280.400	209.945	3.551
280.600	209.945	3.551
280.800	209.945	3.551
281.000	209.945	3.551
281.200	209.943	3.551
281.400	209.943	3.551
281.600	209.944	3.551
281.800	209.945	3.551
282.000	209.942	3.551
282.200	209.943	3.551
282.400	209.943	3.551
282.600	209.944	3.551
282.800	209.942	3.551
283.000	209.943	3.551
283.200	209.942	3.551
283.400	209.945	3.551
283.600	209.944	3.551
283.800	209.944	3.551
284.000	209.943	3.551
284.200	209.944	3.551
284.400	209.944	3.551
284.600	209.944	3.551
284.800	209.943	3.551
285.000	209.943	3.551
285.200	209.945	3.551
285.400	209.945	3.551
285.600	209.944	3.551
285.800	209.944	3.551
286.000	209.944	3.551
286.200	209.944	3.551
286.400	209.942	3.551
286.600	209.942	3.551
286.800	209.942	3.551
287.000	209.942	3.551
287.200	209.943	3.551
287.400	209.944	3.551
287.600	209.942	3.551
287.800	209.943	3.551
288.000	209.945	3.551
288.200	209.944	3.551
288.400	209.943	3.551
288.600	209.942	3.551
288.800	209.944	3.551
289.000	209.943	3.551
289.200	209.943	3.551
289.400	209.942	3.551
289.600	209.945	3.551
289.800	209.944	3.551
290.000	209.944	3.551
290.200	209.942	3.551
290.400	209.941	3.551
290.600	209.944	3.551
290.800	209.944	3.551
291.000	209.946	3.551
291.200	209.944	3.551
291.400	209.946	3.551
291.600	209.945	3.551
291.800	209.946	3.551
292.000	209.945	3.551
292.200	209.946	3.551
292.400	209.946	3.551
292.600	209.945	3.551
292.800	209.945	3.551
293.000	209.946	3.551
293.200	209.946	3.551
293.400	209.947	3.551
293.600	209.944	3.551
293.800	209.945	3.551
294.000	209.946	3.551
294.200	209.948	3.551
294.400	209.945	3.551
294.600	209.945	3.551
294.800	209.945	3.551
295.000	209.945	3.551
295.200	209.944	3.551
295.400	209.946	3.551
295.600	209.946	3.551
295.800	209.949	3.551
296.000	209.947	3.551
296.200	209.946	3.551
296.400	209.949	3.551
296.600	209.947	3.551
296.800	209.946	3.551
297.000	209.948	3.551
297.200	209.948	3.551
297.400	209.948	3.551
297.600	209.946	3.551
297.800	209.948	3.551
298.000	209.949	3.551
298.200	209.947	3.551
298.400	209.946	3.551
298.600	209.948	3.551
298.800	209.949	3.551
299.000	209.946	3.551
299.200	209.948	3.551
299.400	209.947	3.551
299.600	209.946	3.551
299.800	209.947	3.551
300.000	209.946	3.551
300.200	209.947	3.551
300.400	209.946	3.551
300.600	209.946	3.551
300.800	209.946	3.551
301.000	209.945	3.551
301.200	209.946	3.551
301.400	209.947	3.551
301.600	209.945	3.551
301.800	209.945	3.551
302.000	209.944	3.551
302.200	209.946	3.551
302.400	209.947	3.552
302.600	209.947	3.551
302.800	209.946	3.551
303.000	209.947	3.552
303.200	209.948	3.552
303.400	209.945	3.552
303.600	209.945	3.551
303.800	209.947	3.552
304.000	209.946	3.552
304.200	209.945	3.552
304.400	209.947	3.552
304.600	209.948	3.552
304.800	209.947	3.552
305.000	209.946	3.552
305.200	209.945	3.552
305.400	209.948	3.552
305.600	209.947	3.552
305.800	209.948	3.552
306.000	209.946	3.552
306.200	209.946	3.552
306.400	209.946	3.552
306.600	209.946	3.552
306.800	209.948	3.552
307.000	209.947	3.552
307.200	209.947	3.552
307.400	209.948	3.552
307.600	209.947	3.552
307.800	209.946	3.552
308.000	209.947	3.552
308.200	209.946	3.552
308.400	209.947	3.552
308.600	209.946	3.552
308.800	209.946	3.552
309.000	209.947	3.552
309.200	209.948	3.552
309.400	209.947	3.552
309.600	209.948	3.552
309.800	209.948	3.552
310.000	209.948	3.552
310.200	209.948	3.552
310.400	209.946	3.552
310.600	209.947	3.552
310.800	209.948	3.552
311.000	209.948	3.552
311.200	209.948	3.552
311.400	209.947	3.552
311.600	209.948	3.552
311.800	209.946	3.552
312.000	209.947	3.552
312.200	209.947	3.552
312.400	209.946	3.552
312.600	209.946	3.552
312.800	209.946	3.552
313.000	209.946	3.552
313.200	209.948	3.552
313.400	209.947	3.552
313.600	209.947	3.552
313.800	209.948	3.552
314.000	209.947	3.552
314.200	209.947	3.552
314.400	209.947	3.552
314.600	209.947	3.552
314.800	209.946	3.552
315.000	209.946	3.552
315.200	209.946	3.552
315.400	209.948	3.552
315.600	209.947	3.552
315.800	209.947	3.552
316.000	209.947	3.552
316.200	209.946	3.552
316.400	209.947	3.552
316.600	209.946	3.552
316.800	209.946	3.552
317.000	209.946	3.552
317.200	209.948	3.552
317.400	209.947	3.552
317.600	209.948	3.552
317.800	209.946	3.552
318.000	209.949	3.552
318.200	209.947	3.552
318.400	209.947	3.552
318.600	209.947	3.552
318.800	209.948	3.552
319.000	209.947	3.552
319.200	209.948	3.552
319.400	209.947	3.552
319.600	209.946	3.552
319.800	209.947	3.552
320.000	209.946	3.552
320.200	209.946	3.552
320.400	209.947	3.552
320.600	209.947	3.552
320.800	209.949	3.552
321.000	209.949	3.552
321.200	209.948	3.552
321.400	209.948	3.552
321.600	209.948	3.552
321.800	209.947	3.552
322.000	209.948	3.552
322.200	209.948	3.552
322.400	209.946	3.552
322.600	209.947	3.552
322.800	209.946	3.552
323.000	209.948	3.552
323.200	209.947	3.552
323.400	209.947	3.552
323.600	209.947	3.552
323.800	209.947	3.552
324.000	209.946	3.552
324.200	209.947	3.552
324.400	209.945	3.552
324.600	209.946	3.552
324.800	209.947	3.552
325.000	209.946	3.552
325.200	209.946	3.552
325.400	209.946	3.552
325.600	209.946	3.552
325.800	209.945	3.552
326.000	209.949	3.552
326.200	209.948	3.552
326.400	209.948	3.552
326.600	209.947	3.552
326.800	209.946	3.552
327.000	209.948	3.552
327.200	209.946	3.552
327.400	209.948	3.552
327.600	209.948	3.552
327.800	209.948	3.552
328.000	209.948	3.552
328.200	209.946	3.552
328.400	209.946	3.552
328.600	209.947	3.552
328.800	209.948	3.552
329.000	209.947	3.552
329.200	209.946	3.552
329.400	209.947	3.552
329.600	209.946	3.552
329.800	209.947	3.552
330.000	209.947	3.552
330.200	209.947	3.552
330.400	209.944	3.552
330.600	209.947	3.552
330.800	209.948	3.552
331.000	209.947	3.552
331.200	209.947	3.552
331.400	209.946	3.552
331.600	209.946	3.552
331.800	209.947	3.552
332.000	209.946	3.552
332.200	209.947	3.552
332.400	209.945	3.552
332.600	209.946	3.552
332.800	209.943	3.552
333.000	209.946	3.552
333.200	209.946	3.552
333.400	209.945	3.552
333.600	209.946	3.552
333.800	209.945	3.552
334.000	209.945	3.552
334.200	209.947	3.552
334.400	209.948	3.552
334.600	209.945	3.552
334.800	209.946	3.552
335.000	209.946	3.552
335.200	209.946	3.552
335.400	209.948	3.552
335.600	209.947	3.552
335.800	209.947	3.552
336.000	209.948	3.552
336.200	209.948	3.552
336.400	209.948	3.552
336.600	209.948	3.552
336.800	209.948	3.552
337.000	209.947	3.552
337.200	209.946	3.552
337.400	209.948	3.553
337.600	209.947	3.552
337.800	209.947	3.553
338.000	209.946	3.553
338.200	209.948	3.553
338.400	209.949	3.553
338.600	209.948	3.552
338.800	209.948	3.553
339.000	209.947	3.553
339.200	209.946	3.553
339.400	209.948	3.553
339.600	209.948	3.553
339.800	209.946	3.553
340.000	209.948	3.553
340.200	209.947	3.553
340.400	209.946	3.553
340.600	209.948	3.553
340.800	209.948	3.553
341.000	209.945	3.553
341.200	209.947	3.553
341.400	209.947	3.553
341.600	209.947	3.553
341.800	209.946	3.553
342.000	209.947	3.553
342.200	209.946	3.553
342.400	209.947	3.553
342.600	209.947	3.553
342.800	209.946	3.553
343.000	209.947	3.553
343.200	209.945	3.553
343.400	209.946	3.553
343.600	209.945	3.553
343.800	209.945	3.553
344.000	209.945	3.553
344.200	209.945	3.553
344.400	209.946	3.553
344.600	209.945	3.553
344.800	209.944	3.553
345.000	209.944	3.553
345.200	209.943	3.553
345.400	209.945	3.553
345.600	209.946	3.553
345.800	209.944	3.553
346.000	209.947	3.553
346.200	209.947	3.553
346.400	209.946	3.553
346.600	209.947	3.553
346.800	209.947	3.553
347.000	209.947	3.553
347.200	209.948	3.553
347.400	209.946	3.553
347.600	209.946	3.553
347.800	209.945	3.553
348.000	209.948	3.553
348.200	209.947	3.553
348.400	209.947	3.553
348.600	209.946	3.553
348.800	209.946	3.553
349.000	209.946	3.553
349.200	209.947	3.553
349.400	209.946	3.553
349.600	209.947	3.553
349.800	209.945	3.553
350.000	209.945	3.553
350.200	209.944	3.553
350.400	209.943	3.553
350.600	209.945	3.553
350.800	209.944	3.553
351.000	209.945	3.553
351.200	209.945	3.553
351.400	209.944	3.553
351.600	209.943	3.553
351.800	209.944	3.553
352.000	209.946	3.553
352.200	209.947	3.553
352.400	209.947	3.553
352.600	209.946	3.553
352.800	209.947	3.553
353.000	209.946	3.553
353.200	209.944	3.553
353.400	209.947	3.553
353.600	209.946	3.553
353.800	209.946	3.553
354.000	209.946	3.553
354.200	209.946	3.553
354.400	209.948	3.553
354.600	209.946	3.553
354.800	209.947	3.553
355.000	209.947	3.553
355.200	209.948	3.553
355.400	209.946	3.553
355.600	209.947	3.553
355.800	209.947	3.553
356.000	209.946	3.553
356.200	209.946	3.553
356.400	209.948	3.553
356.600	209.946	3.553
356.800	209.946	3.553
357.000	209.946	3.553
357.200	209.945	3.553
357.400	209.945	3.553
357.600	209.947	3.553
357.800	209.947	3.553
358.000	209.946	3.553
358.200	209.946	3.553
358.400	209.945	3.553
358.600	209.946	3.553
358.800	209.947	3.553
359.000	209.945	3.553
359.200	209.947	3.553
359.400	209.947	3.553
359.600	209.946	3.553
359.800	209.947	3.553
360.000	209.947	3.553
360.200	209.946	3.553
360.400	209.949	3.553
360.600	209.947	3.553
360.800	209.947	3.553
361.000	209.947	3.553
361.200	209.946	3.553
361.400	209.946	3.553
361.600	209.947	3.553
361.800	209.947	3.553
362.000	209.947	3.553
362.200	209.949	3.553
362.400	209.947	3.553
362.600	209.947	3.553
362.800	209.948	3.553
363.000	209.948	3.553
363.200	209.948	3.553
363.400	209.948	3.553
363.600	209.949	3.553
363.800	209.949	3.553
364.000	209.948	3.553
364.200	209.947	3.553
364.400	209.947	3.553
364.600	209.948	3.553
364.800	209.949	3.553
365.000	209.947	3.553
365.200	209.950	3.553
365.400	209.949	3.553
365.600	209.949	3.553
365.800	209.949	3.553
366.000	209.950	3.553
366.200	209.947	3.553
366.400	209.948	3.553
366.600	209.948	3.553
366.800	209.947	3.553
367.000	209.948	3.553
367.200	209.947	3.553
367.400	209.949	3.553
367.600	209.950	3.553
367.800	209.949	3.553
368.000	209.949	3.553
368.200	209.949	3.553
368.400	209.948	3.553
368.600	209.949	3.553
368.800	209.951	3.553
369.000	209.950	3.553
369.200	209.947	3.553
369.400	209.948	3.553
369.600	209.948	3.553
369.800	209.948	3.553
370.000	209.950	3.553
370.200	209.949	3.553
370.400	209.948	3.553
370.600	209.949	3.553
370.800	209.948	3.553
371.000	209.948	3.553
371.200	209.948	3.553
371.400	209.952	3.553
371.600	209.950	3.553
371.800	209.952	3.553
372.000	209.949	3.553
372.200	209.949	3.553
372.400	209.949	3.553
372.600	209.949	3.553
372.800	209.949	3.553
373.000	209.949	3.553
373.200	209.949	3.553
373.400	209.949	3.553
373.600	209.949	3.553
373.800	209.948	3.553
374.000	209.948	3.553
374.200	209.950	3.553
374.400	209.950	3.553
374.600	209.950	3.553
374.800	209.949	3.553
375.000	209.948	3.553
375.200	209.950	3.553
375.400	209.949	3.553
375.600	209.950	3.554
375.800	209.949	3.554
376.000	209.949	3.554
376.200	209.949	3.554
376.400	209.952	3.554
376.600	209.952	3.554
376.800	209.950	3.554
377.000	209.950	3.554
377.200	209.950	3.554
377.400	209.949	3.554
377.600	209.949	3.554
377.800	209.951	3.554
378.000	209.950	3.554
378.200	209.948	3.554
378.400	209.950	3.554
378.600	209.949	3.554
378.800	209.949	3.554
379.000	209.950	3.554
379.200	209.950	3.554
379.400	209.951	3.554
379.600	209.949	3.554
379.800	209.950	3.554
380.000	209.949	3.554
380.200	209.951	3.554
380.400	209.949	3.554
380.600	209.948	3.554
380.800	209.949	3.554
381.000	209.950	3.554
381.200	209.949	3.554
381.400	209.951	3.554
381.600	209.948	3.554
381.800	209.947	3.554
382.000	209.949	3.554
382.200	209.950	3.554
382.400	209.952	3.554
382.600	209.950	3.554
382.800	209.949	3.554
383.000	209.948	3.554
383.200	209.949	3.554
383.400	209.949	3.554
383.600	209.949	3.554
383.800	209.949	3.554
384.000	209.949	3.554
384.200	209.950	3.554
384.400	209.949	3.554
384.600	209.948	3.554
384.800	209.948	3.554
385.000	209.948	3.554
385.200	209.948	3.554
385.400	209.950	3.554
385.600	209.949	3.554
385.800	209.948	3.554
386.000	209.948	3.554
386.200	209.949	3.554
386.400	209.950	3.554
386.600	209.949	3.554
386.800	209.949	3.554
387.000	209.949	3.554
387.200	209.946	3.554
387.400	209.947	3.554
387.600	209.947	3.554
387.800	209.948	3.554
388.000	209.950	3.554
388.200	209.947	3.554
388.400	209.950	3.554
388.600	209.948	3.554
388.800	209.948	3.554
389.000	209.948	3.554
389.200	209.947	3.554
389.400	209.948	3.554
389.600	209.948	3.554
389.800	209.949	3.554
390.000	209.948	3.554
390.200	209.947	3.554
390.400	209.947	3.554
390.600	209.945	3.554
390.800	209.948	3.554
391.000	209.946	3.554
391.200	209.944	3.554
391.400	209.947	3.554
391.600	209.948	3.554
391.800	209.947	3.554
392.000	209.945	3.554
392.200	209.946	3.554
392.400	209.948	3.554
392.600	209.949	3.554
392.800	209.949	3.554
393.000	209.946	3.554
393.200	209.948	3.554
393.400	209.946	3.554
393.600	209.947	3.554
393.800	209.947	3.554
394.000	209.947	3.554
394.200	209.947	3.554
394.400	209.947	3.554
394.600	209.949	3.554
394.800	209.946	3.554
395.000	209.947	3.554
395.200	209.947	3.554
395.400	209.946	3.554
395.600	209.946	3.554
395.800	209.946	3.554
396.000	209.945	3.554
396.200	209.946	3.554
396.400	209.945	3.554
396.600	209.947	3.554
396.800	209.946	3.554
397.000	209.946	3.554
397.200	209.945	3.554
397.400	209.945	3.554
397.600	209.946	3.554
397.800	209.947	3.554
398.000	209.946	3.554
398.200	209.946	3.554
398.400	209.948	3.554
398.600	209.947	3.554
398.800	209.947	3.554
399.000	209.947	3.554
399.200	209.945	3.554
399.400	209.944	3.554
399.600	209.947	3.554
399.800	209.947	3.554
400.000	209.947	3.554
400.200	209.946	3.554
400.400	209.947	3.554
400.600	209.946	3.554
400.800	209.946	3.554
401.000	209.945	3.554
401.200	209.946	3.554
401.400	209.946	3.554
401.600	209.946	3.554
401.800	209.942	3.554
402.000	209.944	3.554
402.200	209.944	3.554
402.400	209.943	3.554
402.600	209.943	3.554
402.800	209.944	3.554
403.000	209.945	3.554
403.200	209.944	3.554
403.400	209.946	3.554
403.600	209.944	3.554
403.800	209.945	3.554
404.000	209.942	3.554
404.200	209.943	3.554
404.400	209.943	3.554
404.600	209.943	3.554
404.800	209.944	3.554
405.000	209.943	3.554
405.200	209.943	3.554
405.400	209.945	3.554
405.600	209.942	3.554
405.800	209.945	3.554
406.000	209.944	3.554
406.200	209.943	3.554
406.400	209.943	3.554
406.600	209.943	3.554
406.800	209.943	3.554
407.000	209.944	3.554
407.200	209.944	3.554
407.400	209.944	3.554
407.600	209.943	3.554
407.800	209.943	3.554
408.000	209.944	3.554
408.200	209.944	3.554
408.400	209.944	3.554
408.600	209.946	3.554
408.800	209.946	3.554
409.000	209.945	3.554
409.200	209.946	3.554
409.400	209.946	3.554
409.600	209.945	3.554
409.800	209.946	3.554
410.000	209.946	3.554
410.200	209.945	3.554
410.400	209.948	3.554
410.600	209.946	3.554
410.800	209.946	3.554
411.000	209.946	3.554
411.200	209.947	3.554
411.400	209.948	3.554
411.600	209.946	3.554
411.800	209.947	3.554
412.000	209.946	3.554
412.200	209.947	3.554
412.400	209.947	3.555
412.600	209.947	3.554
412.800	209.947	3.555
413.000	209.945	3.555
413.200	209.945	3.555
413.400	209.946	3.555
413.600	209.945	3.555
413.800	209.946	3.555
414.000	209.945	3.555
414.200	209.945	3.555
414.400	209.947	3.555
414.600	209.948	3.555
414.800	209.946	3.555
415.000	209.947	3.555
415.200	209.947	3.555
415.400	209.948	3.555
415.600	209.946	3.555
415.800	209.946	3.555
416.000	209.946	3.555
416.200	209.946	3.555
416.400	209.946	3.555
416.600	209.947	3.555
416.800	209.947	3.555
417.000	209.947	3.555
417.200	209.946	3.555
417.400	209.946	3.555
417.600	209.946	3.555
417.800	209.945	3.555
418.000	209.946	3.555
418.200	209.946	3.555
418.400	209.947	3.555
418.600	209.948	3.555
418.800	209.946	3.555
419.000	209.945	3.555
419.200	209.949	3.555
419.400	209.947	3.555
419.600	209.946	3.555
419.800	209.945	3.555
420.000	209.945	3.555
420.200	209.945	3.555
420.400	209.946	3.555
420.600	209.945	3.555
420.800	209.945	3.555
421.000	209.946	3.555
421.200	209.945	3.555
421.400	209.945	3.555
421.600	209.945	3.555
421.800	209.945	3.555
422.000	209.946	3.555
422.200	209.944	3.555
422.400	209.946	3.555
422.600	209.946	3.555
422.800	209.947	3.555
423.000	209.946	3.555
423.200	209.947	3.555
423.400	209.946	3.555
423.600	209.946	3.555
423.800	209.944	3.555
424.000	209.944	3.555
424.200	209.944	3.555
424.400	209.943	3.555
424.600	209.943	3.555
424.800	209.945	3.555
425.000	209.944	3.555
425.200	209.944	3.555
425.400	209.944	3.555
425.600	209.943	3.555
425.800	209.943	3.555
426.000	209.946	3.555
426.200	209.946	3.555
426.400	209.944	3.555
426.600	209.945	3.555
426.800	209.944	3.555
427.000	209.943	3.555
427.200	209.944	3.555
427.400	209.944	3.555
427.600	209.946	3.555
427.800	209.945	3.555
428.000	209.944	3.555
428.200	209.944	3.555
428.400	209.945	3.555
428.600	209.944	3.555
428.800	209.945	3.555
429.000	209.946	3.555
429.200	209.947	3.555
429.400	209.946	3.555
429.600	209.946	3.555
429.800	209.946	3.555
430.000	209.943	3.555
430.200	209.944	3.555
430.400	209.946	3.555
430.600	209.944	3.555
430.800	209.945	3.555
431.000	209.944	3.555
431.200	209.946	3.555
431.400	209.945	3.555
431.600	209.946	3.555
431.800	209.945	3.555
432.000	209.946	3.555
432.200	209.948	3.555
432.400	209.948	3.555
432.600	209.948	3.555
432.800	209.948	3.555
433.000	209.946	3.555
433.200	209.947	3.555
433.400	209.945	3.555
433.600	209.945	3.555
433.800	209.945	3.555
434.000	209.946	3.555
434.200	209.946	3.555
434.400	209.947	3.555
434.600	209.947	3.555
434.800	209.948	3.555
435.000	209.945	3.555
435.200	209.947	3.555
435.400	209.946	3.555
435.600	209.946	3.555
435.800	209.945	3.555
436.000	209.946	3.555
436.200	209.948	3.555
436.400	209.947	3.555
436.600	209.948	3.555
436.800	209.948	3.555
437.000	209.946	3.555
437.200	209.947	3.555
437.400	209.947	3.555
437.600	209.946	3.555
437.800	209.948	3.555
438.000	209.947	3.555
438.200	209.946	3.555
438.400	209.945	3.555
438.600	209.946	3.555
438.800	209.948	3.555
439.000	209.947	3.555
439.200	209.947	3.555
439.400	209.946	3.555
439.600	209.947	3.555
439.800	209.948	3.555
440.000	209.947	3.555
440.200	209.948	3.555
440.400	209.950	3.555
440.600	209.947	3.555
440.800	209.947	3.555
441.000	209.945	3.555
441.200	209.947	3.555
441.400	209.946	3.555
441.600	209.946	3.555
441.800	209.946	3.555
442.000	209.945	3.555
442.200	209.946	3.555
442.400	209.947	3.555
442.600	209.947	3.555
442.800	209.946	3.555
443.000	209.947	3.555
443.200	209.947	3.555
443.400	209.944	3.555
443.600	209.946	3.555
443.800	209.945	3.555
444.000	209.944	3.555
444.200	209.946	3.555
444.400	209.946	3.555
444.600	209.945	3.555
444.800	209.945	3.555
445.000	209.946	3.555
445.200	209.946	3.555
445.400	209.946	3.555
445.600	209.948	3.555
445.800	209.947	3.555
446.000	209.947	3.555
446.200	209.945	3.555
446.400	209.947	3.555
446.600	209.945	3.555
446.800	209.946	3.555
447.000	209.946	3.555
447.200	209.946	3.555
447.400	209.946	3.555
447.600	209.946	3.555
447.800	209.946	3.555
448.000	209.947	3.555
448.200	209.947	3.555
448.400	209.948	3.555
448.600	209.946	3.555
448.800	209.946	3.555
449.000	209.947	3.555
449.200	209.947	3.555
449.400	209.948	3.556
449.600	209.948	3.555
449.800	209.946	3.555
450.000	209.946	3.555
450.200	209.947	3.555
450.400	209.948	3.555
450.600	209.946	3.555
450.800	209.945	3.555
451.000	209.945	3.556
451.200	209.946	3.556
451.400	209.947	3.556
451.600	209.947	3.556
451.800	209.949	3.556
452.000	209.947	3.556
452.200	209.948	3.556
452.400	209.947	3.556
452.600	209.948	3.556
452.800	209.949	3.556
453.000	209.947	3.556
453.200	209.947	3.556
453.400	209.947	3.556
453.600	209.948	3.556
453.800	209.950	3.556
454.000	209.949	3.556
454.200	209.947	3.556
454.400	209.948	3.556
454.600	209.947	3.556
454.800	209.948	3.556
455.000	209.948	3.556
455.200	209.947	3.556
455.400	209.946	3.556
455.600	209.947	3.556
455.800	209.948	3.556
456.000	209.947	3.556
456.200	209.946	3.556
456.400	209.946	3.556
456.600	209.946	3.556
456.800	209.945	3.556
457.000	209.946	3.556
457.200	209.947	3.556
457.400	209.945	3.556
457.600	209.948	3.556
457.800	209.946	3.556
458.000	209.945	3.556
458.200	209.948	3.556
458.400	209.948	3.556
458.600	209.947	3.556
458.800	209.946	3.556
459.000	209.948	3.556
459.200	209.946	3.556
459.400	209.946	3.556
459.600	209.947	3.556
459.800	209.946	3.556
460.000	209.945	3.556
460.200	209.945	3.556
460.400	209.944	3.556
460.600	209.944	3.556
460.800	209.946	3.556
461.000	209.945	3.556
461.200	209.946	3.556
461.400	209.943	3.556
461.600	209.945	3.556
461.800	209.944	3.556
462.000	209.945	3.556
462.200	209.947	3.556
462.400	209.946	3.556
462.600	209.946	3.556
462.800	209.947	3.556
463.000	209.943	3.556
463.200	209.944	3.556
463.400	209.944	3.556
463.600	209.943	3.556
463.800	209.945	3.556
464.000	209.946	3.556
464.200	209.945	3.556
464.400	209.944	3.556
464.600	209.944	3.556
464.800	209.946	3.556
465.000	209.945	3.556
465.200	209.948	3.556
465.400	209.947	3.556
465.600	209.948	3.556
465.800	209.948	3.556
466.000	209.948	3.556
466.200	209.946	3.556
466.400	209.946	3.556
466.600	209.946	3.556
466.800	209.948	3.556
467.000	209.946	3.556
467.200	209.946	3.556
467.400	209.947	3.556
467.600	209.948	3.556
467.800	209.947	3.556
468.000	209.946	3.556
468.200	209.946	3.556
468.400	209.946	3.556
468.600	209.948	3.556
468.800	209.949	3.556
469.000	209.949	3.556
469.200	209.948	3.556
469.400	209.946	3.556
469.600	209.947	3.556
469.800	209.947	3.556
470.000	209.948	3.556
470.200	209.948	3.556
470.400	209.947	3.556
470.600	209.948	3.556
470.800	209.950	3.556
471.000	209.946	3.556
471.200	209.947	3.556
471.400	209.947	3.556
471.600	209.947	3.556
471.800	209.947	3.556
472.000	209.948	3.556
472.200	209.946	3.556
472.400	209.946	3.556
472.600	209.947	3.556
472.800	209.946	3.556
473.000	209.947	3.556
473.200	209.946	3.556
473.400	209.946	3.556
473.600	209.947	3.556
473.800	209.948	3.556
474.000	209.949	3.556
474.200	209.950	3.556
474.400	209.950	3.556
474.600	209.948	3.556
474.800	209.949	3.556
475.000	209.948	3.556
475.200	209.948	3.556
475.400	209.947	3.556
475.600	209.947	3.556
475.800	209.946	3.556
476.000	209.946	3.556
476.200	209.947	3.556
476.400	209.947	3.556
476.600	209.947	3.556
476.800	209.947	3.556
477.000	209.946	3.556
477.200	209.947	3.556
477.400	209.946	3.556
477.600	209.949	3.556
477.800	209.948	3.556
478.000	209.949	3.556
478.200	209.950	3.556
478.400	209.948	3.556
478.600	209.946	3.556
478.800	209.947	3.556
479.000	209.947	3.556
479.200	209.950	3.556
479.400	209.948	3.556
479.600	209.949	3.556
479.800	209.949	3.556
480.000	209.947	3.556
480.200	209.948	3.556
480.400	209.948	3.556
480.600	209.949	3.556
480.800	209.949	3.556
481.000	209.947	3.556
481.200	209.949	3.556
481.400	209.949	3.556
481.600	209.950	3.556
481.800	209.949	3.556
482.000	209.947	3.556
482.200	209.949	3.556
482.400	209.949	3.556
482.600	209.950	3.556
482.800	209.947	3.556
483.000	209.947	3.556
483.200	209.950	3.556
483.400	209.948	3.556
483.600	209.948	3.556
483.800	209.949	3.556
484.000	209.949	3.556
484.200	209.950	3.556
484.400	209.948	3.556
484.600	209.947	3.556
484.800	209.948	3.556
485.000	209.948	3.556
485.200	209.950	3.556
485.400	209.950	3.556
485.600	209.946	3.556
485.800	209.948	3.556
486.000	209.947	3.556
486.200	209.945	3.556
486.400	209.946	3.556
486.600	209.947	3.556
486.800	209.948	3.556
487.000	209.947	3.556
487.200	209.947	3.556
487.400	209.948	3.556
487.600	209.945	3.556
487.800	209.945	3.556
488.000	209.945	3.556
488.200	209.944	3.556
488.400	209.945	3.556
488.600	209.945	3.556
488.800	209.946	3.556
489.000	209.946	3.556
489.200	209.945	3.556
489.400	209.946	3.556
489.600	209.946	3.556
489.800	209.947	3.556
490.000	209.946	3.556
490.200	209.945	3.557
490.400	209.945	3.557
490.600	209.946	3.556
490.800	209.946	3.557
491.000	209.944	3.557
491.200	209.945	3.556
491.400	209.947	3.556
491.600	209.946	3.556
491.800	209.945	3.557
492.000	209.947	3.557
492.200	209.945	3.557
492.400	209.945	3.557
492.600	209.946	3.557
492.800	209.945	3.557
493.000	209.946	3.557
493.200	209.946	3.557
493.400	209.946	3.557
493.600	209.946	3.557
493.800	209.945	3.557
494.000	209.945	3.557
494.200	209.946	3.557
494.400	209.945	3.557
494.600	209.943	3.557
494.800	209.947	3.557
495.000	209.946	3.557
495.200	209.946	3.557
495.400	209.945	3.557
495.600	209.944	3.557
495.800	209.945	3.557
496.000	209.945	3.557
496.200	209.946	3.557
496.400	209.946	3.557
496.600	209.945	3.557
496.800	209.944	3.557
497.000	209.944	3.557
497.200	209.945	3.557
497.400	209.944	3.557
497.600	209.946	3.557
497.800	209.945	3.557
498.000	209.945	3.557
498.200	209.945	3.557
498.400	209.945	3.557
498.600	209.944	3.557
498.800	209.946	3.557
499.000	209.946	3.557
499.200	209.947	3.557
499.400	209.946	3.557
499.600	209.947	3.557
499.800	209.946	3.557
500.000	209.946	3.557
500.200	209.944	3.557
500.400	209.944	3.557
500.600	209.945	3.557
500.800	209.946	3.557
501.000	209.945	3.557
501.200	209.945	3.557
501.400	209.946	3.557
501.600	209.945	3.557
501.800	209.943	3.557
502.000	209.943	3.557
502.200	209.944	3.557
502.400	209.944	3.557
502.600	209.943	3.557
502.800	209.946	3.557
503.000	209.945	3.557
503.200	209.943	3.557
503.400	209.943	3.557
503.600	209.943	3.557
503.800	209.942	3.557
504.000	209.942	3.557
504.200	209.944	3.557
504.400	209.945	3.557
504.600	209.944	3.557
504.800	209.944	3.557
505.000	209.943	3.557
505.200	209.944	3.557
505.400	209.944	3.557
505.600	209.944	3.557
505.800	209.943	3.557
506.000	209.941	3.557
506.200	209.945	3.557
506.400	209.946	3.557
506.600	209.944	3.557
506.800	209.942	3.557
507.000	209.942	3.557
507.200	209.947	3.557
507.400	209.945	3.557
507.600	209.946	3.557
507.800	209.945	3.557
508.000	209.946	3.557
508.200	209.946	3.557
508.400	209.946	3.557
508.600	209.944	3.557
508.800	209.945	3.557
509.000	209.943	3.557
509.200	209.945	3.557
509.400	209.943	3.557
509.600	209.943	3.557
509.800	209.942	3.557
510.000	209.944	3.557
510.200	209.944	3.557
510.400	209.944	3.557
510.600	209.942	3.557
510.800	209.943	3.557
511.000	209.943	3.557
511.200	209.943	3.557
511.400	209.942	3.557
511.600	209.942	3.557
511.800	209.944	3.557
512.000	209.945	3.557
512.200	209.943	3.557
512.400	209.945	3.557
512.600	209.946	3.557
512.800	209.945	3.557
513.000	209.943	3.557
513.200	209.942	3.557
513.400	209.943	3.557
513.600	209.944	3.557
513.800	209.946	3.557
514.000	209.945	3.557
514.200	209.944	3.557
514.400	209.945	3.557
514.600	209.945	3.557
514.800	209.946	3.557
515.000	209.946	3.557
515.200	209.945	3.557
515.400	209.946	3.557
515.600	209.945	3.557
515.800	209.946	3.557
516.000	209.946	3.557
516.200	209.945	3.557
516.400	209.944	3.557
516.600	209.944	3.557
516.800	209.945	3.557
517.000	209.946	3.557
517.200	209.945	3.557
517.400	209.944	3.557
517.600	209.945	3.557
517.800	209.944	3.557
518.000	209.945	3.557
518.200	209.946	3.557
518.400	209.945	3.557
518.600	209.944	3.557
518.800	209.944	3.557
519.000	209.946	3.557
519.200	209.944	3.557
519.400	209.946	3.557
519.600	209.944	3.557
519.800	209.944	3.557
520.000	209.944	3.557
520.200	209.943	3.557
520.400	209.945	3.557
520.600	209.947	3.557
520.800	209.946	3.557
521.000	209.943	3.557
521.200	209.944	3.557
521.400	209.943	3.557
521.600	209.945	3.557
521.800	209.945	3.557
522.000	209.945	3.557
522.200	209.945	3.557
522.400	209.942	3.557
522.600	209.943	3.557
522.800	209.943	3.557
523.000	209.946	3.557
523.200	209.944	3.557
523.400	209.944	3.557
523.600	209.945	3.557
523.800	209.942	3.557
524.000	209.946	3.557
524.200	209.945	3.557
524.400	209.945	3.557
524.600	209.945	3.557
524.800	209.945	3.557
525.000	209.944	3.557
525.200	209.945	3.558
525.400	209.944	3.557
525.600	209.945	3.557
525.800	209.946	3.557
526.000	209.946	3.558
526.200	209.945	3.558
526.400	209.944	3.558
526.600	209.944	3.558
526.800	209.945	3.558
527.000	209.943	3.558
527.200	209.945	3.558
527.400	209.945	3.558
527.600	209.945	3.558
527.800	209.945	3.558
528.000	209.945	3.558
528.200	209.945	3.558
528.400	209.946	3.558
528.600	209.946	3.558
528.800	209.944	3.558
529.000	209.945	3.558
529.200	209.945	3.558
529.400	209.946	3.558
529.600	209.944	3.558
529.800	209.946	3.558
530.000	209.945	3.558
530.200	209.944	3.558
530.400	209.945	3.558
530.600	209.945	3.558
530.800	209.944	3.558
531.000	209.943	3.558
531.200	209.944	3.558
531.400	209.946	3.558
531.600	209.943	3.558
531.800	209.944	3.558
532.000	209.945	3.558
532.200	209.947	3.558
532.400	209.945	3.558
532.600	209.945	3.558
532.800	209.946	3.558
533.000	209.946	3.558
533.200	209.946	3.558
533.400	209.945	3.558
533.600	209.944	3.558
533.800	209.946	3.558
534.000	209.946	3.558
534.200	209.945	3.558
534.400	209.945	3.558
534.600	209.945	3.558
534.800	209.945	3.558
535.000	209.945	3.558
535.200	209.945	3.558
535.400	209.945	3.558
535.600	209.945	3.558
535.800	209.944	3.558
536.000	209.944	3.558
536.200	209.944	3.558
536.400	209.944	3.558
536.600	209.944	3.558
536.800	209.944	3.558
537.000	209.942	3.558
537.200	209.944	3.558
537.400	209.944	3.558
537.600	209.944	3.558
537.800	209.944	3.558
538.000	209.945	3.558
538.200	209.944	3.558
538.400	209.944	3.558
538.600	209.946	3.558
538.800	209.946	3.558
539.000	209.944	3.558
539.200	209.946	3.558
539.400	209.945	3.558
539.600	209.945	3.558
539.800	209.945	3.558
540.000	209.945	3.558
540.200	209.944	3.558
540.400	209.944	3.558
540.600	209.944	3.558
540.800	209.942	3.558
541.000	209.944	3.558
541.200	209.945	3.558
541.400	209.945	3.558
541.600	209.945	3.558
541.800	209.945	3.558
542.000	209.946	3.558
542.200	209.945	3.558
542.400	209.945	3.558
542.600	209.945	3.558
542.800	209.943	3.558
543.000	209.945	3.558
543.200	209.944	3.558
543.400	209.945	3.558
543.600	209.946	3.558
543.800	209.947	3.558
544.000	209.947	3.558
544.200	209.946	3.558
544.400	209.946	3.558
544.600	209.946	3.558
544.800	209.945	3.558
545.000	209.946	3.558
545.200	209.945	3.558
545.400	209.944	3.558
545.600	209.945	3.558
545.800	209.946	3.558
546.000	209.945	3.558
546.200	209.946	3.558
546.400	209.946	3.558
546.600	209.946	3.558
546.800	209.946	3.558
547.000	209.946	3.558
547.200	209.946	3.558
547.400	209.945	3.558
547.600	209.946	3.558
547.800	209.945	3.558
548.000	209.945	3.558
548.200	209.944	3.558
548.400	209.944	3.558
548.600	209.946	3.558
548.800	209.945	3.558
549.000	209.945	3.558
549.200	209.946	3.558
549.400	209.947	3.558
549.600	209.947	3.558
549.800	209.945	3.558
550.000	209.946	3.558
550.200	209.948	3.558
550.400	209.946	3.558
550.600	209.947	3.558
550.800	209.946	3.558
551.000	209.946	3.558
551.200	209.946	3.558
551.400	209.947	3.558
551.600	209.946	3.558
551.800	209.946	3.558
552.000	209.945	3.558
552.200	209.946	3.558
552.400	209.945	3.558
552.600	209.946	3.558
552.800	209.946	3.558
553.000	209.947	3.558
553.200	209.946	3.558
553.400	209.945	3.558
553.600	209.946	3.558
553.800	209.945	3.558
554.000	209.946	3.558
554.200	209.948	3.558
554.400	209.947	3.558
554.600	209.947	3.558
554.800	209.946	3.558
555.000	209.947	3.558
555.200	209.948	3.558
555.400	209.946	3.558
555.600	209.946	3.558
555.800	209.945	3.558
556.000	209.947	3.558
556.200	209.946	3.558
556.400	209.946	3.558
556.600	209.945	3.558
556.800	209.945	3.558
557.000	209.945	3.558
557.200	209.945	3.558
557.400	209.946	3.558
557.600	209.947	3.558
557.800	209.946	3.558
558.000	209.944	3.558
558.200	209.945	3.558
558.400	209.946	3.558
558.600	209.946	3.558
558.800	209.945	3.558
559.000	209.946	3.558
559.200	209.946	3.558
559.400	209.945	3.558
559.600	209.945	3.558
559.800	209.944	3.558
560.000	209.945	3.558
560.200	209.945	3.558
560.400	209.945	3.558
560.600	209.947	3.558
560.800	209.946	3.558
561.000	209.945	3.558
561.200	209.946	3.558
561.400	209.946	3.558
561.600	209.945	3.559
561.800	209.945	3.559
562.000	209.946	3.559
562.200	209.946	3.559
562.400	209.944	3.559
562.600	209.946	3.559
562.800	209.945	3.559
563.000	209.946	3.559
563.200	209.947	3.559
563.400	209.947	3.559
563.600	209.947	3.559
563.800	209.947	3.559
564.000	209.947	3.559
564.200	209.946	3.559
564.400	209.947	3.559
564.600	209.947	3.559
564.800	209.947	3.559
565.000	209.948	3.559
565.200	209.945	3.559
565.400	209.945	3.559
565.600	209.947	3.559
565.800	209.948	3.559
566.000	209.947	3.559
566.200	209.946	3.559
566.400	209.947	3.559
566.600	209.946	3.559
566.800	209.946	3.559
567.000	209.947	3.559
567.200	209.945	3.559
567.400	209.947	3.559
567.600	209.947	3.559
567.800	209.947	3.559
568.000	209.946	3.559
568.200	209.947	3.559
568.400	209.948	3.559
568.600	209.946	3.559
568.800	209.947	3.559
569.000	209.947	3.559
569.200	209.946	3.559
569.400	209.946	3.559
569.600	209.946	3.559
569.800	209.945	3.559
570.000	209.944	3.559
570.200	209.944	3.559
570.400	209.944	3.559
570.600	209.945	3.559
570.800	209.946	3.559
571.000	209.947	3.559
571.200	209.945	3.559
571.400	209.948	3.559
571.600	209.947	3.559
571.800	209.945	3.559
572.000	209.946	3.559
572.200	209.945	3.559
572.400	209.946	3.559
572.600	209.945	3.559
572.800	209.945	3.559
573.000	209.946	3.559
573.200	209.945	3.559
573.400	209.945	3.559
573.600	209.946	3.559
573.800	209.946	3.559
574.000	209.946	3.559
574.200	209.946	3.559
574.400	209.947	3.559
574.600	209.945	3.559
574.800	209.946	3.559
575.000	209.945	3.559
575.200	209.947	3.559
575.400	209.945	3.559
575.600	209.947	3.559
575.800	209.946	3.559
576.000	209.945	3.559
576.200	209.946	3.559
576.400	209.945	3.559
576.600	209.945	3.559
576.800	209.946	3.559
577.000	209.944	3.559
577.200	209.944	3.559
577.400	209.944	3.559
577.600	209.944	3.559
577.800	209.943	3.559
578.000	209.944	3.559
578.200	209.944	3.559
578.400	209.944	3.559
578.600	209.944	3.559
578.800	209.945	3.559
579.000	209.943	3.559
579.200	209.943	3.559
579.400	209.944	3.559
579.600	209.944	3.559
579.800	209.944	3.559
580.000	209.945	3.559
580.200	209.943	3.559
580.400	209.944	3.559
580.600	209.944	3.559
580.800	209.944	3.559
581.000	209.944	3.559
581.200	209.944	3.559
581.400	209.944	3.559
581.600	209.945	3.559
581.800	209.946	3.559
582.000	209.945	3.559
582.200	209.945	3.559
582.400	209.945	3.559
582.600	209.945	3.559
582.800	209.945	3.559
583.000	209.944	3.559
583.200	209.944	3.559
583.400	209.944	3.559
583.600	209.945	3.559
583.800	209.944	3.559
584.000	209.945	3.559
584.200	209.944	3.559
584.400	209.942	3.559
584.600	209.944	3.559
584.800	209.945	3.559
585.000	209.946	3.559
585.200	209.945	3.559
585.400	209.943	3.559
585.600	209.944	3.559
585.800	209.943	3.559
586.000	209.946	3.559
586.200	209.944	3.559
586.400	209.942	3.559
586.600	209.943	3.559
586.800	209.943	3.559
587.000	209.943	3.559
587.200	209.945	3.559
587.400	209.946	3.559
587.600	209.945	3.559
587.800	209.944	3.559
588.000	209.947	3.559
588.200	209.945	3.559
588.400	209.946	3.559
588.600	209.946	3.559
588.800	209.944	3.559
589.000	209.944	3.559
589.200	209.948	3.559
589.400	209.948	3.559
589.600	209.947	3.559
589.800	209.946	3.559
590.000	209.946	3.559
590.200	209.945	3.559
590.400	209.945	3.559
590.600	209.945	3.559
590.800	209.945	3.559
591.000	209.947	3.559
591.200	209.946	3.559
591.400	209.946	3.559
591.600	209.947	3.559
591.800	209.947	3.559
592.000	209.945	3.559
592.200	209.947	3.559
592.400	209.944	3.559
592.600	209.946	3.559
592.800	209.946	3.559
593.000	209.947	3.559
593.200	209.947	3.559
593.400	209.947	3.559
593.600	209.946	3.559
593.800	209.947	3.559
594.000	209.949	3.559
594.200	209.947	3.559
594.400	209.948	3.559
594.600	209.948	3.559
594.800	209.946	3.559
595.000	209.948	3.559
595.200	209.946	3.559
595.400	209.947	3.559
595.600	209.947	3.559
595.800	209.948	3.559
596.000	209.946	3.559
596.200	209.945	3.559
596.400	209.947	3.559
596.600	209.945	3.559
596.800	209.945	3.559
597.000	209.945	3.559
597.200	209.945	3.559
597.400	209.947	3.559
597.600	209.946	3.559
597.800	209.945	3.559
598.000	209.948	3.559
598.200	209.947	3.559
598.400	209.947	3.559
598.600	209.946	3.559
598.800	209.946	3.559
599.000	209.947	3.559
599.200	209.945	3.559
599.400	209.947	3.559
599.600	209.947	3.560
599.800	209.946	3.559
600.000	209.946	3.560
600.200	209.947	3.560
600.400	209.947	3.560
600.600	209.944	3.560
600.800	209.945	3.559
601.000	209.948	3.560
601.200	209.946	3.560
601.400	209.946	3.560
601.600	209.943	3.560
601.800	209.947	3.560
602.000	209.948	3.560
602.200	209.947	3.560
602.400	209.948	3.560
602.600	209.948	3.560
602.800	209.947	3.560
603.000	209.944	3.560
603.200	209.945	3.560
603.400	209.946	3.560
603.600	209.947	3.560
603.800	209.946	3.560
604.000	209.946	3.560
604.200	209.947	3.560
604.400	209.946	3.560
604.600	209.946	3.560
604.800	209.946	3.560
605.000	209.946	3.560
605.200	209.946	3.560
605.400	209.946	3.560
605.600	209.946	3.560
605.800	209.948	3.560
606.000	209.948	3.560
606.200	209.947	3.560
606.400	209.948	3.560
606.600	209.947	3.560
606.800	209.946	3.560
607.000	209.946	3.560
607.200	209.948	3.560
607.400	209.948	3.560
607.600	209.946	3.560
607.800	209.947	3.560
608.000	209.945	3.560
608.200	209.947	3.560
608.400	209.948	3.560
608.600	209.946	3.560
608.800	209.948	3.560
609.000	209.948	3.560
609.200	209.949	3.560
609.400	209.947	3.560
609.600	209.946	3.560
609.800	209.948	3.560
610.000	209.946	3.560
610.200	209.947	3.560
610.400	209.947	3.560
610.600	209.949	3.560
610.800	209.948	3.560
611.000	209.947	3.560
611.200	209.949	3.560
611.400	209.948	3.560
611.600	209.946	3.560
611.800	209.948	3.560
612.000	209.947	3.560
612.200	209.948	3.560
612.400	209.949	3.560
612.600	209.948	3.560
612.800	209.948	3.560
613.000	209.948	3.560
613.200	209.947	3.560
613.400	209.948	3.560
613.600	209.947	3.560
613.800	209.949	3.560
614.000	209.948	3.560
614.200	209.946	3.560
614.400	209.947	3.560
614.600	209.947	3.560
614.800	209.949	3.560
615.000	209.946	3.560
615.200	209.946	3.560
615.400	209.947	3.560
615.600	209.945	3.560
615.800	209.947	3.560
616.000	209.947	3.560
616.200	209.947	3.560
616.400	209.948	3.560
616.600	209.950	3.560
616.800	209.947	3.560
617.000	209.948	3.560
617.200	209.948	3.560
617.400	209.948	3.560
617.600	209.947	3.560
617.800	209.948	3.560
618.000	209.947	3.560
618.200	209.949	3.560
618.400	209.946	3.560
618.600	209.948	3.560
618.800	209.948	3.560
619.000	209.947	3.560
619.200	209.948	3.560
619.400	209.945	3.560
619.600	209.948	3.560
619.800	209.946	3.560
620.000	209.949	3.560
620.200	209.948	3.560
620.400	209.950	3.560
620.600	209.949	3.560
620.800	209.948	3.560
621.000	209.947	3.560
621.200	209.949	3.560
621.400	209.949	3.560
621.600	209.950	3.560
621.800	209.948	3.560
622.000	209.946	3.560
622.200	209.948	3.560
622.400	209.946	3.560
622.600	209.948	3.560
622.800	209.949	3.560
623.000	209.949	3.560
623.200	209.949	3.560
623.400	209.949	3.560
623.600	209.948	3.560
623.800	209.947	3.560
624.000	209.948	3.560
624.200	209.948	3.560
624.400	209.947	3.560
624.600	209.948	3.560
624.800	209.949	3.560
625.000	209.949	3.560
625.200	209.949	3.560
625.400	209.948	3.560
625.600	209.949	3.560
625.800	209.949	3.560
626.000	209.948	3.560
626.200	209.947	3.560
626.400	209.948	3.560
626.600	209.948	3.560
626.800	209.948	3.560
627.000	209.947	3.560
627.200	209.948	3.560
627.400	209.948	3.560
627.600	209.948	3.560
627.800	209.947	3.560
628.000	209.948	3.560
628.200	209.949	3.560
628.400	209.949	3.560
628.600	209.949	3.560
628.800	209.947	3.560
629.000	209.950	3.560
629.200	209.948	3.560
629.400	209.947	3.560
629.600	209.947	3.560
629.800	209.947	3.560
630.000	209.947	3.560
630.200	209.949	3.560
630.400	209.949	3.560
630.600	209.949	3.560
630.800	209.948	3.560
631.000	209.948	3.560
631.200	209.948	3.560
631.400	209.948	3.560
631.600	209.948	3.560
631.800	209.948	3.560
632.000	209.948	3.560
632.200	209.950	3.560
632.400	209.947	3.560
632.600	209.948	3.560
632.800	209.947	3.560
633.000	209.947	3.560
633.200	209.947	3.560
633.400	209.947	3.560
633.600	209.948	3.560
633.800	209.948	3.560
634.000	209.948	3.560
634.200	209.947	3.560
634.400	209.948	3.560
634.600	209.950	3.560
634.800	209.947	3.560
635.000	209.947	3.560
635.200	209.947	3.560
635.400	209.947	3.560
635.600	209.946	3.560
635.800	209.946	3.561
636.000	209.948	3.560
636.200	209.949	3.561
636.400	209.948	3.561
636.600	209.947	3.561
636.800	209.947	3.561
637.000	209.946	3.561
637.200	209.947	3.561
637.400	209.947	3.561
637.600	209.946	3.561
637.800	209.948	3.561
638.000	209.949	3.561
638.200	209.949	3.561
638.400	209.950	3.561
638.600	209.950	3.561
638.800	209.949	3.561
639.000	209.949	3.561
639.200	209.948	3.561
639.400	209.948	3.561
639.600	209.949	3.561
639.800	209.948	3.561
640.000	209.949	3.561
640.200	209.950	3.561
640.400	209.949	3.561
640.600	209.949	3.561
640.800	209.950	3.561
641.000	209.949	3.561
641.200	209.948	3.561
641.400	209.948	3.561
641.600	209.947	3.561
641.800	209.948	3.561
642.000	209.950	3.561
642.200	209.948	3.561
642.400	209.950	3.561
642.600	209.950	3.561
642.800	209.948	3.561
643.000	209.949	3.561
643.200	209.948	3.561
643.400	209.949	3.561
643.600	209.951	3.561
643.800	209.949	3.561
644.000	209.950	3.561
644.200	209.950	3.561
644.400	209.950	3.561
644.600	209.948	3.561
644.800	209.949	3.561
645.000	209.948	3.561
645.200	209.948	3.561
645.400	209.950	3.561
645.600	209.950	3.561
645.800	209.949	3.561
646.000	209.947	3.561
646.200	209.948	3.561
646.400	209.950	3.561
646.600	209.950	3.561
646.800	209.950	3.561
647.000	209.950	3.561
647.200	209.950	3.561
647.400	209.948	3.561
647.600	209.949	3.561
647.800	209.948	3.561
648.000	209.948	3.561
648.200	209.948	3.561
648.400	209.948	3.561
648.600	209.948	3.561
648.800	209.949	3.561
649.000	209.946	3.561
649.200	209.946	3.561
649.400	209.947	3.561
649.600	209.947	3.561
649.800	209.948	3.561
650.000	209.949	3.561
650.200	209.947	3.561
650.400	209.947	3.561
650.600	209.948	3.561
650.800	209.948	3.561
651.000	209.949	3.561
651.200	209.949	3.561
651.400	209.950	3.561
651.600	209.949	3.561
651.800	209.950	3.561
652.000	209.950	3.561
652.200	209.946	3.561
652.400	209.948	3.561
652.600	209.949	3.561
652.800	209.948	3.561
653.000	209.949	3.561
653.200	209.951	3.561
653.400	209.949	3.561
653.600	209.948	3.561
653.800	209.948	3.561
654.000	209.946	3.561
654.200	209.946	3.561
654.400	209.946	3.561
654.600	209.948	3.561
654.800	209.946	3.561
655.000	209.948	3.561
655.200	209.948	3.561
655.400	209.949	3.561
655.600	209.948	3.561
655.800	209.948	3.561
656.000	209.949	3.561
656.200	209.947	3.561
656.400	209.948	3.561
656.600	209.947	3.561
656.800	209.948	3.561
657.000	209.949	3.561
657.200	209.948	3.561
657.400	209.947	3.561
657.600	209.949	3.561
657.800	209.949	3.561
658.000	209.948	3.561
658.200	209.948	3.561
658.400	209.947	3.561
658.600	209.949	3.561
658.800	209.947	3.561
659.000	209.946	3.561
659.200	209.946	3.561
659.400	209.946	3.561
659.600	209.946	3.561
659.800	209.949	3.561
660.000	209.949	3.561
660.200	209.948	3.561
660.400	209.949	3.561
660.600	209.947	3.561
660.800	209.947	3.561
661.000	209.947	3.561
661.200	209.947	3.561
661.400	209.948	3.561
661.600	209.947	3.561
661.800	209.947	3.561
662.000	209.947	3.561
662.200	209.948	3.561
662.400	209.946	3.561
662.600	209.946	3.561
662.800	209.947	3.561
663.000	209.945	3.561
663.200	209.946	3.561
663.400	209.947	3.561
663.600	209.948	3.561
663.800	209.947	3.561
664.000	209.950	3.561
664.200	209.948	3.561
664.400	209.947	3.561
664.600	209.948	3.561
664.800	209.949	3.561
665.000	209.949	3.561
665.200	209.949	3.561
665.400	209.950	3.561
665.600	209.947	3.561
665.800	209.948	3.561
666.000	209.949	3.561
666.200	209.948	3.561
666.400	209.949	3.561
666.600	209.948	3.561
666.800	209.949	3.561
667.000	209.947	3.561
667.200	209.948	3.561
667.400	209.948	3.561
667.600	209.949	3.561
667.800	209.948	3.561
668.000	209.950	3.561
668.200	209.950	3.561
668.400	209.950	3.561
668.600	209.949	3.561
668.800	209.951	3.561
669.000	209.949	3.561
669.200	209.947	3.561
669.400	209.947	3.561
669.600	209.948	3.561
669.800	209.947	3.561
670.000	209.947	3.561
670.200	209.949	3.561
670.400	209.948	3.561
670.600	209.946	3.561
670.800	209.946	3.561
671.000	209.948	3.561
671.200	209.946	3.561
671.400	209.946	3.561
671.600	209.947	3.561
671.800	209.948	3.561
672.000	209.947	3.561
672.200	209.948	3.561
672.400	209.946	3.561
672.600	209.947	3.561
672.800	209.946	3.561
673.000	209.945	3.561
673.200	209.948	3.561
673.400	209.948	3.561
673.600	209.947	3.561
673.800	209.948	3.561
674.000	209.947	3.561
674.200	209.947	3.561
674.400	209.946	3.561
674.600	209.947	3.561
674.800	209.947	3.561
675.000	209.945	3.561
675.200	209.946	3.561
675.400	209.946	3.561
675.600	209.947	3.561
675.800	209.948	3.561
676.000	209.946	3.561
676.200	209.948	3.562
676.400	209.945	3.561
676.600	209.946	3.562
676.800	209.946	3.562
677.000	209.946	3.562
677.200	209.947	3.562
677.400	209.946	3.562
677.600	209.947	3.562
677.800	209.946	3.562
678.000	209.947	3.562
678.200	209.947	3.562
678.400	209.948	3.562
678.600	209.948	3.562
678.800	209.948	3.562
679.000	209.948	3.562
679.200	209.947	3.562
679.400	209.947	3.562
679.600	209.946	3.562
679.800	209.946	3.562
680.000	209.946	3.562
680.200	209.946	3.562
680.400	209.947	3.562
680.600	209.946	3.562
680.800	209.944	3.562
681.000	209.946	3.562
681.200	209.947	3.562
681.400	209.947	3.562
681.600	209.947	3.562
681.800	209.948	3.562
682.000	209.945	3.562
682.200	209.947	3.562
682.400	209.947	3.562
682.600	209.948	3.562
682.800	209.948	3.562
683.000	209.948	3.562
683.200	209.947	3.562
683.400	209.947	3.562
683.600	209.947	3.562
683.800	209.947	3.562
684.000	209.944	3.562
684.200	209.946	3.562
684.400	209.947	3.562
684.600	209.946	3.562
684.800	209.945	3.562
685.000	209.947	3.562
685.200	209.947	3.562
685.400	209.945	3.562
685.600	209.945	3.562
685.800	209.945	3.562
686.000	209.947	3.562
686.200	209.947	3.562
686.400	209.946	3.562
686.600	209.947	3.562
686.800	209.946	3.562
687.000	209.947	3.562
687.200	209.947	3.562
687.400	209.946	3.562
687.600	209.948	3.562
687.800	209.948	3.562
688.000	209.947	3.562
688.200	209.947	3.562
688.400	209.947	3.562
688.600	209.948	3.562
688.800	209.946	3.562
689.000	209.946	3.562
689.200	209.947	3.562
689.400	209.949	3.562
689.600	209.947	3.562
689.800	209.947	3.562
690.000	209.948	3.562
690.200	209.947	3.562
690.400	209.948	3.562
690.600	209.948	3.562
690.800	209.947	3.562
691.000	209.948	3.562
691.200	209.949	3.562
691.400	209.947	3.562
691.600	209.948	3.562
691.800	209.946	3.562
692.000	209.948	3.562
692.200	209.946	3.562
692.400	209.947	3.562
692.600	209.949	3.562
692.800	209.949	3.562
693.000	209.947	3.562
693.200	209.947	3.562
693.400	209.946	3.562
693.600	209.946	3.562
693.800	209.945	3.562
694.000	209.947	3.562
694.200	209.948	3.562
694.400	209.948	3.562
694.600	209.948	3.562
694.800	209.949	3.562
695.000	209.947	3.562
695.200	209.947	3.562
695.400	209.946	3.562
695.600	209.946	3.562
695.800	209.946	3.562
696.000	209.947	3.562
696.200	209.946	3.562
696.400	209.945	3.562
696.600	209.945	3.562
696.800	209.946	3.562
697.000	209.945	3.562
697.200	209.948	3.562
697.400	209.947	3.562
697.600	209.948	3.562
697.800	209.947	3.562
698.000	209.947	3.562
698.200	209.948	3.562
698.400	209.950	3.562
698.600	209.947	3.562
698.800	209.947	3.562
699.000	209.948	3.562
699.200	209.949	3.562
699.400	209.948	3.562
699.600	209.947	3.562
699.800	209.948	3.562
700.000	209.947	3.562
700.200	209.946	3.562
700.400	209.947	3.562
700.600	209.948	3.562
700.800	209.948	3.562
701.000	209.948	3.562
701.200	209.948	3.562
701.400	209.947	3.562
701.600	209.948	3.562
701.800	209.948	3.562
702.000	209.948	3.562
702.200	209.948	3.562
702.400	209.948	3.562
702.600	209.946	3.562
702.800	209.948	3.562
703.000	209.946	3.562
703.200	209.948	3.562
703.400	209.948	3.562
703.600	209.947	3.562
703.800	209.949	3.562
704.000	209.947	3.562
704.200	209.947	3.562
704.400	209.946	3.562
704.600	209.948	3.562
704.800	209.948	3.562
705.000	209.948	3.562
705.200	209.949	3.562
705.400	209.949	3.562
705.600	209.947	3.562
705.800	209.948	3.562
706.000	209.947	3.562
706.200	209.947	3.562
706.400	209.949	3.562
706.600	209.947	3.562
706.800	209.948	3.562
707.000	209.948	3.562
707.200	209.948	3.562
707.400	209.947	3.562
707.600	209.949	3.562
707.800	209.948	3.562
708.000	209.949	3.562
708.200	209.947	3.562
708.400	209.948	3.562
708.600	209.949	3.562
708.800	209.950	3.562
709.000	209.950	3.562
709.200	209.950	3.562
709.400	209.949	3.562
709.600	209.950	3.562
709.800	209.950	3.562
710.000	209.948	3.562
710.200	209.949	3.562
710.400	209.949	3.562
710.600	209.950	3.562
710.800	209.948	3.562
711.000	209.949	3.562
711.200	209.947	3.562
711.400	209.949	3.562
711.600	209.948	3.562
711.800	209.947	3.562
712.000	209.949	3.562
712.200	209.949	3.562
712.400	209.949	3.562
712.600	209.949	3.562
712.800	209.949	3.562
713.000	209.949	3.562
713.200	209.948	3.562
713.400	209.949	3.562
713.600	209.948	3.562
713.800	209.947	3.562
714.000	209.947	3.562
714.200	209.947	3.562
714.400	209.946	3.562
714.600	209.948	3.562
714.800	209.948	3.562
715.000	209.948	3.562
715.200	209.949	3.562
715.400	209.950	3.562
715.600	209.950	3.562
715.800	209.948	3.562
716.000	209.949	3.562
716.200	209.950	3.562
716.400	209.949	3.562
716.600	209.948	3.562
716.800	209.948	3.562
717.000	209.948	3.562
717.200	209.947	3.562
717.400	209.947	3.562
717.600	209.949	3.563
717.800	209.948	3.563
718.000	209.948	3.562
718.200	209.949	3.563
718.400	209.948	3.563
718.600	209.948	3.563
718.800	209.947	3.563
719.000	209.949	3.563
719.200	209.948	3.563
719.400	209.948	3.563
719.600	209.948	3.563
719.800	209.949	3.563
720.000	209.949	3.563
720.200	209.947	3.563
720.400	209.948	3.563
720.600	209.948	3.563
720.800	209.948	3.563
721.000	209.947	3.563
721.200	209.948	3.563
721.400	209.949	3.563
721.600	209.949	3.563
721.800	209.948	3.563
722.000	209.949	3.563
722.200	209.947	3.563
722.400	209.948	3.563
722.600	209.948	3.563
722.800	209.947	3.563
723.000	209.949	3.563
723.200	209.949	3.563
723.400	209.947	3.563
723.600	209.950	3.563
723.800	209.948	3.563
724.000	209.947	3.563
724.200	209.946	3.563
724.400	209.948	3.563
724.600	209.948	3.563
724.800	209.949	3.563
725.000	209.948	3.563
725.200	209.947	3.563
725.400	209.947	3.563
725.600	209.947	3.563
725.800	209.945	3.563
726.000	209.946	3.563
726.200	209.946	3.563
726.400	209.947	3.563
726.600	209.946	3.563
726.800	209.947	3.563
727.000	209.948	3.563
727.200	209.948	3.563
727.400	209.948	3.563
727.600	209.949	3.563
727.800	209.948	3.563
728.000	209.948	3.563
728.200	209.947	3.563
728.400	209.949	3.563
728.600	209.948	3.563
728.800	209.947	3.563
729.000	209.947	3.563
729.200	209.947	3.563
729.400	209.946	3.563
729.600	209.947	3.563
729.800	209.946	3.563
730.000	209.945	3.563
730.200	209.948	3.563
730.400	209.949	3.563
730.600	209.948	3.563
730.800	209.945	3.563
731.000	209.947	3.563
731.200	209.945	3.563
731.400	209.948	3.563
731.600	209.946	3.563
731.800	209.948	3.563
732.000	209.949	3.563
732.200	209.950	3.563
732.400	209.951	3.563
732.600	209.950	3.563
732.800	209.950	3.563
733.000	209.948	3.563
733.200	209.950	3.563
733.400	209.948	3.563
733.600	209.949	3.563
733.800	209.947	3.563
734.000	209.949	3.563
734.200	209.949	3.563
734.400	209.947	3.563
734.600	209.948	3.563
734.800	209.947	3.563
735.000	209.948	3.563
735.200	209.947	3.563
735.400	209.947	3.563
735.600	209.948	3.563
735.800	209.947	3.563
736.000	209.947	3.563
736.200	209.947	3.563
736.400	209.947	3.563
736.600	209.946	3.563
736.800	209.946	3.563
737.000	209.946	3.563
737.200	209.948	3.563
737.400	209.946	3.563
737.600	209.945	3.563
737.800	209.944	3.563
738.000	209.946	3.563
738.200	209.947	3.563
738.400	209.946	3.563
738.600	209.946	3.563
738.800	209.948	3.563
739.000	209.946	3.563
739.200	209.947	3.563
739.400	209.947	3.563
739.600	209.946	3.563
739.800	209.946	3.563
740.000	209.947	3.563
740.200	209.947	3.563
740.400	209.947	3.563
740.600	209.947	3.563
740.800	209.946	3.563
741.000	209.946	3.563
741.200	209.945	3.563
741.400	209.948	3.563
741.600	209.946	3.563
741.800	209.946	3.563
742.000	209.946	3.563
742.200	209.948	3.563
742.400	209.947	3.563
742.600	209.947	3.563
742.800	209.948	3.563
743.000	209.947	3.563
743.200	209.948	3.563
743.400	209.948	3.563
743.600	209.949	3.563
743.800	209.949	3.563
744.000	209.949	3.563
744.200	209.950	3.563
744.400	209.948	3.563
744.600	209.948	3.563
744.800	209.947	3.563
745.000	209.949	3.563
745.200	209.948	3.563
745.400	209.946	3.563
745.600	209.948	3.563
745.800	209.948	3.563
746.000	209.948	3.563
746.200	209.947	3.563
746.400	209.947	3.563
746.600	209.948	3.563
746.800	209.947	3.563
747.000	209.947	3.563
747.200	209.946	3.563
747.400	209.946	3.563
747.600	209.946	3.563
747.800	209.944	3.563
748.000	209.948	3.563
748.200	209.947	3.563
748.400	209.944	3.563
748.600	209.945	3.563
748.800	209.946	3.563
749.000	209.948	3.563
749.200	209.947	3.563
749.400	209.947	3.563
749.600	209.948	3.563
749.800	209.946	3.563
750.000	209.945	3.563
750.200	209.946	3.563
750.400	209.948	3.563
750.600	209.946	3.563
750.800	209.947	3.563
751.000	209.947	3.563
751.200	209.945	3.563
751.400	209.947	3.563
751.600	209.946	3.563
751.800	209.945	3.563
752.000	209.947	3.563
752.200	209.945	3.563
752.400	209.947	3.563
752.600	209.946	3.563
752.800	209.945	3.563
753.000	209.945	3.563
753.200	209.945	3.563
753.400	209.947	3.563
753.600	209.946	3.563
753.800	209.946	3.563
754.000	209.945	3.563
754.200	209.947	3.563
754.400	209.945	3.564
754.600	209.946	3.563
754.800	209.948	3.563
755.000	209.946	3.564
755.200	209.946	3.563
755.400	209.946	3.564
755.600	209.946	3.564
755.800	209.945	3.564
756.000	209.946	3.564
756.200	209.947	3.564
756.400	209.945	3.564
756.600	209.946	3.564
756.800	209.945	3.564
757.000	209.946	3.564
757.200	209.947	3.564
757.400	209.946	3.564
757.600	209.946	3.564
757.800	209.945	3.564
758.000	209.946	3.564
758.200	209.946	3.564
758.400	209.945	3.564
758.600	209.944	3.564
758.800	209.945	3.564
759.000	209.943	3.564
759.200	209.945	3.564
759.400	209.945	3.564
759.600	209.946	3.564
759.800	209.945	3.564
760.000	209.945	3.564
760.200	209.946	3.564
760.400	209.946	3.564
760.600	209.946	3.564
760.800	209.945	3.564
761.000	209.946	3.564
761.200	209.946	3.564
761.400	209.947	3.564
761.600	209.947	3.564
761.800	209.946	3.564
762.000	209.946	3.564
762.200	209.945	3.564
762.400	209.946	3.564
762.600	209.947	3.564
762.800	209.945	3.564
763.000	209.945	3.564
763.200	209.947	3.564
763.400	209.946	3.564
763.600	209.947	3.564
763.800	209.945	3.564
764.000	209.947	3.564
764.200	209.945	3.564
764.400	209.945	3.564
764.600	209.948	3.564
764.800	209.945	3.564
765.000	209.946	3.564
765.200	209.946	3.564
765.400	209.946	3.564
765.600	209.946	3.564
765.800	209.947	3.564
766.000	209.948	3.564
766.200	209.948	3.564
766.400	209.948	3.564
766.600	209.947	3.564
766.800	209.949	3.564
767.000	209.949	3.564
767.200	209.949	3.564
767.400	209.948	3.564
767.600	209.946	3.564
767.800	209.947	3.564
768.000	209.946	3.564
768.200	209.947	3.564
768.400	209.945	3.564
768.600	209.946	3.564
768.800	209.945	3.564
769.000	209.945	3.564
769.200	209.945	3.564
769.400	209.947	3.564
769.600	209.946	3.564
769.800	209.948	3.564
770.000	209.947	3.564
770.200	209.946	3.564
770.400	209.945	3.564
770.600	209.945	3.564
770.800	209.946	3.564
771.000	209.946	3.564
771.200	209.945	3.564
771.400	209.945	3.564
771.600	209.945	3.564
771.800	209.946	3.564
772.000	209.946	3.564
772.200	209.945	3.564
772.400	209.946	3.564
772.600	209.946	3.564
772.800	209.945	3.564
773.000	209.945	3.564
773.200	209.946	3.564
773.400	209.946	3.564
773.600	209.946	3.564
773.800	209.946	3.564
774.000	209.946	3.564
774.200	209.947	3.564
774.400	209.946	3.564
774.600	209.947	3.564
774.800	209.947	3.564
775.000	209.947	3.564
775.200	209.946	3.564
775.400	209.946	3.564
775.600	209.948	3.564
775.800	209.946	3.564
776.000	209.945	3.564
776.200	209.946	3.564
776.400	209.947	3.564
776.600	209.946	3.564
776.800	209.946	3.564
777.000	209.947	3.564
777.200	209.947	3.564
777.400	209.947	3.564
777.600	209.946	3.564
777.800	209.946	3.564
778.000	209.945	3.564
778.200	209.945	3.564
778.400	209.947	3.564
778.600	209.947	3.564
778.800	209.946	3.564
779.000	209.946	3.564
779.200	209.946	3.564
779.400	209.946	3.564
779.600	209.946	3.564
779.800	209.947	3.564
780.000	209.946	3.564
780.200	209.946	3.564
780.400	209.947	3.564
780.600	209.947	3.564
780.800	209.949	3.564
781.000	209.949	3.564
781.200	209.948	3.564
781.400	209.948	3.564
781.600	209.947	3.564
781.800	209.947	3.564
782.000	209.947	3.564
782.200	209.945	3.564
782.400	209.948	3.564
782.600	209.948	3.564
782.800	209.949	3.564
783.000	209.946	3.564
783.200	209.948	3.564
783.400	209.947	3.564
783.600	209.949	3.564
783.800	209.948	3.564
784.000	209.947	3.564
784.200	209.949	3.564
784.400	209.949	3.564
784.600	209.946	3.564
784.800	209.948	3.564
785.000	209.947	3.564
785.200	209.948	3.564
785.400	209.946	3.564
785.600	209.947	3.564
785.800	209.947	3.564
786.000	209.948	3.564
786.200	209.946	3.564
786.400	209.949	3.564
786.600	209.948	3.564
786.800	209.949	3.564
787.000	209.947	3.564
787.200	209.948	3.564
787.400	209.947	3.564
787.600	209.947	3.564
787.800	209.948	3.564
788.000	209.949	3.564
788.200	209.947	3.564
788.400	209.947	3.564
788.600	209.948	3.564
788.800	209.949	3.564
789.000	209.948	3.564
789.200	209.949	3.564
789.400	209.948	3.564
789.600	209.948	3.564
789.800	209.947	3.564
790.000	209.947	3.564
790.200	209.947	3.564
790.400	209.947	3.564
790.600	209.948	3.564
790.800	209.949	3.564
791.000	209.947	3.564
791.200	209.947	3.565
791.400	209.950	3.565
791.600	209.948	3.565
791.800	209.949	3.565
792.000	209.948	3.565
792.200	209.949	3.565
792.400	209.948	3.565
792.600	209.948	3.565
792.800	209.950	3.565
793.000	209.949	3.565
793.200	209.949	3.565
793.400	209.948	3.565
793.600	209.950	3.565
793.800	209.947	3.565
794.000	209.948	3.565
794.200	209.948	3.565
794.400	209.947	3.565
794.600	209.947	3.565
794.800	209.948	3.565
795.000	209.949	3.565
795.200	209.947	3.565
795.400	209.949	3.565
795.600	209.949	3.565
795.800	209.947	3.565
796.000	209.949	3.565
796.200	209.947	3.565
796.400	209.949	3.565
796.600	209.949	3.565
796.800	209.948	3.565
797.000	209.948	3.565
797.200	209.947	3.565
797.400	209.947	3.565
797.600	209.948	3.565
797.800	209.950	3.565
798.000	209.949	3.565
798.200	209.947	3.565
798.400	209.947	3.565
798.600	209.946	3.565
798.800	209.946	3.565
799.000	209.948	3.565
799.200	209.947	3.565
799.400	209.948	3.565
799.600	209.949	3.565
799.800	209.948	3.565
800.000	209.949	3.565
800.200	209.949	3.565
800.400	209.948	3.565
800.600	209.947	3.565
800.800	209.949	3.565
801.000	209.946	3.565
801.200	209.948	3.565
801.400	209.947	3.565
801.600	209.948	3.565
801.800	209.948	3.565
802.000	209.948	3.565
802.200	209.949	3.565
802.400	209.948	3.565
802.600	209.947	3.565
802.800	209.947	3.565
803.000	209.946	3.565
803.200	209.947	3.565
803.400	209.946	3.565
803.600	209.946	3.565
803.800	209.948	3.565
804.000	209.949	3.565
804.200	209.949	3.565
804.400	209.947	3.565
804.600	209.947	3.565
804.800	209.950	3.565
805.000	209.949	3.565
805.200	209.947	3.565
805.400	209.949	3.565
805.600	209.947	3.565
805.800	209.948	3.565
806.000	209.948	3.565
806.200	209.948	3.565
806.400	209.950	3.565
806.600	209.948	3.565
806.800	209.948	3.565
807.000	209.949	3.565
807.200	209.950	3.565
807.400	209.947	3.565
807.600	209.950	3.565
807.800	209.949	3.565
808.000	209.948	3.565
808.200	209.948	3.565
808.400	209.947	3.565
808.600	209.947	3.565
808.800	209.948	3.565
809.000	209.949	3.565
809.200	209.947	3.565
809.400	209.947	3.565
809.600	209.949	3.565
809.800	209.949	3.565
810.000	209.949	3.565
810.200	209.948	3.565
810.400	209.946	3.565
810.600	209.947	3.565
810.800	209.947	3.565
811.000	209.950	3.565
811.200	209.951	3.565
811.400	209.948	3.565
811.600	209.950	3.565
811.800	209.948	3.565
812.000	209.948	3.565
812.200	209.948	3.565
812.400	209.948	3.565
812.600	209.949	3.565
812.800	209.948	3.565
813.000	209.949	3.565
813.200	209.949	3.565
813.400	209.949	3.565
813.600	209.947	3.565
813.800	209.949	3.565
814.000	209.949	3.565
814.200	209.949	3.565
814.400	209.949	3.565
814.600	209.949	3.565
814.800	209.948	3.565
815.000	209.949	3.565
815.200	209.949	3.565
815.400	209.947	3.565
815.600	209.949	3.565
815.800	209.948	3.565
816.000	209.949	3.565
816.200	209.949	3.565
816.400	209.950	3.565
816.600	209.950	3.565
816.800	209.951	3.565
817.000	209.951	3.565
817.200	209.951	3.565
817.400	209.951	3.565
817.600	209.951	3.565
817.800	209.951	3.565
818.000	209.950	3.565
818.200	209.950	3.565
818.400	209.949	3.565
818.600	209.950	3.565
818.800	209.951	3.565
819.000	209.950	3.565
819.200	209.951	3.565
819.400	209.950	3.565
819.600	209.950	3.565
819.800	209.950	3.565
820.000	209.951	3.565
820.200	209.950	3.565
820.400	209.952	3.565
820.600	209.951	3.565
820.800	209.950	3.565
821.000	209.950	3.565
821.200	209.951	3.565
821.400	209.952	3.565
821.600	209.949	3.565
821.800	209.952	3.565
822.000	209.950	3.565
822.200	209.953	3.565
822.400	209.950	3.565
822.600	209.951	3.565
822.800	209.951	3.565
823.000	209.952	3.565
823.200	209.952	3.565
823.400	209.950	3.565
823.600	209.952	3.565
823.800	209.949	3.565
824.000	209.950	3.565
824.200	209.950	3.565
824.400	209.951	3.565
824.600	209.950	3.565
824.800	209.950	3.565
825.000	209.951	3.565
825.200	209.951	3.565
825.400	209.953	3.565
825.600	209.951	3.565
825.800	209.952	3.565
826.000	209.952	3.565
826.200	209.952	3.565
826.400	209.951	3.565
826.600	209.951	3.565
826.800	209.950	3.565
827.000	209.951	3.565
827.200	209.950	3.565
827.400	209.950	3.565
827.600	209.951	3.565
827.800	209.949	3.565
828.000	209.949	3.565
828.200	209.951	3.565
828.400	209.951	3.565
828.600	209.950	3.565
828.800	209.951	3.565
829.000	209.951	3.565
829.200	209.952	3.565
829.400	209.951	3.565
829.600	209.950	3.565
829.800	209.949	3.565
830.000	209.950	3.565
830.200	209.949	3.566
830.400	209.949	3.565
830.600	209.950	3.566
830.800	209.950	3.565
831.000	209.949	3.565
831.200	209.949	3.566
831.400	209.950	3.566
831.600	209.950	3.566
831.800	209.952	3.566
832.000	209.951	3.566
832.200	209.951	3.566
832.400	209.949	3.566
832.600	209.949	3.566
832.800	209.950	3.566
833.000	209.951	3.566
833.200	209.951	3.566
833.400	209.949	3.566
833.600	209.948	3.566
833.800	209.950	3.566
834.000	209.951	3.566
834.200	209.950	3.566
834.400	209.949	3.566
834.600	209.950	3.566
834.800	209.947	3.566
835.000	209.947	3.566
835.200	209.950	3.566
835.400	209.949	3.566
835.600	209.949	3.566
835.800	209.950	3.566
836.000	209.949	3.566
836.200	209.950	3.566
836.400	209.951	3.566
836.600	209.952	3.566
836.800	209.949	3.566
837.000	209.950	3.566
837.200	209.950	3.566
837.400	209.950	3.566
837.600	209.951	3.566
837.800	209.949	3.566
838.000	209.948	3.566
838.200	209.951	3.566
838.400	209.951	3.566
838.600	209.950	3.566
838.800	209.950	3.566
839.000	209.949	3.566
839.200	209.950	3.566
839.400	209.950	3.566
839.600	209.950	3.566
839.800	209.949	3.566
840.000	209.948	3.566
840.200	209.948	3.566
840.400	209.949	3.566
840.600	209.949	3.566
840.800	209.950	3.566
841.000	209.949	3.566
841.200	209.949	3.566
841.400	209.951	3.566
841.600	209.950	3.566
841.800	209.952	3.566
842.000	209.950	3.566
842.200	209.951	3.566
842.400	209.950	3.566
842.600	209.949	3.566
842.800	209.951	3.566
843.000	209.950	3.566
843.200	209.949	3.566
843.400	209.950	3.566
843.600	209.949	3.566
843.800	209.948	3.566
844.000	209.947	3.566
844.200	209.948	3.566
844.400	209.948	3.566
844.600	209.949	3.566
844.800	209.948	3.566
845.000	209.948	3.566
845.200	209.949	3.566
845.400	209.948	3.566
845.600	209.949	3.566
845.800	209.948	3.566
846.000	209.948	3.566
846.200	209.948	3.566
846.400	209.947	3.566
846.600	209.948	3.566
846.800	209.950	3.566
847.000	209.950	3.566
847.200	209.950	3.566
847.400	209.950	3.566
847.600	209.949	3.566
847.800	209.947	3.566
848.000	209.949	3.566
848.200	209.948	3.566
848.400	209.948	3.566
848.600	209.948	3.566
848.800	209.948	3.566
849.000	209.950	3.566
849.200	209.946	3.566
849.400	209.946	3.566
849.600	209.947	3.566
849.800	209.947	3.566
850.000	209.950	3.566
850.200	209.948	3.566
850.400	209.949	3.566
850.600	209.949	3.566
850.800	209.946	3.566
851.000	209.948	3.566
851.200	209.949	3.566
851.400	209.949	3.566
851.600	209.950	3.566
851.800	209.949	3.566
852.000	209.948	3.566
852.200	209.950	3.566
852.400	209.950	3.566
852.600	209.948	3.566
852.800	209.948	3.566
853.000	209.949	3.566
853.200	209.946	3.566
853.400	209.946	3.566
853.600	209.947	3.566
853.800	209.946	3.566
854.000	209.948	3.566
854.200	209.947	3.566
854.400	209.948	3.566
854.600	209.949	3.566
854.800	209.948	3.566
855.000	209.949	3.566
855.200	209.947	3.566
855.400	209.948	3.566
855.600	209.949	3.566
855.800	209.950	3.566
856.000	209.949	3.566
856.200	209.948	3.566
856.400	209.948	3.566
856.600	209.950	3.566
856.800	209.950	3.566
857.000	209.949	3.566
857.200	209.950	3.566
857.400	209.949	3.566
857.600	209.948	3.566
857.800	209.951	3.566
858.000	209.951	3.566
858.200	209.950	3.566
858.400	209.950	3.566
858.600	209.952	3.566
858.800	209.950	3.566
859.000	209.950	3.566
859.200	209.948	3.566
859.400	209.948	3.566
859.600	209.949	3.566
859.800	209.950	3.566
860.000	209.949	3.566
860.200	209.950	3.566
860.400	209.949	3.566
860.600	209.951	3.566
860.800	209.950	3.566
861.000	209.950	3.566
861.200	209.949	3.566
861.400	209.949	3.566
861.600	209.947	3.566
861.800	209.948	3.566
862.000	209.947	3.566
862.200	209.948	3.566
862.400	209.948	3.566
862.600	209.948	3.566
862.800	209.948	3.566
863.000	209.947	3.566
863.200	209.948	3.566
863.400	209.947	3.566
863.600	209.948	3.566
863.800	209.950	3.566
864.000	209.948	3.566
864.200	209.948	3.566
864.400	209.947	3.566
864.600	209.946	3.566
864.800	209.946	3.566
865.000	209.947	3.566
865.200	209.947	3.566
865.400	209.946	3.566
865.600	209.948	3.566
865.800	209.947	3.566
866.000	209.947	3.566
866.200	209.947	3.566
866.400	209.948	3.566
866.600	209.947	3.566
866.800	209.947	3.567
867.000	209.948	3.567
867.200	209.946	3.567
867.400	209.947	3.567
867.600	209.947	3.567
867.800	209.948	3.567
868.000	209.950	3.567
868.200	209.948	3.567
868.400	209.950	3.567
868.600	209.948	3.567
868.800	209.949	3.567
869.000	209.950	3.567
869.200	209.951	3.567
869.400	209.950	3.567
869.600	209.950	3.567
869.800	209.950	3.567
870.000	209.948	3.567
870.200	209.948	3.567
870.400	209.948	3.567
870.600	209.947	3.567
870.800	209.948	3.567
871.000	209.949	3.567
871.200	209.947	3.567
871.400	209.949	3.567
871.600	209.949	3.567
871.800	209.950	3.567
872.000	209.950	3.567
872.200	209.951	3.567
872.400	209.948	3.567
872.600	209.950	3.567
872.800	209.950	3.567
873.000	209.949	3.567
873.200	209.948	3.567
873.400	209.948	3.567
873.600	209.947	3.567
873.800	209.948	3.567
874.000	209.950	3.567
874.200	209.949	3.567
874.400	209.949	3.567
874.600	209.948	3.567
874.800	209.949	3.567
875.000	209.948	3.567
875.200	209.948	3.567
875.400	209.947	3.567
875.600	209.949	3.567
875.800	209.948	3.567
876.000	209.948	3.567
876.200	209.948	3.567
876.400	209.949	3.567
876.600	209.948	3.567
876.800	209.950	3.567
877.000	209.949	3.567
877.200	209.950	3.567
877.400	209.948	3.567
877.600	209.948	3.567
877.800	209.947	3.567
878.000	209.947	3.567
878.200	209.947	3.567
878.400	209.946	3.567
878.600	209.947	3.567
878.800	209.945	3.567
879.000	209.946	3.567
879.200	209.946	3.567
879.400	209.946	3.567
879.600	209.947	3.567
879.800	209.946	3.567
880.000	209.948	3.567
880.200	209.949	3.567
880.400	209.948	3.567
880.600	209.949	3.567
880.800	209.949	3.567
881.000	209.948	3.567
881.200	209.949	3.567
881.400	209.948	3.567
881.600	209.948	3.567
881.800	209.947	3.567
882.000	209.949	3.567
882.200	209.948	3.567
882.400	209.947	3.567
882.600	209.947	3.567
882.800	209.947	3.567
883.000	209.948	3.567
883.200	209.948	3.567
883.400	209.948	3.567
883.600	209.948	3.567
883.800	209.946	3.567
884.000	209.948	3.567
884.200	209.948	3.567
884.400	209.948	3.567
884.600	209.949	3.567
884.800	209.949	3.567
885.000	209.949	3.567
885.200	209.948	3.567
885.400	209.948	3.567
885.600	209.947	3.567
885.800	209.947	3.567
886.000	209.946	3.567
886.200	209.948	3.567
886.400	209.948	3.567
886.600	209.948	3.567
886.800	209.949	3.567
887.000	209.946	3.567
887.200	209.945	3.567
887.400	209.946	3.567
887.600	209.947	3.567
887.800	209.948	3.567
888.000	209.945	3.567
888.200	209.947	3.567
888.400	209.945	3.567
888.600	209.946	3.567
888.800	209.946	3.567
889.000	209.948	3.567
889.200	209.946	3.567
889.400	209.945	3.567
889.600	209.946	3.567
889.800	209.946	3.567
890.000	209.946	3.567
890.200	209.947	3.567
890.400	209.946	3.567
890.600	209.947	3.567
890.800	209.945	3.567
891.000	209.945	3.567
891.200	209.946	3.567
891.400	209.945	3.567
891.600	209.945	3.567
891.800	209.945	3.567
892.000	209.945	3.567
892.200	209.945	3.567
892.400	209.947	3.567
892.600	209.945	3.567
892.800	209.944	3.567
893.000	209.945	3.567
893.200	209.947	3.567
893.400	209.946	3.567
893.600	209.947	3.567
893.800	209.945	3.567
894.000	209.944	3.567
894.200	209.947	3.567
894.400	209.946	3.567
894.600	209.947	3.567
894.800	209.946	3.567
895.000	209.947	3.567
895.200	209.946	3.567
895.400	209.946	3.567
895.600	209.945	3.567
895.800	209.946	3.567
896.000	209.949	3.567
896.200	209.947	3.567
896.400	209.947	3.567
896.600	209.947	3.567
896.800	209.946	3.567
897.000	209.946	3.567
897.200	209.947	3.567
897.400	209.947	3.567
897.600	209.946	3.567
897.800	209.946	3.567
898.000	209.946	3.567
898.200	209.947	3.567
898.400	209.947	3.567
898.600	209.947	3.567
898.800	209.946	3.567
899.000	209.946	3.567
899.200	209.945	3.567
899.400	209.944	3.567
899.600	209.945	3.567
899.800	209.946	3.567
900.000	209.946	3.567
900.200	209.948	3.567
900.400	209.948	3.567
900.600	209.948	3.567
900.800	209.947	3.567
901.000	209.946	3.567
901.200	209.949	3.567
901.400	209.948	3.567
901.600	209.948	3.567
901.800	209.948	3.567
902.000	209.948	3.567
902.200	209.946	3.567
902.400	209.947	3.567
902.600	209.948	3.567
902.800	209.947	3.567
903.000	209.947	3.567
903.200	209.948	3.567
903.400	209.949	3.567
903.600	209.947	3.567
903.800	209.947	3.567
904.000	209.947	3.567
904.200	209.946	3.567
904.400	209.946	3.567
904.600	209.945	3.567
904.800	209.945	3.567
905.000	209.946	3.567
905.200	209.947	3.567
905.400	209.946	3.567
905.600	209.949	3.567
905.800	209.947	3.567
906.000	209.943	3.567
906.200	209.945	3.568
906.400	209.945	3.568
906.600	209.945	3.568
906.800	209.944	3.568
907.000	209.946	3.568
907.200	209.945	3.568
907.400	209.944	3.568
907.600	209.944	3.568
907.800	209.944	3.568
908.000	209.944	3.568
908.200	209.945	3.568
908.400	209.946	3.568
908.600	209.947	3.568
908.800	209.945	3.568
909.000	209.947	3.568
909.200	209.947	3.568
909.400	209.945	3.568
909.600	209.946	3.568
909.800	209.946	3.568
910.000	209.947	3.568
910.200	209.947	3.568
910.400	209.946	3.568
910.600	209.947	3.568
910.800	209.946	3.568
911.000	209.947	3.568
911.200	209.946	3.568
911.400	209.947	3.568
911.600	209.947	3.568
911.800	209.947	3.568
912.000	209.947	3.568
912.200	209.947	3.568
912.400	209.946	3.568
912.600	209.947	3.568
912.800	209.947	3.568
913.000	209.946	3.568
913.200	209.946	3.568
913.400	209.947	3.568
913.600	209.947	3.568
913.800	209.949	3.568
914.000	209.947	3.568
914.200	209.946	3.568
914.400	209.948	3.568
914.600	209.948	3.568
914.800	209.946	3.568
915.000	209.946	3.568
915.200	209.945	3.568
915.400	209.946	3.568
915.600	209.946	3.568
915.800	209.946	3.568
916.000	209.947	3.568
916.200	209.947	3.568
916.400	209.947	3.568
916.600	209.948	3.568
916.800	209.949	3.568
917.000	209.948	3.568
917.200	209.947	3.568
917.400	209.948	3.568
917.600	209.948	3.568
917.800	209.948	3.568
918.000	209.949	3.568
918.200	209.949	3.568
918.400	209.947	3.568
918.600	209.946	3.568
918.800	209.947	3.568
919.000	209.948	3.568
919.200	209.948	3.568
919.400	209.946	3.568
919.600	209.946	3.568
919.800	209.947	3.568
920.000	209.947	3.568
920.200	209.947	3.568
920.400	209.946	3.568
920.600	209.948	3.568
920.800	209.946	3.568
921.000	209.947	3.568
921.200	209.947	3.568
921.400	209.950	3.568
921.600	209.947	3.568
921.800	209.949	3.568
922.000	209.947	3.568
922.200	209.948	3.568
922.400	209.948	3.568
922.600	209.947	3.568
922.800	209.949	3.568
923.000	209.947	3.568
923.200	209.947	3.568
923.400	209.946	3.568
923.600	209.947	3.568
923.800	209.948	3.568
924.000	209.948	3.568
924.200	209.948	3.568
924.400	209.948	3.568
924.600	209.948	3.568
924.800	209.948	3.568
925.000	209.949	3.568
925.200	209.948	3.568
925.400	209.950	3.568
925.600	209.950	3.568
925.800	209.949	3.568
926.000	209.950	3.568
926.200	209.950	3.568
926.400	209.949	3.568
926.600	209.949	3.568
926.800	209.951	3.568
927.000	209.947	3.568
927.200	209.946	3.568
927.400	209.949	3.568
927.600	209.947	3.568
927.800	209.947	3.568
928.000	209.948	3.568
928.200	209.949	3.568
928.400	209.949	3.568
928.600	209.949	3.568
928.800	209.949	3.568
929.000	209.950	3.568
929.200	209.950	3.568
929.400	209.949	3.568
929.600	209.950	3.568
929.800	209.949	3.568
930.000	209.947	3.568
930.200	209.949	3.568
930.400	209.947	3.568
930.600	209.947	3.568
930.800	209.949	3.568
931.000	209.948	3.568
931.200	209.949	3.568
931.400	209.950	3.568
931.600	209.951	3.568
931.800	209.949	3.568
932.000	209.950	3.568
932.200	209.949	3.568
932.400	209.949	3.568
932.600	209.950	3.568
932.800	209.949	3.568
933.000	209.948	3.568
933.200	209.949	3.568
933.400	209.948	3.568
933.600	209.947	3.568
933.800	209.947	3.568
934.000	209.949	3.568
934.200	209.948	3.568
934.400	209.949	3.568
934.600	209.948	3.568
934.800	209.947	3.568
935.000	209.946	3.568
935.200	209.947	3.568
935.400	209.950	3.568
935.600	209.949	3.568
935.800	209.948	3.568
936.000	209.948	3.568
936.200	209.949	3.568
936.400	209.948	3.568
936.600	209.949	3.568
936.800	209.949	3.568
937.000	209.947	3.568
937.200	209.946	3.568
937.400	209.947	3.568
937.600	209.946	3.568
937.800	209.948	3.568
938.000	209.949	3.568
938.200	209.947	3.568
938.400	209.951	3.568
938.600	209.948	3.568
938.800	209.950	3.568
939.000	209.949	3.568
939.200	209.950	3.568
939.400	209.948	3.568
939.600	209.949	3.568
939.800	209.949	3.568
940.000	209.947	3.568
940.200	209.948	3.568
940.400	209.950	3.568
940.600	209.949	3.568
940.800	209.949	3.568
941.000	209.949	3.568
941.200	209.949	3.568
941.400	209.951	3.568
941.600	209.950	3.568
941.800	209.951	3.568
942.000	209.950	3.568
942.200	209.949	3.568
942.400	209.949	3.568
942.600	209.945	3.568
942.800	209.947	3.568
943.000	209.949	3.568
943.200	209.947	3.568
943.400	209.948	3.568
943.600	209.947	3.568
943.800	209.948	3.568
944.000	209.946	3.568
944.200	209.947	3.568
944.400	209.948	3.568
944.600	209.948	3.568
944.800	209.948	3.568
945.000	209.950	3.568
945.200	209.949	3.568
945.400	209.949	3.568
945.600	209.951	3.568
945.800	209.950	3.568
946.000	209.950	3.568
946.200	209.950	3.568
946.400	209.949	3.568
946.600	209.950	3.568
946.800	209.949	3.568
947.000	209.949	3.569
947.200	209.950	3.569
947.400	209.949	3.568
947.600	209.950	3.569
947.800	209.948	3.569
948.000	209.948	3.569
948.200	209.949	3.569
948.400	209.950	3.569
948.600	209.948	3.569
948.800	209.948	3.569
949.000	209.948	3.569
949.200	209.950	3.569
949.400	209.950	3.569
949.600	209.950	3.569
949.800	209.949	3.569
950.000	209.949	3.569
950.200	209.950	3.569
950.400	209.949	3.569
950.600	209.950	3.569
950.800	209.949	3.569
951.000	209.948	3.569
951.200	209.948	3.569
951.400	209.949	3.569
951.600	209.949	3.569
951.800	209.949	3.569
952.000	209.949	3.569
952.200	209.949	3.569
952.400	209.950	3.569
952.600	209.950	3.569
952.800	209.950	3.569
953.000	209.950	3.569
953.200	209.948	3.569
953.400	209.949	3.569
953.600	209.950	3.569
953.800	209.950	3.569
954.000	209.951	3.569
954.200	209.951	3.569
954.400	209.951	3.569
954.600	209.949	3.569
954.800	209.950	3.569
955.000	209.948	3.569
955.200	209.948	3.569
955.400	209.949	3.569
955.600	209.950	3.569
955.800	209.949	3.569
956.000	209.950	3.569
956.200	209.951	3.569
956.400	209.950	3.569
956.600	209.950	3.569
956.800	209.950	3.569
957.000	209.949	3.569
957.200	209.949	3.569
957.400	209.949	3.569
957.600	209.949	3.569
957.800	209.949	3.569
958.000	209.950	3.569
958.200	209.950	3.569
958.400	209.950	3.569
958.600	209.950	3.569
958.800	209.951	3.569
959.000	209.950	3.569
959.200	209.950	3.569
959.400	209.949	3.569
959.600	209.950	3.569
959.800	209.949	3.569
960.000	209.949	3.569
960.200	209.950	3.569
960.400	209.949	3.569
960.600	209.948	3.569
960.800	209.950	3.569
961.000	209.950	3.569
961.200	209.949	3.569
961.400	209.950	3.569
961.600	209.949	3.569
961.800	209.950	3.569
962.000	209.949	3.569
962.200	209.950	3.569
962.400	209.949	3.569
962.600	209.950	3.569
962.800	209.950	3.569
963.000	209.950	3.569
963.200	209.950	3.569
963.400	209.948	3.569
963.600	209.950	3.569
963.800	209.949	3.569
964.000	209.948	3.569
964.200	209.949	3.569
964.400	209.947	3.569
964.600	209.947	3.569
964.800	209.948	3.569
965.000	209.947	3.569
965.200	209.946	3.569
965.400	209.950	3.569
965.600	209.949	3.569
965.800	209.948	3.569
966.000	209.949	3.569
966.200	209.946	3.569
966.400	209.947	3.569
966.600	209.948	3.569
966.800	209.947	3.569
967.000	209.949	3.569
967.200	209.946	3.569
967.400	209.946	3.569
967.600	209.947	3.569
967.800	209.947	3.569
968.000	209.947	3.569
968.200	209.947	3.569
968.400	209.948	3.569
968.600	209.947	3.569
968.800	209.949	3.569
969.000	209.948	3.569
969.200	209.948	3.569
969.400	209.948	3.569
969.600	209.949	3.569
969.800	209.948	3.569
970.000	209.946	3.569
970.200	209.948	3.569
970.400	209.947	3.569
970.600	209.946	3.569
970.800	209.947	3.569
971.000	209.947	3.569
971.200	209.946	3.569
971.400	209.947	3.569
971.600	209.948	3.569
971.800	209.948	3.569
972.000	209.948	3.569
972.200	209.946	3.569
972.400	209.948	3.569
972.600	209.947	3.569
972.800	209.947	3.569
973.000	209.946	3.569
973.200	209.947	3.569
973.400	209.947	3.569
973.600	209.948	3.569
973.800	209.947	3.569
974.000	209.947	3.569
974.200	209.947	3.569
974.400	209.947	3.569
974.600	209.947	3.569
974.800	209.947	3.569
975.000	209.948	3.569
975.200	209.947	3.569
975.400	209.948	3.569
975.600	209.947	3.569
975.800	209.950	3.569
976.000	209.948	3.569
976.200	209.949	3.569
976.400	209.949	3.569
976.600	209.948	3.569
976.800	209.949	3.569
977.000	209.947	3.569
977.200	209.948	3.569
977.400	209.947	3.569
977.600	209.947	3.569
977.800	209.949	3.569
978.000	209.949	3.569
978.200	209.948	3.569
978.400	209.948	3.569
978.600	209.947	3.569
978.800	209.948	3.569
979.000	209.947	3.569
979.200	209.948	3.569
979.400	209.948	3.569
979.600	209.948	3.569
979.800	209.949	3.569
980.000	209.948	3.569
980.200	209.948	3.569
980.400	209.947	3.569
980.600	209.948	3.569
980.800	209.948	3.569
981.000	209.948	3.569
981.200	209.948	3.569
981.400	209.949	3.569
981.600	209.949	3.569
981.800	209.949	3.569
982.000	209.949	3.569
982.200	209.950	3.569
982.400	209.949	3.569
982.600	209.949	3.569
982.800	209.948	3.569
983.000	209.948	3.569
983.200	209.946	3.569
983.400	209.948	3.569
983.600	209.948	3.569
983.800	209.948	3.569
984.000	209.948	3.569
984.200	209.949	3.569
984.400	209.949	3.569
984.600	209.950	3.569
984.800	209.950	3.570
985.000	209.951	3.570
985.200	209.951	3.570
985.400	209.951	3.570
985.600	209.949	3.570
985.800	209.950	3.570
986.000	209.950	3.570
986.200	209.948	3.570
986.400	209.948	3.570
986.600	209.947	3.570
986.800	209.949	3.570
987.000	209.949	3.570
987.200	209.948	3.570
987.400	209.948	3.570
987.600	209.949	3.570
987.800	209.950	3.570
988.000	209.948	3.570
988.200	209.947	3.570
988.400	209.947	3.570
988.600	209.947	3.570
988.800	209.948	3.570
989.000	209.948	3.570
989.200	209.947	3.570
989.400	209.948	3.570
989.600	209.948	3.570
989.800	209.948	3.570
990.000	209.948	3.570
990.200	209.948	3.570
990.400	209.949	3.570
990.600	209.948	3.570
990.800	209.948	3.570
991.000	209.950	3.570
991.200	209.948	3.570
991.400	209.951	3.570
991.600	209.950	3.570
991.800	209.948	3.570
992.000	209.949	3.570
992.200	209.950	3.570
992.400	209.949	3.570
992.600	209.949	3.570
992.800	209.949	3.570
993.000	209.949	3.570
993.200	209.950	3.570
993.400	209.949	3.570
993.600	209.951	3.570
993.800	209.949	3.570
994.000	209.948	3.570
994.200	209.948	3.570
994.400	209.947	3.570
994.600	209.949	3.570
994.800	209.948	3.570
995.000	209.948	3.570
995.200	209.948	3.570
995.400	209.948	3.570
995.600	209.948	3.570
995.800	209.949	3.570
996.000	209.948	3.570
996.200	209.949	3.570
996.400	209.948	3.570
996.600	209.950	3.570
996.800	209.949	3.570
997.000	209.948	3.570
997.200	209.949	3.570
997.400	209.948	3.570
997.600	209.946	3.570
997.800	209.947	3.570
998.000	209.949	3.570
998.200	209.949	3.570
998.400	209.950	3.570
998.600	209.948	3.570
998.800	209.948	3.570
999.000	209.948	3.570
999.200	209.949	3.570
999.400	209.951	3.570
999.600	209.950	3.570
999.800	209.950	3.570
1000.000	209.950	3.570
1000.200	209.951	3.570
1000.400	209.949	3.570
1000.600	209.950	3.570
1000.800	209.950	3.570
1001.000	209.950	3.570
1001.200	209.949	3.570
1001.400	209.947	3.570
1001.600	209.949	3.570
1001.800	209.948	3.570
1002.000	209.948	3.570
1002.200	209.950	3.570
1002.400	209.948	3.570
1002.600	209.951	3.570
1002.800	209.951	3.570
1003.000	209.950	3.570
1003.200	209.951	3.570
1003.400	209.949	3.570
1003.600	209.949	3.570
1003.800	209.949	3.570
1004.000	209.948	3.570
1004.200	209.948	3.570
1004.400	209.948	3.570
1004.600	209.949	3.570
1004.800	209.948	3.570
1005.000	209.949	3.570
1005.200	209.949	3.570
1005.400	209.947	3.570
1005.600	209.949	3.570
1005.800	209.949	3.570
1006.000	209.948	3.570
1006.200	209.947	3.570
1006.400	209.949	3.570
1006.600	209.948	3.570
1006.800	209.948	3.570
1007.000	209.949	3.570
1007.200	209.950	3.570
1007.400	209.949	3.570
1007.600	209.948	3.570
1007.800	209.949	3.570
1008.000	209.949	3.570
1008.200	209.950	3.570
1008.400	209.950	3.570
1008.600	209.948	3.570
1008.800	209.950	3.570
1009.000	209.948	3.570
1009.200	209.949	3.570
1009.400	209.949	3.570
1009.600	209.952	3.570
1009.800	209.950	3.570
1010.000	209.951	3.570
1010.200	209.950	3.570
1010.400	209.950	3.570
1010.600	209.952	3.570
1010.800	209.949	3.570
1011.000	209.951	3.570
1011.200	209.949	3.570
1011.400	209.951	3.570
1011.600	209.952	3.570
1011.800	209.949	3.570
1012.000	209.951	3.570
1012.200	209.950	3.570
1012.400	209.950	3.570
1012.600	209.950	3.570
1012.800	209.949	3.570
1013.000	209.949	3.570
1013.200	209.947	3.570
1013.400	209.949	3.570
1013.600	209.949	3.570
1013.800	209.949	3.570
1014.000	209.948	3.570
1014.200	209.948	3.570
1014.400	209.948	3.570
1014.600	209.949	3.570
1014.800	209.950	3.570
1015.000	209.949	3.570
1015.200	209.948	3.570
1015.400	209.947	3.570
1015.600	209.946	3.570
1015.800	209.947	3.570
1016.000	209.947	3.570
1016.200	209.948	3.570
1016.400	209.948	3.570
1016.600	209.948	3.570
1016.800	209.947	3.570
1017.000	209.947	3.570
1017.200	209.948	3.570
1017.400	209.950	3.570
1017.600	209.948	3.570
1017.800	209.949	3.570
1018.000	209.950	3.570
1018.200	209.948	3.570
1018.400	209.948	3.570
1018.600	209.949	3.570
1018.800	209.950	3.570
1019.000	209.948	3.570
1019.200	209.949	3.570
1019.400	209.948	3.570
1019.600	209.947	3.570
1019.800	209.948	3.570
1020.000	209.948	3.570
1020.200	209.946	3.570
1020.400	209.945	3.570
1020.600	209.947	3.570
1020.800	209.947	3.570
1021.000	209.949	3.570
1021.200	209.947	3.570
1021.400	209.948	3.570
1021.600	209.948	3.570
1021.800	209.948	3.570
1022.000	209.949	3.570
1022.200	209.949	3.570
1022.400	209.951	3.570
1022.600	209.948	3.570
1022.800	209.946	3.570
1023.000	209.949	3.570
1023.200	209.948	3.570
1023.400	209.949	3.570
1023.600	209.949	3.570
1023.800	209.948	3.570
1024.000	209.948	3.570
1024.200	209.947	3.570
1024.400	209.947	3.570
1024.600	209.948	3.570
1024.800	209.946	3.570
1025.000	209.947	3.571
1025.200	209.949	3.571
1025.400	209.949	3.571
1025.600	209.947	3.571
1025.800	209.947	3.571
1026.000	209.948	3.571
1026.200	209.947	3.571
1026.400	209.947	3.571
1026.600	209.948	3.571
1026.800	209.948	3.571
1027.000	209.948	3.571
1027.200	209.947	3.571
1027.400	209.948	3.571
1027.600	209.948	3.571
1027.800	209.948	3.571
1028.000	209.947	3.571
1028.200	209.946	3.571
1028.400	209.948	3.571
1028.600	209.949	3.571
1028.800	209.949	3.571
1029.000	209.948	3.571
1029.200	209.950	3.571
1029.400	209.950	3.571
1029.600	209.951	3.571
1029.800	209.951	3.571
1030.000	209.951	3.571
1030.200	209.951	3.571
1030.400	209.950	3.571
1030.600	209.949	3.571
1030.800	209.950	3.571
1031.000	209.952	3.571
1031.200	209.952	3.571
1031.400	209.951	3.571
1031.600	209.950	3.571
1031.800	209.952	3.571
1032.000	209.952	3.571
1032.200	209.951	3.571
1032.400	209.952	3.571
1032.600	209.951	3.571
1032.800	209.950	3.571
1033.000	209.951	3.571
1033.200	209.949	3.571
1033.400	209.951	3.571
1033.600	209.952	3.571
1033.800	209.952	3.571
1034.000	209.950	3.571
1034.200	209.952	3.571
1034.400	209.952	3.571
1034.600	209.952	3.571
1034.800	209.951	3.571
1035.000	209.951	3.571
1035.200	209.951	3.571
1035.400	209.951	3.571
1035.600	209.951	3.571
1035.800	209.952	3.571
1036.000	209.953	3.571
1036.200	209.952	3.571
1036.400	209.952	3.571
1036.600	209.952	3.571
1036.800	209.951	3.571
1037.000	209.950	3.571
1037.200	209.950	3.571
1037.400	209.951	3.571
1037.600	209.949	3.571
1037.800	209.950	3.571
1038.000	209.950	3.571
1038.200	209.948	3.571
1038.400	209.949	3.571
1038.600	209.949	3.571
1038.800	209.949	3.571
1039.000	209.949	3.571
1039.200	209.949	3.571
1039.400	209.949	3.571
1039.600	209.949	3.571
1039.800	209.950	3.571
1040.000	209.948	3.571
1040.200	209.949	3.571
1040.400	209.948	3.571
1040.600	209.946	3.571
1040.800	209.948	3.571
1041.000	209.949	3.571
1041.200	209.947	3.571
1041.400	209.946	3.571
1041.600	209.948	3.571
1041.800	209.948	3.571
1042.000	209.949	3.571
1042.200	209.951	3.571
1042.400	209.950	3.571
1042.600	209.951	3.571
1042.800	209.949	3.571
1043.000	209.948	3.571
1043.200	209.948	3.571
1043.400	209.948	3.571
1043.600	209.948	3.571
1043.800	209.948	3.571
1044.000	209.947	3.571
1044.200	209.949	3.571
1044.400	209.949	3.571
1044.600	209.949	3.571
1044.800	209.949	3.571
1045.000	209.950	3.571
1045.200	209.949	3.571
1045.400	209.948	3.571
1045.600	209.949	3.571
1045.800	209.949	3.571
1046.000	209.950	3.571
1046.200	209.948	3.571
1046.400	209.947	3.571
1046.600	209.950	3.571
1046.800	209.948	3.571
1047.000	209.949	3.571
1047.200	209.950	3.571
1047.400	209.949	3.571
1047.600	209.951	3.571
1047.800	209.948	3.571
1048.000	209.948	3.571
1048.200	209.950	3.571
1048.400	209.948	3.571
1048.600	209.947	3.571
1048.800	209.948	3.571
1049.000	209.949	3.571
1049.200	209.949	3.571
1049.400	209.948	3.571
1049.600	209.950	3.571
1049.800	209.950	3.571
1050.000	209.950	3.571
1050.200	209.948	3.571
1050.400	209.948	3.571
1050.600	209.949	3.571
1050.800	209.949	3.571
1051.000	209.950	3.571
1051.200	209.950	3.571
1051.400	209.951	3.571
1051.600	209.950	3.571
1051.800	209.950	3.571
1052.000	209.950	3.571
1052.200	209.949	3.571
1052.400	209.951	3.571
1052.600	209.951	3.571
1052.800	209.949	3.571
1053.000	209.950	3.571
1053.200	209.949	3.571
1053.400	209.950	3.571
1053.600	209.951	3.571
1053.800	209.949	3.571
1054.000	209.951	3.571
1054.200	209.952	3.571
1054.400	209.951	3.571
1054.600	209.951	3.571
1054.800	209.951	3.571
1055.000	209.951	3.571
1055.200	209.952	3.571
1055.400	209.952	3.571
1055.600	209.952	3.571
1055.800	209.951	3.571
1056.000	209.952	3.571
1056.200	209.951	3.571
1056.400	209.951	3.571
1056.600	209.949	3.571
1056.800	209.950	3.571
1057.000	209.951	3.571
1057.200	209.949	3.571
1057.400	209.949	3.571
1057.600	209.949	3.571
1057.800	209.950	3.571
1058.000	209.950	3.571
1058.200	209.949	3.571
1058.400	209.949	3.571
1058.600	209.949	3.571
1058.800	209.951	3.571
1059.000	209.950	3.571
1059.200	209.950	3.571
1059.400	209.950	3.571
1059.600	209.951	3.571
1059.800	209.949	3.571
1060.000	209.949	3.571
1060.200	209.950	3.571
1060.400	209.951	3.571
1060.600	209.951	3.571
1060.800	209.951	3.571
1061.000	209.951	3.571
1061.200	209.951	3.571
1061.400	209.950	3.571
1061.600	209.951	3.571
1061.800	209.950	3.571
1062.000	209.949	3.571
1062.200	209.950	3.571
1062.400	209.951	3.571
1062.600	209.950	3.571
1062.800	209.950	3.571
1063.000	209.949	3.571
1063.200	209.950	3.571
1063.400	209.950	3.571
1063.600	209.951	3.571
1063.800	209.950	3.571
1064.000	209.949	3.571
1064.200	209.949	3.571
1064.400	209.950	3.571
1064.600	209.949	3.571
1064.800	209.949	3.571
1065.000	209.947	3.571
1065.200	209.948	3.571
1065.400	209.948	3.571
1065.600	209.948	3.571
1065.800	209.949	3.571
1066.000	209.950	3.572
1066.200	209.949	3.572
1066.400	209.949	3.572
1066.600	209.949	3.571
1066.800	209.949	3.572
1067.000	209.950	3.572
1067.200	209.949	3.572
1067.400	209.949	3.572
1067.600	209.949	3.572
1067.800	209.949	3.572
1068.000	209.947	3.572
1068.200	209.949	3.572
1068.400	209.948	3.572
1068.600	209.948	3.572
1068.800	209.948	3.572
1069.000	209.949	3.572
1069.200	209.950	3.572
1069.400	209.951	3.572
1069.600	209.947	3.572
1069.800	209.949	3.572
1070.000	209.949	3.572
1070.200	209.950	3.572
1070.400	209.949	3.572
1070.600	209.949	3.572
1070.800	209.949	3.572
1071.000	209.950	3.572
1071.200	209.948	3.572
1071.400	209.947	3.572
1071.600	209.949	3.572
1071.800	209.948	3.572
1072.000	209.949	3.572
1072.200	209.947	3.572
1072.400	209.948	3.572
1072.600	209.949	3.572
1072.800	209.947	3.572
1073.000	209.947	3.572
1073.200	209.948	3.572
1073.400	209.948	3.572
1073.600	209.948	3.572
1073.800	209.948	3.572
1074.000	209.949	3.572
1074.200	209.949	3.572
1074.400	209.946	3.572
1074.600	209.948	3.572
1074.800	209.949	3.572
1075.000	209.948	3.572
1075.200	209.948	3.572
1075.400	209.949	3.572
1075.600	209.949	3.572
1075.800	209.950	3.572
1076.000	209.949	3.572
1076.200	209.950	3.572
1076.400	209.950	3.572
1076.600	209.948	3.572
1076.800	209.949	3.572
1077.000	209.948	3.572
1077.200	209.947	3.572
1077.400	209.947	3.572
1077.600	209.947	3.572
1077.800	209.948	3.572
1078.000	209.948	3.572
1078.200	209.947	3.572
1078.400	209.948	3.572
1078.600	209.949	3.572
1078.800	209.949	3.572
1079.000	209.947	3.572
1079.200	209.947	3.572
1079.400	209.948	3.572
1079.600	209.947	3.572
1079.800	209.949	3.572
1080.000	209.948	3.572
1080.200	209.947	3.572
1080.400	209.948	3.572
1080.600	209.949	3.572
1080.800	209.950	3.572
1081.000	209.949	3.572
1081.200	209.951	3.572
1081.400	209.950	3.572
1081.600	209.952	3.572
1081.800	209.949	3.572
1082.000	209.951	3.572
1082.200	209.950	3.572
1082.400	209.950	3.572
1082.600	209.951	3.572
1082.800	209.951	3.572
1083.000	209.951	3.572
1083.200	209.951	3.572
1083.400	209.948	3.572
1083.600	209.947	3.572
1083.800	209.947	3.572
1084.000	209.947	3.572
1084.200	209.948	3.572
1084.400	209.948	3.572
1084.600	209.950	3.572
1084.800	209.948	3.572
1085.000	209.947	3.572
1085.200	209.947	3.572
1085.400	209.949	3.572
1085.600	209.948	3.572
1085.800	209.948	3.572
1086.000	209.947	3.572
1086.200	209.948	3.572
1086.400	209.948	3.572
1086.600	209.947	3.572
1086.800	209.948	3.572
1087.000	209.949	3.572
1087.200	209.950	3.572
1087.400	209.950	3.572
1087.600	209.948	3.572
1087.800	209.950	3.572
1088.000	209.951	3.572
1088.200	209.947	3.572
1088.400	209.950	3.572
1088.600	209.950	3.572
1088.800	209.948	3.572
1089.000	209.950	3.572
1089.200	209.949	3.572
1089.400	209.949	3.572
1089.600	209.950	3.572
1089.800	209.949	3.572
1090.000	209.951	3.572
1090.200	209.951	3.572
1090.400	209.951	3.572
1090.600	209.951	3.572
1090.800	209.948	3.572
1091.000	209.951	3.572
1091.200	209.950	3.572
1091.400	209.951	3.572
1091.600	209.949	3.572
1091.800	209.949	3.572
1092.000	209.950	3.572
1092.200	209.951	3.572
1092.400	209.950	3.572
1092.600	209.950	3.572
1092.800	209.950	3.572
1093.000	209.950	3.572
1093.200	209.949	3.572
1093.400	209.950	3.572
1093.600	209.949	3.572
1093.800	209.951	3.572
1094.000	209.952	3.572
1094.200	209.950	3.572
1094.400	209.951	3.572
1094.600	209.950	3.572
1094.800	209.952	3.572
1095.000	209.952	3.572
1095.200	209.951	3.572
1095.400	209.952	3.572
1095.600	209.950	3.572
1095.800	209.952	3.572
1096.000	209.951	3.572
1096.200	209.951	3.572
1096.400	209.951	3.572
1096.600	209.951	3.572
1096.800	209.950	3.572
1097.000	209.950	3.572
1097.200	209.952	3.572
1097.400	209.950	3.572
1097.600	209.950	3.572
1097.800	209.950	3.572
1098.000	209.949	3.572
1098.200	209.951	3.572
1098.400	209.950	3.572
1098.600	209.949	3.572
1098.800	209.949	3.572
1099.000	209.950	3.572
1099.200	209.953	3.572
1099.400	209.952	3.572
1099.600	209.953	3.572
1099.800	209.951	3.572
1100.000	209.951	3.572
1100.200	209.949	3.572
1100.400	209.950	3.572
1100.600	209.950	3.572
1100.800	209.950	3.572
1101.000	209.949	3.572
1101.200	209.949	3.572
1101.400	209.949	3.572
1101.600	209.950	3.572
1101.800	209.951	3.572
1102.000	209.951	3.572
1102.200	209.950	3.572
1102.400	209.948	3.572
1102.600	209.948	3.572
1102.800	209.947	3.572
1103.000	209.948	3.572
1103.200	209.949	3.572
1103.400	209.949	3.572
1103.600	209.949	3.572
1103.800	209.949	3.572
1104.000	209.949	3.572
1104.200	209.950	3.572
1104.400	209.949	3.572
1104.600	209.950	3.572
1104.800	209.951	3.572
1105.000	209.949	3.572
1105.200	209.950	3.572
1105.400	209.952	3.572
1105.600	209.952	3.572
1105.800	209.950	3.572
1106.000	209.951	3.572
1106.200	209.951	3.572
1106.400	209.951	3.572
1106.600	209.951	3.572
1106.800	209.950	3.572
1107.000	209.952	3.572
1107.200	209.951	3.572
1107.400	209.950	3.572
1107.600	209.950	3.572
1107.800	209.951	3.572
1108.000	209.951	3.572
1108.200	209.950	3.572
1108.400	209.952	3.572
1108.600	209.950	3.572
1108.800	209.949	3.572
1109.000	209.950	3.572
1109.200	209.950	3.572
1109.400	209.949	3.572
1109.600	209.948	3.572
1109.800	209.949	3.572
1110.000	209.948	3.572
1110.200	209.951	3.572
1110.400	209.950	3.572
1110.600	209.951	3.573
1110.800	209.949	3.573
1111.000	209.950	3.573
1111.200	209.949	3.573
1111.400	209.949	3.573
1111.600	209.948	3.573
1111.800	209.947	3.573
1112.000	209.947	3.573
1112.200	209.949	3.573
1112.400	209.949	3.573
1112.600	209.949	3.573
1112.800	209.949	3.573
1113.000	209.949	3.573
1113.200	209.947	3.573
1113.400	209.948	3.573
1113.600	209.951	3.573
1113.800	209.949	3.573
1114.000	209.950	3.573
1114.200	209.949	3.573
1114.400	209.949	3.573
1114.600	209.949	3.573
1114.800	209.952	3.573
1115.000	209.950	3.573
1115.200	209.951	3.573
1115.400	209.950	3.573
1115.600	209.951	3.573
1115.800	209.951	3.573
1116.000	209.949	3.573
1116.200	209.951	3.573
1116.400	209.951	3.573
1116.600	209.949	3.573
1116.800	209.950	3.573
1117.000	209.952	3.573
1117.200	209.950	3.573
1117.400	209.951	3.573
1117.600	209.950	3.573
1117.800	209.950	3.573
1118.000	209.950	3.573
1118.200	209.950	3.573
1118.400	209.950	3.573
1118.600	209.951	3.573
1118.800	209.950	3.573
1119.000	209.949	3.573
1119.200	209.948	3.573
1119.400	209.950	3.573
1119.600	209.949	3.573
1119.800	209.949	3.573
1120.000	209.951	3.573
1120.200	209.949	3.573
1120.400	209.950	3.573
1120.600	209.951	3.573
1120.800	209.952	3.573
1121.000	209.950	3.573
1121.200	209.948	3.573
1121.400	209.951	3.573
1121.600	209.952	3.573
1121.800	209.950	3.573
1122.000	209.949	3.573
1122.200	209.949	3.573
1122.400	209.949	3.573
1122.600	209.950	3.573
1122.800	209.949	3.573
1123.000	209.950	3.573
1123.200	209.952	3.573
1123.400	209.950	3.573
1123.600	209.951	3.573
1123.800	209.951	3.573
1124.000	209.949	3.573
1124.200	209.949	3.573
1124.400	209.950	3.573
1124.600	209.950	3.573
1124.800	209.948	3.573
1125.000	209.950	3.573
1125.200	209.949	3.573
1125.400	209.950	3.573
1125.600	209.951	3.573
1125.800	209.951	3.573
1126.000	209.952	3.573
1126.200	209.949	3.573
1126.400	209.949	3.573
1126.600	209.949	3.573
1126.800	209.951	3.573
1127.000	209.951	3.573
1127.200	209.951	3.573
1127.400	209.950	3.573
1127.600	209.952	3.573
1127.800	209.952	3.573
1128.000	209.950	3.573
1128.200	209.951	3.573
1128.400	209.953	3.573
1128.600	209.952	3.573
1128.800	209.952	3.573
1129.000	209.952	3.573
1129.200	209.954	3.573
1129.400	209.952	3.573
1129.600	209.953	3.573
1129.800	209.952	3.573
1130.000	209.952	3.573
1130.200	209.951	3.573
1130.400	209.952	3.573
1130.600	209.951	3.573
1130.800	209.952	3.573
1131.000	209.951	3.573
1131.200	209.950	3.573
1131.400	209.950	3.573
1131.600	209.951	3.573
1131.800	209.952	3.573
1132.000	209.951	3.573
1132.200	209.952	3.573
1132.400	209.953	3.573
1132.600	209.952	3.573
1132.800	209.951	3.573
1133.000	209.952	3.573
1133.200	209.952	3.573
1133.400	209.952	3.573
1133.600	209.952	3.573
1133.800	209.951	3.573
1134.000	209.952	3.573
1134.200	209.952	3.573
1134.400	209.952	3.573
1134.600	209.952	3.573
1134.800	209.952	3.573
1135.000	209.953	3.573
1135.200	209.953	3.573
1135.400	209.951	3.573
1135.600	209.953	3.573
1135.800	209.952	3.573
1136.000	209.952	3.573
1136.200	209.952	3.573
1136.400	209.951	3.573
1136.600	209.950	3.573
1136.800	209.950	3.573
1137.000	209.950	3.573
1137.200	209.951	3.573
1137.400	209.952	3.573
1137.600	209.950	3.573
1137.800	209.952	3.573
1138.000	209.951	3.573
1138.200	209.952	3.573
1138.400	209.953	3.573
1138.600	209.951	3.573
1138.800	209.950	3.573
1139.000	209.949	3.573
1139.200	209.950	3.573
1139.400	209.948	3.573
1139.600	209.949	3.573
1139.800	209.950	3.573
1140.000	209.950	3.573
1140.200	209.950	3.573
1140.400	209.949	3.573
1140.600	209.948	3.573
1140.800	209.949	3.573
1141.000	209.950	3.573
1141.200	209.949	3.573
1141.400	209.950	3.573
1141.600	209.951	3.573
1141.800	209.950	3.573
1142.000	209.952	3.573
1142.200	209.951	3.573
1142.400	209.950	3.573
1142.600	209.950	3.573
1142.800	209.951	3.573
1143.000	209.951	3.573
1143.200	209.950	3.573
1143.400	209.950	3.573
1143.600	209.951	3.573
1143.800	209.949	3.573
1144.000	209.949	3.573
1144.200	209.950	3.573
1144.400	209.949	3.573
1144.600	209.948	3.573
1144.800	209.948	3.573
1145.000	209.949	3.573
1145.200	209.950	3.573
1145.400	209.949	3.573
1145.600	209.950	3.573
1145.800	209.949	3.573
1146.000	209.948	3.573
1146.200	209.950	3.573
1146.400	209.950	3.573
1146.600	209.951	3.573
1146.800	209.950	3.573
1147.000	209.950	3.573
1147.200	209.949	3.573
1147.400	209.950	3.573
1147.600	209.949	3.573
1147.800	209.949	3.573
1148.000	209.948	3.573
1148.200	209.949	3.573
1148.400	209.950	3.573
1148.600	209.949	3.573
1148.800	209.948	3.573
1149.000	209.948	3.573
1149.200	209.949	3.573
1149.400	209.949	3.573
1149.600	209.948	3.573
1149.800	209.949	3.573
1150.000	209.950	3.573
1150.200	209.949	3.573
1150.400	209.950	3.573
1150.600	209.950	3.573
1150.800	209.947	3.573
1151.000	209.948	3.573
1151.200	209.947	3.573
1151.400	209.948	3.573
1151.600	209.946	3.573
1151.800	209.948	3.573
1152.000	209.945	3.573
1152.200	209.946	3.573
1152.400	209.947	3.573
1152.600	209.948	3.573
1152.800	209.947	3.573
1153.000	209.947	3.573
1153.200	209.950	3.573
1153.400	209.948	3.573
1153.600	209.949	3.573
1153.800	209.949	3.573
1154.000	209.947	3.574
1154.200	209.949	3.574
1154.400	209.947	3.574
1154.600	209.947	3.574
1154.800	209.948	3.574
1155.000	209.948	3.574
1155.200	209.949	3.574
1155.400	209.949	3.574
1155.600	209.948	3.574
1155.800	209.947	3.574
1156.000	209.950	3.574
1156.200	209.948	3.574
1156.400	209.949	3.574
1156.600	209.948	3.574
1156.800	209.948	3.574
1157.000	209.949	3.574
1157.200	209.948	3.574
1157.400	209.949	3.574
1157.600	209.948	3.574
1157.800	209.949	3.574
1158.000	209.949	3.574
1158.200	209.950	3.574
1158.400	209.950	3.574
1158.600	209.949	3.574
1158.800	209.948	3.574
1159.000	209.949	3.574
1159.200	209.949	3.574
1159.400	209.951	3.574
1159.600	209.951	3.574
1159.800	209.949	3.574
1160.000	209.951	3.574
1160.200	209.948	3.574
1160.400	209.949	3.574
1160.600	209.950	3.574
1160.800	209.947	3.574
1161.000	209.948	3.574
1161.200	209.949	3.574
1161.400	209.950	3.574
1161.600	209.949	3.574
1161.800	209.947	3.574
1162.000	209.948	3.574
1162.200	209.948	3.574
1162.400	209.949	3.574
1162.600	209.949	3.574
1162.800	209.948	3.574
1163.000	209.949	3.574
1163.200	209.947	3.574
1163.400	209.949	3.574
1163.600	209.951	3.574
1163.800	209.948	3.574
1164.000	209.948	3.574
1164.200	209.949	3.574
1164.400	209.948	3.574
1164.600	209.949	3.574
1164.800	209.949	3.574
1165.000	209.949	3.574
1165.200	209.948	3.574
1165.400	209.950	3.574
1165.600	209.950	3.574
1165.800	209.950	3.574
1166.000	209.950	3.574
1166.200	209.950	3.574
1166.400	209.950	3.574
1166.600	209.950	3.574
1166.800	209.951	3.574
1167.000	209.950	3.574
1167.200	209.951	3.574
1167.400	209.950	3.574
1167.600	209.949	3.574
1167.800	209.950	3.574
1168.000	209.950	3.574
1168.200	209.951	3.574
1168.400	209.950	3.574
1168.600	209.950	3.574
1168.800	209.949	3.574
1169.000	209.950	3.574
1169.200	209.952	3.574
1169.400	209.951	3.574
1169.600	209.951	3.574
1169.800	209.952	3.574
1170.000	209.951	3.574
1170.200	209.951	3.574
1170.400	209.953	3.574
1170.600	209.952	3.574
1170.800	209.950	3.574
1171.000	209.950	3.574
1171.200	209.950	3.574
1171.400	209.951	3.574
1171.600	209.952	3.574
1171.800	209.950	3.574
1172.000	209.952	3.574
1172.200	209.949	3.574
1172.400	209.951	3.574
1172.600	209.949	3.574
1172.800	209.952	3.574
1173.000	209.951	3.574
1173.200	209.949	3.574
1173.400	209.951	3.574
1173.600	209.950	3.574
1173.800	209.949	3.574
1174.000	209.948	3.574
1174.200	209.949	3.574
1174.400	209.950	3.574
1174.600	209.951	3.574
1174.800	209.950	3.574
1175.000	209.950	3.574
1175.200	209.950	3.574
1175.400	209.950	3.574
1175.600	209.951	3.574
1175.800	209.949	3.574
1176.000	209.948	3.574
1176.200	209.948	3.574
1176.400	209.949	3.574
1176.600	209.950	3.574
1176.800	209.950	3.574
1177.000	209.950	3.574
1177.200	209.950	3.574
1177.400	209.950	3.574
1177.600	209.949	3.574
1177.800	209.949	3.574
1178.000	209.950	3.574
1178.200	209.948	3.574
1178.400	209.949	3.574
1178.600	209.948	3.574
1178.800	209.949	3.574
1179.000	209.950	3.574
1179.200	209.951	3.574
1179.400	209.950	3.574
1179.600	209.950	3.574
1179.800	209.948	3.574
1180.000	209.949	3.574
1180.200	209.949	3.574
1180.400	209.949	3.574
1180.600	209.948	3.574
1180.800	209.948	3.574
1181.000	209.947	3.574
1181.200	209.948	3.574
1181.400	209.947	3.574
1181.600	209.948	3.574
1181.800	209.946	3.574
1182.000	209.947	3.574
1182.200	209.948	3.574
1182.400	209.950	3.574
1182.600	209.949	3.574
1182.800	209.948	3.574
1183.000	209.950	3.574
1183.200	209.949	3.574
1183.400	209.949	3.574
1183.600	209.948	3.574
1183.800	209.948	3.574
1184.000	209.950	3.574
1184.200	209.949	3.574
1184.400	209.948	3.574
1184.600	209.948	3.574
1184.800	209.951	3.574
1185.000	209.951	3.574
1185.200	209.949	3.574
1185.400	209.951	3.574
1185.600	209.951	3.574
1185.800	209.949	3.574
1186.000	209.949	3.574
1186.200	209.951	3.574
1186.400	209.951	3.574
1186.600	209.950	3.574
1186.800	209.950	3.574
1187.000	209.950	3.574
1187.200	209.950	3.574
1187.400	209.951	3.574
1187.600	209.949	3.574
1187.800	209.949	3.574
1188.000	209.948	3.574
1188.200	209.949	3.574
1188.400	209.949	3.574
1188.600	209.949	3.574
1188.800	209.951	3.574
1189.000	209.951	3.574
1189.200	209.949	3.574
1189.400	209.950	3.574
1189.600	209.949	3.574
1189.800	209.948	3.574
1190.000	209.949	3.574
1190.200	209.949	3.574
1190.400	209.949	3.574
1190.600	209.948	3.574
1190.800	209.949	3.574
1191.000	209.948	3.574
1191.200	209.950	3.574
1191.400	209.949	3.574
1191.600	209.948	3.574
1191.800	209.947	3.574
1192.000	209.947	3.574
1192.200	209.946	3.574
1192.400	209.948	3.574
1192.600	209.948	3.574
1192.800	209.948	3.574
1193.000	209.949	3.574
1193.200	209.951	3.574
1193.400	209.949	3.574
1193.600	209.950	3.574
1193.800	209.948	3.574
1194.000	209.949	3.574
1194.200	209.951	3.574
1194.400	209.948	3.574
1194.600	209.950	3.574
1194.800	209.950	3.574
1195.000	209.952	3.574
1195.200	209.951	3.574
1195.400	209.951	3.574
1195.600	209.951	3.574
1195.800	209.950	3.574
1196.000	209.948	3.574
1196.200	209.950	3.574
1196.400	209.950	3.574
1196.600	209.950	3.574
1196.800	209.950	3.574
1197.000	209.952	3.574
1197.200	209.951	3.574
1197.400	209.951	3.574
1197.600	209.950	3.574
1197.800	209.950	3.574
1198.000	209.951	3.574
1198.200	209.951	3.574
1198.400	209.952	3.575
1198.600	209.951	3.575
1198.800	209.949	3.575
1199.000	209.950	3.575
1199.200	209.949	3.575
1199.400	209.950	3.575
1199.600	209.951	3.575
1199.800	209.950	3.575
1200.000	209.952	3.575
1200.200	209.951	3.575
1200.400	209.950	3.575
1200.600	209.951	3.575
1200.800	209.950	3.575
1201.000	209.951	3.575
1201.200	209.952	3.575
1201.400	209.952	3.575
1201.600	209.953	3.575
1201.800	209.952	3.575
1202.000	209.951	3.575
1202.200	209.952	3.575
1202.400	209.951	3.575
1202.600	209.951	3.575
1202.800	209.952	3.575
1203.000	209.950	3.575
1203.200	209.952	3.575
1203.400	209.953	3.575
1203.600	209.953	3.575
1203.800	209.952	3.575
1204.000	209.951	3.575
1204.200	209.952	3.575
1204.400	209.950	3.575
1204.600	209.951	3.575
1204.800	209.952	3.575
1205.000	209.952	3.575
1205.200	209.950	3.575
1205.400	209.950	3.575
1205.600	209.949	3.575
1205.800	209.950	3.575
1206.000	209.951	3.575
1206.200	209.950	3.575
1206.400	209.952	3.575
1206.600	209.951	3.575
1206.800	209.950	3.575
1207.000	209.952	3.575
1207.200	209.953	3.575
1207.400	209.951	3.575
1207.600	209.950	3.575
1207.800	209.952	3.575
1208.000	209.951	3.575
1208.200	209.952	3.575
1208.400	209.952	3.575
1208.600	209.951	3.575
1208.800	209.952	3.575
1209.000	209.951	3.575
1209.200	209.951	3.575
1209.400	209.951	3.575
1209.600	209.951	3.575
1209.800	209.950	3.575
1210.000	209.950	3.575
1210.200	209.951	3.575
1210.400	209.950	3.575
1210.600	209.951	3.575
1210.800	209.951	3.575
1211.000	209.950	3.575
1211.200	209.950	3.575
1211.400	209.950	3.575
1211.600	209.950	3.575
1211.800	209.951	3.575
1212.000	209.952	3.575
1212.200	209.950	3.575
1212.400	209.950	3.575
1212.600	209.952	3.575
1212.800	209.951	3.575
1213.000	209.951	3.575
1213.200	209.951	3.575
1213.400	209.951	3.575
1213.600	209.952	3.575
1213.800	209.949	3.575
1214.000	209.951	3.575
1214.200	209.951	3.575
1214.400	209.951	3.575
1214.600	209.951	3.575
1214.800	209.951	3.575
1215.000	209.949	3.575
1215.200	209.952	3.575
1215.400	209.950	3.575
1215.600	209.950	3.575
1215.800	209.951	3.575
1216.000	209.951	3.575
1216.200	209.952	3.575
1216.400	209.952	3.575
1216.600	209.952	3.575
1216.800	209.952	3.575
1217.000	209.951	3.575
1217.200	209.951	3.575
1217.400	209.952	3.575
1217.600	209.953	3.575
1217.800	209.951	3.575
1218.000	209.951	3.575
1218.200	209.951	3.575
1218.400	209.952	3.575
1218.600	209.952	3.575
1218.800	209.954	3.575
1219.000	209.954	3.575
1219.200	209.952	3.575
1219.400	209.953	3.575
1219.600	209.953	3.575
1219.800	209.953	3.575
1220.000	209.954	3.575
1220.200	209.954	3.575
1220.400	209.953	3.575
1220.600	209.955	3.575
1220.800	209.955	3.575
1221.000	209.955	3.575
1221.200	209.954	3.575
1221.400	209.956	3.575
1221.600	209.953	3.575
1221.800	209.954	3.575
1222.000	209.955	3.575
1222.200	209.955	3.575
1222.400	209.953	3.575
1222.600	209.952	3.575
1222.800	209.953	3.575
1223.000	209.955	3.575
1223.200	209.953	3.575
1223.400	209.954	3.575
1223.600	209.953	3.575
1223.800	209.954	3.575
1224.000	209.954	3.575
1224.200	209.953	3.575
1224.400	209.954	3.575
1224.600	209.954	3.575
1224.800	209.954	3.575
1225.000	209.955	3.575
1225.200	209.954	3.575
1225.400	209.954	3.575
1225.600	209.954	3.575
1225.800	209.953	3.575
1226.000	209.955	3.575
1226.200	209.953	3.575
1226.400	209.954	3.575
1226.600	209.953	3.575
1226.800	209.954	3.575
1227.000	209.956	3.575
1227.200	209.955	3.575
1227.400	209.955	3.575
1227.600	209.954	3.575
1227.800	209.953	3.575
1228.000	209.953	3.575
1228.200	209.955	3.575
1228.400	209.955	3.575
1228.600	209.955	3.575
1228.800	209.955	3.575
1229.000	209.956	3.575
1229.200	209.955	3.575
1229.400	209.955	3.575
1229.600	209.955	3.575
1229.800	209.956	3.575
1230.000	209.955	3.575
1230.200	209.955	3.575
1230.400	209.952	3.575
1230.600	209.952	3.575
1230.800	209.954	3.575
1231.000	209.951	3.575
1231.200	209.954	3.575
1231.400	209.952	3.575
1231.600	209.954	3.575
1231.800	209.952	3.575
1232.000	209.954	3.575
1232.200	209.953	3.575
1232.400	209.951	3.575
1232.600	209.954	3.575
1232.800	209.953	3.575
1233.000	209.952	3.575
1233.200	209.951	3.575
1233.400	209.952	3.575
1233.600	209.951	3.575
1233.800	209.952	3.575
1234.000	209.952	3.575
1234.200	209.951	3.575
1234.400	209.951	3.575
1234.600	209.952	3.575
1234.800	209.952	3.575
1235.000	209.950	3.575
1235.200	209.951	3.575
1235.400	209.951	3.575
1235.600	209.951	3.575
1235.800	209.951	3.575
1236.000	209.952	3.575
1236.200	209.951	3.575
1236.400	209.952	3.575
1236.600	209.950	3.575
1236.800	209.951	3.575
1237.000	209.950	3.575
1237.200	209.950	3.575
1237.400	209.950	3.575
1237.600	209.951	3.575
1237.800	209.952	3.575
1238.000	209.950	3.575
1238.200	209.952	3.575
1238.400	209.951	3.575
1238.600	209.951	3.575
1238.800	209.950	3.575
1239.000	209.951	3.576
1239.200	209.952	3.576
1239.400	209.953	3.576
1239.600	209.953	3.576
1239.800	209.954	3.576
1240.000	209.952	3.576
1240.200	209.951	3.576
1240.400	209.952	3.576
1240.600	209.951	3.576
1240.800	209.953	3.576
1241.000	209.952	3.576
1241.200	209.951	3.576
1241.400	209.951	3.576
1241.600	209.950	3.576
1241.800	209.952	3.576
1242.000	209.950	3.576
1242.200	209.949	3.576
1242.400	209.949	3.576
1242.600	209.950	3.576
1242.800	209.951	3.576
1243.000	209.951	3.576
1243.200	209.950	3.576
1243.400	209.949	3.576
1243.600	209.949	3.576
1243.800	209.950	3.576
1244.000	209.952	3.576
1244.200	209.951	3.576
1244.400	209.951	3.576
1244.600	209.951	3.576
1244.800	209.951	3.576
1245.000	209.951	3.576
1245.200	209.952	3.576
1245.400	209.950	3.576
1245.600	209.949	3.576
1245.800	209.950	3.576
1246.000	209.948	3.576
1246.200	209.950	3.576
1246.400	209.951	3.576
1246.600	209.949	3.576
1246.800	209.949	3.576
1247.000	209.950	3.576
1247.200	209.950	3.576
1247.400	209.949	3.576
1247.600	209.949	3.576
1247.800	209.949	3.576
1248.000	209.949	3.576
1248.200	209.950	3.576
1248.400	209.948	3.576
1248.600	209.950	3.576
1248.800	209.951	3.576
1249.000	209.951	3.576
1249.200	209.950	3.576
1249.400	209.950	3.576
1249.600	209.952	3.576
1249.800	209.951	3.576
1250.000	209.952	3.576
1250.200	209.951	3.576
1250.400	209.950	3.576
1250.600	209.951	3.576
1250.800	209.952	3.576
1251.000	209.951	3.576
1251.200	209.952	3.576
1251.400	209.952	3.576
1251.600	209.950	3.576
1251.800	209.952	3.576
1252.000	209.952	3.576
1252.200	209.952	3.576
1252.400	209.951	3.576
1252.600	209.951	3.576
1252.800	209.951	3.576
1253.000	209.951	3.576
1253.200	209.950	3.576
1253.400	209.951	3.576
1253.600	209.951	3.576
1253.800	209.952	3.576
1254.000	209.952	3.576
1254.200	209.953	3.576
1254.400	209.952	3.576
1254.600	209.952	3.576
1254.800	209.952	3.576
1255.000	209.952	3.576
1255.200	209.952	3.576
1255.400	209.951	3.576
1255.600	209.952	3.576
1255.800	209.951	3.576
1256.000	209.952	3.576
1256.200	209.953	3.576
1256.400	209.953	3.576
1256.600	209.951	3.576
1256.800	209.951	3.576
1257.000	209.952	3.576
1257.200	209.951	3.576
1257.400	209.952	3.576
1257.600	209.951	3.576
1257.800	209.953	3.576
1258.000	209.952	3.576
1258.200	209.951	3.576
1258.400	209.951	3.576
1258.600	209.951	3.576
1258.800	209.952	3.576
1259.000	209.951	3.576
1259.200	209.952	3.576
1259.400	209.952	3.576
1259.600	209.952	3.576
1259.800	209.950	3.576
1260.000	209.952	3.576
1260.200	209.950	3.576
1260.400	209.951	3.576
1260.600	209.953	3.576
1260.800	209.950	3.576
1261.000	209.951	3.576
1261.200	209.952	3.576
1261.400	209.952	3.576
1261.600	209.952	3.576
1261.800	209.950	3.576
1262.000	209.951	3.576
1262.200	209.952	3.576
1262.400	209.950	3.576
1262.600	209.951	3.576
1262.800	209.950	3.576
1263.000	209.952	3.576
1263.200	209.951	3.576
1263.400	209.950	3.576
1263.600	209.950	3.576
1263.800	209.951	3.576
1264.000	209.950	3.576
1264.200	209.951	3.576
1264.400	209.951	3.576
1264.600	209.951	3.576
1264.800	209.951	3.576
1265.000	209.950	3.576
1265.200	209.951	3.576
1265.400	209.950	3.576
1265.600	209.951	3.576
1265.800	209.951	3.576
1266.000	209.949	3.576
1266.200	209.950	3.576
1266.400	209.950	3.576
1266.600	209.951	3.576
1266.800	209.952	3.576
1267.000	209.952	3.576
1267.200	209.950	3.576
1267.400	209.953	3.576
1267.600	209.952	3.576
1267.800	209.950	3.576
1268.000	209.951	3.576
1268.200	209.951	3.576
1268.400	209.951	3.576
1268.600	209.951	3.576
1268.800	209.949	3.576
1269.000	209.950	3.576
1269.200	209.950	3.576
1269.400	209.951	3.576
1269.600	209.950	3.576
1269.800	209.949	3.576
1270.000	209.950	3.576
1270.200	209.951	3.576
1270.400	209.951	3.576
1270.600	209.950	3.576
1270.800	209.951	3.576
1271.000	209.953	3.576
1271.200	209.953	3.576
1271.400	209.951	3.576
1271.600	209.950	3.576
1271.800	209.952	3.576
1272.000	209.952	3.576
1272.200	209.951	3.576
1272.400	209.951	3.576
1272.600	209.951	3.576
1272.800	209.951	3.576
1273.000	209.951	3.576
1273.200	209.951	3.576
1273.400	209.952	3.576
1273.600	209.951	3.576
1273.800	209.953	3.576
1274.000	209.952	3.576
1274.200	209.950	3.576
1274.400	209.950	3.576
1274.600	209.948	3.576
1274.800	209.951	3.576
1275.000	209.952	3.576
1275.200	209.953	3.576
1275.400	209.952	3.576
1275.600	209.950	3.576
1275.800	209.948	3.576
1276.000	209.949	3.576
1276.200	209.950	3.576
1276.400	209.951	3.576
1276.600	209.950	3.576
1276.800	209.951	3.576
1277.000	209.950	3.576
1277.200	209.952	3.576
1277.400	209.950	3.576
1277.600	209.952	3.576
1277.800	209.951	3.576
1278.000	209.950	3.576
1278.200	209.952	3.576
1278.400	209.951	3.576
1278.600	209.951	3.576
1278.800	209.951	3.576
1279.000	209.951	3.576
1279.200	209.952	3.576
1279.400	209.950	3.576
1279.600	209.951	3.576
1279.800	209.951	3.576
1280.000	209.952	3.576
1280.200	209.950	3.576
1280.400	209.950	3.577
1280.600	209.951	3.576
1280.800	209.952	3.576
1281.000	209.951	3.576
1281.200	209.949	3.576
1281.400	209.952	3.576
1281.600	209.950	3.577
1281.800	209.952	3.577
1282.000	209.951	3.576
1282.200	209.950	3.577
1282.400	209.949	3.577
1282.600	209.950	3.577
1282.800	209.951	3.577
1283.000	209.949	3.577
1283.200	209.949	3.576
1283.400	209.952	3.577
1283.600	209.950	3.577
1283.800	209.951	3.577
1284.000	209.951	3.577
1284.200	209.950	3.577
1284.400	209.950	3.576
1284.600	209.950	3.576
1284.800	209.950	3.577
1285.000	209.951	3.577
1285.200	209.950	3.577
1285.400	209.950	3.577
1285.600	209.951	3.577
1285.800	209.950	3.577
1286.000	209.951	3.577
1286.200	209.950	3.577
1286.400	209.950	3.577
1286.600	209.949	3.577
1286.800	209.951	3.577
1287.000	209.950	3.577
1287.200	209.950	3.577
1287.400	209.949	3.577
1287.600	209.950	3.577
1287.800	209.950	3.577
1288.000	209.949	3.577
1288.200	209.950	3.577
1288.400	209.950	3.577
1288.600	209.952	3.577
1288.800	209.951	3.577
1289.000	209.949	3.577
1289.200	209.950	3.577
1289.400	209.951	3.577
1289.600	209.951	3.577
1289.800	209.951	3.577
1290.000	209.952	3.577
1290.200	209.952	3.577
1290.400	209.952	3.577
1290.600	209.952	3.577
1290.800	209.951	3.577
1291.000	209.951	3.577
1291.200	209.950	3.577
1291.400	209.950	3.577
1291.600	209.949	3.577
1291.800	209.950	3.577
1292.000	209.950	3.577
1292.200	209.952	3.577
1292.400	209.951	3.577
1292.600	209.952	3.577
1292.800	209.951	3.577
1293.000	209.953	3.577
1293.200	209.950	3.577
1293.400	209.950	3.577
1293.600	209.951	3.577
1293.800	209.953	3.577
1294.000	209.951	3.577
1294.200	209.951	3.577
1294.400	209.950	3.577
1294.600	209.951	3.577
1294.800	209.951	3.577
1295.000	209.951	3.577
1295.200	209.951	3.577
1295.400	209.950	3.577
1295.600	209.952	3.577
1295.800	209.950	3.577
1296.000	209.951	3.577
1296.200	209.949	3.577
1296.400	209.951	3.577
1296.600	209.951	3.577
1296.800	209.951	3.577
1297.000	209.950	3.577
1297.200	209.951	3.577
1297.400	209.950	3.577
1297.600	209.951	3.577
1297.800	209.949	3.577
1298.000	209.949	3.577
1298.200	209.951	3.577
1298.400	209.948	3.577
1298.600	209.949	3.577
1298.800	209.949	3.577
1299.000	209.949	3.577
1299.200	209.949	3.577
1299.400	209.949	3.577
1299.600	209.949	3.577
1299.800	209.950	3.577
1300.000	209.950	3.577
1300.200	209.951	3.577
1300.400	209.952	3.577
1300.600	209.950	3.577
1300.800	209.950	3.577
1301.000	209.950	3.577
1301.200	209.952	3.577
1301.400	209.954	3.577
1301.600	209.953	3.577
1301.800	209.950	3.577
1302.000	209.950	3.577
1302.200	209.951	3.577
1302.400	209.950	3.577
1302.600	209.950	3.577
1302.800	209.951	3.577
1303.000	209.949	3.577
1303.200	209.948	3.577
1303.400	209.950	3.577
1303.600	209.950	3.577
1303.800	209.950	3.577
1304.000	209.950	3.577
1304.200	209.949	3.577
1304.400	209.948	3.577
1304.600	209.949	3.577
1304.800	209.949	3.577
1305.000	209.948	3.577
1305.200	209.949	3.577
1305.400	209.948	3.577
1305.600	209.949	3.577
1305.800	209.950	3.577
1306.000	209.949	3.577
1306.200	209.950	3.577
1306.400	209.949	3.577
1306.600	209.951	3.577
1306.800	209.951	3.577
1307.000	209.949	3.577
1307.200	209.950	3.577
1307.400	209.950	3.577
1307.600	209.950	3.577
1307.800	209.950	3.577
1308.000	209.949	3.577
1308.200	209.950	3.577
1308.400	209.949	3.577
1308.600	209.949	3.577
1308.800	209.949	3.577
1309.000	209.948	3.577
1309.200	209.948	3.577
1309.400	209.948	3.577
1309.600	209.949	3.577
1309.800	209.949	3.577
1310.000	209.950	3.577
1310.200	209.950	3.577
1310.400	209.949	3.577
1310.600	209.948	3.577
1310.800	209.949	3.577
1311.000	209.948	3.577
1311.200	209.949	3.577
1311.400	209.949	3.577
1311.600	209.950	3.577
1311.800	209.949	3.577
1312.000	209.948	3.577
1312.200	209.950	3.577
1312.400	209.950	3.577
1312.600	209.949	3.577
1312.800	209.950	3.577
1313.000	209.951	3.577
1313.200	209.949	3.577
1313.400	209.950	3.577
1313.600	209.949	3.577
1313.800	209.951	3.577
1314.000	209.949	3.577
1314.200	209.950	3.577
1314.400	209.950	3.577
1314.600	209.949	3.577
1314.800	209.949	3.577
1315.000	209.951	3.577
1315.200	209.950	3.577
1315.400	209.950	3.577
1315.600	209.950	3.577
1315.800	209.950	3.577
1316.000	209.950	3.577
1316.200	209.950	3.577
1316.400	209.950	3.577
1316.600	209.949	3.577
1316.800	209.949	3.577
1317.000	209.948	3.577
1317.200	209.949	3.577
1317.400	209.950	3.577
1317.600	209.948	3.577
1317.800	209.951	3.577
1318.000	209.950	3.577
1318.200	209.949	3.577
1318.400	209.949	3.577
1318.600	209.950	3.577
1318.800	209.950	3.577
1319.000	209.949	3.577
1319.200	209.950	3.577
1319.400	209.950	3.577
1319.600	209.948	3.577
1319.800	209.951	3.577
1320.000	209.950	3.577
1320.200	209.950	3.577
1320.400	209.950	3.577
1320.600	209.949	3.577
1320.800	209.951	3.577
1321.000	209.950	3.577
1321.200	209.949	3.577
1321.400	209.951	3.577
1321.600	209.948	3.577
1321.800	209.949	3.577
1322.000	209.948	3.577
1322.200	209.948	3.577
1322.400	209.948	3.577
1322.600	209.949	3.577
1322.800	209.950	3.577
1323.000	209.951	3.577
1323.200	209.949	3.577
1323.400	209.949	3.577
1323.600	209.948	3.577
1323.800	209.949	3.577
1324.000	209.948	3.577
1324.200	209.948	3.577
1324.400	209.947	3.577
1324.600	209.950	3.577
1324.800	209.949	3.577
1325.000	209.949	3.577
1325.200	209.950	3.577
1325.400	209.949	3.577
1325.600	209.949	3.577
1325.800	209.948	3.577
1326.000	209.949	3.577
1326.200	209.946	3.577
1326.400	209.950	3.577
1326.600	209.947	3.577
1326.800	209.949	3.577
1327.000	209.948	3.578
1327.200	209.947	3.578
1327.400	209.946	3.578
1327.600	209.947	3.578
1327.800	209.944	3.577
1328.000	209.946	3.577
1328.200	209.947	3.577
1328.400	209.947	3.577
1328.600	209.948	3.577
1328.800	209.948	3.578
1329.000	209.949	3.578
1329.200	209.948	3.578
1329.400	209.947	3.578
1329.600	209.949	3.578
1329.800	209.948	3.578
1330.000	209.949	3.578
1330.200	209.948	3.578
1330.400	209.948	3.578
1330.600	209.948	3.578
1330.800	209.948	3.578
1331.000	209.948	3.578
1331.200	209.948	3.578
1331.400	209.948	3.578
1331.600	209.948	3.578
1331.800	209.947	3.578
1332.000	209.948	3.578
1332.200	209.949	3.578
1332.400	209.949	3.578
1332.600	209.949	3.578
1332.800	209.950	3.578
1333.000	209.950	3.578
1333.200	209.949	3.578
1333.400	209.950	3.578
1333.600	209.950	3.578
1333.800	209.949	3.578
1334.000	209.948	3.578
1334.200	209.950	3.578
1334.400	209.948	3.578
1334.600	209.948	3.578
1334.800	209.950	3.578
1335.000	209.950	3.578
1335.200	209.950	3.578
1335.400	209.950	3.578
1335.600	209.949	3.578
1335.800	209.949	3.578
1336.000	209.949	3.578
1336.200	209.948	3.578
1336.400	209.950	3.578
1336.600	209.949	3.578
1336.800	209.949	3.578
1337.000	209.950	3.578
1337.200	209.950	3.578
1337.400	209.950	3.578
1337.600	209.950	3.578
1337.800	209.950	3.578
1338.000	209.949	3.578
1338.200	209.952	3.578
1338.400	209.950	3.578
1338.600	209.947	3.578
1338.800	209.949	3.578
1339.000	209.950	3.578
1339.200	209.950	3.578
1339.400	209.951	3.578
1339.600	209.950	3.578
1339.800	209.949	3.578
1340.000	209.948	3.578
1340.200	209.951	3.578
1340.400	209.949	3.578
1340.600	209.949	3.578
1340.800	209.952	3.578
1341.000	209.952	3.578
1341.200	209.951	3.578
1341.400	209.951	3.578
1341.600	209.952	3.578
1341.800	209.950	3.578
1342.000	209.951	3.578
1342.200	209.951	3.578
1342.400	209.951	3.578
1342.600	209.953	3.578
1342.800	209.950	3.578
1343.000	209.949	3.578
1343.200	209.951	3.578
1343.400	209.950	3.578
1343.600	209.953	3.578
1343.800	209.953	3.578
1344.000	209.952	3.578
1344.200	209.953	3.578
1344.400	209.951	3.578
1344.600	209.950	3.578
1344.800	209.952	3.578
1345.000	209.952	3.578
1345.200	209.952	3.578
1345.400	209.952	3.578
1345.600	209.952	3.578
1345.800	209.952	3.578
1346.000	209.951	3.578
1346.200	209.950	3.578
1346.400	209.951	3.578
1346.600	209.951	3.578
1346.800	209.951	3.578
1347.000	209.951	3.578
1347.200	209.951	3.578
1347.400	209.951	3.578
1347.600	209.951	3.578
1347.800	209.950	3.578
1348.000	209.951	3.578
1348.200	209.953	3.578
1348.400	209.954	3.578
1348.600	209.952	3.578
1348.800	209.953	3.578
1349.000	209.953	3.578
1349.200	209.953	3.578
1349.400	209.954	3.578
1349.600	209.953	3.578
1349.800	209.952	3.578
1350.000	209.953	3.578
1350.200	209.953	3.578
1350.400	209.953	3.578
1350.600	209.952	3.578
1350.800	209.953	3.578
1351.000	209.954	3.578
1351.200	209.953	3.578
1351.400	209.953	3.578
1351.600	209.952	3.578
1351.800	209.953	3.578
1352.000	209.954	3.578
1352.200	209.954	3.578
1352.400	209.954	3.578
1352.600	209.951	3.578
1352.800	209.952	3.578
1353.000	209.953	3.578
1353.200	209.952	3.578
1353.400	209.952	3.578
1353.600	209.950	3.578
1353.800	209.951	3.578
1354.000	209.951	3.578
1354.200	209.953	3.578
1354.400	209.951	3.578
1354.600	209.951	3.578
1354.800	209.950	3.578
1355.000	209.952	3.578
1355.200	209.950	3.578
1355.400	209.950	3.578
1355.600	209.949	3.578
1355.800	209.950	3.578
1356.000	209.950	3.578
1356.200	209.952	3.578
1356.400	209.951	3.578
1356.600	209.951	3.578
1356.800	209.952	3.578
1357.000	209.950	3.578
1357.200	209.952	3.578
1357.400	209.949	3.578
1357.600	209.949	3.578
1357.800	209.950	3.578
1358.000	209.950	3.578
1358.200	209.951	3.578
1358.400	209.949	3.578
1358.600	209.950	3.578
1358.800	209.950	3.578
1359.000	209.949	3.578
1359.200	209.949	3.578
1359.400	209.949	3.578
1359.600	209.950	3.578
1359.800	209.949	3.578
1360.000	209.949	3.578
1360.200	209.949	3.578
1360.400	209.950	3.578
1360.600	209.950	3.578
1360.800	209.950	3.578
1361.000	209.950	3.578
1361.200	209.951	3.578
1361.400	209.950	3.578
1361.600	209.949	3.578
1361.800	209.949	3.578
1362.000	209.949	3.578
1362.200	209.951	3.578
1362.400	209.951	3.578
1362.600	209.951	3.578
1362.800	209.951	3.578
1363.000	209.951	3.578
1363.200	209.950	3.578
1363.400	209.949	3.578
1363.600	209.949	3.578
1363.800	209.951	3.578
1364.000	209.952	3.578
1364.200	209.952	3.578
1364.400	209.951	3.578
1364.600	209.951	3.578
1364.800	209.949	3.578
1365.000	209.951	3.578
1365.200	209.950	3.578
1365.400	209.949	3.578
1365.600	209.952	3.578
1365.800	209.951	3.578
1366.000	209.952	3.578
1366.200	209.950	3.578
1366.400	209.950	3.578
1366.600	209.952	3.578
1366.800	209.951	3.578
1367.000	209.950	3.578
1367.200	209.953	3.578
1367.400	209.950	3.578
1367.600	209.951	3.578
1367.800	209.952	3.578
1368.000	209.951	3.578
1368.200	209.950	3.578
1368.400	209.951	3.578
1368.600	209.950	3.578
1368.800	209.950	3.578
1369.000	209.950	3.578
1369.200	209.951	3.578
1369.400	209.953	3.579
1369.600	209.950	3.578
1369.800	209.952	3.579
1370.000	209.951	3.579
1370.200	209.950	3.579
1370.400	209.952	3.579
1370.600	209.951	3.579
1370.800	209.950	3.579
1371.000	209.950	3.579
1371.200	209.950	3.579
1371.400	209.950	3.579
1371.600	209.949	3.579
1371.800	209.950	3.579
1372.000	209.950	3.579
1372.200	209.951	3.579
1372.400	209.950	3.579
1372.600	209.950	3.579
1372.800	209.949	3.579
1373.000	209.951	3.579
1373.200	209.952	3.579
1373.400	209.952	3.579
1373.600	209.950	3.579
1373.800	209.951	3.579
1374.000	209.951	3.579
1374.200	209.952	3.579
1374.400	209.949	3.579
1374.600	209.949	3.579
1374.800	209.949	3.579
1375.000	209.951	3.579
1375.200	209.951	3.579
1375.400	209.951	3.579
1375.600	209.950	3.579
1375.800	209.949	3.579
1376.000	209.949	3.579
1376.200	209.949	3.579
1376.400	209.951	3.579
1376.600	209.947	3.579
1376.800	209.948	3.579
1377.000	209.948	3.579
1377.200	209.949	3.579
1377.400	209.949	3.579
1377.600	209.950	3.579
1377.800	209.951	3.579
1378.000	209.949	3.579
1378.200	209.950	3.579
1378.400	209.948	3.579
1378.600	209.949	3.579
1378.800	209.949	3.579
1379.000	209.949	3.579
1379.200	209.950	3.579
1379.400	209.950	3.579
1379.600	209.951	3.579
1379.800	209.949	3.579
1380.000	209.949	3.579
1380.200	209.950	3.579
1380.400	209.950	3.579
1380.600	209.949	3.579
1380.800	209.949	3.579
1381.000	209.948	3.579
1381.200	209.947	3.579
1381.400	209.951	3.579
1381.600	209.950	3.579
1381.800	209.951	3.579
1382.000	209.951	3.579
1382.200	209.953	3.579
1382.400	209.949	3.579
1382.600	209.950	3.579
1382.800	209.948	3.579
1383.000	209.949	3.579
1383.200	209.949	3.579
1383.400	209.949	3.579
1383.600	209.951	3.579
1383.800	209.950	3.579
1384.000	209.949	3.579
1384.200	209.949	3.579
1384.400	209.949	3.579
1384.600	209.950	3.579
1384.800	209.949	3.579
1385.000	209.951	3.579
1385.200	209.950	3.579
1385.400	209.949	3.579
1385.600	209.951	3.579
1385.800	209.950	3.579
1386.000	209.950	3.579
1386.200	209.950	3.579
1386.400	209.949	3.579
1386.600	209.951	3.579
1386.800	209.949	3.579
1387.000	209.950	3.579
1387.200	209.948	3.579
1387.400	209.950	3.579
1387.600	209.952	3.579
1387.800	209.951	3.579
1388.000	209.951	3.579
1388.200	209.950	3.579
1388.400	209.949	3.579
1388.600	209.950	3.579
1388.800	209.950	3.579
1389.000	209.951	3.579
1389.200	209.952	3.579
1389.400	209.951	3.579
1389.600	209.950	3.579
1389.800	209.951	3.579
1390.000	209.950	3.579
1390.200	209.950	3.579
1390.400	209.951	3.579
1390.600	209.948	3.579
1390.800	209.951	3.579
1391.000	209.949	3.579
1391.200	209.949	3.579
1391.400	209.950	3.579
1391.600	209.949	3.579
1391.800	209.951	3.579
1392.000	209.950	3.579
1392.200	209.952	3.579
1392.400	209.952	3.579
1392.600	209.951	3.579
1392.800	209.951	3.579
1393.000	209.951	3.579
1393.200	209.951	3.579
1393.400	209.950	3.579
1393.600	209.950	3.579
1393.800	209.949	3.579
1394.000	209.951	3.579
1394.200	209.951	3.579
1394.400	209.952	3.579
1394.600	209.952	3.579
1394.800	209.952	3.579
1395.000	209.951	3.579
1395.200	209.951	3.579
1395.400	209.949	3.579
1395.600	209.950	3.579
1395.800	209.949	3.579
1396.000	209.951	3.579
1396.200	209.950	3.579
1396.400	209.951	3.579
1396.600	209.951	3.579
1396.800	209.951	3.579
1397.000	209.953	3.579
1397.200	209.953	3.579
1397.400	209.952	3.579
1397.600	209.951	3.579
1397.800	209.952	3.579
1398.000	209.951	3.579
1398.200	209.951	3.579
1398.400	209.951	3.579
1398.600	209.953	3.579
1398.800	209.952	3.579
1399.000	209.951	3.579
1399.200	209.955	3.579
1399.400	209.951	3.579
1399.600	209.952	3.579
1399.800	209.952	3.579
1400.000	209.951	3.579
1400.200	209.951	3.579
1400.400	209.952	3.579
1400.600	209.951	3.579
1400.800	209.954	3.579
1401.000	209.953	3.579
1401.200	209.952	3.579
1401.400	209.952	3.579
1401.600	209.953	3.579
1401.800	209.952	3.579
1402.000	209.952	3.579
1402.200	209.953	3.579
1402.400	209.954	3.579
1402.600	209.953	3.579
1402.800	209.952	3.579
1403.000	209.952	3.579
1403.200	209.951	3.579
1403.400	209.950	3.579
1403.600	209.952	3.579
1403.800	209.952	3.579
1404.000	209.951	3.579
1404.200	209.951	3.579
1404.400	209.951	3.579
1404.600	209.950	3.579
1404.800	209.950	3.579
1405.000	209.949	3.579
1405.200	209.950	3.579
1405.400	209.949	3.579
1405.600	209.949	3.579
1405.800	209.950	3.579
1406.000	209.949	3.579
1406.200	209.950	3.579
1406.400	209.950	3.579
1406.600	209.949	3.579
1406.800	209.951	3.579
1407.000	209.951	3.579
1407.200	209.950	3.579
1407.400	209.950	3.579
1407.600	209.949	3.579
1407.800	209.951	3.579
1408.000	209.951	3.579
1408.200	209.952	3.579
1408.400	209.952	3.579
1408.600	209.952	3.579
1408.800	209.952	3.579
1409.000	209.951	3.579
1409.200	209.951	3.579
1409.400	209.951	3.579
1409.600	209.952	3.579
1409.800	209.953	3.579
1410.000	209.952	3.579
1410.200	209.952	3.579
1410.400	209.951	3.579
1410.600	209.950	3.579
1410.800	209.950	3.579
1411.000	209.952	3.579
1411.200	209.951	3.579
1411.400	209.951	3.579
1411.600	209.950	3.579
1411.800	209.951	3.579
1412.000	209.952	3.580
1412.200	209.951	3.580
1412.400	209.951	3.580
1412.600	209.951	3.580
1412.800	209.950	3.580
1413.000	209.952	3.580
1413.200	209.950	3.580
1413.400	209.952	3.580
1413.600	209.951	3.580
1413.800	209.952	3.580
1414.000	209.951	3.580
1414.200	209.953	3.580
1414.400	209.951	3.580
1414.600	209.952	3.580
1414.800	209.952	3.580
1415.000	209.951	3.580
1415.200	209.951	3.580
1415.400	209.950	3.580
1415.600	209.952	3.580
1415.800	209.951	3.580
1416.000	209.953	3.580
1416.200	209.951	3.580
1416.400	209.950	3.580
1416.600	209.952	3.580
1416.800	209.951	3.580
1417.000	209.952	3.580
1417.200	209.952	3.580
1417.400	209.950	3.580
1417.600	209.951	3.580
1417.800	209.952	3.580
1418.000	209.951	3.580
1418.200	209.953	3.580
1418.400	209.951	3.580
1418.600	209.951	3.580
1418.800	209.951	3.580
1419.000	209.953	3.580
1419.200	209.951	3.580
1419.400	209.953	3.580
1419.600	209.952	3.580
1419.800	209.952	3.580
1420.000	209.953	3.580
1420.200	209.951	3.580
1420.400	209.950	3.580
1420.600	209.952	3.580
1420.800	209.952	3.580
1421.000	209.953	3.580
1421.200	209.951	3.580
1421.400	209.953	3.580
1421.600	209.952	3.580
1421.800	209.953	3.580
1422.000	209.951	3.580
1422.200	209.953	3.580
1422.400	209.953	3.580
1422.600	209.951	3.580
1422.800	209.952	3.580
1423.000	209.952	3.580
1423.200	209.951	3.580
1423.400	209.952	3.580
1423.600	209.952	3.580
1423.800	209.951	3.580
1424.000	209.951	3.580
1424.200	209.952	3.580
1424.400	209.951	3.580
1424.600	209.950	3.580
1424.800	209.950	3.580
1425.000	209.950	3.580
1425.200	209.951	3.580
1425.400	209.952	3.580
1425.600	209.950	3.580
1425.800	209.951	3.580
1426.000	209.951	3.580
1426.200	209.952	3.580
1426.400	209.951	3.580
1426.600	209.951	3.580
1426.800	209.952	3.580
1427.000	209.953	3.580
1427.200	209.951	3.580
1427.400	209.952	3.580
1427.600	209.952	3.580
1427.800	209.951	3.580
1428.000	209.950	3.580
1428.200	209.951	3.580
1428.400	209.952	3.580
1428.600	209.951	3.580
1428.800	209.950	3.580
1429.000	209.951	3.580
1429.200	209.953	3.580
1429.400	209.950	3.580
1429.600	209.953	3.580
1429.800	209.953	3.580
1430.000	209.952	3.580
1430.200	209.950	3.580
1430.400	209.951	3.580
1430.600	209.950	3.580
1430.800	209.951	3.580
1431.000	209.949	3.580
1431.200	209.951	3.580
1431.400	209.950	3.580
1431.600	209.951	3.580
1431.800	209.951	3.580
1432.000	209.950	3.580
1432.200	209.949	3.580
1432.400	209.952	3.580
1432.600	209.951	3.580
1432.800	209.951	3.580
1433.000	209.950	3.580
1433.200	209.949	3.580
1433.400	209.950	3.580
1433.600	209.950	3.580
1433.800	209.951	3.580
1434.000	209.952	3.580
1434.200	209.950	3.580
1434.400	209.950	3.580
1434.600	209.951	3.580
1434.800	209.951	3.580
1435.000	209.950	3.580
1435.200	209.949	3.580
1435.400	209.950	3.580
1435.600	209.951	3.580
1435.800	209.951	3.580
1436.000	209.950	3.580
1436.200	209.951	3.580
1436.400	209.951	3.580
1436.600	209.952	3.580
1436.800	209.952	3.580
1437.000	209.951	3.580
1437.200	209.951	3.580
1437.400	209.951	3.580
1437.600	209.951	3.580
1437.800	209.950	3.580
1438.000	209.950	3.580
1438.200	209.950	3.580
1438.400	209.950	3.580
1438.600	209.949	3.580
1438.800	209.950	3.580
1439.000	209.949	3.580
1439.200	209.951	3.580
1439.400	209.952	3.580
1439.600	209.949	3.580
1439.800	209.952	3.580
1440.000	209.951	3.580
1440.200	209.951	3.580
1440.400	209.950	3.580
1440.600	209.951	3.580
1440.800	209.951	3.580
1441.000	209.949	3.580
1441.200	209.951	3.580
1441.400	209.953	3.580
1441.600	209.951	3.580
1441.800	209.950	3.580
1442.000	209.951	3.580
1442.200	209.953	3.580
1442.400	209.950	3.580
1442.600	209.951	3.580
1442.800	209.951	3.580
1443.000	209.952	3.580
1443.200	209.950	3.580
1443.400	209.952	3.580
1443.600	209.951	3.580
1443.800	209.950	3.580
1444.000	209.951	3.580
1444.200	209.951	3.580
1444.400	209.951	3.580
1444.600	209.952	3.580
1444.800	209.950	3.580
1445.000	209.950	3.580
1445.200	209.952	3.580
1445.400	209.950	3.580
1445.600	209.952	3.580
1445.800	209.950	3.580
1446.000	209.951	3.580
1446.200	209.951	3.580
1446.400	209.951	3.580
1446.600	209.951	3.580
1446.800	209.950	3.580
1447.000	209.951	3.580
1447.200	209.950	3.580
1447.400	209.951	3.580
1447.600	209.950	3.580
1447.800	209.947	3.580
1448.000	209.950	3.580
1448.200	209.949	3.580
1448.400	209.948	3.580
1448.600	209.950	3.580
1448.800	209.949	3.580
1449.000	209.950	3.580
1449.200	209.951	3.580
1449.400	209.949	3.580
1449.600	209.948	3.580
1449.800	209.951	3.580
1450.000	209.951	3.580
1450.200	209.950	3.580
1450.400	209.950	3.580
1450.600	209.951	3.580
1450.800	209.948	3.580
1451.000	209.948	3.580
1451.200	209.950	3.580
1451.400	209.949	3.580
1451.600	209.949	3.580
1451.800	209.951	3.580
1452.000	209.950	3.580
1452.200	209.951	3.580
1452.400	209.949	3.580
1452.600	209.950	3.580
1452.800	209.951	3.580
1453.000	209.949	3.580
1453.200	209.947	3.580
1453.400	209.951	3.580
1453.600	209.950	3.580
1453.800	209.949	3.580
1454.000	209.951	3.580
1454.200	209.949	3.580
1454.400	209.951	3.580
1454.600	209.950	3.580
1454.800	209.951	3.580
1455.000	209.953	3.580
1455.200	209.953	3.580
1455.400	209.953	3.580
1455.600	209.952	3.580
1455.800	209.952	3.581
1456.000	209.952	3.581
1456.200	209.953	3.581
1456.400	209.950	3.580
1456.600	209.951	3.581
1456.800	209.951	3.581
1457.000	209.950	3.581
1457.200	209.952	3.581
1457.400	209.952	3.581
1457.600	209.950	3.581
1457.800	209.951	3.581
1458.000	209.950	3.581
1458.200	209.952	3.581
1458.400	209.951	3.581
1458.600	209.951	3.581
1458.800	209.950	3.581
1459.000	209.952	3.581
1459.200	209.951	3.581
1459.400	209.951	3.581
1459.600	209.952	3.581
1459.800	209.951	3.581
1460.000	209.952	3.581
1460.200	209.951	3.581
1460.400	209.951	3.581
1460.600	209.952	3.581
1460.800	209.951	3.581
1461.000	209.952	3.581
1461.200	209.951	3.581
1461.400	209.950	3.581
1461.600	209.951	3.581
1461.800	209.950	3.581
1462.000	209.951	3.581
1462.200	209.950	3.581
1462.400	209.950	3.581
1462.600	209.952	3.581
1462.800	209.951	3.581
1463.000	209.951	3.581
1463.200	209.953	3.581
1463.400	209.954	3.581
1463.600	209.951	3.581
1463.800	209.951	3.581
1464.000	209.953	3.581
1464.200	209.952	3.581
1464.400	209.954	3.581
1464.600	209.951	3.581
1464.800	209.952	3.581
1465.000	209.950	3.581
1465.200	209.950	3.581
1465.400	209.951	3.581
1465.600	209.949	3.581
1465.800	209.951	3.581
1466.000	209.954	3.581
1466.200	209.950	3.581
1466.400	209.951	3.581
1466.600	209.952	3.581
1466.800	209.951	3.581
1467.000	209.952	3.581
1467.200	209.950	3.581
1467.400	209.952	3.581
1467.600	209.953	3.581
1467.800	209.952	3.581
1468.000	209.951	3.581
1468.200	209.953	3.581
1468.400	209.953	3.581
1468.600	209.951	3.581
1468.800	209.950	3.581
1469.000	209.950	3.581
1469.200	209.949	3.581
1469.400	209.950	3.581
1469.600	209.950	3.581
1469.800	209.952	3.581
1470.000	209.950	3.581
1470.200	209.952	3.581
1470.400	209.951	3.581
1470.600	209.951	3.581
1470.800	209.952	3.581
1471.000	209.950	3.581
1471.200	209.952	3.581
1471.400	209.952	3.581
1471.600	209.951	3.581
1471.800	209.950	3.581
1472.000	209.951	3.581
1472.200	209.950	3.581
1472.400	209.949	3.581
1472.600	209.949	3.581
1472.800	209.950	3.581
1473.000	209.950	3.581
1473.200	209.951	3.581
1473.400	209.950	3.581
1473.600	209.948	3.581
1473.800	209.948	3.581
1474.000	209.951	3.581
1474.200	209.950	3.581
1474.400	209.950	3.581
1474.600	209.949	3.581
1474.800	209.948	3.581
1475.000	209.950	3.581
1475.200	209.949	3.581
1475.400	209.950	3.581
1475.600	209.950	3.581
1475.800	209.948	3.581
1476.000	209.949	3.581
1476.200	209.949	3.581
1476.400	209.950	3.581
1476.600	209.949	3.581
1476.800	209.952	3.581
1477.000	209.952	3.581
1477.200	209.950	3.581
1477.400	209.949	3.581
1477.600	209.949	3.581
1477.800	209.949	3.581
1478.000	209.950	3.581
1478.200	209.950	3.581
1478.400	209.950	3.581
1478.600	209.949	3.581
1478.800	209.950	3.581
1479.000	209.951	3.581
1479.200	209.952	3.581
1479.400	209.949	3.581
1479.600	209.950	3.581
1479.800	209.950	3.581
1480.000	209.950	3.581
1480.200	209.950	3.581
1480.400	209.950	3.581
1480.600	209.949	3.581
1480.800	209.950	3.581
1481.000	209.949	3.581
1481.200	209.951	3.581
1481.400	209.949	3.581
1481.600	209.948	3.581
1481.800	209.949	3.581
1482.000	209.951	3.581
1482.200	209.949	3.581
1482.400	209.949	3.581
1482.600	209.949	3.581
1482.800	209.949	3.581
1483.000	209.948	3.581
1483.200	209.948	3.581
1483.400	209.948	3.581
1483.600	209.949	3.581
1483.800	209.948	3.581
1484.000	209.951	3.581
1484.200	209.948	3.581
1484.400	209.948	3.581
1484.600	209.948	3.581
1484.800	209.946	3.581
1485.000	209.947	3.581
1485.200	209.948	3.581
1485.400	209.948	3.581
1485.600	209.949	3.581
1485.800	209.948	3.581
1486.000	209.948	3.581
1486.200	209.949	3.581
1486.400	209.946	3.581
1486.600	209.948	3.581
1486.800	209.946	3.581
1487.000	209.949	3.581
1487.200	209.949	3.581
1487.400	209.951	3.581
1487.600	209.949	3.581
1487.800	209.948	3.581
1488.000	209.947	3.581
1488.200	209.949	3.581
1488.400	209.948	3.581
1488.600	209.950	3.581
1488.800	209.949	3.581
1489.000	209.949	3.581
1489.200	209.947	3.581
1489.400	209.950	3.581
1489.600	209.949	3.581
1489.800	209.948	3.581
1490.000	209.949	3.581
1490.200	209.948	3.581
1490.400	209.947	3.581
1490.600	209.948	3.581
1490.800	209.950	3.581
1491.000	209.947	3.581
1491.200	209.948	3.581
1491.400	209.948	3.581
1491.600	209.946	3.581
1491.800	209.947	3.581
1492.000	209.947	3.581
1492.200	209.948	3.581
1492.400	209.947	3.581
1492.600	209.948	3.581
1492.800	209.946	3.581
1493.000	209.947	3.581
1493.200	209.947	3.581
1493.400	209.948	3.581
1493.600	209.947	3.581
1493.800	209.946	3.581
1494.000	209.947	3.581
1494.200	209.947	3.581
1494.400	209.946	3.581
1494.600	209.945	3.581
1494.800	209.946	3.581
1495.000	209.946	3.581
1495.200	209.947	3.581
1495.400	209.947	3.581
1495.600	209.948	3.581
1495.800	209.946	3.581
1496.000	209.946	3.581
1496.200	209.948	3.581
1496.400	209.948	3.581
1496.600	209.948	3.581
1496.800	209.948	3.581
1497.000	209.947	3.581
1497.200	209.948	3.581
1497.400	209.947	3.581
1497.600	209.948	3.581
1497.800	209.948	3.581
1498.000	209.947	3.581
1498.200	209.948	3.581
1498.400	209.948	3.581
1498.600	209.948	3.581
1498.800	209.949	3.581
1499.000	209.949	3.581
1499.200	209.948	3.581
1499.400	209.947	3.581
1499.600	209.946	3.581
1499.800	209.946	3.581
1500.000	209.948	3.581
1500.200	209.948	3.581
1500.400	209.948	3.581
1500.600	209.949	3.581
1500.800	209.946	3.581
1501.000	209.947	3.581
1501.200	209.948	3.582
1501.400	209.947	3.582
1501.600	209.947	3.582
1501.800	209.948	3.582
1502.000	209.949	3.582
1502.200	209.947	3.582
1502.400	209.948	3.582
1502.600	209.948	3.582
1502.800	209.947	3.582
1503.000	209.948	3.582
1503.200	209.947	3.582
1503.400	209.948	3.582
1503.600	209.948	3.582
1503.800	209.948	3.582
1504.000	209.948	3.582
1504.200	209.948	3.582
1504.400	209.947	3.582
1504.600	209.948	3.582
1504.800	209.947	3.582
1505.000	209.947	3.582
1505.200	209.947	3.582
1505.400	209.945	3.582
1505.600	209.947	3.582
1505.800	209.948	3.582
1506.000	209.948	3.582
1506.200	209.947	3.582
1506.400	209.947	3.582
1506.600	209.949	3.582
1506.800	209.949	3.582
1507.000	209.949	3.582
1507.200	209.948	3.582
1507.400	209.947	3.582
1507.600	209.948	3.582
1507.800	209.950	3.582
1508.000	209.950	3.582
1508.200	209.948	3.582
1508.400	209.949	3.582
1508.600	209.948	3.582
1508.800	209.947	3.582
1509.000	209.948	3.582
1509.200	209.947	3.582
1509.400	209.947	3.582
1509.600	209.948	3.582
1509.800	209.947	3.582
1510.000	209.946	3.582
1510.200	209.945	3.582
1510.400	209.947	3.582
1510.600	209.948	3.582
1510.800	209.949	3.582
1511.000	209.948	3.582
1511.200	209.948	3.582
1511.400	209.946	3.582
1511.600	209.947	3.582
1511.800	209.946	3.582
1512.000	209.948	3.582
1512.200	209.947	3.582
1512.400	209.946	3.582
1512.600	209.947	3.582
1512.800	209.948	3.582
1513.000	209.947	3.582
1513.200	209.947	3.582
1513.400	209.947	3.582
1513.600	209.947	3.582
1513.800	209.947	3.582
1514.000	209.947	3.582
1514.200	209.948	3.582
1514.400	209.946	3.582
1514.600	209.948	3.582
1514.800	209.946	3.582
1515.000	209.947	3.582
1515.200	209.947	3.582
1515.400	209.948	3.582
1515.600	209.948	3.582
1515.800	209.946	3.582
1516.000	209.944	3.582
1516.200	209.945	3.582
1516.400	209.946	3.582
1516.600	209.948	3.582
1516.800	209.948	3.582
1517.000	209.946	3.582
1517.200	209.947	3.582
1517.400	209.945	3.582
1517.600	209.946	3.582
1517.800	209.945	3.582
1518.000	209.946	3.582
1518.200	209.945	3.582
1518.400	209.946	3.582
1518.600	209.947	3.582
1518.800	209.947	3.582
1519.000	209.947	3.582
1519.200	209.946	3.582
1519.400	209.948	3.582
1519.600	209.946	3.582
1519.800	209.947	3.582
1520.000	209.948	3.582
1520.200	209.948	3.582
1520.400	209.949	3.582
1520.600	209.947	3.582
1520.800	209.947	3.582
1521.000	209.947	3.582
1521.200	209.947	3.582
1521.400	209.948	3.582
1521.600	209.948	3.582
1521.800	209.946	3.582
1522.000	209.946	3.582
1522.200	209.948	3.582
1522.400	209.948	3.582
1522.600	209.946	3.582
1522.800	209.948	3.582
1523.000	209.947	3.582
1523.200	209.946	3.582
1523.400	209.946	3.582
1523.600	209.947	3.582
1523.800	209.947	3.582
1524.000	209.949	3.582
1524.200	209.947	3.582
1524.400	209.949	3.582
1524.600	209.947	3.582
1524.800	209.948	3.582
1525.000	209.948	3.582
1525.200	209.948	3.582
1525.400	209.948	3.582
1525.600	209.951	3.582
1525.800	209.948	3.582
1526.000	209.950	3.582
1526.200	209.950	3.582
1526.400	209.950	3.582
1526.600	209.950	3.582
1526.800	209.950	3.582
1527.000	209.949	3.582
1527.200	209.950	3.582
1527.400	209.949	3.582
1527.600	209.950	3.582
1527.800	209.949	3.582
1528.000	209.949	3.582
1528.200	209.947	3.582
1528.400	209.950	3.582
1528.600	209.949	3.582
1528.800	209.949	3.582
1529.000	209.950	3.582
1529.200	209.949	3.582
1529.400	209.947	3.582
1529.600	209.950	3.582
1529.800	209.949	3.582
1530.000	209.949	3.582
1530.200	209.948	3.582
1530.400	209.948	3.582
1530.600	209.949	3.582
1530.800	209.950	3.582
1531.000	209.950	3.582
1531.200	209.949	3.582
1531.400	209.947	3.582
1531.600	209.951	3.582
1531.800	209.949	3.582
1532.000	209.948	3.582
1532.200	209.950	3.582
1532.400	209.949	3.582
1532.600	209.950	3.582
1532.800	209.951	3.582
1533.000	209.950	3.582
1533.200	209.949	3.582
1533.400	209.950	3.582
1533.600	209.951	3.582
1533.800	209.951	3.582
1534.000	209.951	3.582
1534.200	209.950	3.582
1534.400	209.951	3.582
1534.600	209.950	3.582
1534.800	209.949	3.582
1535.000	209.951	3.582
1535.200	209.952	3.582
1535.400	209.951	3.582
1535.600	209.953	3.582
1535.800	209.951	3.582
1536.000	209.950	3.582
1536.200	209.951	3.582
1536.400	209.951	3.582
1536.600	209.951	3.582
1536.800	209.951	3.582
1537.000	209.952	3.582
1537.200	209.951	3.582
1537.400	209.951	3.582
1537.600	209.951	3.582
1537.800	209.952	3.582
1538.000	209.950	3.582
1538.200	209.951	3.582
1538.400	209.951	3.582
1538.600	209.951	3.582
1538.800	209.950	3.582
1539.000	209.949	3.582
1539.200	209.951	3.582
1539.400	209.951	3.582
1539.600	209.952	3.582
1539.800	209.949	3.582
1540.000	209.951	3.582
1540.200	209.952	3.582
1540.400	209.951	3.582
1540.600	209.952	3.582
1540.800	209.952	3.582
1541.000	209.954	3.582
1541.200	209.952	3.583
1541.400	209.952	3.583
1541.600	209.951	3.583
1541.800	209.951	3.583
1542.000	209.950	3.583
1542.200	209.951	3.583
1542.400	209.952	3.583
1542.600	209.951	3.583
1542.800	209.951	3.583
1543.000	209.952	3.583
1543.200	209.952	3.583
1543.400	209.951	3.583
1543.600	209.953	3.583
1543.800	209.951	3.583
1544.000	209.951	3.583
1544.200	209.952	3.583
1544.400	209.952	3.583
1544.600	209.951	3.583
1544.800	209.951	3.583
1545.000	209.952	3.583
1545.200	209.952	3.583
1545.400	209.952	3.583
1545.600	209.952	3.583
1545.800	209.954	3.583
1546.000	209.951	3.583
1546.200	209.953	3.583
1546.400	209.954	3.583
1546.600	209.951	3.583
1546.800	209.953	3.583
1547.000	209.953	3.583
1547.200	209.951	3.583
1547.400	209.952	3.583
1547.600	209.953	3.583
1547.800	209.951	3.583
1548.000	209.953	3.583
1548.200	209.951	3.583
1548.400	209.953	3.583
1548.600	209.951	3.583
1548.800	209.954	3.583
1549.000	209.952	3.583
1549.200	209.952	3.583
1549.400	209.951	3.583
1549.600	209.952	3.583
1549.800	209.951	3.583
1550.000	209.950	3.583
1550.200	209.951	3.583
1550.400	209.950	3.583
1550.600	209.951	3.583
1550.800	209.950	3.583
1551.000	209.951	3.583
1551.200	209.950	3.583
1551.400	209.949	3.583
1551.600	209.949	3.583
1551.800	209.947	3.583
1552.000	209.951	3.583
1552.200	209.950	3.583
1552.400	209.950	3.583
1552.600	209.951	3.583
1552.800	209.951	3.583
1553.000	209.951	3.583
1553.200	209.951	3.583
1553.400	209.951	3.583
1553.600	209.951	3.583
1553.800	209.949	3.583
1554.000	209.950	3.583
1554.200	209.951	3.583
1554.400	209.951	3.583
1554.600	209.951	3.583
1554.800	209.951	3.583
1555.000	209.951	3.583
1555.200	209.951	3.583
1555.400	209.951	3.583
1555.600	209.952	3.583
1555.800	209.951	3.583
1556.000	209.951	3.583
1556.200	209.949	3.583
1556.400	209.951	3.583
1556.600	209.952	3.583
1556.800	209.949	3.583
1557.000	209.948	3.583
1557.200	209.948	3.583
1557.400	209.950	3.583
1557.600	209.948	3.583
1557.800	209.950	3.583
1558.000	209.950	3.583
1558.200	209.950	3.583
1558.400	209.948	3.583
1558.600	209.949	3.583
1558.800	209.949	3.583
1559.000	209.947	3.583
1559.200	209.950	3.583
1559.400	209.950	3.583
1559.600	209.951	3.583
1559.800	209.949	3.583
1560.000	209.950	3.583
1560.200	209.950	3.583
1560.400	209.948	3.583
1560.600	209.949	3.583
1560.800	209.947	3.583
1561.000	209.947	3.583
1561.200	209.949	3.583
1561.400	209.949	3.583
1561.600	209.949	3.583
1561.800	209.949	3.583
1562.000	209.949	3.583
1562.200	209.947	3.583
1562.400	209.949	3.583
1562.600	209.949	3.583
1562.800	209.949	3.583
1563.000	209.951	3.583
1563.200	209.950	3.583
1563.400	209.949	3.583
1563.600	209.948	3.583
1563.800	209.948	3.583
1564.000	209.949	3.583
1564.200	209.950	3.583
1564.400	209.951	3.583
1564.600	209.950	3.583
1564.800	209.949	3.583
1565.000	209.949	3.583
1565.200	209.949	3.583
1565.400	209.951	3.583
1565.600	209.949	3.583
1565.800	209.949	3.583
1566.000	209.951	3.583
1566.200	209.950	3.583
1566.400	209.951	3.583
1566.600	209.950	3.583
1566.800	209.950	3.583
1567.000	209.951	3.583
1567.200	209.950	3.583
1567.400	209.951	3.583
1567.600	209.950	3.583
1567.800	209.951	3.583
1568.000	209.951	3.583
1568.200	209.950	3.583
1568.400	209.953	3.583
1568.600	209.952	3.583
1568.800	209.951	3.583
1569.000	209.952	3.583
1569.200	209.952	3.583
1569.400	209.953	3.583
1569.600	209.951	3.583
1569.800	209.951	3.583
1570.000	209.952	3.583
1570.200	209.952	3.583
1570.400	209.953	3.583
1570.600	209.952	3.583
1570.800	209.951	3.583
1571.000	209.950	3.583
1571.200	209.950	3.583
1571.400	209.952	3.583
1571.600	209.953	3.583
1571.800	209.954	3.583
1572.000	209.954	3.583
1572.200	209.953	3.583
1572.400	209.952	3.583
1572.600	209.952	3.583
1572.800	209.953	3.583
1573.000	209.952	3.583
1573.200	209.953	3.583
1573.400	209.954	3.583
1573.600	209.951	3.583
1573.800	209.954	3.583
1574.000	209.952	3.583
1574.200	209.953	3.583
1574.400	209.951	3.583
1574.600	209.951	3.583
1574.800	209.951	3.583
1575.000	209.952	3.583
1575.200	209.953	3.583
1575.400	209.951	3.583
1575.600	209.953	3.583
1575.800	209.953	3.583
1576.000	209.955	3.583
1576.200	209.954	3.583
1576.400	209.953	3.583
1576.600	209.952	3.583
1576.800	209.953	3.583
1577.000	209.951	3.583
1577.200	209.951	3.583
1577.400	209.954	3.583
1577.600	209.953	3.583
1577.800	209.951	3.583
1578.000	209.951	3.583
1578.200	209.952	3.583
1578.400	209.952	3.583
1578.600	209.952	3.583
1578.800	209.951	3.583
1579.000	209.950	3.583
1579.200	209.952	3.583
1579.400	209.951	3.583
1579.600	209.949	3.583
1579.800	209.949	3.583
1580.000	209.950	3.583
1580.200	209.952	3.583
1580.400	209.950	3.583
1580.600	209.951	3.583
1580.800	209.950	3.583
1581.000	209.950	3.583
1581.200	209.949	3.583
1581.400	209.949	3.583
1581.600	209.948	3.583
1581.800	209.949	3.583
1582.000	209.950	3.583
1582.200	209.950	3.583
1582.400	209.950	3.583
1582.600	209.949	3.583
1582.800	209.948	3.583
1583.000	209.950	3.583
1583.200	209.949	3.583
1583.400	209.951	3.583
1583.600	209.949	3.583
1583.800	209.951	3.583
1584.000	209.950	3.583
1584.200	209.949	3.583
1584.400	209.949	3.583
1584.600	209.951	3.583
1584.800	209.949	3.583
1585.000	209.950	3.583
1585.200	209.949	3.583
1585.400	209.949	3.583
1585.600	209.948	3.583
1585.800	209.949	3.583
1586.000	209.950	3.583
1586.200	209.950	3.583
1586.400	209.950	3.584
1586.600	209.949	3.583
1586.800	209.949	3.584
1587.000	209.951	3.584
1587.200	209.950	3.584
1587.400	209.951	3.584
1587.600	209.951	3.584
1587.800	209.949	3.584
1588.000	209.950	3.584
1588.200	209.948	3.584
1588.400	209.949	3.584
1588.600	209.950	3.584
1588.800	209.949	3.584
1589.000	209.950	3.584
1589.200	209.950	3.584
1589.400	209.950	3.584
1589.600	209.948	3.584
1589.800	209.950	3.584
1590.000	209.949	3.584
1590.200	209.948	3.584
1590.400	209.949	3.584
1590.600	209.949	3.584
1590.800	209.950	3.584
1591.000	209.949	3.584
1591.200	209.948	3.584
1591.400	209.949	3.584
1591.600	209.949	3.584
1591.800	209.950	3.584
1592.000	209.949	3.584
1592.200	209.949	3.584
1592.400	209.949	3.584
1592.600	209.949	3.584
1592.800	209.949	3.584
1593.000	209.949	3.584
1593.200	209.947	3.584
1593.400	209.949	3.584
1593.600	209.947	3.584
1593.800	209.949	3.584
1594.000	209.948	3.584
1594.200	209.948	3.584
1594.400	209.950	3.584
1594.600	209.950	3.584
1594.800	209.949	3.584
1595.000	209.949	3.584
1595.200	209.947	3.584
1595.400	209.948	3.584
1595.600	209.948	3.584
1595.800	209.948	3.584
1596.000	209.948	3.584
1596.200	209.946	3.584
1596.400	209.946	3.584
1596.600	209.946	3.584
1596.800	209.947	3.584
1597.000	209.946	3.584
1597.200	209.946	3.584
1597.400	209.947	3.584
1597.600	209.946	3.584
1597.800	209.945	3.584
1598.000	209.946	3.584
1598.200	209.947	3.584
1598.400	209.945	3.584
1598.600	209.947	3.584
1598.800	209.946	3.584
1599.000	209.946	3.584
1599.200	209.946	3.584
1599.400	209.945	3.584
1599.600	209.945	3.584
1599.800	209.944	3.584
1600.000	209.946	3.584
1600.200	209.947	3.584
1600.400	209.946	3.584
1600.600	209.947	3.584
1600.800	209.946	3.584
1601.000	209.947	3.584
1601.200	209.948	3.584
1601.400	209.947	3.584
1601.600	209.948	3.584
1601.800	209.947	3.584
1602.000	209.948	3.584
1602.200	209.949	3.584
1602.400	209.947	3.584
1602.600	209.949	3.584
1602.800	209.947	3.584
1603.000	209.947	3.584
1603.200	209.949	3.584
1603.400	209.948	3.584
1603.600	209.946	3.584
1603.800	209.948	3.584
1604.000	209.946	3.584
1604.200	209.947	3.584
1604.400	209.948	3.584
1604.600	209.949	3.584
1604.800	209.950	3.584
1605.000	209.950	3.584
1605.200	209.949	3.584
1605.400	209.949	3.584
1605.600	209.946	3.584
1605.800	209.948	3.584
1606.000	209.949	3.584
1606.200	209.948	3.584
1606.400	209.948	3.584
1606.600	209.949	3.584
1606.800	209.948	3.584
1607.000	209.948	3.584
1607.200	209.946	3.584
1607.400	209.948	3.584
1607.600	209.949	3.584
1607.800	209.949	3.584
1608.000	209.949	3.584
1608.200	209.950	3.584
1608.400	209.950	3.584
1608.600	209.949	3.584
1608.800	209.949	3.584
1609.000	209.948	3.584
1609.200	209.950	3.584
1609.400	209.951	3.584
1609.600	209.948	3.584
1609.800	209.949	3.584
1610.000	209.950	3.584
1610.200	209.950	3.584
1610.400	209.949	3.584
1610.600	209.951	3.584
1610.800	209.948	3.584
1611.000	209.948	3.584
1611.200	209.948	3.584
1611.400	209.950	3.584
1611.600	209.948	3.584
1611.800	209.947	3.584
1612.000	209.950	3.584
1612.200	209.948	3.584
1612.400	209.950	3.584
1612.600	209.950	3.584
1612.800	209.949	3.584
1613.000	209.949	3.584
1613.200	209.950	3.584
1613.400	209.950	3.584
1613.600	209.950	3.584
1613.800	209.949	3.584
1614.000	209.949	3.584
1614.200	209.950	3.584
1614.400	209.949	3.584
1614.600	209.950	3.584
1614.800	209.949	3.584
1615.000	209.949	3.584
1615.200	209.950	3.584
1615.400	209.951	3.584
1615.600	209.950	3.584
1615.800	209.951	3.584
1616.000	209.950	3.584
1616.200	209.952	3.584
1616.400	209.952	3.584
1616.600	209.950	3.584
1616.800	209.951	3.584
1617.000	209.952	3.584
1617.200	209.950	3.584
1617.400	209.951	3.584
1617.600	209.950	3.584
1617.800	209.949	3.584
1618.000	209.950	3.584
1618.200	209.950	3.584
1618.400	209.950	3.584
1618.600	209.949	3.584
1618.800	209.950	3.584
1619.000	209.949	3.584
1619.200	209.950	3.584
1619.400	209.949	3.584
1619.600	209.949	3.584
1619.800	209.949	3.584
1620.000	209.949	3.584
1620.200	209.949	3.584
1620.400	209.949	3.584
1620.600	209.950	3.584
1620.800	209.951	3.584
1621.000	209.950	3.584
1621.200	209.951	3.584
1621.400	209.952	3.584
1621.600	209.950	3.584
1621.800	209.950	3.584
1622.000	209.949	3.584
1622.200	209.950	3.584
1622.400	209.950	3.584
1622.600	209.949	3.584
1622.800	209.950	3.584
1623.000	209.949	3.584
1623.200	209.949	3.584
1623.400	209.950	3.584
1623.600	209.949	3.584
1623.800	209.950	3.584
1624.000	209.948	3.584
1624.200	209.951	3.584
1624.400	209.951	3.584
1624.600	209.950	3.584
1624.800	209.948	3.584
1625.000	209.949	3.584
1625.200	209.949	3.584
1625.400	209.949	3.584
1625.600	209.950	3.584
1625.800	209.951	3.584
1626.000	209.949	3.584
1626.200	209.950	3.584
1626.400	209.952	3.584
1626.600	209.949	3.584
1626.800	209.950	3.584
1627.000	209.950	3.584
1627.200	209.949	3.584
1627.400	209.951	3.584
1627.600	209.950	3.584
1627.800	209.950	3.584
1628.000	209.948	3.584
1628.200	209.949	3.584
1628.400	209.949	3.584
1628.600	209.948	3.584
1628.800	209.949	3.584
1629.000	209.950	3.584
1629.200	209.949	3.584
1629.400	209.949	3.584
1629.600	209.948	3.584
1629.800	209.949	3.585
1630.000	209.949	3.585
1630.200	209.948	3.585
1630.400	209.950	3.585
1630.600	209.949	3.585
1630.800	209.950	3.585
1631.000	209.950	3.585
1631.200	209.949	3.585
1631.400	209.948	3.585
1631.600	209.951	3.585
1631.800	209.948	3.585
1632.000	209.950	3.585
1632.200	209.950	3.585
1632.400	209.949	3.585
1632.600	209.948	3.585
1632.800	209.946	3.585
1633.000	209.946	3.585
1633.200	209.946	3.585
1633.400	209.946	3.585
1633.600	209.947	3.585
1633.800	209.948	3.585
1634.000	209.948	3.585
1634.200	209.948	3.585
1634.400	209.948	3.585
1634.600	209.948	3.585
1634.800	209.947	3.585
1635.000	209.948	3.585
1635.200	209.948	3.585
1635.400	209.948	3.585
1635.600	209.947	3.585
1635.800	209.947	3.585
1636.000	209.948	3.585
1636.200	209.949	3.585
1636.400	209.949	3.585
1636.600	209.948	3.585
1636.800	209.950	3.585
1637.000	209.948	3.585
1637.200	209.949	3.585
1637.400	209.949	3.585
1637.600	209.948	3.585
1637.800	209.949	3.585
1638.000	209.949	3.585
1638.200	209.950	3.585
1638.400	209.951	3.585
1638.600	209.949	3.585
1638.800	209.949	3.585
1639.000	209.948	3.585
1639.200	209.949	3.585
1639.400	209.949	3.585
1639.600	209.950	3.585
1639.800	209.948	3.585
1640.000	209.949	3.585
1640.200	209.950	3.585
1640.400	209.949	3.585
1640.600	209.949	3.585
1640.800	209.949	3.585
1641.000	209.949	3.585
1641.200	209.949	3.585
1641.400	209.949	3.585
1641.600	209.947	3.585
1641.800	209.948	3.585
1642.000	209.948	3.585
1642.200	209.946	3.585
1642.400	209.946	3.585
1642.600	209.948	3.585
1642.800	209.948	3.585
1643.000	209.948	3.585
1643.200	209.949	3.585
1643.400	209.948	3.585
1643.600	209.947	3.585
1643.800	209.948	3.585
1644.000	209.948	3.585
1644.200	209.947	3.585
1644.400	209.949	3.585
1644.600	209.947	3.585
1644.800	209.948	3.585
1645.000	209.947	3.585
1645.200	209.949	3.585
1645.400	209.948	3.585
1645.600	209.948	3.585
1645.800	209.950	3.585
1646.000	209.948	3.585
1646.200	209.946	3.585
1646.400	209.948	3.585
1646.600	209.948	3.585
1646.800	209.946	3.585
1647.000	209.946	3.585
1647.200	209.946	3.585
1647.400	209.948	3.585
1647.600	209.948	3.585
1647.800	209.947	3.585
1648.000	209.948	3.585
1648.200	209.948	3.585
1648.400	209.947	3.585
1648.600	209.947	3.585
1648.800	209.945	3.585
1649.000	209.945	3.585
1649.200	209.947	3.585
1649.400	209.946	3.585
1649.600	209.947	3.585
1649.800	209.947	3.585
1650.000	209.947	3.585
1650.200	209.947	3.585
1650.400	209.946	3.585
1650.600	209.947	3.585
1650.800	209.946	3.585
1651.000	209.946	3.585
1651.200	209.947	3.585
1651.400	209.947	3.585
1651.600	209.947	3.585
1651.800	209.947	3.585
1652.000	209.948	3.585
1652.200	209.947	3.585
1652.400	209.947	3.585
1652.600	209.947	3.585
1652.800	209.946	3.585
1653.000	209.948	3.585
1653.200	209.949	3.585
1653.400	209.948	3.585
1653.600	209.949	3.585
1653.800	209.949	3.585
1654.000	209.948	3.585
1654.200	209.947	3.585
1654.400	209.948	3.585
1654.600	209.950	3.585
1654.800	209.949	3.585
1655.000	209.948	3.585
1655.200	209.948	3.585
1655.400	209.948	3.585
1655.600	209.949	3.585
1655.800	209.948	3.585
1656.000	209.948	3.585
1656.200	209.949	3.585
1656.400	209.946	3.585
1656.600	209.948	3.585
1656.800	209.949	3.585
1657.000	209.948	3.585
1657.200	209.950	3.585
1657.400	209.951	3.585
1657.600	209.950	3.585
1657.800	209.948	3.585
1658.000	209.949	3.585
1658.200	209.949	3.585
1658.400	209.947	3.585
1658.600	209.947	3.585
1658.800	209.947	3.585
1659.000	209.947	3.585
1659.200	209.948	3.585
1659.400	209.950	3.585
1659.600	209.949	3.585
1659.800	209.951	3.585
1660.000	209.950	3.585
1660.200	209.948	3.585
1660.400	209.949	3.585
1660.600	209.950	3.585
1660.800	209.950	3.585
1661.000	209.948	3.585
1661.200	209.949	3.585
1661.400	209.948	3.585
1661.600	209.948	3.585
1661.800	209.947	3.585
1662.000	209.947	3.585
1662.200	209.947	3.585
1662.400	209.947	3.585
1662.600	209.946	3.585
1662.800	209.947	3.585
1663.000	209.948	3.585
1663.200	209.948	3.585
1663.400	209.948	3.585
1663.600	209.948	3.585
1663.800	209.948	3.585
1664.000	209.947	3.585
1664.200	209.947	3.585
1664.400	209.948	3.585
1664.600	209.948	3.585
1664.800	209.947	3.585
1665.000	209.947	3.585
1665.200	209.947	3.585
1665.400	209.947	3.585
1665.600	209.946	3.585
1665.800	209.947	3.585
1666.000	209.947	3.585
1666.200	209.947	3.585
1666.400	209.948	3.585
1666.600	209.946	3.585
1666.800	209.947	3.585
1667.000	209.948	3.585
1667.200	209.948	3.585
1667.400	209.947	3.585
1667.600	209.946	3.585
1667.800	209.948	3.585
1668.000	209.947	3.585
1668.200	209.946	3.585
1668.400	209.945	3.585
1668.600	209.949	3.585
1668.800	209.948	3.585
1669.000	209.948	3.585
1669.200	209.948	3.585
1669.400	209.948	3.585
1669.600	209.950	3.585
1669.800	209.948	3.585
1670.000	209.948	3.585
1670.200	209.948	3.585
1670.400	209.948	3.585
1670.600	209.948	3.585
1670.800	209.948	3.585
1671.000	209.948	3.585
1671.200	209.947	3.585
1671.400	209.948	3.585
1671.600	209.947	3.585
1671.800	209.948	3.585
1672.000	209.946	3.585
1672.200	209.946	3.585
1672.400	209.946	3.585
1672.600	209.948	3.585
1672.800	209.948	3.585
1673.000	209.946	3.585
1673.200	209.948	3.585
1673.400	209.948	3.585
1673.600	209.948	3.585
1673.800	209.949	3.585
1674.000	209.949	3.585
1674.200	209.949	3.585
1674.400	209.949	3.585
1674.600	209.947	3.585
1674.800	209.948	3.585
1675.000	209.948	3.586
1675.200	209.948	3.585
1675.400	209.948	3.585
1675.600	209.949	3.585
1675.800	209.949	3.586
1676.000	209.949	3.586
1676.200	209.949	3.586
1676.400	209.949	3.586
1676.600	209.950	3.586
1676.800	209.949	3.586
1677.000	209.948	3.586
1677.200	209.948	3.586
1677.400	209.949	3.586
1677.600	209.949	3.586
1677.800	209.949	3.586
1678.000	209.950	3.586
1678.200	209.951	3.586
1678.400	209.949	3.586
1678.600	209.949	3.586
1678.800	209.950	3.586
1679.000	209.950	3.586
1679.200	209.950	3.586
1679.400	209.949	3.586
1679.600	209.949	3.586
1679.800	209.948	3.586
1680.000	209.949	3.586
1680.200	209.950	3.586
1680.400	209.950	3.586
1680.600	209.948	3.586
1680.800	209.950	3.586
1681.000	209.949	3.586
1681.200	209.951	3.586
1681.400	209.949	3.586
1681.600	209.946	3.586
1681.800	209.948	3.586
1682.000	209.948	3.586
1682.200	209.949	3.586
1682.400	209.947	3.586
1682.600	209.951	3.586
1682.800	209.949	3.586
1683.000	209.949	3.586
1683.200	209.949	3.586
1683.400	209.949	3.586
1683.600	209.950	3.586
1683.800	209.949	3.586
1684.000	209.950	3.586
1684.200	209.951	3.586
1684.400	209.952	3.586
1684.600	209.950	3.586
1684.800	209.950	3.586
1685.000	209.950	3.586
1685.200	209.950	3.586
1685.400	209.949	3.586
1685.600	209.950	3.586
1685.800	209.951	3.586
1686.000	209.949	3.586
1686.200	209.951	3.586
1686.400	209.949	3.586
1686.600	209.949	3.586
1686.800	209.949	3.586
1687.000	209.948	3.586
1687.200	209.949	3.586
1687.400	209.948	3.586
1687.600	209.949	3.586
1687.800	209.949	3.586
1688.000	209.950	3.586
1688.200	209.950	3.586
1688.400	209.950	3.586
1688.600	209.950	3.586
1688.800	209.950	3.586
1689.000	209.949	3.586
1689.200	209.948	3.586
1689.400	209.948	3.586
1689.600	209.948	3.586
1689.800	209.949	3.586
1690.000	209.950	3.586
1690.200	209.950	3.586
1690.400	209.950	3.586
1690.600	209.949	3.586
1690.800	209.948	3.586
1691.000	209.947	3.586
1691.200	209.950	3.586
1691.400	209.948	3.586
1691.600	209.947	3.586
1691.800	209.949	3.586
1692.000	209.948	3.586
1692.200	209.948	3.586
1692.400	209.948	3.586
1692.600	209.946	3.586
1692.800	209.947	3.586
1693.000	209.948	3.586
1693.200	209.947	3.586
1693.400	209.950	3.586
1693.600	209.948	3.586
1693.800	209.948	3.586
1694.000	209.948	3.586
1694.200	209.949	3.586
1694.400	209.949	3.586
1694.600	209.949	3.586
1694.800	209.949	3.586
1695.000	209.950	3.586
1695.200	209.950	3.586
1695.400	209.949	3.586
1695.600	209.948	3.586
1695.800	209.948	3.586
1696.000	209.949	3.586
1696.200	209.948	3.586
1696.400	209.948	3.586
1696.600	209.948	3.586
1696.800	209.949	3.586
1697.000	209.949	3.586
1697.200	209.948	3.586
1697.400	209.947	3.586
1697.600	209.949	3.586
1697.800	209.948	3.586
1698.000	209.950	3.586
1698.200	209.949	3.586
1698.400	209.948	3.586
1698.600	209.949	3.586
1698.800	209.950	3.586
1699.000	209.948	3.586
1699.200	209.948	3.586
1699.400	209.949	3.586
1699.600	209.950	3.586
1699.800	209.950	3.586
1700.000	209.946	3.586
1700.200	209.950	3.586
1700.400	209.949	3.586
1700.600	209.950	3.586
1700.800	209.951	3.586
1701.000	209.949	3.586
1701.200	209.948	3.586
1701.400	209.949	3.586
1701.600	209.949	3.586
1701.800	209.951	3.586
1702.000	209.950	3.586
1702.200	209.948	3.586
1702.400	209.949	3.586
1702.600	209.949	3.586
1702.800	209.950	3.586
1703.000	209.949	3.586
1703.200	209.950	3.586
1703.400	209.949	3.586
1703.600	209.948	3.586
1703.800	209.948	3.586
1704.000	209.951	3.586
1704.200	209.951	3.586
1704.400	209.952	3.586
1704.600	209.951	3.586
1704.800	209.950	3.586
1705.000	209.951	3.586
1705.200	209.951	3.586
1705.400	209.949	3.586
1705.600	209.950	3.586
1705.800	209.949	3.586
1706.000	209.948	3.586
1706.200	209.949	3.586
1706.400	209.948	3.586
1706.600	209.950	3.586
1706.800	209.949	3.586
1707.000	209.950	3.586
1707.200	209.949	3.586
1707.400	209.948	3.586
1707.600	209.948	3.586
1707.800	209.951	3.586
1708.000	209.950	3.586
1708.200	209.951	3.586
1708.400	209.951	3.586
1708.600	209.951	3.586
1708.800	209.951	3.586
1709.000	209.949	3.586
1709.200	209.950	3.586
1709.400	209.948	3.586
1709.600	209.949	3.586
1709.800	209.950	3.586
1710.000	209.949	3.586
1710.200	209.948	3.586
1710.400	209.950	3.586
1710.600	209.950	3.586
1710.800	209.951	3.586
1711.000	209.950	3.586
1711.200	209.950	3.586
1711.400	209.950	3.586
1711.600	209.948	3.586
1711.800	209.950	3.586
1712.000	209.948	3.586
1712.200	209.950	3.586
1712.400	209.948	3.586
1712.600	209.950	3.586
1712.800	209.950	3.586
1713.000	209.949	3.586
1713.200	209.951	3.586
1713.400	209.950	3.586
1713.600	209.950	3.586
1713.800	209.950	3.586
1714.000	209.950	3.586
1714.200	209.946	3.586
1714.400	209.947	3.586
1714.600	209.948	3.586
1714.800	209.948	3.586
1715.000	209.947	3.586
1715.200	209.948	3.586
1715.400	209.948	3.586
1715.600	209.948	3.586
1715.800	209.947	3.586
1716.000	209.949	3.586
1716.200	209.949	3.586
1716.400	209.948	3.586
1716.600	209.948	3.586
1716.800	209.948	3.586
1717.000	209.948	3.586
1717.200	209.948	3.586
1717.400	209.947	3.586
1717.600	209.948	3.586
1717.800	209.949	3.586
1718.000	209.949	3.586
1718.200	209.948	3.586
1718.400	209.949	3.586
1718.600	209.950	3.586
1718.800	209.951	3.586
1719.000	209.949	3.586
1719.200	209.950	3.586
1719.400	209.948	3.586
1719.600	209.949	3.586
1719.800	209.947	3.586
1720.000	209.950	3.586
1720.200	209.948	3.586
1720.400	209.948	3.586
1720.600	209.948	3.586
1720.800	209.948	3.586
1721.000	209.949	3.586
1721.200	209.948	3.586
1721.400	209.948	3.586
1721.600	209.947	3.587
1721.800	209.949	3.586
1722.000	209.947	3.586
1722.200	209.946	3.587
1722.400	209.949	3.587
1722.600	209.949	3.586
1722.800	209.949	3.586
1723.000	209.948	3.587
1723.200	209.949	3.587
1723.400	209.948	3.587
1723.600	209.946	3.587
1723.800	209.947	3.587
1724.000	209.947	3.587
1724.200	209.949	3.587
1724.400	209.949	3.587
1724.600	209.949	3.587
1724.800	209.950	3.587
1725.000	209.951	3.587
1725.200	209.950	3.587
1725.400	209.950	3.587
1725.600	209.950	3.587
1725.800	209.949	3.587
1726.000	209.948	3.587
1726.200	209.950	3.587
1726.400	209.950	3.587
1726.600	209.950	3.587
1726.800	209.948	3.587
1727.000	209.948	3.587
1727.200	209.949	3.587
1727.400	209.951	3.587
1727.600	209.951	3.587
1727.800	209.950	3.587
1728.000	209.949	3.587
1728.200	209.950	3.587
1728.400	209.948	3.587
1728.600	209.950	3.587
1728.800	209.950	3.587
1729.000	209.950	3.587
1729.200	209.949	3.587
1729.400	209.949	3.587
1729.600	209.950	3.587
1729.800	209.950	3.587
1730.000	209.950	3.587
1730.200	209.951	3.587
1730.400	209.951	3.587
1730.600	209.952	3.587
1730.800	209.951	3.587
1731.000	209.950	3.587
1731.200	209.952	3.587
1731.400	209.951	3.587
1731.600	209.951	3.587
1731.800	209.951	3.587
1732.000	209.951	3.587
1732.200	209.951	3.587
1732.400	209.952	3.587
1732.600	209.953	3.587
1732.800	209.952	3.587
1733.000	209.953	3.587
1733.200	209.952	3.587
1733.400	209.952	3.587
1733.600	209.952	3.587
1733.800	209.950	3.587
1734.000	209.952	3.587
1734.200	209.952	3.587
1734.400	209.952	3.587
1734.600	209.952	3.587
1734.800	209.953	3.587
1735.000	209.951	3.587
1735.200	209.952	3.587
1735.400	209.953	3.587
1735.600	209.951	3.587
1735.800	209.952	3.587
1736.000	209.952	3.587
1736.200	209.952	3.587
1736.400	209.953	3.587
1736.600	209.950	3.587
1736.800	209.951	3.587
1737.000	209.952	3.587
1737.200	209.952	3.587
1737.400	209.949	3.587
1737.600	209.951	3.587
1737.800	209.950	3.587
1738.000	209.950	3.587
1738.200	209.949	3.587
1738.400	209.950	3.587
1738.600	209.951	3.587
1738.800	209.951	3.587
1739.000	209.950	3.587
1739.200	209.950	3.587
1739.400	209.952	3.587
1739.600	209.951	3.587
1739.800	209.951	3.587
1740.000	209.950	3.587
1740.200	209.950	3.587
1740.400	209.951	3.587
1740.600	209.950	3.587
1740.800	209.950	3.587
1741.000	209.950	3.587
1741.200	209.948	3.587
1741.400	209.951	3.587
1741.600	209.949	3.587
1741.800	209.949	3.587
1742.000	209.950	3.587
1742.200	209.951	3.587
1742.400	209.949	3.587
1742.600	209.950	3.587
1742.800	209.951	3.587
1743.000	209.952	3.587
1743.200	209.950	3.587
1743.400	209.951	3.587
1743.600	209.951	3.587
1743.800	209.950	3.587
1744.000	209.950	3.587
1744.200	209.952	3.587
1744.400	209.951	3.587
1744.600	209.952	3.587
1744.800	209.950	3.587
1745.000	209.950	3.587
1745.200	209.954	3.587
1745.400	209.953	3.587
1745.600	209.952	3.587
1745.800	209.952	3.587
1746.000	209.952	3.587
1746.200	209.952	3.587
1746.400	209.951	3.587
1746.600	209.951	3.587
1746.800	209.950	3.587
1747.000	209.951	3.587
1747.200	209.951	3.587
1747.400	209.952	3.587
1747.600	209.953	3.587
1747.800	209.952	3.587
1748.000	209.953	3.587
1748.200	209.953	3.587
1748.400	209.953	3.587
1748.600	209.954	3.587
1748.800	209.954	3.587
1749.000	209.953	3.587
1749.200	209.953	3.587
1749.400	209.952	3.587
1749.600	209.953	3.587
1749.800	209.952	3.587
1750.000	209.952	3.587
1750.200	209.954	3.587
1750.400	209.951	3.587
1750.600	209.951	3.587
1750.800	209.951	3.587
1751.000	209.951	3.587
1751.200	209.950	3.587
1751.400	209.952	3.587
1751.600	209.951	3.587
1751.800	209.950	3.587
1752.000	209.950	3.587
1752.200	209.952	3.587
1752.400	209.950	3.587
1752.600	209.951	3.587
1752.800	209.952	3.587
1753.000	209.952	3.587
1753.200	209.951	3.587
1753.400	209.951	3.587
1753.600	209.951	3.587
1753.800	209.950	3.587
1754.000	209.951	3.587
1754.200	209.952	3.587
1754.400	209.952	3.587
1754.600	209.952	3.587
1754.800	209.951	3.587
1755.000	209.952	3.587
1755.200	209.953	3.587
1755.400	209.952	3.587
1755.600	209.950	3.587
1755.800	209.950	3.587
1756.000	209.950	3.587
1756.200	209.950	3.587
1756.400	209.950	3.587
1756.600	209.950	3.587
1756.800	209.952	3.587
1757.000	209.952	3.587
1757.200	209.950	3.587
1757.400	209.952	3.587
1757.600	209.950	3.587
1757.800	209.950	3.587
1758.000	209.951	3.587
1758.200	209.951	3.587
1758.400	209.951	3.587
1758.600	209.953	3.587
1758.800	209.951	3.587
1759.000	209.953	3.587
1759.200	209.951	3.587
1759.400	209.952	3.587
1759.600	209.953	3.587
1759.800	209.950	3.587
1760.000	209.951	3.587
1760.200	209.950	3.587
1760.400	209.950	3.587
1760.600	209.950	3.587
1760.800	209.951	3.587
1761.000	209.951	3.587
1761.200	209.950	3.587
1761.400	209.950	3.587
1761.600	209.950	3.587
1761.800	209.952	3.587
1762.000	209.950	3.587
1762.200	209.951	3.587
1762.400	209.951	3.587
1762.600	209.952	3.587
1762.800	209.952	3.587
1763.000	209.952	3.587
1763.200	209.952	3.587
1763.400	209.952	3.587
1763.600	209.951	3.587
1763.800	209.951	3.587
1764.000	209.950	3.587
1764.200	209.951	3.587
1764.400	209.951	3.588
1764.600	209.952	3.588
1764.800	209.951	3.588
1765.000	209.950	3.587
1765.200	209.951	3.588
1765.400	209.951	3.588
1765.600	209.949	3.588
1765.800	209.952	3.588
1766.000	209.950	3.588
1766.200	209.951	3.588
1766.400	209.953	3.588
1766.600	209.952	3.588
1766.800	209.953	3.588
1767.000	209.952	3.588
1767.200	209.951	3.588
1767.400	209.953	3.588
1767.600	209.953	3.588
1767.800	209.953	3.588
1768.000	209.953	3.588
1768.200	209.954	3.588
1768.400	209.953	3.588
1768.600	209.953	3.588
1768.800	209.953	3.588
1769.000	209.953	3.588
1769.200	209.951	3.588
1769.400	209.952	3.588
1769.600	209.950	3.588
1769.800	209.953	3.588
1770.000	209.951	3.588
1770.200	209.951	3.588
1770.400	209.952	3.588
1770.600	209.951	3.588
1770.800	209.951	3.588
1771.000	209.952	3.588
1771.200	209.951	3.588
1771.400	209.951	3.588
1771.600	209.952	3.588
1771.800	209.953	3.588
1772.000	209.952	3.588
1772.200	209.951	3.588
1772.400	209.950	3.588
1772.600	209.952	3.588
1772.800	209.952	3.588
1773.000	209.951	3.588
1773.200	209.949	3.588
1773.400	209.950	3.588
1773.600	209.949	3.588
1773.800	209.950	3.588
1774.000	209.951	3.588
1774.200	209.949	3.588
1774.400	209.952	3.588
1774.600	209.951	3.588
1774.800	209.950	3.588
1775.000	209.950	3.588
1775.200	209.950	3.588
1775.400	209.951	3.588
1775.600	209.951	3.588
1775.800	209.951	3.588
1776.000	209.949	3.588
1776.200	209.950	3.588
1776.400	209.953	3.588
1776.600	209.950	3.588
1776.800	209.950	3.588
1777.000	209.952	3.588
1777.200	209.950	3.588
1777.400	209.951	3.588
1777.600	209.949	3.588
1777.800	209.951	3.588
1778.000	209.952	3.588
1778.200	209.952	3.588
1778.400	209.950	3.588
1778.600	209.952	3.588
1778.800	209.952	3.588
1779.000	209.952	3.588
1779.200	209.951	3.588
1779.400	209.952	3.588
1779.600	209.952	3.588
1779.800	209.953	3.588
1780.000	209.954	3.588
1780.200	209.953	3.588
1780.400	209.952	3.588
1780.600	209.951	3.588
1780.800	209.953	3.588
1781.000	209.952	3.588
1781.200	209.954	3.588
1781.400	209.954	3.588
1781.600	209.954	3.588
1781.800	209.953	3.588
1782.000	209.955	3.588
1782.200	209.953	3.588
1782.400	209.953	3.588
1782.600	209.954	3.588
1782.800	209.955	3.588
1783.000	209.954	3.588
1783.200	209.953	3.588
1783.400	209.953	3.588
1783.600	209.951	3.588
1783.800	209.951	3.588
1784.000	209.951	3.588
1784.200	209.950	3.588
1784.400	209.950	3.588
1784.600	209.951	3.588
1784.800	209.950	3.588
1785.000	209.952	3.588
1785.200	209.951	3.588
1785.400	209.952	3.588
1785.600	209.952	3.588
1785.800	209.951	3.588
1786.000	209.951	3.588
1786.200	209.951	3.588
1786.400	209.951	3.588
1786.600	209.949	3.588
1786.800	209.951	3.588
1787.000	209.951	3.588
1787.200	209.951	3.588
1787.400	209.950	3.588
1787.600	209.951	3.588
1787.800	209.953	3.588
1788.000	209.951	3.588
1788.200	209.953	3.588
1788.400	209.953	3.588
1788.600	209.951	3.588
1788.800	209.952	3.588
1789.000	209.952	3.588
1789.200	209.950	3.588
1789.400	209.951	3.588
1789.600	209.951	3.588
1789.800	209.952	3.588
1790.000	209.954	3.588
1790.200	209.950	3.588
1790.400	209.950	3.588
1790.600	209.951	3.588
1790.800	209.951	3.588
1791.000	209.952	3.588
1791.200	209.952	3.588
1791.400	209.953	3.588
1791.600	209.952	3.588
1791.800	209.953	3.588
1792.000	209.950	3.588
1792.200	209.952	3.588
1792.400	209.951	3.588
1792.600	209.951	3.588
1792.800	209.952	3.588
1793.000	209.950	3.588
1793.200	209.951	3.588
1793.400	209.951	3.588
1793.600	209.952	3.588
1793.800	209.952	3.588
1794.000	209.954	3.588
1794.200	209.954	3.588
1794.400	209.952	3.588
1794.600	209.953	3.588
1794.800	209.952	3.588
1795.000	209.952	3.588
1795.200	209.952	3.588
1795.400	209.952	3.588
1795.600	209.952	3.588
1795.800	209.953	3.588
1796.000	209.952	3.588
1796.200	209.951	3.588
1796.400	209.952	3.588
1796.600	209.950	3.588
1796.800	209.950	3.588
1797.000	209.949	3.588
1797.200	209.952	3.588
1797.400	209.952	3.588
1797.600	209.949	3.588
1797.800	209.951	3.588
1798.000	209.950	3.588
1798.200	209.950	3.588
1798.400	209.950	3.588
1798.600	209.950	3.588
1798.800	209.951	3.588
1799.000	209.950	3.588
1799.200	209.950	3.588
1799.400	209.950	3.588
1799.600	209.949	3.588
1799.800	209.950	3.588
1800.000	209.949	3.588
1800.200	209.950	3.588
1800.400	209.950	3.588
1800.600	209.951	3.588
1800.800	209.951	3.588
1801.000	209.948	3.588
1801.200	209.948	3.588
1801.400	209.950	3.588
1801.600	209.948	3.588
1801.800	209.948	3.588
1802.000	209.950	3.588
1802.200	209.948	3.588
1802.400	209.948	3.588
1802.600	209.948	3.588
1802.800	209.949	3.589
1803.000	209.950	3.588
1803.200	209.949	3.589
1803.400	209.950	3.588
1803.600	209.949	3.589
1803.800	209.948	3.588
1804.000	209.948	3.589
1804.200	209.948	3.589
1804.400	209.949	3.589
1804.600	209.948	3.589
1804.800	209.947	3.589
1805.000	209.950	3.589
1805.200	209.948	3.589
1805.400	209.949	3.589
1805.600	209.949	3.589
1805.800	209.950	3.589
1806.000	209.948	3.589
1806.200	209.950	3.589
1806.400	209.950	3.589
1806.600	209.946	3.589
1806.800	209.947	3.589
1807.000	209.948	3.589
1807.200	209.948	3.589
1807.400	209.949	3.589
1807.600	209.948	3.589
1807.800	209.948	3.589
1808.000	209.948	3.589
1808.200	209.947	3.589
1808.400	209.948	3.589
1808.600	209.948	3.589
1808.800	209.949	3.589
1809.000	209.948	3.589
1809.200	209.949	3.589
1809.400	209.947	3.589
1809.600	209.949	3.589
1809.800	209.948	3.589
1810.000	209.949	3.589
1810.200	209.949	3.589
1810.400	209.949	3.589
1810.600	209.949	3.589
1810.800	209.949	3.589
1811.000	209.948	3.589
1811.200	209.949	3.589
1811.400	209.949	3.589
1811.600	209.951	3.589
1811.800	209.950	3.589
1812.000	209.951	3.589
1812.200	209.951	3.589
1812.400	209.949	3.589
1812.600	209.949	3.589
1812.800	209.951	3.589
1813.000	209.950	3.589
1813.200	209.948	3.589
1813.400	209.949	3.589
1813.600	209.950	3.589
1813.800	209.949	3.589
1814.000	209.951	3.589
1814.200	209.951	3.589
1814.400	209.948	3.589
1814.600	209.949	3.589
1814.800	209.949	3.589
1815.000	209.948	3.589
1815.200	209.950	3.589
1815.400	209.952	3.589
1815.600	209.950	3.589
1815.800	209.952	3.589
1816.000	209.952	3.589
1816.200	209.950	3.589
1816.400	209.950	3.589
1816.600	209.950	3.589
1816.800	209.949	3.589
1817.000	209.950	3.589
1817.200	209.949	3.589
1817.400	209.952	3.589
1817.600	209.950	3.589
1817.800	209.950	3.589
1818.000	209.950	3.589
1818.200	209.949	3.589
1818.400	209.949	3.589
1818.600	209.948	3.589
1818.800	209.950	3.589
1819.000	209.948	3.589
1819.200	209.949	3.589
1819.400	209.948	3.589
1819.600	209.950	3.589
1819.800	209.950	3.589
1820.000	209.949	3.589
1820.200	209.949	3.589
1820.400	209.949	3.589
1820.600	209.950	3.589
1820.800	209.952	3.589
1821.000	209.952	3.589
1821.200	209.951	3.589
1821.400	209.951	3.589
1821.600	209.951	3.589
1821.800	209.949	3.589
1822.000	209.950	3.589
1822.200	209.951	3.589
1822.400	209.949	3.589
1822.600	209.951	3.589
1822.800	209.951	3.589
1823.000	209.949	3.589
1823.200	209.950	3.589
1823.400	209.950	3.589
1823.600	209.950	3.589
1823.800	209.951	3.589
1824.000	209.950	3.589
1824.200	209.951	3.589
1824.400	209.952	3.589
1824.600	209.950	3.589
1824.800	209.950	3.589
1825.000	209.950	3.589
1825.200	209.949	3.589
1825.400	209.949	3.589
1825.600	209.949	3.589
1825.800	209.949	3.589
1826.000	209.950	3.589
1826.200	209.951	3.589
1826.400	209.951	3.589
1826.600	209.951	3.589
1826.800	209.950	3.589
1827.000	209.950	3.589
1827.200	209.950	3.589
1827.400	209.949	3.589
1827.600	209.949	3.589
1827.800	209.951	3.589
1828.000	209.951	3.589
1828.200	209.951	3.589
1828.400	209.950	3.589
1828.600	209.949	3.589
1828.800	209.950	3.589
1829.000	209.949	3.589
1829.200	209.949	3.589
1829.400	209.951	3.589
1829.600	209.950	3.589
1829.800	209.950	3.589
1830.000	209.951	3.589
1830.200	209.951	3.589
1830.400	209.949	3.589
1830.600	209.949	3.589
1830.800	209.950	3.589
1831.000	209.949	3.589
1831.200	209.950	3.589
1831.400	209.948	3.589
1831.600	209.949	3.589
1831.800	209.948	3.589
1832.000	209.950	3.589
1832.200	209.949	3.589
1832.400	209.951	3.589
1832.600	209.948	3.589
1832.800	209.949	3.589
1833.000	209.948	3.589
1833.200	209.948	3.589
1833.400	209.948	3.589
1833.600	209.948	3.589
1833.800	209.947	3.589
1834.000	209.948	3.589
1834.200	209.949	3.589
1834.400	209.949	3.589
1834.600	209.948	3.589
1834.800	209.948	3.589
1835.000	209.949	3.589
1835.200	209.948	3.589
1835.400	209.947	3.589
1835.600	209.948	3.589
1835.800	209.949	3.589
1836.000	209.950	3.589
1836.200	209.949	3.589
1836.400	209.951	3.589
1836.600	209.950	3.589
1836.800	209.950	3.589
1837.000	209.950	3.589
1837.200	209.951	3.589
1837.400	209.949	3.589
1837.600	209.950	3.589
1837.800	209.950	3.589
1838.000	209.952	3.589
1838.200	209.950	3.589
1838.400	209.951	3.589
1838.600	209.953	3.589
1838.800	209.954	3.589
1839.000	209.952	3.589
1839.200	209.951	3.589
1839.400	209.951	3.589
1839.600	209.950	3.589
1839.800	209.950	3.589
1840.000	209.949	3.589
1840.200	209.950	3.589
1840.400	209.951	3.589
1840.600	209.951	3.589
1840.800	209.952	3.589
1841.000	209.952	3.589
1841.200	209.951	3.589
1841.400	209.951	3.589
1841.600	209.950	3.589
1841.800	209.950	3.589
1842.000	209.950	3.589
1842.200	209.949	3.589
1842.400	209.950	3.589
1842.600	209.950	3.589
1842.800	209.949	3.589
1843.000	209.950	3.589
1843.200	209.950	3.589
1843.400	209.950	3.589
1843.600	209.950	3.589
1843.800	209.950	3.589
1844.000	209.951	3.590
1844.200	209.951	3.589
1844.400	209.949	3.589
1844.600	209.950	3.589
1844.800	209.950	3.590
1845.000	209.949	3.589
1845.200	209.949	3.589
1845.400	209.950	3.589
1845.600	209.949	3.590
1845.800	209.950	3.590
1846.000	209.949	3.589
1846.200	209.951	3.590
1846.400	209.951	3.590
1846.600	209.951	3.590
1846.800	209.952	3.590
1847.000	209.951	3.590
1847.200	209.950	3.590
1847.400	209.948	3.590
1847.600	209.950	3.590
1847.800	209.951	3.590
1848.000	209.950	3.590
1848.200	209.951	3.590
1848.400	209.951	3.590
1848.600	209.951	3.590
1848.800	209.950	3.590
1849.000	209.950	3.590
1849.200	209.951	3.590
1849.400	209.951	3.590
1849.600	209.951	3.590
1849.800	209.952	3.590
1850.000	209.952	3.590
1850.200	209.950	3.590
1850.400	209.951	3.590
1850.600	209.952	3.590
1850.800	209.952	3.590
1851.000	209.951	3.590
1851.200	209.953	3.590
1851.400	209.952	3.590
1851.600	209.953	3.590
1851.800	209.953	3.590
1852.000	209.953	3.590
1852.200	209.951	3.590
1852.400	209.950	3.590
1852.600	209.953	3.590
1852.800	209.951	3.590
1853.000	209.950	3.590
1853.200	209.951	3.590
1853.400	209.952	3.590
1853.600	209.951	3.590
1853.800	209.950	3.590
1854.000	209.951	3.590
1854.200	209.951	3.590
1854.400	209.950	3.590
1854.600	209.949	3.590
1854.800	209.952	3.590
1855.000	209.952	3.590
1855.200	209.952	3.590
1855.400	209.952	3.590
1855.600	209.951	3.590
1855.800	209.950	3.590
1856.000	209.952	3.590
1856.200	209.951	3.590
1856.400	209.953	3.590
1856.600	209.951	3.590
1856.800	209.951	3.590
1857.000	209.950	3.590
1857.200	209.951	3.590
1857.400	209.952	3.590
1857.600	209.952	3.590
1857.800	209.952	3.590
1858.000	209.952	3.590
1858.200	209.953	3.590
1858.400	209.951	3.590
1858.600	209.952	3.590
1858.800	209.952	3.590
1859.000	209.953	3.590
1859.200	209.952	3.590
1859.400	209.953	3.590
1859.600	209.953	3.590
1859.800	209.954	3.590
1860.000	209.952	3.590
1860.200	209.952	3.590
1860.400	209.952	3.590
1860.600	209.953	3.590
1860.800	209.952	3.590
1861.000	209.952	3.590
1861.200	209.952	3.590
1861.400	209.953	3.590
1861.600	209.955	3.590
1861.800	209.952	3.590
1862.000	209.952	3.590
1862.200	209.951	3.590
1862.400	209.954	3.590
1862.600	209.952	3.590
1862.800	209.952	3.590
1863.000	209.953	3.590
1863.200	209.952	3.590
1863.400	209.953	3.590
1863.600	209.953	3.590
1863.800	209.951	3.590
1864.000	209.955	3.590
1864.200	209.953	3.590
1864.400	209.956	3.590
1864.600	209.954	3.590
1864.800	209.955	3.590
1865.000	209.955	3.590
1865.200	209.953	3.590
1865.400	209.951	3.590
1865.600	209.950	3.590
1865.800	209.952	3.590
1866.000	209.952	3.590
1866.200	209.954	3.590
1866.400	209.953	3.590
1866.600	209.953	3.590
1866.800	209.952	3.590
1867.000	209.952	3.590
1867.200	209.952	3.590
1867.400	209.952	3.590
1867.600	209.952	3.590
1867.800	209.952	3.590
1868.000	209.952	3.590
1868.200	209.952	3.590
1868.400	209.953	3.590
1868.600	209.951	3.590
1868.800	209.953	3.590
1869.000	209.954	3.590
1869.200	209.953	3.590
1869.400	209.952	3.590
1869.600	209.952	3.590
1869.800	209.951	3.590
1870.000	209.950	3.590
1870.200	209.951	3.590
1870.400	209.949	3.590
1870.600	209.951	3.590
1870.800	209.952	3.590
1871.000	209.951	3.590
1871.200	209.953	3.590
1871.400	209.952	3.590
1871.600	209.952	3.590
1871.800	209.950	3.590
1872.000	209.950	3.590
1872.200	209.951	3.590
1872.400	209.949	3.590
1872.600	209.951	3.590
1872.800	209.950	3.590
1873.000	209.951	3.590
1873.200	209.951	3.590
1873.400	209.950	3.590
1873.600	209.951	3.590
1873.800	209.948	3.590
1874.000	209.949	3.590
1874.200	209.949	3.590
1874.400	209.949	3.590
1874.600	209.949	3.590
1874.800	209.951	3.590
1875.000	209.950	3.590
1875.200	209.951	3.590
1875.400	209.951	3.590
1875.600	209.952	3.590
1875.800	209.951	3.590
1876.000	209.951	3.590
1876.200	209.949	3.590
1876.400	209.951	3.590
1876.600	209.951	3.590
1876.800	209.950	3.590
1877.000	209.949	3.590
1877.200	209.947	3.590
1877.400	209.948	3.590
1877.600	209.947	3.590
1877.800	209.949	3.590
1878.000	209.949	3.590
1878.200	209.950	3.590
1878.400	209.950	3.590
1878.600	209.950	3.590
1878.800	209.949	3.590
1879.000	209.950	3.590
1879.200	209.950	3.590
1879.400	209.950	3.590
1879.600	209.950	3.590
1879.800	209.950	3.590
1880.000	209.950	3.590
1880.200	209.945	3.590
1880.400	209.949	3.590
1880.600	209.949	3.590
1880.800	209.949	3.590
1881.000	209.950	3.590
1881.200	209.950	3.590
1881.400	209.950	3.590
1881.600	209.950	3.590
1881.800	209.950	3.590
1882.000	209.950	3.590
1882.200	209.951	3.590
1882.400	209.951	3.590
1882.600	209.951	3.590
1882.800	209.950	3.590
1883.000	209.950	3.590
1883.200	209.951	3.590
1883.400	209.950	3.590
1883.600	209.950	3.590
1883.800	209.950	3.590
1884.000	209.948	3.590
1884.200	209.948	3.590
1884.400	209.950	3.590
1884.600	209.951	3.590
1884.800	209.952	3.590
1885.000	209.949	3.590
1885.200	209.949	3.590
1885.400	209.949	3.590
1885.600	209.950	3.590
1885.800	209.949	3.590
1886.000	209.949	3.590
1886.200	209.951	3.590
1886.400	209.950	3.590
1886.600	209.952	3.590
1886.800	209.951	3.590
1887.000	209.951	3.590
1887.200	209.949	3.590
1887.400	209.950	3.590
1887.600	209.951	3.590
1887.800	209.950	3.590
1888.000	209.952	3.590
1888.200	209.952	3.590
1888.400	209.951	3.590
1888.600	209.952	3.590
1888.800	209.950	3.590
1889.000	209.952	3.590
1889.200	209.951	3.590
1889.400	209.951	3.590
1889.600	209.952	3.590
1889.800	209.951	3.590
1890.000	209.950	3.590
1890.200	209.951	3.590
1890.400	209.949	3.591
1890.600	209.949	3.591
1890.800	209.949	3.591
1891.000	209.950	3.591
1891.200	209.948	3.591
1891.400	209.948	3.591
1891.600	209.947	3.591
1891.800	209.949	3.591
1892.000	209.949	3.591
1892.200	209.950	3.591
1892.400	209.949	3.591
1892.600	209.950	3.591
1892.800	209.949	3.591
1893.000	209.949	3.591
1893.200	209.949	3.591
1893.400	209.949	3.591
1893.600	209.948	3.591
1893.800	209.947	3.591
1894.000	209.948	3.591
1894.200	209.950	3.591
1894.400	209.948	3.591
1894.600	209.948	3.591
1894.800	209.947	3.591
1895.000	209.948	3.591
1895.200	209.950	3.591
1895.400	209.946	3.591
1895.600	209.947	3.591
1895.800	209.948	3.591
1896.000	209.949	3.591
1896.200	209.947	3.591
1896.400	209.948	3.591
1896.600	209.946	3.591
1896.800	209.946	3.591
1897.000	209.947	3.591
1897.200	209.947	3.591
1897.400	209.947	3.591
1897.600	209.945	3.591
1897.800	209.948	3.591
1898.000	209.945	3.591
1898.200	209.945	3.591
1898.400	209.946	3.591
1898.600	209.946	3.591
1898.800	209.948	3.591
1899.000	209.948	3.591
1899.200	209.947	3.591
1899.400	209.948	3.591
1899.600	209.947	3.591
1899.800	209.949	3.591
1900.000	209.948	3.591
1900.200	209.947	3.591
1900.400	209.949	3.591
1900.600	209.947	3.591
1900.800	209.947	3.591
1901.000	209.947	3.591
1901.200	209.947	3.591
1901.400	209.946	3.591
1901.600	209.946	3.591
1901.800	209.948	3.591
1902.000	209.949	3.591
1902.200	209.949	3.591
1902.400	209.950	3.591
1902.600	209.948	3.591
1902.800	209.949	3.591
1903.000	209.949	3.591
1903.200	209.950	3.591
1903.400	209.949	3.591
1903.600	209.947	3.591
1903.800	209.949	3.591
1904.000	209.950	3.591
1904.200	209.950	3.591
1904.400	209.950	3.591
1904.600	209.950	3.591
1904.800	209.949	3.591
1905.000	209.948	3.591
1905.200	209.949	3.591
1905.400	209.951	3.591
1905.600	209.951	3.591
1905.800	209.949	3.591
1906.000	209.949	3.591
1906.200	209.949	3.591
1906.400	209.950	3.591
1906.600	209.948	3.591
1906.800	209.950	3.591
1907.000	209.949	3.591
1907.200	209.951	3.591
1907.400	209.950	3.591
1907.600	209.949	3.591
1907.800	209.949	3.591
1908.000	209.950	3.591
1908.200	209.950	3.591
1908.400	209.951	3.591
1908.600	209.951	3.591
1908.800	209.952	3.591
1909.000	209.951	3.591
1909.200	209.951	3.591
1909.400	209.948	3.591
1909.600	209.949	3.591
1909.800	209.948	3.591
1910.000	209.949	3.591
1910.200	209.948	3.591
1910.400	209.950	3.591
1910.600	209.948	3.591
1910.800	209.950	3.591
1911.000	209.951	3.591
1911.200	209.948	3.591
1911.400	209.949	3.591
1911.600	209.947	3.591
1911.800	209.947	3.591
1912.000	209.948	3.591
1912.200	209.949	3.591
1912.400	209.949	3.591
1912.600	209.949	3.591
1912.800	209.949	3.591
1913.000	209.949	3.591
1913.200	209.950	3.591
1913.400	209.949	3.591
1913.600	209.950	3.591
1913.800	209.948	3.591
1914.000	209.948	3.591
1914.200	209.949	3.591
1914.400	209.949	3.591
1914.600	209.951	3.591
1914.800	209.949	3.591
1915.000	209.951	3.591
1915.200	209.950	3.591
1915.400	209.949	3.591
1915.600	209.951	3.591
1915.800	209.950	3.591
1916.000	209.948	3.591
1916.200	209.950	3.591
1916.400	209.947	3.591
1916.600	209.949	3.591
1916.800	209.950	3.591
1917.000	209.949	3.591
1917.200	209.949	3.591
1917.400	209.950	3.591
1917.600	209.950	3.591
1917.800	209.951	3.591
1918.000	209.951	3.591
1918.200	209.950	3.591
1918.400	209.950	3.591
1918.600	209.948	3.591
1918.800	209.950	3.591
1919.000	209.948	3.591
1919.200	209.952	3.591
1919.400	209.949	3.591
1919.600	209.950	3.591
1919.800	209.949	3.591
1920.000	209.950	3.591
1920.200	209.950	3.591
1920.400	209.950	3.591
1920.600	209.950	3.591
1920.800	209.948	3.591
1921.000	209.950	3.591
1921.200	209.950	3.591
1921.400	209.950	3.591
1921.600	209.950	3.591
1921.800	209.951	3.591
1922.000	209.950	3.591
1922.200	209.950	3.591
1922.400	209.949	3.591
1922.600	209.949	3.591
1922.800	209.949	3.591
1923.000	209.949	3.591
1923.200	209.950	3.591
1923.400	209.951	3.591
1923.600	209.949	3.591
1923.800	209.949	3.591
1924.000	209.948	3.591
1924.200	209.948	3.591
1924.400	209.948	3.591
1924.600	209.950	3.591
1924.800	209.949	3.591
1925.000	209.950	3.591
1925.200	209.949	3.591
1925.400	209.949	3.591
1925.600	209.951	3.591
1925.800	209.949	3.591
1926.000	209.948	3.591
1926.200	209.949	3.591
1926.400	209.950	3.591
1926.600	209.950	3.591
1926.800	209.949	3.591
1927.000	209.950	3.591
1927.200	209.949	3.591
1927.400	209.949	3.591
1927.600	209.950	3.591
1927.800	209.951	3.591
1928.000	209.948	3.591
1928.200	209.950	3.591
1928.400	209.950	3.591
1928.600	209.950	3.591
1928.800	209.950	3.591
1929.000	209.950	3.591
1929.200	209.951	3.591
1929.400	209.951	3.591
1929.600	209.950	3.591
1929.800	209.950	3.592
1930.000	209.951	3.591
1930.200	209.949	3.591
1930.400	209.949	3.591
1930.600	209.949	3.592
1930.800	209.948	3.592
1931.000	209.947	3.592
1931.200	209.947	3.592
1931.400	209.947	3.592
1931.600	209.946	3.592
1931.800	209.946	3.592
1932.000	209.947	3.592
1932.200	209.948	3.592
1932.400	209.947	3.592
1932.600	209.947	3.592
1932.800	209.947	3.592
1933.000	209.947	3.592
1933.200	209.947	3.592
1933.400	209.947	3.592
1933.600	209.947	3.592
1933.800	209.947	3.592
1934.000	209.948	3.592
1934.200	209.948	3.592
1934.400	209.946	3.592
1934.600	209.948	3.592
1934.800	209.947	3.592
1935.000	209.946	3.592
1935.200	209.946	3.592
1935.400	209.950	3.592
1935.600	209.949	3.592
1935.800	209.949	3.592
1936.000	209.949	3.592
1936.200	209.949	3.592
1936.400	209.949	3.592
1936.600	209.949	3.592
1936.800	209.950	3.592
1937.000	209.948	3.592
1937.200	209.947	3.592
1937.400	209.949	3.592
1937.600	209.950	3.592
1937.800	209.948	3.592
1938.000	209.948	3.592
1938.200	209.949	3.592
1938.400	209.947	3.592
1938.600	209.948	3.592
1938.800	209.948	3.592
1939.000	209.947	3.592
1939.200	209.947	3.592
1939.400	209.949	3.592
1939.600	209.949	3.592
1939.800	209.948	3.592
1940.000	209.949	3.592
1940.200	209.946	3.592
1940.400	209.948	3.592
1940.600	209.948	3.592
1940.800	209.948	3.592
1941.000	209.948	3.592
1941.200	209.948	3.592
1941.400	209.948	3.592
1941.600	209.949	3.592
1941.800	209.950	3.592
1942.000	209.948	3.592
1942.200	209.947	3.592
1942.400	209.949	3.592
1942.600	209.948	3.592
1942.800	209.947	3.592
1943.000	209.947	3.592
1943.200	209.948	3.592
1943.400	209.949	3.592
1943.600	209.946	3.592
1943.800	209.947	3.592
1944.000	209.948	3.592
1944.200	209.948	3.592
1944.400	209.947	3.592
1944.600	209.947	3.592
1944.800	209.946	3.592
1945.000	209.949	3.592
1945.200	209.948	3.592
1945.400	209.947	3.592
1945.600	209.950	3.592
1945.800	209.948	3.592
1946.000	209.949	3.592
1946.200	209.948	3.592
1946.400	209.948	3.592
1946.600	209.947	3.592
1946.800	209.947	3.592
1947.000	209.947	3.592
1947.200	209.947	3.592
1947.400	209.946	3.592
1947.600	209.947	3.592
1947.800	209.948	3.592
1948.000	209.947	3.592
1948.200	209.947	3.592
1948.400	209.948	3.592
1948.600	209.947	3.592
1948.800	209.948	3.592
1949.000	209.948	3.592
1949.200	209.948	3.592
1949.400	209.949	3.592
1949.600	209.947	3.592
1949.800	209.948	3.592
1950.000	209.948	3.592
1950.200	209.949	3.592
1950.400	209.948	3.592
1950.600	209.949	3.592
1950.800	209.946	3.592
1951.000	209.947	3.592
1951.200	209.948	3.592
1951.400	209.949	3.592
1951.600	209.947	3.592
1951.800	209.948	3.592
1952.000	209.948	3.592
1952.200	209.949	3.592
1952.400	209.948	3.592
1952.600	209.948	3.592
1952.800	209.948	3.592
1953.000	209.948	3.592
1953.200	209.947	3.592
1953.400	209.948	3.592
1953.600	209.947	3.592
1953.800	209.946	3.592
1954.000	209.947	3.592
1954.200	209.948	3.592
1954.400	209.947	3.592
1954.600	209.948	3.592
1954.800	209.947	3.592
1955.000	209.949	3.592
1955.200	209.949	3.592
1955.400	209.948	3.592
1955.600	209.948	3.592
1955.800	209.949	3.592
1956.000	209.949	3.592
1956.200	209.949	3.592
1956.400	209.950	3.592
1956.600	209.947	3.592
1956.800	209.949	3.592
1957.000	209.949	3.592
1957.200	209.949	3.592
1957.400	209.949	3.592
1957.600	209.949	3.592
1957.800	209.949	3.592
1958.000	209.948	3.592
1958.200	209.949	3.592
1958.400	209.950	3.592
1958.600	209.948	3.592
1958.800	209.949	3.592
1959.000	209.951	3.592
1959.200	209.949	3.592
1959.400	209.949	3.592
1959.600	209.949	3.592
1959.800	209.948	3.592
1960.000	209.949	3.592
1960.200	209.949	3.592
1960.400	209.950	3.592
1960.600	209.949	3.592
1960.800	209.949	3.592
1961.000	209.949	3.592
1961.200	209.947	3.592
1961.400	209.948	3.592
1961.600	209.948	3.592
1961.800	209.947	3.592
1962.000	209.948	3.592
1962.200	209.948	3.592
1962.400	209.947	3.592
1962.600	209.948	3.592
1962.800	209.951	3.592
1963.000	209.949	3.592
1963.200	209.950	3.592
1963.400	209.949	3.592
1963.600	209.949	3.592
1963.800	209.948	3.592
1964.000	209.950	3.592
1964.200	209.949	3.592
1964.400	209.950	3.592
1964.600	209.949	3.592
1964.800	209.951	3.592
1965.000	209.950	3.592
1965.200	209.949	3.592
1965.400	209.948	3.592
1965.600	209.950	3.592
1965.800	209.950	3.592
1966.000	209.949	3.592
1966.200	209.949	3.592
1966.400	209.947	3.592
1966.600	209.949	3.592
1966.800	209.949	3.592
1967.000	209.949	3.592
1967.200	209.949	3.592
1967.400	209.948	3.592
1967.600	209.949	3.592
1967.800	209.947	3.592
1968.000	209.948	3.592
1968.200	209.948	3.592
1968.400	209.948	3.592
1968.600	209.949	3.592
1968.800	209.949	3.592
1969.000	209.950	3.592
1969.200	209.948	3.592
1969.400	209.947	3.592
1969.600	209.950	3.592
1969.800	209.948	3.592
1970.000	209.948	3.592
1970.200	209.949	3.592
1970.400	209.950	3.592
1970.600	209.949	3.592
1970.800	209.949	3.592
1971.000	209.951	3.592
1971.200	209.949	3.592
1971.400	209.949	3.592
1971.600	209.950	3.592
1971.800	209.949	3.593
1972.000	209.950	3.593
1972.200	209.949	3.593
1972.400	209.949	3.593
1972.600	209.948	3.593
1972.800	209.948	3.593
1973.000	209.947	3.593
1973.200	209.949	3.593
1973.400	209.949	3.593
1973.600	209.946	3.593
1973.800	209.946	3.593
1974.000	209.948	3.593
1974.200	209.947	3.593
1974.400	209.947	3.593
1974.600	209.946	3.593
1974.800	209.947	3.593
1975.000	209.947	3.593
1975.200	209.948	3.593
1975.400	209.947	3.593
1975.600	209.948	3.593
1975.800	209.949	3.593
1976.000	209.948	3.593
1976.200	209.947	3.593
1976.400	209.948	3.593
1976.600	209.949	3.593
1976.800	209.950	3.593
1977.000	209.948	3.593
1977.200	209.949	3.593
1977.400	209.949	3.593
1977.600	209.948	3.593
1977.800	209.948	3.593
1978.000	209.949	3.593
1978.200	209.947	3.593
1978.400	209.947	3.593
1978.600	209.949	3.593
1978.800	209.950	3.593
1979.000	209.948	3.593
1979.200	209.949	3.593
1979.400	209.948	3.593
1979.600	209.950	3.593
1979.800	209.949	3.593
1980.000	209.948	3.593
1980.200	209.949	3.593
1980.400	209.948	3.593
1980.600	209.947	3.593
1980.800	209.948	3.593
1981.000	209.947	3.593
1981.200	209.946	3.593
1981.400	209.947	3.593
1981.600	209.949	3.593
1981.800	209.949	3.593
1982.000	209.949	3.593
1982.200	209.949	3.593
1982.400	209.950	3.593
1982.600	209.949	3.593
1982.800	209.948	3.593
1983.000	209.948	3.593
1983.200	209.948	3.593
1983.400	209.949	3.593
1983.600	209.948	3.593
1983.800	209.949	3.593
1984.000	209.948	3.593
1984.200	209.948	3.593
1984.400	209.947	3.593
1984.600	209.948	3.593
1984.800	209.947	3.593
1985.000	209.949	3.593
1985.200	209.947	3.593
1985.400	209.948	3.593
1985.600	209.949	3.593
1985.800	209.950	3.593
1986.000	209.948	3.593
1986.200	209.948	3.593
1986.400	209.948	3.593
1986.600	209.947	3.593
1986.800	209.948	3.593
1987.000	209.948	3.593
1987.200	209.947	3.593
1987.400	209.948	3.593
1987.600	209.947	3.593
1987.800	209.948	3.593
1988.000	209.948	3.593
1988.200	209.948	3.593
1988.400	209.949	3.593
1988.600	209.949	3.593
1988.800	209.949	3.593
1989.000	209.949	3.593
1989.200	209.948	3.593
1989.400	209.949	3.593
1989.600	209.948	3.593
1989.800	209.947	3.593
1990.000	209.949	3.593
1990.200	209.949	3.593
1990.400	209.948	3.593
1990.600	209.947	3.593
1990.800	209.948	3.593
1991.000	209.948	3.593
1991.200	209.947	3.593
1991.400	209.947	3.593
1991.600	209.947	3.593
1991.800	209.947	3.593
1992.000	209.948	3.593
1992.200	209.946	3.593
1992.400	209.948	3.593
1992.600	209.947	3.593
1992.800	209.947	3.593
1993.000	209.944	3.593
1993.200	209.944	3.593
1993.400	209.947	3.593
1993.600	209.945	3.593
1993.800	209.946	3.593
1994.000	209.945	3.593
1994.200	209.946	3.593
1994.400	209.945	3.593
1994.600	209.945	3.593
1994.800	209.946	3.593
1995.000	209.945	3.593
1995.200	209.948	3.593
1995.400	209.945	3.593
1995.600	209.947	3.593
1995.800	209.946	3.593
1996.000	209.946	3.593
1996.200	209.947	3.593
1996.400	209.947	3.593
1996.600	209.946	3.593
1996.800	209.946	3.593
1997.000	209.947	3.593
1997.200	209.947	3.593
1997.400	209.944	3.593
1997.600	209.945	3.593
1997.800	209.945	3.593
1998.000	209.945	3.593
1998.200	209.944	3.593
1998.400	209.946	3.593
1998.600	209.947	3.593
1998.800	209.945	3.593
1999.000	209.946	3.593
1999.200	209.946	3.593
1999.400	209.946	3.593
1999.600	209.946	3.593
1999.800	209.949	3.593
2000.000	209.946	3.593
2000.200	209.946	3.593
2000.400	209.944	3.593
2000.600	209.946	3.593
2000.800	209.946	3.593
2001.000	209.946	3.593
2001.200	209.946	3.593
2001.400	209.944	3.593
2001.600	209.944	3.593
2001.800	209.947	3.593
2002.000	209.946	3.593
2002.200	209.949	3.593
2002.400	209.950	3.593
2002.600	209.948	3.593
2002.800	209.948	3.593
2003.000	209.948	3.593
2003.200	209.946	3.593
2003.400	209.948	3.593
2003.600	209.947	3.593
2003.800	209.948	3.593
2004.000	209.948	3.593
2004.200	209.948	3.593
2004.400	209.947	3.593
2004.600	209.945	3.593
2004.800	209.948	3.593
2005.000	209.946	3.593
2005.200	209.946	3.593
2005.400	209.947	3.593
2005.600	209.946	3.593
2005.800	209.946	3.593
2006.000	209.946	3.593
2006.200	209.945	3.593
2006.400	209.947	3.593
2006.600	209.947	3.593
2006.800	209.946	3.593
2007.000	209.947	3.593
2007.200	209.946	3.593
2007.400	209.946	3.593
2007.600	209.946	3.593
2007.800	209.948	3.593
2008.000	209.948	3.593
2008.200	209.949	3.593
2008.400	209.946	3.593
2008.600	209.948	3.593
2008.800	209.948	3.593
2009.000	209.946	3.593
2009.200	209.946	3.593
2009.400	209.946	3.593
2009.600	209.946	3.593
2009.800	209.948	3.593
2010.000	209.945	3.593
2010.200	209.947	3.593
2010.400	209.946	3.593
2010.600	209.947	3.593
2010.800	209.946	3.593
2011.000	209.946	3.593
2011.200	209.944	3.593
2011.400	209.945	3.593
2011.600	209.945	3.593
2011.800	209.945	3.593
2012.000	209.947	3.593
2012.200	209.946	3.593
2012.400	209.946	3.593
2012.600	209.946	3.593
2012.800	209.945	3.593
2013.000	209.943	3.593
2013.200	209.943	3.593
2013.400	209.945	3.593
2013.600	209.945	3.593
2013.800	209.945	3.593
2014.000	209.945	3.593
2014.200	209.947	3.593
2014.400	209.947	3.593
2014.600	209.946	3.593
2014.800	209.946	3.593
2015.000	209.947	3.594
2015.200	209.947	3.594
2015.400	209.948	3.593
2015.600	209.948	3.593
2015.800	209.947	3.593
2016.000	209.947	3.594
2016.200	209.946	3.593
2016.400	209.946	3.594
2016.600	209.946	3.594
2016.800	209.945	3.594
2017.000	209.946	3.594
2017.200	209.947	3.594
2017.400	209.946	3.594
2017.600	209.948	3.594
2017.800	209.946	3.594
2018.000	209.946	3.594
2018.200	209.946	3.594
2018.400	209.946	3.594
2018.600	209.946	3.594
2018.800	209.946	3.594
2019.000	209.947	3.594
2019.200	209.945	3.594
2019.400	209.947	3.594
2019.600	209.945	3.594
2019.800	209.946	3.594
2020.000	209.946	3.594
2020.200	209.948	3.594
2020.400	209.948	3.594
2020.600	209.946	3.594
2020.800	209.947	3.594
2021.000	209.946	3.594
2021.200	209.946	3.594
2021.400	209.946	3.594
2021.600	209.946	3.594
2021.800	209.947	3.594
2022.000	209.948	3.594
2022.200	209.949	3.594
2022.400	209.949	3.594
2022.600	209.948	3.594
2022.800	209.948	3.594
2023.000	209.948	3.594
2023.200	209.947	3.594
2023.400	209.947	3.594
2023.600	209.947	3.594
2023.800	209.948	3.594
2024.000	209.948	3.594
2024.200	209.947	3.594
2024.400	209.947	3.594
2024.600	209.946	3.594
2024.800	209.948	3.594
2025.000	209.947	3.594
2025.200	209.947	3.594
2025.400	209.947	3.594
2025.600	209.949	3.594
2025.800	209.947	3.594
2026.000	209.946	3.594
2026.200	209.946	3.594
2026.400	209.948	3.594
2026.600	209.947	3.594
2026.800	209.947	3.594
2027.000	209.946	3.594
2027.200	209.947	3.594
2027.400	209.947	3.594
2027.600	209.946	3.594
2027.800	209.947	3.594
2028.000	209.947	3.594
2028.200	209.946	3.594
2028.400	209.947	3.594
2028.600	209.946	3.594
2028.800	209.946	3.594
2029.000	209.947	3.594
2029.200	209.947	3.594
2029.400	209.947	3.594
2029.600	209.946	3.594
2029.800	209.945	3.594
2030.000	209.946	3.594
2030.200	209.946	3.594
2030.400	209.945	3.594
2030.600	209.947	3.594
2030.800	209.947	3.594
2031.000	209.947	3.594
2031.200	209.947	3.594
2031.400	209.947	3.594
2031.600	209.947	3.594
2031.800	209.946	3.594
2032.000	209.945	3.594
2032.200	209.946	3.594
2032.400	209.946	3.594
2032.600	209.946	3.594
2032.800	209.946	3.594
2033.000	209.945	3.594
2033.200	209.947	3.594
2033.400	209.948	3.594
2033.600	209.949	3.594
2033.800	209.949	3.594
2034.000	209.947	3.594
2034.200	209.948	3.594
2034.400	209.946	3.594
2034.600	209.948	3.594
2034.800	209.947	3.594
2035.000	209.948	3.594
2035.200	209.949	3.594
2035.400	209.947	3.594
2035.600	209.948	3.594
2035.800	209.947	3.594
2036.000	209.947	3.594
2036.200	209.947	3.594
2036.400	209.947	3.594
2036.600	209.949	3.594
2036.800	209.947	3.594
2037.000	209.947	3.594
2037.200	209.949	3.594
2037.400	209.948	3.594
2037.600	209.947	3.594
2037.800	209.946	3.594
2038.000	209.949	3.594
2038.200	209.946	3.594
2038.400	209.946	3.594
2038.600	209.947	3.594
2038.800	209.947	3.594
2039.000	209.947	3.594
2039.200	209.948	3.594
2039.400	209.947	3.594
2039.600	209.947	3.594
2039.800	209.946	3.594
2040.000	209.947	3.594
2040.200	209.947	3.594
2040.400	209.948	3.594
2040.600	209.947	3.594
2040.800	209.947	3.594
2041.000	209.947	3.594
2041.200	209.947	3.594
2041.400	209.949	3.594
2041.600	209.947	3.594
2041.800	209.947	3.594
2042.000	209.948	3.594
2042.200	209.948	3.594
2042.400	209.947	3.594
2042.600	209.947	3.594
2042.800	209.947	3.594
2043.000	209.948	3.594
2043.200	209.948	3.594
2043.400	209.948	3.594
2043.600	209.949	3.594
2043.800	209.948	3.594
2044.000	209.949	3.594
2044.200	209.948	3.594
2044.400	209.948	3.594
2044.600	209.946	3.594
2044.800	209.946	3.594
2045.000	209.947	3.594
2045.200	209.946	3.594
2045.400	209.948	3.594
2045.600	209.948	3.594
2045.800	209.947	3.594
2046.000	209.947	3.594
2046.200	209.946	3.594
2046.400	209.948	3.594
2046.600	209.945	3.594
2046.800	209.947	3.594
2047.000	209.945	3.594
2047.200	209.948	3.594
2047.400	209.948	3.594
2047.600	209.946	3.594
2047.800	209.947	3.594
2048.000	209.950	3.594
2048.200	209.946	3.594
2048.400	209.948	3.594
2048.600	209.947	3.594
2048.800	209.947	3.594
2049.000	209.947	3.594
2049.200	209.947	3.594
2049.400	209.947	3.594
2049.600	209.945	3.594
2049.800	209.948	3.594
2050.000	209.948	3.594
2050.200	209.947	3.594
2050.400	209.946	3.594
2050.600	209.945	3.594
2050.800	209.945	3.594
2051.000	209.946	3.594
2051.200	209.945	3.594
2051.400	209.946	3.594
2051.600	209.945	3.594
2051.800	209.947	3.594
2052.000	209.946	3.594
2052.200	209.947	3.594
2052.400	209.947	3.594
2052.600	209.947	3.594
2052.800	209.946	3.594
2053.000	209.946	3.594
2053.200	209.947	3.594
2053.400	209.946	3.594
2053.600	209.945	3.594
2053.800	209.946	3.594
2054.000	209.944	3.594
2054.200	209.946	3.594
2054.400	209.946	3.594
2054.600	209.946	3.595
2054.800	209.945	3.594
2055.000	209.946	3.595
2055.200	209.947	3.595
2055.400	209.947	3.595
2055.600	209.947	3.595
2055.800	209.945	3.595
2056.000	209.947	3.595
2056.200	209.945	3.595
2056.400	209.945	3.595
2056.600	209.946	3.595
2056.800	209.945	3.595
2057.000	209.944	3.595
2057.200	209.944	3.595
2057.400	209.943	3.595
2057.600	209.946	3.595
2057.800	209.945	3.595
2058.000	209.946	3.595
2058.200	209.945	3.595
2058.400	209.947	3.595
2058.600	209.945	3.595
2058.800	209.945	3.595
2059.000	209.946	3.595
2059.200	209.946	3.595
2059.400	209.946	3.595
2059.600	209.947	3.595
2059.800	209.946	3.595
2060.000	209.946	3.595
2060.200	209.945	3.595
2060.400	209.945	3.595
2060.600	209.946	3.595
2060.800	209.943	3.595
2061.000	209.944	3.595
2061.200	209.946	3.595
2061.400	209.945	3.595
2061.600	209.945	3.595
2061.800	209.945	3.595
2062.000	209.945	3.595
2062.200	209.945	3.595
2062.400	209.944	3.595
2062.600	209.945	3.595
2062.800	209.946	3.595
2063.000	209.946	3.595
2063.200	209.946	3.595
2063.400	209.946	3.595
2063.600	209.947	3.595
2063.800	209.948	3.595
2064.000	209.946	3.595
2064.200	209.946	3.595
2064.400	209.945	3.595
2064.600	209.946	3.595
2064.800	209.945	3.595
2065.000	209.945	3.595
2065.200	209.946	3.595
2065.400	209.946	3.595
2065.600	209.945	3.595
2065.800	209.944	3.595
2066.000	209.945	3.595
2066.200	209.944	3.595
2066.400	209.946	3.595
2066.600	209.946	3.595
2066.800	209.945	3.595
2067.000	209.946	3.595
2067.200	209.947	3.595
2067.400	209.945	3.595
2067.600	209.946	3.595
2067.800	209.946	3.595
2068.000	209.946	3.595
2068.200	209.947	3.595
2068.400	209.947	3.595
2068.600	209.947	3.595
2068.800	209.946	3.595
2069.000	209.945	3.595
2069.200	209.948	3.595
2069.400	209.947	3.595
2069.600	209.946	3.595
2069.800	209.947	3.595
2070.000	209.947	3.595
2070.200	209.946	3.595
2070.400	209.945	3.595
2070.600	209.945	3.595
2070.800	209.945	3.595
2071.000	209.946	3.595
2071.200	209.946	3.595
2071.400	209.946	3.595
2071.600	209.946	3.595
2071.800	209.946	3.595
2072.000	209.944	3.595
2072.200	209.945	3.595
2072.400	209.945	3.595
2072.600	209.945	3.595
2072.800	209.946	3.595
2073.000	209.948	3.595
2073.200	209.947	3.595
2073.400	209.947	3.595
2073.600	209.947	3.595
2073.800	209.947	3.595
2074.000	209.948	3.595
2074.200	209.946	3.595
2074.400	209.948	3.595
2074.600	209.947	3.595
2074.800	209.946	3.595
2075.000	209.947	3.595
2075.200	209.946	3.595
2075.400	209.946	3.595
2075.600	209.947	3.595
2075.800	209.948	3.595
2076.000	209.948	3.595
2076.200	209.948	3.595
2076.400	209.947	3.595
2076.600	209.948	3.595
2076.800	209.948	3.595
2077.000	209.947	3.595
2077.200	209.947	3.595
2077.400	209.947	3.595
2077.600	209.949	3.595
2077.800	209.946	3.595
2078.000	209.947	3.595
2078.200	209.948	3.595
2078.400	209.949	3.595
2078.600	209.948	3.595
2078.800	209.948	3.595
2079.000	209.949	3.595
2079.200	209.949	3.595
2079.400	209.950	3.595
2079.600	209.948	3.595
2079.800	209.949	3.595
2080.000	209.948	3.595
2080.200	209.948	3.595
2080.400	209.950	3.595
2080.600	209.948	3.595
2080.800	209.947	3.595
2081.000	209.948	3.595
2081.200	209.948	3.595
2081.400	209.947	3.595
2081.600	209.949	3.595
2081.800	209.949	3.595
2082.000	209.947	3.595
2082.200	209.949	3.595
2082.400	209.948	3.595
2082.600	209.950	3.595
2082.800	209.949	3.595
2083.000	209.947	3.595
2083.200	209.949	3.595
2083.400	209.947	3.595
2083.600	209.948	3.595
2083.800	209.948	3.595
2084.000	209.948	3.595
2084.200	209.948	3.595
2084.400	209.948	3.595
2084.600	209.948	3.595
2084.800	209.948	3.595
2085.000	209.949	3.595
2085.200	209.948	3.595
2085.400	209.948	3.595
2085.600	209.947	3.595
2085.800	209.948	3.595
2086.000	209.948	3.595
2086.200	209.950	3.595
2086.400	209.947	3.595
2086.600	209.949	3.595
2086.800	209.949	3.595
2087.000	209.948	3.595
2087.200	209.946	3.595
2087.400	209.948	3.595
2087.600	209.947	3.595
2087.800	209.946	3.595
2088.000	209.947	3.595
2088.200	209.947	3.595
2088.400	209.949	3.595
2088.600	209.948	3.595
2088.800	209.946	3.595
2089.000	209.945	3.595
2089.200	209.947	3.595
2089.400	209.947	3.595
2089.600	209.947	3.595
2089.800	209.949	3.595
2090.000	209.949	3.595
2090.200	209.947	3.595
2090.400	209.946	3.595
2090.600	209.947	3.595
2090.800	209.947	3.595
2091.000	209.947	3.595
2091.200	209.946	3.595
2091.400	209.946	3.595
2091.600	209.948	3.595
2091.800	209.946	3.595
2092.000	209.946	3.595
2092.200	209.947	3.595
2092.400	209.946	3.595
2092.600	209.946	3.595
2092.800	209.948	3.595
2093.000	209.946	3.595
2093.200	209.947	3.595
2093.400	209.947	3.595
2093.600	209.946	3.595
2093.800	209.946	3.595
2094.000	209.946	3.595
2094.200	209.947	3.595
2094.400	209.947	3.595
2094.600	209.946	3.595
2094.800	209.946	3.595
2095.000	209.947	3.595
2095.200	209.948	3.596
2095.400	209.948	3.595
2095.600	209.948	3.596
2095.800	209.947	3.596
2096.000	209.948	3.596
2096.200	209.948	3.595
2096.400	209.946	3.596
2096.600	209.947	3.596
2096.800	209.947	3.596
2097.000	209.948	3.596
2097.200	209.948	3.596
2097.400	209.946	3.596
2097.600	209.947	3.596
2097.800	209.947	3.596
2098.000	209.948	3.596
2098.200	209.948	3.596
2098.400	209.947	3.596
2098.600	209.947	3.596
2098.800	209.948	3.596
2099.000	209.948	3.596
2099.200	209.948	3.596
2099.400	209.948	3.596
2099.600	209.948	3.596
2099.800	209.948	3.596
2100.000	209.948	3.596
2100.200	209.948	3.596
2100.400	209.949	3.596
2100.600	209.948	3.596
2100.800	209.949	3.596
2101.000	209.950	3.596
2101.200	209.949	3.596
2101.400	209.949	3.596
2101.600	209.949	3.596
2101.800	209.948	3.596
2102.000	209.949	3.596
2102.200	209.947	3.596
2102.400	209.948	3.596
2102.600	209.947	3.596
2102.800	209.949	3.596
2103.000	209.949	3.596
2103.200	209.950	3.596
2103.400	209.947	3.596
2103.600	209.947	3.596
2103.800	209.950	3.596
2104.000	209.950	3.596
2104.200	209.949	3.596
2104.400	209.949	3.596
2104.600	209.948	3.596
2104.800	209.948	3.596
2105.000	209.949	3.596
2105.200	209.945	3.596
2105.400	209.949	3.596
2105.600	209.949	3.596
2105.800	209.949	3.596
2106.000	209.948	3.596
2106.200	209.948	3.596
2106.400	209.947	3.596
2106.600	209.948	3.596
2106.800	209.947	3.596
2107.000	209.949	3.596
2107.200	209.949	3.596
2107.400	209.948	3.596
2107.600	209.948	3.596
2107.800	209.950	3.596
2108.000	209.950	3.596
2108.200	209.950	3.596
2108.400	209.950	3.596
2108.600	209.950	3.596
2108.800	209.949	3.596
2109.000	209.949	3.596
2109.200	209.949	3.596
2109.400	209.947	3.596
2109.600	209.947	3.596
2109.800	209.947	3.596
2110.000	209.947	3.596
2110.200	209.949	3.596
2110.400	209.947	3.596
2110.600	209.948	3.596
2110.800	209.948	3.596
2111.000	209.948	3.596
2111.200	209.948	3.596
2111.400	209.948	3.596
2111.600	209.950	3.596
2111.800	209.947	3.596
2112.000	209.952	3.596
2112.200	209.948	3.596
2112.400	209.950	3.596
2112.600	209.949	3.596
2112.800	209.949	3.596
2113.000	209.948	3.596
2113.200	209.947	3.596
2113.400	209.948	3.596
2113.600	209.947	3.596
2113.800	209.946	3.596
2114.000	209.948	3.596
2114.200	209.948	3.596
2114.400	209.945	3.596
2114.600	209.947	3.596
2114.800	209.948	3.596
2115.000	209.947	3.596
2115.200	209.948	3.596
2115.400	209.948	3.596
2115.600	209.948	3.596
2115.800	209.947	3.596
2116.000	209.947	3.596
2116.200	209.948	3.596
2116.400	209.948	3.596
2116.600	209.948	3.596
2116.800	209.948	3.596
2117.000	209.946	3.596
2117.200	209.948	3.596
2117.400	209.948	3.596
2117.600	209.947	3.596
2117.800	209.947	3.596
2118.000	209.946	3.596
2118.200	209.947	3.596
2118.400	209.949	3.596
2118.600	209.948	3.596
2118.800	209.947	3.596
2119.000	209.946	3.596
2119.200	209.947	3.596
2119.400	209.946	3.596
2119.600	209.947	3.596
2119.800	209.948	3.596
2120.000	209.949	3.596
2120.200	209.948	3.596
2120.400	209.949	3.596
2120.600	209.948	3.596
2120.800	209.948	3.596
2121.000	209.947	3.596
2121.200	209.947	3.596
2121.400	209.948	3.596
2121.600	209.948	3.596
2121.800	209.949	3.596
2122.000	209.949	3.596
2122.200	209.948	3.596
2122.400	209.948	3.596
2122.600	209.948	3.596
2122.800	209.947	3.596
2123.000	209.947	3.596
2123.200	209.948	3.596
2123.400	209.947	3.596
2123.600	209.948	3.596
2123.800	209.948	3.596
2124.000	209.948	3.596
2124.200	209.947	3.596
2124.400	209.949	3.596
2124.600	209.950	3.596
2124.800	209.950	3.596
2125.000	209.948	3.596
2125.200	209.949	3.596
2125.400	209.947	3.596
2125.600	209.949	3.596
2125.800	209.947	3.596
2126.000	209.947	3.596
2126.200	209.949	3.596
2126.400	209.946	3.596
2126.600	209.946	3.596
2126.800	209.949	3.596
2127.000	209.949	3.596
2127.200	209.949	3.596
2127.400	209.948	3.596
2127.600	209.947	3.596
2127.800	209.946	3.596
2128.000	209.947	3.596
2128.200	209.948	3.596
2128.400	209.948	3.596
2128.600	209.949	3.596
2128.800	209.949	3.596
2129.000	209.947	3.596
2129.200	209.948	3.596
2129.400	209.948	3.596
2129.600	209.946	3.596
2129.800	209.947	3.596
2130.000	209.948	3.596
2130.200	209.947	3.596
2130.400	209.948	3.596
2130.600	209.948	3.596
2130.800	209.949	3.596
2131.000	209.949	3.596
2131.200	209.950	3.596
2131.400	209.949	3.596
2131.600	209.948	3.596
2131.800	209.948	3.596
2132.000	209.950	3.596
2132.200	209.949	3.596
2132.400	209.949	3.596
2132.600	209.949	3.596
2132.800	209.947	3.596
2133.000	209.946	3.596
2133.200	209.945	3.596
2133.400	209.948	3.596
2133.600	209.946	3.596
2133.800	209.947	3.596
2134.000	209.948	3.596
2134.200	209.948	3.596
2134.400	209.947	3.596
2134.600	209.947	3.596
2134.800	209.947	3.596
2135.000	209.947	3.596
2135.200	209.947	3.596
2135.400	209.945	3.596
2135.600	209.947	3.596
2135.800	209.947	3.596
2136.000	209.947	3.596
2136.200	209.946	3.596
2136.400	209.946	3.596
2136.600	209.947	3.596
2136.800	209.948	3.596
2137.000	209.949	3.596
2137.200	209.947	3.596
2137.400	209.948	3.596
2137.600	209.948	3.596
2137.800	209.946	3.596
2138.000	209.948	3.596
2138.200	209.947	3.596
2138.400	209.946	3.596
2138.600	209.948	3.597
2138.800	209.949	3.596
2139.000	209.947	3.597
2139.200	209.946	3.597
2139.400	209.947	3.597
2139.600	209.946	3.597
2139.800	209.946	3.597
2140.000	209.946	3.597
2140.200	209.946	3.597
2140.400	209.947	3.597
2140.600	209.949	3.597
2140.800	209.948	3.597
2141.000	209.949	3.597
2141.200	209.946	3.597
2141.400	209.947	3.597
2141.600	209.948	3.597
2141.800	209.947	3.597
2142.000	209.948	3.597
2142.200	209.948	3.597
2142.400	209.947	3.597
2142.600	209.948	3.597
2142.800	209.948	3.597
2143.000	209.949	3.597
2143.200	209.949	3.597
2143.400	209.949	3.597
2143.600	209.949	3.597
2143.800	209.950	3.597
2144.000	209.951	3.597
2144.200	209.950	3.597
2144.400	209.949	3.597
2144.600	209.950	3.597
2144.800	209.949	3.597
2145.000	209.949	3.597
2145.200	209.949	3.597
2145.400	209.949	3.597
2145.600	209.947	3.597
2145.800	209.947	3.597
2146.000	209.947	3.597
2146.200	209.946	3.597
2146.400	209.947	3.597
2146.600	209.948	3.597
2146.800	209.947	3.597
2147.000	209.947	3.597
2147.200	209.949	3.597
2147.400	209.948	3.597
2147.600	209.949	3.597
2147.800	209.949	3.597
2148.000	209.950	3.597
2148.200	209.950	3.597
2148.400	209.948	3.597
2148.600	209.947	3.597
2148.800	209.949	3.597
2149.000	209.948	3.597
2149.200	209.948	3.597
2149.400	209.949	3.597
2149.600	209.949	3.597
2149.800	209.948	3.597
2150.000	209.948	3.597
2150.200	209.949	3.597
2150.400	209.947	3.597
2150.600	209.948	3.597
2150.800	209.949	3.597
2151.000	209.949	3.597
2151.200	209.948	3.597
2151.400	209.947	3.597
2151.600	209.948	3.597
2151.800	209.949	3.597
2152.000	209.948	3.597
2152.200	209.950	3.597
2152.400	209.949	3.597
2152.600	209.949	3.597
2152.800	209.950	3.597
2153.000	209.948	3.597
2153.200	209.950	3.597
2153.400	209.947	3.597
2153.600	209.945	3.597
2153.800	209.949	3.597
2154.000	209.947	3.597
2154.200	209.947	3.597
2154.400	209.948	3.597
2154.600	209.947	3.597
2154.800	209.947	3.597
2155.000	209.948	3.597
2155.200	209.948	3.597
2155.400	209.947	3.597
2155.600	209.947	3.597
2155.800	209.947	3.597
2156.000	209.946	3.597
2156.200	209.948	3.597
2156.400	209.946	3.597
2156.600	209.948	3.597
2156.800	209.946	3.597
2157.000	209.946	3.597
2157.200	209.948	3.597
2157.400	209.948	3.597
2157.600	209.949	3.597
2157.800	209.949	3.597
2158.000	209.949	3.597
2158.200	209.949	3.597
2158.400	209.949	3.597
2158.600	209.950	3.597
2158.800	209.949	3.597
2159.000	209.950	3.597
2159.200	209.948	3.597
2159.400	209.948	3.597
2159.600	209.950	3.597
2159.800	209.951	3.597
2160.000	209.949	3.597
2160.200	209.948	3.597
2160.400	209.949	3.597
2160.600	209.949	3.597
2160.800	209.949	3.597
2161.000	209.950	3.597
2161.200	209.949	3.597
2161.400	209.948	3.597
2161.600	209.950	3.597
2161.800	209.951	3.597
2162.000	209.950	3.597
2162.200	209.950	3.597
2162.400	209.951	3.597
2162.600	209.951	3.597
2162.800	209.952	3.597
2163.000	209.951	3.597
2163.200	209.950	3.597
2163.400	209.949	3.597
2163.600	209.950	3.597
2163.800	209.950	3.597
2164.000	209.951	3.597
2164.200	209.950	3.597
2164.400	209.948	3.597
2164.600	209.948	3.597
2164.800	209.948	3.597
2165.000	209.949	3.597
2165.200	209.948	3.597
2165.400	209.948	3.597
2165.600	209.947	3.597
2165.800	209.947	3.597
2166.000	209.946	3.597
2166.200	209.949	3.597
2166.400	209.949	3.597
2166.600	209.949	3.597
2166.800	209.949	3.597
2167.000	209.948	3.597
2167.200	209.949	3.597
2167.400	209.948	3.597
2167.600	209.948	3.597
2167.800	209.948	3.597
2168.000	209.949	3.597
2168.200	209.948	3.597
2168.400	209.949	3.597
2168.600	209.948	3.597
2168.800	209.950	3.597
2169.000	209.948	3.597
2169.200	209.948	3.597
2169.400	209.949	3.597
2169.600	209.949	3.597
2169.800	209.950	3.597
2170.000	209.950	3.597
2170.200	209.949	3.597
2170.400	209.948	3.597
2170.600	209.949	3.597
2170.800	209.949	3.597
2171.000	209.949	3.597
2171.200	209.948	3.597
2171.400	209.948	3.597
2171.600	209.947	3.597
2171.800	209.948	3.597
2172.000	209.948	3.597
2172.200	209.947	3.597
2172.400	209.947	3.597
2172.600	209.947	3.597
2172.800	209.947	3.597
2173.000	209.948	3.597
2173.200	209.949	3.597
2173.400	209.950	3.597
2173.600	209.950	3.597
2173.800	209.949	3.597
2174.000	209.949	3.597
2174.200	209.949	3.597
2174.400	209.949	3.597
2174.600	209.949	3.597
2174.800	209.948	3.597
2175.000	209.949	3.597
2175.200	209.950	3.597
2175.400	209.950	3.597
2175.600	209.949	3.597
2175.800	209.949	3.597
2176.000	209.950	3.597
2176.200	209.951	3.597
2176.400	209.949	3.597
2176.600	209.948	3.597
2176.800	209.949	3.597
2177.000	209.948	3.597
2177.200	209.948	3.597
2177.400	209.949	3.597
2177.600	209.950	3.597
2177.800	209.950	3.597
2178.000	209.950	3.597
2178.200	209.948	3.597
2178.400	209.949	3.597
2178.600	209.949	3.597
2178.800	209.949	3.597
2179.000	209.950	3.598
2179.200	209.950	3.597
2179.400	209.948	3.597
2179.600	209.951	3.598
2179.800	209.951	3.598
2180.000	209.950	3.598
2180.200	209.951	3.598
2180.400	209.948	3.598
2180.600	209.950	3.598
2180.800	209.950	3.598
2181.000	209.950	3.598
2181.200	209.950	3.598
2181.400	209.950	3.598
2181.600	209.951	3.598
2181.800	209.948	3.598
2182.000	209.949	3.598
2182.200	209.949	3.598
2182.400	209.951	3.598
2182.600	209.951	3.598
2182.800	209.952	3.598
2183.000	209.952	3.598
2183.200	209.950	3.598
2183.400	209.952	3.598
2183.600	209.952	3.598
2183.800	209.952	3.598
2184.000	209.951	3.598
2184.200	209.952	3.598
2184.400	209.950	3.598
2184.600	209.951	3.598
2184.800	209.950	3.598
2185.000	209.950	3.598
2185.200	209.950	3.598
2185.400	209.949	3.598
2185.600	209.950	3.598
2185.800	209.949	3.598
2186.000	209.951	3.598
2186.200	209.950	3.598
2186.400	209.949	3.598
2186.600	209.949	3.598
2186.800	209.951	3.598
2187.000	209.951	3.598
2187.200	209.951	3.598
2187.400	209.951	3.598
2187.600	209.951	3.598
2187.800	209.950	3.598
2188.000	209.950	3.598
2188.200	209.950	3.598
2188.400	209.950	3.598
2188.600	209.951	3.598
2188.800	209.949	3.598
2189.000	209.948	3.598
2189.200	209.951	3.598
2189.400	209.952	3.598
2189.600	209.950	3.598
2189.800	209.950	3.598
2190.000	209.950	3.598
2190.200	209.950	3.598
2190.400	209.950	3.598
2190.600	209.948	3.598
2190.800	209.950	3.598
2191.000	209.950	3.598
2191.200	209.949	3.598
2191.400	209.949	3.598
2191.600	209.951	3.598
2191.800	209.949	3.598
2192.000	209.948	3.598
2192.200	209.949	3.598
2192.400	209.949	3.598
2192.600	209.950	3.598
2192.800	209.951	3.598
2193.000	209.952	3.598
2193.200	209.950	3.598
2193.400	209.950	3.598
2193.600	209.950	3.598
2193.800	209.951	3.598
2194.000	209.950	3.598
2194.200	209.949	3.598
2194.400	209.949	3.598
2194.600	209.949	3.598
2194.800	209.950	3.598
2195.000	209.951	3.598
2195.200	209.951	3.598
2195.400	209.951	3.598
2195.600	209.950	3.598
2195.800	209.951	3.598
2196.000	209.951	3.598
2196.200	209.949	3.598
2196.400	209.950	3.598
2196.600	209.950	3.598
2196.800	209.951	3.598
2197.000	209.951	3.598
2197.200	209.949	3.598
2197.400	209.949	3.598
2197.600	209.949	3.598
2197.800	209.948	3.598
2198.000	209.948	3.598
2198.200	209.949	3.598
2198.400	209.950	3.598
2198.600	209.949	3.598
2198.800	209.948	3.598
2199.000	209.950	3.598
2199.200	209.950	3.598
2199.400	209.951	3.598
2199.600	209.950	3.598
2199.800	209.951	3.598
2200.000	209.950	3.598
2200.200	209.949	3.598
2200.400	209.950	3.598
2200.600	209.949	3.598
2200.800	209.950	3.598
2201.000	209.949	3.598
2201.200	209.951	3.598
2201.400	209.950	3.598
2201.600	209.950	3.598
2201.800	209.950	3.598
2202.000	209.951	3.598
2202.200	209.951	3.598
2202.400	209.949	3.598
2202.600	209.950	3.598
2202.800	209.951	3.598
2203.000	209.951	3.598
2203.200	209.950	3.598
2203.400	209.951	3.598
2203.600	209.952	3.598
2203.800	209.950	3.598
2204.000	209.950	3.598
2204.200	209.950	3.598
2204.400	209.952	3.598
2204.600	209.952	3.598
2204.800	209.950	3.598
2205.000	209.951	3.598
2205.200	209.951	3.598
2205.400	209.951	3.598
2205.600	209.950	3.598
2205.800	209.951	3.598
2206.000	209.951	3.598
2206.200	209.951	3.598
2206.400	209.950	3.598
2206.600	209.951	3.598
2206.800	209.952	3.598
2207.000	209.953	3.598
2207.200	209.951	3.598
2207.400	209.953	3.598
2207.600	209.953	3.598
2207.800	209.952	3.598
2208.000	209.952	3.598
2208.200	209.953	3.598
2208.400	209.952	3.598
2208.600	209.953	3.598
2208.800	209.952	3.598
2209.000	209.953	3.598
2209.200	209.953	3.598
2209.400	209.950	3.598
2209.600	209.951	3.598
2209.800	209.952	3.598
2210.000	209.952	3.598
2210.200	209.953	3.598
2210.400	209.951	3.598
2210.600	209.952	3.598
2210.800	209.953	3.598
2211.000	209.952	3.598
2211.200	209.950	3.598
2211.400	209.951	3.598
2211.600	209.950	3.598
2211.800	209.950	3.598
2212.000	209.949	3.598
2212.200	209.950	3.598
2212.400	209.948	3.598
2212.600	209.951	3.598
2212.800	209.950	3.598
2213.000	209.950	3.598
2213.200	209.950	3.598
2213.400	209.951	3.598
2213.600	209.951	3.598
2213.800	209.951	3.598
2214.000	209.950	3.598
2214.200	209.950	3.598
2214.400	209.949	3.598
2214.600	209.950	3.598
2214.800	209.949	3.598
2215.000	209.950	3.598
2215.200	209.950	3.598
2215.400	209.949	3.598
2215.600	209.950	3.598
2215.800	209.950	3.598
2216.000	209.948	3.598
2216.200	209.951	3.598
2216.400	209.951	3.598
2216.600	209.950	3.598
2216.800	209.950	3.598
2217.000	209.951	3.598
2217.200	209.949	3.598
2217.400	209.950	3.598
2217.600	209.950	3.598
2217.800	209.949	3.598
2218.000	209.951	3.598
2218.200	209.951	3.598
2218.400	209.950	3.598
2218.600	209.950	3.598
2218.800	209.950	3.598
2219.000	209.951	3.598
2219.200	209.948	3.598
2219.400	209.948	3.598
2219.600	209.949	3.598
2219.800	209.950	3.598
2220.000	209.949	3.598
2220.200	209.949	3.598
2220.400	209.949	3.598
2220.600	209.948	3.598
2220.800	209.948	3.598
2221.000	209.949	3.598
2221.200	209.948	3.598
2221.400	209.947	3.598
2221.600	209.948	3.598
2221.800	209.948	3.598
2222.000	209.949	3.598
2222.200	209.948	3.598
2222.400	209.949	3.598
2222.600	209.948	3.598
2222.800	209.947	3.598
2223.000	209.950	3.598
2223.200	209.949	3.598
2223.400	209.949	3.598
2223.600	209.949	3.599
2223.800	209.949	3.598
2224.000	209.949	3.599
2224.200	209.949	3.599
2224.400	209.949	3.599
2224.600	209.951	3.599
2224.800	209.949	3.599
2225.000	209.949	3.599
2225.200	209.949	3.599
2225.400	209.949	3.599
2225.600	209.949	3.599
2225.800	209.951	3.599
2226.000	209.949	3.599
2226.200	209.948	3.599
2226.400	209.948	3.599
2226.600	209.949	3.599
2226.800	209.949	3.599
2227.000	209.951	3.599
2227.200	209.948	3.599
2227.400	209.948	3.599
2227.600	209.950	3.599
2227.800	209.948	3.599
2228.000	209.949	3.599
2228.200	209.951	3.599
2228.400	209.950	3.599
2228.600	209.948	3.599
2228.800	209.951	3.599
2229.000	209.951	3.599
2229.200	209.952	3.599
2229.400	209.951	3.599
2229.600	209.949	3.599
2229.800	209.950	3.599
2230.000	209.950	3.599
2230.200	209.949	3.599
2230.400	209.947	3.599
2230.600	209.949	3.599
2230.800	209.948	3.599
2231.000	209.950	3.599
2231.200	209.950	3.599
2231.400	209.950	3.599
2231.600	209.951	3.599
2231.800	209.950	3.599
2232.000	209.952	3.599
2232.200	209.950	3.599
2232.400	209.952	3.599
2232.600	209.950	3.599
2232.800	209.951	3.599
2233.000	209.950	3.599
2233.200	209.949	3.599
2233.400	209.950	3.599
2233.600	209.951	3.599
2233.800	209.951	3.599
2234.000	209.950	3.599
2234.200	209.950	3.599
2234.400	209.951	3.599
2234.600	209.950	3.599
2234.800	209.949	3.599
2235.000	209.950	3.599
2235.200	209.951	3.599
2235.400	209.950	3.599
2235.600	209.953	3.599
2235.800	209.950	3.599
2236.000	209.951	3.599
2236.200	209.951	3.599
2236.400	209.950	3.599
2236.600	209.949	3.599
2236.800	209.949	3.599
2237.000	209.950	3.599
2237.200	209.950	3.599
2237.400	209.948	3.599
2237.600	209.950	3.599
2237.800	209.950	3.599
2238.000	209.950	3.599
2238.200	209.950	3.599
2238.400	209.951	3.599
2238.600	209.949	3.599
2238.800	209.949	3.599
2239.000	209.951	3.599
2239.200	209.951	3.599
2239.400	209.950	3.599
2239.600	209.951	3.599
2239.800	209.949	3.599
2240.000	209.948	3.599
2240.200	209.949	3.599
2240.400	209.949	3.599
2240.600	209.949	3.599
2240.800	209.949	3.599
2241.000	209.949	3.599
2241.200	209.949	3.599
2241.400	209.949	3.599
2241.600	209.949	3.599
2241.800	209.950	3.599
2242.000	209.950	3.599
2242.200	209.951	3.599
2242.400	209.949	3.599
2242.600	209.948	3.599
2242.800	209.949	3.599
2243.000	209.951	3.599
2243.200	209.950	3.599
2243.400	209.949	3.599
2243.600	209.949	3.599
2243.800	209.949	3.599
2244.000	209.950	3.599
2244.200	209.948	3.599
2244.400	209.949	3.599
2244.600	209.949	3.599
2244.800	209.949	3.599
2245.000	209.947	3.599
2245.200	209.949	3.599
2245.400	209.948	3.599
2245.600	209.949	3.599
2245.800	209.948	3.599
2246.000	209.948	3.599
2246.200	209.949	3.599
2246.400	209.948	3.599
2246.600	209.949	3.599
2246.800	209.950	3.599
2247.000	209.949	3.599
2247.200	209.949	3.599
2247.400	209.949	3.599
2247.600	209.948	3.599
2247.800	209.949	3.599
2248.000	209.948	3.599
2248.200	209.947	3.599
2248.400	209.948	3.599
2248.600	209.949	3.599
2248.800	209.949	3.599
2249.000	209.948	3.599
2249.200	209.948	3.599
2249.400	209.948	3.599
2249.600	209.947	3.599
2249.800	209.948	3.599
2250.000	209.948	3.599
2250.200	209.946	3.599
2250.400	209.946	3.599
2250.600	209.947	3.599
2250.800	209.947	3.599
2251.000	209.947	3.599
2251.200	209.947	3.599
2251.400	209.946	3.599
2251.600	209.947	3.599
2251.800	209.947	3.599
2252.000	209.948	3.599
2252.200	209.949	3.599
2252.400	209.948	3.599
2252.600	209.949	3.599
2252.800	209.946	3.599
2253.000	209.948	3.599
2253.200	209.949	3.599
2253.400	209.947	3.599
2253.600	209.949	3.599
2253.800	209.949	3.599
2254.000	209.949	3.599
2254.200	209.948	3.599
2254.400	209.949	3.599
2254.600	209.949	3.599
2254.800	209.947	3.599
2255.000	209.950	3.599
2255.200	209.950	3.599
2255.400	209.950	3.599
2255.600	209.949	3.599
2255.800	209.950	3.599
2256.000	209.951	3.599
2256.200	209.950	3.599
2256.400	209.949	3.599
2256.600	209.949	3.599
2256.800	209.950	3.599
2257.000	209.948	3.599
2257.200	209.949	3.599
2257.400	209.949	3.599
2257.600	209.948	3.599
2257.800	209.951	3.599
2258.000	209.950	3.599
2258.200	209.948	3.599
2258.400	209.948	3.599
2258.600	209.948	3.599
2258.800	209.947	3.599
2259.000	209.948	3.599
2259.200	209.947	3.599
2259.400	209.949	3.599
2259.600	209.950	3.599
2259.800	209.950	3.599
2260.000	209.949	3.599
2260.200	209.949	3.599
2260.400	209.948	3.599
2260.600	209.948	3.599
2260.800	209.949	3.599
2261.000	209.950	3.599
2261.200	209.949	3.599
2261.400	209.951	3.599
2261.600	209.947	3.599
2261.800	209.949	3.599
2262.000	209.948	3.599
2262.200	209.947	3.599
2262.400	209.948	3.599
2262.600	209.948	3.599
2262.800	209.949	3.599
2263.000	209.948	3.599
2263.200	209.947	3.599
2263.400	209.948	3.599
2263.600	209.948	3.599
2263.800	209.950	3.599
2264.000	209.948	3.599
2264.200	209.949	3.599
2264.400	209.948	3.599
2264.600	209.947	3.599
2264.800	209.946	3.599
2265.000	209.947	3.599
2265.200	209.947	3.599
2265.400	209.949	3.599
2265.600	209.949	3.599
2265.800	209.949	3.599
2266.000	209.948	3.599
2266.200	209.949	3.599
2266.400	209.948	3.599
2266.600	209.947	3.599
2266.800	209.949	3.599
2267.000	209.949	3.599
2267.200	209.948	3.599
2267.400	209.950	3.600
2267.600	209.948	3.599
2267.800	209.950	3.599
2268.000	209.948	3.599
2268.200	209.947	3.599
2268.400	209.950	3.600
2268.600	209.948	3.599
2268.800	209.949	3.599
2269.000	209.949	3.599
2269.200	209.949	3.599
2269.400	209.949	3.600
2269.600	209.949	3.599
2269.800	209.950	3.600
2270.000	209.950	3.600
2270.200	209.949	3.600
2270.400	209.949	3.599
2270.600	209.950	3.600
2270.800	209.952	3.600
2271.000	209.950	3.600
2271.200	209.950	3.600
2271.400	209.952	3.600
2271.600	209.950	3.600
2271.800	209.950	3.600
2272.000	209.951	3.600
2272.200	209.952	3.600
2272.400	209.951	3.600
2272.600	209.951	3.600
2272.800	209.952	3.600
2273.000	209.951	3.600
2273.200	209.950	3.600
2273.400	209.948	3.600
2273.600	209.950	3.600
2273.800	209.950	3.600
2274.000	209.950	3.600
2274.200	209.948	3.600
2274.400	209.949	3.600
2274.600	209.950	3.600
2274.800	209.950	3.600
2275.000	209.949	3.600
2275.200	209.950	3.600
2275.400	209.950	3.600
2275.600	209.948	3.600
2275.800	209.949	3.600
2276.000	209.948	3.600
2276.200	209.950	3.600
2276.400	209.949	3.600
2276.600	209.949	3.600
2276.800	209.950	3.600
2277.000	209.949	3.600
2277.200	209.951	3.600
2277.400	209.951	3.600
2277.600	209.951	3.600
2277.800	209.951	3.600
2278.000	209.951	3.600
2278.200	209.952	3.600
2278.400	209.950	3.600
2278.600	209.951	3.600
2278.800	209.951	3.600
2279.000	209.949	3.600
2279.200	209.950	3.600
2279.400	209.949	3.600
2279.600	209.951	3.600
2279.800	209.951	3.600
2280.000	209.950	3.600
2280.200	209.951	3.600
2280.400	209.950	3.600
2280.600	209.950	3.600
2280.800	209.949	3.600
2281.000	209.950	3.600
2281.200	209.951	3.600
2281.400	209.950	3.600
2281.600	209.952	3.600
2281.800	209.950	3.600
2282.000	209.948	3.600
2282.200	209.950	3.600
2282.400	209.949	3.600
2282.600	209.951	3.600
2282.800	209.951	3.600
2283.000	209.951	3.600
2283.200	209.951	3.600
2283.400	209.952	3.600
2283.600	209.951	3.600
2283.800	209.952	3.600
2284.000	209.951	3.600
2284.200	209.952	3.600
2284.400	209.952	3.600
2284.600	209.953	3.600
2284.800	209.953	3.600
2285.000	209.952	3.600
2285.200	209.952	3.600
2285.400	209.949	3.600
2285.600	209.952	3.600
2285.800	209.951	3.600
2286.000	209.950	3.600
2286.200	209.949	3.600
2286.400	209.950	3.600
2286.600	209.950	3.600
2286.800	209.950	3.600
2287.000	209.950	3.600
2287.200	209.949	3.600
2287.400	209.949	3.600
2287.600	209.951	3.600
2287.800	209.949	3.600
2288.000	209.950	3.600
2288.200	209.951	3.600
2288.400	209.950	3.600
2288.600	209.950	3.600
2288.800	209.948	3.600
2289.000	209.951	3.600
2289.200	209.950	3.600
2289.400	209.950	3.600
2289.600	209.949	3.600
2289.800	209.948	3.600
2290.000	209.949	3.600
2290.200	209.949	3.600
2290.400	209.950	3.600
2290.600	209.949	3.600
2290.800	209.949	3.600
2291.000	209.950	3.600
2291.200	209.952	3.600
2291.400	209.950	3.600
2291.600	209.949	3.600
2291.800	209.948	3.600
2292.000	209.952	3.600
2292.200	209.951	3.600
2292.400	209.951	3.600
2292.600	209.950	3.600
2292.800	209.951	3.600
2293.000	209.951	3.600
2293.200	209.951	3.600
2293.400	209.951	3.600
2293.600	209.953	3.600
2293.800	209.952	3.600
2294.000	209.951	3.600
2294.200	209.950	3.600
2294.400	209.952	3.600
2294.600	209.952	3.600
2294.800	209.952	3.600
2295.000	209.952	3.600
2295.200	209.952	3.600
2295.400	209.952	3.600
2295.600	209.951	3.600
2295.800	209.948	3.600
2296.000	209.952	3.600
2296.200	209.950	3.600
2296.400	209.950	3.600
2296.600	209.951	3.600
2296.800	209.950	3.600
2297.000	209.951	3.600
2297.200	209.951	3.600
2297.400	209.950	3.600
2297.600	209.951	3.600
2297.800	209.951	3.600
2298.000	209.951	3.600
2298.200	209.952	3.600
2298.400	209.950	3.600
2298.600	209.952	3.600
2298.800	209.951	3.600
2299.000	209.950	3.600
2299.200	209.951	3.600
2299.400	209.951	3.600
2299.600	209.952	3.600
2299.800	209.952	3.600
2300.000	209.952	3.600
2300.200	209.951	3.600
2300.400	209.953	3.600
2300.600	209.952	3.600
2300.800	209.950	3.600
2301.000	209.950	3.600
2301.200	209.950	3.600
2301.400	209.952	3.600
2301.600	209.950	3.600
2301.800	209.950	3.600
2302.000	209.949	3.600
2302.200	209.949	3.600
2302.400	209.950	3.600
2302.600	209.950	3.600
2302.800	209.950	3.600
2303.000	209.950	3.600
2303.200	209.950	3.600
2303.400	209.951	3.600
2303.600	209.950	3.600
2303.800	209.951	3.600
2304.000	209.951	3.600
2304.200	209.949	3.600
2304.400	209.950	3.600
2304.600	209.951	3.600
2304.800	209.949	3.600
2305.000	209.949	3.600
2305.200	209.949	3.600
2305.400	209.951	3.600
2305.600	209.950	3.600
2305.800	209.950	3.600
2306.000	209.949	3.600
2306.200	209.951	3.600
2306.400	209.949	3.600
2306.600	209.949	3.600
2306.800	209.950	3.600
2307.000	209.949	3.600
2307.200	209.949	3.600
2307.400	209.950	3.600
2307.600	209.951	3.600
2307.800	209.949	3.600
2308.000	209.948	3.600
2308.200	209.950	3.600
2308.400	209.947	3.600
2308.600	209.948	3.600
2308.800	209.949	3.600
2309.000	209.949	3.600
2309.200	209.948	3.600
2309.400	209.949	3.600
2309.600	209.949	3.600
2309.800	209.947	3.600
2310.000	209.948	3.600
2310.200	209.949	3.600
2310.400	209.948	3.601
2310.600	209.948	3.600
2310.800	209.949	3.601
2311.000	209.949	3.601
2311.200	209.950	3.601
2311.400	209.948	3.601
2311.600	209.949	3.601
2311.800	209.949	3.601
2312.000	209.948	3.601
2312.200	209.950	3.601
2312.400	209.949	3.601
2312.600	209.949	3.601
2312.800	209.950	3.601
2313.000	209.949	3.601
2313.200	209.949	3.601
2313.400	209.951	3.601
2313.600	209.950	3.601
2313.800	209.951	3.601
2314.000	209.950	3.601
2314.200	209.949	3.601
2314.400	209.949	3.601
2314.600	209.949	3.601
2314.800	209.949	3.601
2315.000	209.949	3.601
2315.200	209.949	3.601
2315.400	209.948	3.601
2315.600	209.950	3.601
2315.800	209.949	3.601
2316.000	209.950	3.601
2316.200	209.949	3.601
2316.400	209.948	3.601
2316.600	209.949	3.601
2316.800	209.951	3.601
2317.000	209.950	3.601
2317.200	209.951	3.601
2317.400	209.949	3.601
2317.600	209.951	3.601
2317.800	209.951	3.601
2318.000	209.951	3.601
2318.200	209.950	3.601
2318.400	209.948	3.601
2318.600	209.949	3.601
2318.800	209.948	3.601
2319.000	209.948	3.601
2319.200	209.948	3.601
2319.400	209.950	3.601
2319.600	209.949	3.601
2319.800	209.948	3.601
2320.000	209.949	3.601
2320.200	209.949	3.601
2320.400	209.949	3.601
2320.600	209.950	3.601
2320.800	209.950	3.601
2321.000	209.950	3.601
2321.200	209.951	3.601
2321.400	209.949	3.601
2321.600	209.949	3.601
2321.800	209.949	3.601
2322.000	209.949	3.601
2322.200	209.949	3.601
2322.400	209.951	3.601
2322.600	209.950	3.601
2322.800	209.949	3.601
2323.000	209.950	3.601
2323.200	209.949	3.601
2323.400	209.949	3.601
2323.600	209.949	3.601
2323.800	209.948	3.601
2324.000	209.949	3.601
2324.200	209.949	3.601
2324.400	209.948	3.601
2324.600	209.947	3.601
2324.800	209.949	3.601
2325.000	209.950	3.601
2325.200	209.949	3.601
2325.400	209.948	3.601
2325.600	209.949	3.601
2325.800	209.949	3.601
2326.000	209.949	3.601
2326.200	209.949	3.601
2326.400	209.949	3.601
2326.600	209.947	3.601
2326.800	209.949	3.601
2327.000	209.949	3.601
2327.200	209.947	3.601
2327.400	209.948	3.601
2327.600	209.947	3.601
2327.800	209.949	3.601
2328.000	209.947	3.601
2328.200	209.948	3.601
2328.400	209.950	3.601
2328.600	209.950	3.601
2328.800	209.949	3.601
2329.000	209.947	3.601
2329.200	209.948	3.601
2329.400	209.948	3.601
2329.600	209.947	3.601
2329.800	209.950	3.601
2330.000	209.948	3.601
2330.200	209.949	3.601
2330.400	209.949	3.601
2330.600	209.949	3.601
2330.800	209.948	3.601
2331.000	209.949	3.601
2331.200	209.950	3.601
2331.400	209.950	3.601
2331.600	209.950	3.601
2331.800	209.951	3.601
2332.000	209.951	3.601
2332.200	209.950	3.601
2332.400	209.950	3.601
2332.600	209.951	3.601
2332.800	209.948	3.601
2333.000	209.950	3.601
2333.200	209.950	3.601
2333.400	209.950	3.601
2333.600	209.949	3.601
2333.800	209.949	3.601
2334.000	209.949	3.601
2334.200	209.950	3.601
2334.400	209.950	3.601
2334.600	209.950	3.601
2334.800	209.949	3.601
2335.000	209.950	3.601
2335.200	209.950	3.601
2335.400	209.950	3.601
2335.600	209.950	3.601
2335.800	209.950	3.601
2336.000	209.949	3.601
2336.200	209.950	3.601
2336.400	209.949	3.601
2336.600	209.951	3.601
2336.800	209.949	3.601
2337.000	209.950	3.601
2337.200	209.950	3.601
2337.400	209.951	3.601
2337.600	209.952	3.601
2337.800	209.952	3.601
2338.000	209.950	3.601
2338.200	209.951	3.601
2338.400	209.949	3.601
2338.600	209.951	3.601
2338.800	209.951	3.601
2339.000	209.950	3.601
2339.200	209.951	3.601
2339.400	209.951	3.601
2339.600	209.953	3.601
2339.800	209.953	3.601
2340.000	209.953	3.601
2340.200	209.952	3.601
2340.400	209.954	3.601
2340.600	209.953	3.601
2340.800	209.951	3.601
2341.000	209.954	3.601
2341.200	209.952	3.601
2341.400	209.952	3.601
2341.600	209.953	3.601
2341.800	209.954	3.601
2342.000	209.953	3.601
2342.200	209.953	3.601
2342.400	209.953	3.601
2342.600	209.953	3.601
2342.800	209.952	3.601
2343.000	209.953	3.601
2343.200	209.952	3.601
2343.400	209.952	3.601
2343.600	209.951	3.601
2343.800	209.952	3.601
2344.000	209.951	3.601
2344.200	209.952	3.601
2344.400	209.952	3.601
2344.600	209.953	3.601
2344.800	209.951	3.601
2345.000	209.952	3.601
2345.200	209.952	3.601
2345.400	209.951	3.601
2345.600	209.952	3.601
2345.800	209.952	3.601
2346.000	209.950	3.601
2346.200	209.952	3.601
2346.400	209.952	3.601
2346.600	209.954	3.601
2346.800	209.951	3.601
2347.000	209.952	3.601
2347.200	209.951	3.601
2347.400	209.952	3.601
2347.600	209.952	3.601
2347.800	209.952	3.601
2348.000	209.952	3.601
2348.200	209.951	3.601
2348.400	209.952	3.601
2348.600	209.951	3.601
2348.800	209.952	3.601
2349.000	209.953	3.601
2349.200	209.951	3.601
2349.400	209.952	3.601
2349.600	209.952	3.601
2349.800	209.953	3.601
2350.000	209.952	3.601
2350.200	209.951	3.601
2350.400	209.950	3.601
2350.600	209.950	3.601
2350.800	209.952	3.601
2351.000	209.951	3.601
2351.200	209.950	3.601
2351.400	209.952	3.601
2351.600	209.953	3.601
2351.800	209.952	3.601
2352.000	209.954	3.601
2352.200	209.953	3.601
2352.400	209.952	3.601
2352.600	209.953	3.601
2352.800	209.952	3.601
2353.000	209.951	3.601
2353.200	209.949	3.601
2353.400	209.952	3.602
2353.600	209.953	3.602
2353.800	209.951	3.601
2354.000	209.953	3.602
2354.200	209.951	3.601
2354.400	209.950	3.601
2354.600	209.950	3.601
2354.800	209.951	3.602
2355.000	209.951	3.602
2355.200	209.953	3.602
2355.400	209.950	3.602
2355.600	209.951	3.602
2355.800	209.952	3.602
2356.000	209.951	3.602
2356.200	209.951	3.602
2356.400	209.953	3.602
2356.600	209.952	3.602
2356.800	209.952	3.602
2357.000	209.952	3.602
2357.200	209.951	3.602
2357.400	209.951	3.602
2357.600	209.951	3.602
2357.800	209.952	3.602
2358.000	209.952	3.602
2358.200	209.953	3.602
2358.400	209.952	3.602
2358.600	209.954	3.602
2358.800	209.953	3.602
2359.000	209.953	3.602
2359.200	209.952	3.602
2359.400	209.954	3.602
2359.600	209.953	3.602
2359.800	209.953	3.602
2360.000	209.952	3.602
2360.200	209.952	3.602
2360.400	209.954	3.602
2360.600	209.952	3.602
2360.800	209.952	3.602
2361.000	209.953	3.602
2361.200	209.954	3.602
2361.400	209.951	3.602
2361.600	209.952	3.602
2361.800	209.953	3.602
2362.000	209.952	3.602
2362.200	209.951	3.602
2362.400	209.952	3.602
2362.600	209.951	3.602
2362.800	209.952	3.602
2363.000	209.951	3.602
2363.200	209.951	3.602
2363.400	209.952	3.602
2363.600	209.953	3.602
2363.800	209.955	3.602
2364.000	209.953	3.602
2364.200	209.953	3.602
2364.400	209.950	3.602
2364.600	209.952	3.602
2364.800	209.952	3.602
2365.000	209.952	3.602
2365.200	209.952	3.602
2365.400	209.952	3.602
2365.600	209.952	3.602
2365.800	209.953	3.602
2366.000	209.952	3.602
2366.200	209.953	3.602
2366.400	209.953	3.602
2366.600	209.953	3.602
2366.800	209.952	3.602
2367.000	209.952	3.602
2367.200	209.953	3.602
2367.400	209.954	3.602
2367.600	209.952	3.602
2367.800	209.952	3.602
2368.000	209.952	3.602
2368.200	209.953	3.602
2368.400	209.952	3.602
2368.600	209.953	3.602
2368.800	209.951	3.602
2369.000	209.952	3.602
2369.200	209.952	3.602
2369.400	209.951	3.602
2369.600	209.951	3.602
2369.800	209.952	3.602
2370.000	209.951	3.602
2370.200	209.950	3.602
2370.400	209.950	3.602
2370.600	209.949	3.602
2370.800	209.949	3.602
2371.000	209.950	3.602
2371.200	209.949	3.602
2371.400	209.951	3.602
2371.600	209.949	3.602
2371.800	209.950	3.602
2372.000	209.949	3.602
2372.200	209.948	3.602
2372.400	209.948	3.602
2372.600	209.949	3.602
2372.800	209.948	3.602
2373.000	209.949	3.602
2373.200	209.949	3.602
2373.400	209.951	3.602
2373.600	209.949	3.602
2373.800	209.948	3.602
2374.000	209.949	3.602
2374.200	209.949	3.602
2374.400	209.950	3.602
2374.600	209.948	3.602
2374.800	209.948	3.602
2375.000	209.949	3.602
2375.200	209.948	3.602
2375.400	209.949	3.602
2375.600	209.947	3.602
2375.800	209.949	3.602
2376.000	209.949	3.602
2376.200	209.949	3.602
2376.400	209.950	3.602
2376.600	209.950	3.602
2376.800	209.950	3.602
2377.000	209.950	3.602
2377.200	209.950	3.602
2377.400	209.951	3.602
2377.600	209.951	3.602
2377.800	209.951	3.602
2378.000	209.952	3.602
2378.200	209.951	3.602
2378.400	209.948	3.602
2378.600	209.952	3.602
2378.800	209.950	3.602
2379.000	209.952	3.602
2379.200	209.951	3.602
2379.400	209.952	3.602
2379.600	209.953	3.602
2379.800	209.952	3.602
2380.000	209.952	3.602
2380.200	209.951	3.602
2380.400	209.951	3.602
2380.600	209.952	3.602
2380.800	209.949	3.602
2381.000	209.951	3.602
2381.200	209.951	3.602
2381.400	209.951	3.602
2381.600	209.951	3.602
2381.800	209.952	3.602
2382.000	209.952	3.602
2382.200	209.948	3.602
2382.400	209.949	3.602
2382.600	209.949	3.602
2382.800	209.950	3.602
2383.000	209.951	3.602
2383.200	209.950	3.602
2383.400	209.948	3.602
2383.600	209.949	3.602
2383.800	209.948	3.602
2384.000	209.950	3.602
2384.200	209.950	3.602
2384.400	209.950	3.602
2384.600	209.951	3.602
2384.800	209.951	3.602
2385.000	209.950	3.602
2385.200	209.950	3.602
2385.400	209.948	3.602
2385.600	209.948	3.602
2385.800	209.949	3.602
2386.000	209.948	3.602
2386.200	209.946	3.602
2386.400	209.947	3.602
2386.600	209.947	3.602
2386.800	209.946	3.602
2387.000	209.947	3.602
2387.200	209.948	3.602
2387.400	209.949	3.602
2387.600	209.947	3.602
2387.800	209.948	3.602
2388.000	209.949	3.602
2388.200	209.949	3.602
2388.400	209.949	3.602
2388.600	209.949	3.602
2388.800	209.951	3.602
2389.000	209.949	3.602
2389.200	209.951	3.602
2389.400	209.950	3.602
2389.600	209.951	3.602
2389.800	209.950	3.602
2390.000	209.949	3.602
2390.200	209.949	3.602
2390.400	209.950	3.602
2390.600	209.951	3.602
2390.800	209.949	3.602
2391.000	209.949	3.602
2391.200	209.950	3.602
2391.400	209.950	3.602
2391.600	209.951	3.602
2391.800	209.950	3.602
2392.000	209.949	3.602
2392.200	209.949	3.602
2392.400	209.952	3.602
2392.600	209.952	3.602
2392.800	209.952	3.602
2393.000	209.950	3.602
2393.200	209.949	3.602
2393.400	209.949	3.602
2393.600	209.950	3.602
2393.800	209.952	3.602
2394.000	209.950	3.602
2394.200	209.951	3.602
2394.400	209.951	3.602
2394.600	209.952	3.602
2394.800	209.950	3.602
2395.000	209.951	3.602
2395.200	209.951	3.602
2395.400	209.953	3.602
2395.600	209.951	3.602
2395.800	209.951	3.602
2396.000	209.951	3.602
2396.200	209.951	3.602
2396.400	209.952	3.602
2396.600	209.950	3.602
2396.800	209.949	3.602
2397.000	209.949	3.602
2397.200	209.949	3.602
2397.400	209.951	3.602
2397.600	209.949	3.602
2397.800	209.950	3.602
2398.000	209.950	3.602
2398.200	209.951	3.602
2398.400	209.950	3.602
2398.600	209.949	3.602
2398.800	209.949	3.602
2399.000	209.950	3.602
2399.200	209.951	3.602
2399.400	209.950	3.602
2399.600	209.951	3.602
2399.800	209.949	3.602
2400.000	209.951	3.602
2400.200	209.951	3.603
2400.400	209.952	3.603
2400.600	209.951	3.603
2400.800	209.951	3.603
2401.000	209.950	3.603
2401.200	209.951	3.603
2401.400	209.950	3.603
2401.600	209.950	3.603
2401.800	209.951	3.603
2402.000	209.951	3.603
2402.200	209.951	3.603
2402.400	209.952	3.603
2402.600	209.951	3.603
2402.800	209.951	3.603
2403.000	209.952	3.603
2403.200	209.951	3.603
2403.400	209.952	3.603
2403.600	209.951	3.603
2403.800	209.949	3.603
2404.000	209.951	3.603
2404.200	209.951	3.603
2404.400	209.949	3.603
2404.600	209.949	3.603
2404.800	209.950	3.603
2405.000	209.950	3.603
2405.200	209.949	3.603
2405.400	209.951	3.603
2405.600	209.949	3.603
2405.800	209.949	3.603
2406.000	209.950	3.603
2406.200	209.950	3.603
2406.400	209.949	3.603
2406.600	209.950	3.603
2406.800	209.952	3.603
2407.000	209.950	3.603
2407.200	209.950	3.603
2407.400	209.949	3.603
2407.600	209.951	3.603
2407.800	209.950	3.603
2408.000	209.948	3.603
2408.200	209.948	3.603
2408.400	209.949	3.603
2408.600	209.949	3.603
2408.800	209.949	3.603
2409.000	209.948	3.603
2409.200	209.948	3.603
2409.400	209.950	3.603
2409.600	209.950	3.603
2409.800	209.949	3.603
2410.000	209.951	3.603
2410.200	209.951	3.603
2410.400	209.950	3.603
2410.600	209.949	3.603
2410.800	209.949	3.603
2411.000	209.947	3.603
2411.200	209.947	3.603
2411.400	209.950	3.603
2411.600	209.949	3.603
2411.800	209.948	3.603
2412.000	209.948	3.603
2412.200	209.951	3.603
2412.400	209.949	3.603
2412.600	209.948	3.603
2412.800	209.948	3.603
2413.000	209.950	3.603
2413.200	209.950	3.603
2413.400	209.950	3.603
2413.600	209.949	3.603
2413.800	209.950	3.603
2414.000	209.948	3.603
2414.200	209.947	3.603
2414.400	209.948	3.603
2414.600	209.947	3.603
2414.800	209.948	3.603
2415.000	209.949	3.603
2415.200	209.950	3.603
2415.400	209.948	3.603
2415.600	209.948	3.603
2415.800	209.946	3.603
2416.000	209.948	3.603
2416.200	209.946	3.603
2416.400	209.948	3.603
2416.600	209.948	3.603
2416.800	209.947	3.603
2417.000	209.947	3.603
2417.200	209.949	3.603
2417.400	209.949	3.603
2417.600	209.947	3.603
2417.800	209.948	3.603
2418.000	209.947	3.603
2418.200	209.950	3.603
2418.400	209.949	3.603
2418.600	209.948	3.603
2418.800	209.947	3.603
2419.000	209.949	3.603
2419.200	209.948	3.603
2419.400	209.947	3.603
2419.600	209.950	3.603
2419.800	209.948	3.603
2420.000	209.949	3.603
2420.200	209.950	3.603
2420.400	209.948	3.603
2420.600	209.947	3.603
2420.800	209.948	3.603
2421.000	209.948	3.603
2421.200	209.948	3.603
2421.400	209.947	3.603
2421.600	209.947	3.603
2421.800	209.948	3.603
2422.000	209.948	3.603
2422.200	209.948	3.603
2422.400	209.947	3.603
2422.600	209.949	3.603
2422.800	209.948	3.603
2423.000	209.949	3.603
2423.200	209.948	3.603
2423.400	209.949	3.603
2423.600	209.949	3.603
2423.800	209.948	3.603
2424.000	209.948	3.603
2424.200	209.949	3.603
2424.400	209.948	3.603
2424.600	209.949	3.603
2424.800	209.949	3.603
2425.000	209.950	3.603
2425.200	209.950	3.603
2425.400	209.947	3.603
2425.600	209.949	3.603
2425.800	209.949	3.603
2426.000	209.949	3.603
2426.200	209.949	3.603
2426.400	209.948	3.603
2426.600	209.948	3.603
2426.800	209.949	3.603
2427.000	209.949	3.603
2427.200	209.948	3.603
2427.400	209.947	3.603
2427.600	209.947	3.603
2427.800	209.948	3.603
2428.000	209.946	3.603
2428.200	209.947	3.603
2428.400	209.947	3.603
2428.600	209.947	3.603
2428.800	209.946	3.603
2429.000	209.946	3.603
2429.200	209.948	3.603
2429.400	209.949	3.603
2429.600	209.947	3.603
2429.800	209.948	3.603
2430.000	209.950	3.603
2430.200	209.946	3.603
2430.400	209.949	3.603
2430.600	209.950	3.603
2430.800	209.948	3.603
2431.000	209.950	3.603
2431.200	209.949	3.603
2431.400	209.950	3.603
2431.600	209.949	3.603
2431.800	209.946	3.603
2432.000	209.948	3.603
2432.200	209.948	3.603
2432.400	209.948	3.603
2432.600	209.949	3.603
2432.800	209.948	3.603
2433.000	209.948	3.603
2433.200	209.947	3.603
2433.400	209.949	3.603
2433.600	209.948	3.603
2433.800	209.950	3.603
2434.000	209.949	3.603
2434.200	209.949	3.603
2434.400	209.950	3.603
2434.600	209.951	3.603
2434.800	209.950	3.603
2435.000	209.951	3.603
2435.200	209.950	3.603
2435.400	209.949	3.603
2435.600	209.950	3.603
2435.800	209.950	3.603
2436.000	209.950	3.603
2436.200	209.949	3.603
2436.400	209.949	3.603
2436.600	209.949	3.603
2436.800	209.950	3.603
2437.000	209.949	3.603
2437.200	209.948	3.603
2437.400	209.949	3.603
2437.600	209.949	3.603
2437.800	209.950	3.603
2438.000	209.949	3.603
2438.200	209.951	3.603
2438.400	209.949	3.603
2438.600	209.951	3.603
2438.800	209.953	3.603
2439.000	209.951	3.603
2439.200	209.949	3.603
2439.400	209.950	3.603
2439.600	209.951	3.603
2439.800	209.950	3.603
2440.000	209.948	3.603
2440.200	209.949	3.603
2440.400	209.949	3.603
2440.600	209.950	3.603
2440.800	209.952	3.603
2441.000	209.951	3.603
2441.200	209.951	3.603
2441.400	209.950	3.603
2441.600	209.949	3.603
2441.800	209.949	3.603
2442.000	209.949	3.603
2442.200	209.948	3.603
2442.400	209.949	3.603
2442.600	209.950	3.603
2442.800	209.949	3.603
2443.000	209.948	3.603
2443.200	209.948	3.603
2443.400	209.948	3.603
2443.600	209.950	3.603
2443.800	209.950	3.603
2444.000	209.950	3.603
2444.200	209.950	3.603
2444.400	209.951	3.603
2444.600	209.950	3.603
2444.800	209.951	3.603
2445.000	209.948	3.603
2445.200	209.948	3.603
2445.400	209.950	3.603
2445.600	209.949	3.603
2445.800	209.951	3.603
2446.000	209.949	3.603
2446.200	209.948	3.603
2446.400	209.950	3.603
2446.600	209.951	3.603
2446.800	209.951	3.603
2447.000	209.950	3.603
2447.200	209.951	3.604
2447.400	209.950	3.603
2447.600	209.949	3.603
2447.800	209.950	3.604
2448.000	209.948	3.604
2448.200	209.948	3.604
2448.400	209.949	3.604
2448.600	209.950	3.604
2448.800	209.950	3.604
2449.000	209.950	3.604
2449.200	209.950	3.604
2449.400	209.949	3.604
2449.600	209.949	3.604
2449.800	209.949	3.604
2450.000	209.948	3.604
2450.200	209.949	3.604
2450.400	209.951	3.604
2450.600	209.951	3.604
2450.800	209.948	3.604
2451.000	209.950	3.604
2451.200	209.949	3.604
2451.400	209.948	3.604
2451.600	209.949	3.604
2451.800	209.949	3.604
2452.000	209.949	3.604
2452.200	209.950	3.604
2452.400	209.950	3.604
2452.600	209.949	3.604
2452.800	209.949	3.604
2453.000	209.950	3.604
2453.200	209.948	3.604
2453.400	209.949	3.604
2453.600	209.950	3.604
2453.800	209.950	3.604
2454.000	209.948	3.604
2454.200	209.950	3.604
2454.400	209.947	3.604
2454.600	209.946	3.604
2454.800	209.948	3.604
2455.000	209.950	3.604
2455.200	209.949	3.604
2455.400	209.947	3.604
2455.600	209.949	3.604
2455.800	209.948	3.604
2456.000	209.950	3.604
2456.200	209.949	3.604
2456.400	209.950	3.604
2456.600	209.949	3.604
2456.800	209.949	3.604
2457.000	209.950	3.604
2457.200	209.950	3.604
2457.400	209.950	3.604
2457.600	209.950	3.604
2457.800	209.949	3.604
2458.000	209.949	3.604
2458.200	209.949	3.604
2458.400	209.949	3.604
2458.600	209.947	3.604
2458.800	209.950	3.604
2459.000	209.950	3.604
2459.200	209.948	3.604
2459.400	209.948	3.604
2459.600	209.949	3.604
2459.800	209.949	3.604
2460.000	209.948	3.604
2460.200	209.949	3.604
2460.400	209.949	3.604
2460.600	209.950	3.604
2460.800	209.949	3.604
2461.000	209.950	3.604
2461.200	209.949	3.604
2461.400	209.951	3.604
2461.600	209.950	3.604
2461.800	209.950	3.604
2462.000	209.950	3.604
2462.200	209.948	3.604
2462.400	209.946	3.604
2462.600	209.949	3.604
2462.800	209.949	3.604
2463.000	209.949	3.604
2463.200	209.949	3.604
2463.400	209.950	3.604
2463.600	209.949	3.604
2463.800	209.949	3.604
2464.000	209.949	3.604
2464.200	209.947	3.604
2464.400	209.949	3.604
2464.600	209.948	3.604
2464.800	209.949	3.604
2465.000	209.950	3.604
2465.200	209.949	3.604
2465.400	209.949	3.604
2465.600	209.950	3.604
2465.800	209.950	3.604
2466.000	209.950	3.604
2466.200	209.951	3.604
2466.400	209.951	3.604
2466.600	209.949	3.604
2466.800	209.950	3.604
2467.000	209.949	3.604
2467.200	209.949	3.604
2467.400	209.948	3.604
2467.600	209.950	3.604
2467.800	209.949	3.604
2468.000	209.950	3.604
2468.200	209.949	3.604
2468.400	209.949	3.604
2468.600	209.948	3.604
2468.800	209.949	3.604
2469.000	209.947	3.604
2469.200	209.948	3.604
2469.400	209.948	3.604
2469.600	209.949	3.604
2469.800	209.949	3.604
2470.000	209.949	3.604
2470.200	209.951	3.604
2470.400	209.949	3.604
2470.600	209.950	3.604
2470.800	209.950	3.604
2471.000	209.951	3.604
2471.200	209.949	3.604
2471.400	209.949	3.604
2471.600	209.948	3.604
2471.800	209.948	3.604
2472.000	209.946	3.604
2472.200	209.948	3.604
2472.400	209.946	3.604
2472.600	209.949	3.604
2472.800	209.949	3.604
2473.000	209.948	3.604
2473.200	209.948	3.604
2473.400	209.946	3.604
2473.600	209.945	3.604
2473.800	209.946	3.604
2474.000	209.947	3.604
2474.200	209.947	3.604
2474.400	209.949	3.604
2474.600	209.949	3.604
2474.800	209.947	3.604
2475.000	209.946	3.604
2475.200	209.946	3.604
2475.400	209.946	3.604
2475.600	209.946	3.604
2475.800	209.947	3.604
2476.000	209.948	3.604
2476.200	209.948	3.604
2476.400	209.947	3.604
2476.600	209.947	3.604
2476.800	209.948	3.604
2477.000	209.948	3.604
2477.200	209.949	3.604
2477.400	209.947	3.604
2477.600	209.946	3.604
2477.800	209.948	3.604
2478.000	209.945	3.604
2478.200	209.947	3.604
2478.400	209.946	3.604
2478.600	209.945	3.604
2478.800	209.947	3.604
2479.000	209.946	3.604
2479.200	209.946	3.604
2479.400	209.945	3.604
2479.600	209.947	3.604
2479.800	209.945	3.604
2480.000	209.943	3.604
2480.200	209.944	3.604
2480.400	209.945	3.604
2480.600	209.945	3.604
2480.800	209.944	3.604
2481.000	209.944	3.604
2481.200	209.943	3.604
2481.400	209.945	3.604
2481.600	209.943	3.604
2481.800	209.943	3.604
2482.000	209.945	3.604
2482.200	209.944	3.604
2482.400	209.945	3.604
2482.600	209.946	3.604
2482.800	209.944	3.604
2483.000	209.945	3.604
2483.200	209.944	3.604
2483.400	209.946	3.604
2483.600	209.945	3.604
2483.800	209.947	3.604
2484.000	209.947	3.604
2484.200	209.945	3.604
2484.400	209.947	3.604
2484.600	209.945	3.604
2484.800	209.945	3.604
2485.000	209.945	3.604
2485.200	209.944	3.604
2485.400	209.944	3.604
2485.600	209.945	3.604
2485.800	209.946	3.604
2486.000	209.947	3.604
2486.200	209.946	3.604
2486.400	209.946	3.604
2486.600	209.947	3.604
2486.800	209.947	3.604
2487.000	209.945	3.604
2487.200	209.946	3.604
2487.400	209.945	3.604
2487.600	209.946	3.604
2487.800	209.947	3.604
2488.000	209.946	3.604
2488.200	209.947	3.604
2488.400	209.946	3.604
2488.600	209.948	3.604
2488.800	209.946	3.604
2489.000	209.945	3.604
2489.200	209.947	3.604
2489.400	209.947	3.604
2489.600	209.946	3.604
2489.800	209.946	3.604
2490.000	209.947	3.604
2490.200	209.946	3.604
2490.400	209.947	3.604
2490.600	209.947	3.604
2490.800	209.946	3.604
2491.000	209.947	3.604
2491.200	209.947	3.604
2491.400	209.948	3.604
2491.600	209.946	3.604
2491.800	209.945	3.604
2492.000	209.947	3.604
2492.200	209.944	3.604
2492.400	209.947	3.604
2492.600	209.946	3.604
2492.800	209.946	3.604
2493.000	209.947	3.604
2493.200	209.946	3.604
2493.400	209.947	3.604
2493.600	209.945	3.604
2493.800	209.947	3.604
2494.000	209.947	3.604
2494.200	209.947	3.604
2494.400	209.946	3.604
2494.600	209.948	3.604
2494.800	209.949	3.604
2495.000	209.948	3.604
2495.200	209.949	3.604
2495.400	209.948	3.604
2495.600	209.946	3.604
2495.800	209.945	3.604
2496.000	209.944	3.604
2496.200	209.944	3.604
2496.400	209.945	3.604
2496.600	209.946	3.604
2496.800	209.945	3.604
2497.000	209.945	3.604
2497.200	209.946	3.604
2497.400	209.945	3.604
2497.600	209.946	3.605
2497.800	209.947	3.604
2498.000	209.946	3.605
2498.200	209.945	3.604
2498.400	209.945	3.605
2498.600	209.948	3.605
2498.800	209.946	3.605
2499.000	209.948	3.605
2499.200	209.948	3.605
2499.400	209.946	3.605
2499.600	209.946	3.605
2499.800	209.947	3.605
2500.000	209.947	3.605
2500.200	209.947	3.605
2500.400	209.947	3.605
2500.600	209.948	3.605
2500.800	209.950	3.605
2501.000	209.949	3.605
2501.200	209.947	3.605
2501.400	209.947	3.605
2501.600	209.948	3.605
2501.800	209.948	3.605
2502.000	209.948	3.605
2502.200	209.949	3.605
2502.400	209.949	3.605
2502.600	209.947	3.605
2502.800	209.947	3.605
2503.000	209.949	3.605
2503.200	209.948	3.605
2503.400	209.948	3.605
2503.600	209.949	3.605
2503.800	209.949	3.605
2504.000	209.948	3.605
2504.200	209.947	3.605
2504.400	209.946	3.605
2504.600	209.949	3.605
2504.800	209.946	3.605
2505.000	209.947	3.605
2505.200	209.948	3.605
2505.400	209.948	3.605
2505.600	209.948	3.605
2505.800	209.948	3.605
2506.000	209.947	3.605
2506.200	209.948	3.605
2506.400	209.947	3.605
2506.600	209.950	3.605
2506.800	209.948	3.605
2507.000	209.948	3.605
2507.200	209.949	3.605
2507.400	209.947	3.605
2507.600	209.948	3.605
2507.800	209.949	3.605
2508.000	209.951	3.605
2508.200	209.949	3.605
2508.400	209.950	3.605
2508.600	209.948	3.605
2508.800	209.948	3.605
2509.000	209.949	3.605
2509.200	209.950	3.605
2509.400	209.948	3.605
2509.600	209.949	3.605
2509.800	209.949	3.605
2510.000	209.948	3.605
2510.200	209.949	3.605
2510.400	209.949	3.605
2510.600	209.950	3.605
2510.800	209.950	3.605
2511.000	209.952	3.605
2511.200	209.950	3.605
2511.400	209.949	3.605
2511.600	209.952	3.605
2511.800	209.950	3.605
2512.000	209.950	3.605
2512.200	209.949	3.605
2512.400	209.950	3.605
2512.600	209.949	3.605
2512.800	209.950	3.605
2513.000	209.950	3.605
2513.200	209.950	3.605
2513.400	209.951	3.605
2513.600	209.951	3.605
2513.800	209.949	3.605
2514.000	209.951	3.605
2514.200	209.951	3.605
2514.400	209.951	3.605
2514.600	209.949	3.605
2514.800	209.951	3.605
2515.000	209.949	3.605
2515.200	209.949	3.605
2515.400	209.948	3.605
2515.600	209.949	3.605
2515.800	209.948	3.605
2516.000	209.948	3.605
2516.200	209.947	3.605
2516.400	209.950	3.605
2516.600	209.949	3.605
2516.800	209.950	3.605
2517.000	209.949	3.605
2517.200	209.949	3.605
2517.400	209.949	3.605
2517.600	209.951	3.605
2517.800	209.950	3.605
2518.000	209.951	3.605
2518.200	209.948	3.605
2518.400	209.949	3.605
2518.600	209.949	3.605
2518.800	209.947	3.605
2519.000	209.947	3.605
2519.200	209.949	3.605
2519.400	209.949	3.605
2519.600	209.949	3.605
2519.800	209.948	3.605
2520.000	209.949	3.605
2520.200	209.949	3.605
2520.400	209.948	3.605
2520.600	209.948	3.605
2520.800	209.949	3.605
2521.000	209.950	3.605
2521.200	209.951	3.605
2521.400	209.950	3.605
2521.600	209.950	3.605
2521.800	209.950	3.605
2522.000	209.951	3.605
2522.200	209.950	3.605
2522.400	209.950	3.605
2522.600	209.950	3.605
2522.800	209.949	3.605
2523.000	209.951	3.605
2523.200	209.951	3.605
2523.400	209.950	3.605
2523.600	209.951	3.605
2523.800	209.952	3.605
2524.000	209.951	3.605
2524.200	209.951	3.605
2524.400	209.951	3.605
2524.600	209.949	3.605
2524.800	209.949	3.605
2525.000	209.949	3.605
2525.200	209.951	3.605
2525.400	209.948	3.605
2525.600	209.949	3.605
2525.800	209.950	3.605
2526.000	209.951	3.605
2526.200	209.950	3.605
2526.400	209.950	3.605
2526.600	209.948	3.605
2526.800	209.949	3.605
2527.000	209.948	3.605
2527.200	209.949	3.605
2527.400	209.948	3.605
2527.600	209.950	3.605
2527.800	209.950	3.605
2528.000	209.948	3.605
2528.200	209.950	3.605
2528.400	209.950	3.605
2528.600	209.950	3.605
2528.800	209.949	3.605
2529.000	209.950	3.605
2529.200	209.950	3.605
2529.400	209.948	3.605
2529.600	209.949	3.605
2529.800	209.950	3.605
2530.000	209.949	3.605
2530.200	209.949	3.605
2530.400	209.950	3.605
2530.600	209.950	3.605
2530.800	209.950	3.605
2531.000	209.949	3.605
2531.200	209.951	3.605
2531.400	209.951	3.605
2531.600	209.950	3.605
2531.800	209.950	3.605
2532.000	209.949	3.605
2532.200	209.950	3.605
2532.400	209.951	3.605
2532.600	209.952	3.605
2532.800	209.953	3.605
2533.000	209.951	3.605
2533.200	209.952	3.605
2533.400	209.951	3.605
2533.600	209.952	3.605
2533.800	209.952	3.605
2534.000	209.951	3.605
2534.200	209.952	3.605
2534.400	209.950	3.605
2534.600	209.951	3.605
2534.800	209.950	3.605
2535.000	209.951	3.605
2535.200	209.951	3.605
2535.400	209.950	3.605
2535.600	209.952	3.605
2535.800	209.951	3.605
2536.000	209.952	3.605
2536.200	209.951	3.605
2536.400	209.951	3.605
2536.600	209.951	3.605
2536.800	209.948	3.605
2537.000	209.952	3.605
2537.200	209.952	3.605
2537.400	209.952	3.605
2537.600	209.951	3.605
2537.800	209.950	3.605
2538.000	209.948	3.605
2538.200	209.949	3.605
2538.400	209.949	3.605
2538.600	209.951	3.605
2538.800	209.951	3.605
2539.000	209.951	3.605
2539.200	209.951	3.605
2539.400	209.952	3.605
2539.600	209.951	3.605
2539.800	209.952	3.605
2540.000	209.952	3.605
2540.200	209.952	3.605
2540.400	209.951	3.605
2540.600	209.952	3.605
2540.800	209.951	3.605
2541.000	209.950	3.605
2541.200	209.952	3.605
2541.400	209.951	3.605
2541.600	209.953	3.605
2541.800	209.951	3.605
2542.000	209.953	3.605
2542.200	209.952	3.605
2542.400	209.949	3.605
2542.600	209.953	3.605
2542.800	209.953	3.605
2543.000	209.951	3.605
2543.200	209.952	3.605
2543.400	209.952	3.605
2543.600	209.952	3.605
2543.800	209.952	3.605
2544.000	209.952	3.605
2544.200	209.952	3.605
2544.400	209.951	3.605
2544.600	209.951	3.605
2544.800	209.951	3.605
2545.000	209.953	3.605
2545.200	209.952	3.605
2545.400	209.950	3.605
2545.600	209.953	3.605
2545.800	209.952	3.605
2546.000	209.952	3.605
2546.200	209.952	3.605
2546.400	209.954	3.605
2546.600	209.952	3.605
2546.800	209.952	3.605
2547.000	209.953	3.605
2547.200	209.954	3.605
2547.400	209.953	3.605
2547.600	209.952	3.606
2547.800	209.954	3.605
2548.000	209.953	3.606
2548.200	209.953	3.606
2548.400	209.955	3.605
2548.600	209.955	3.605
2548.800	209.954	3.605
2549.000	209.954	3.605
2549.200	209.954	3.605
2549.400	209.954	3.606
2549.600	209.955	3.606
2549.800	209.954	3.605
2550.000	209.954	3.606
2550.200	209.955	3.606
2550.400	209.954	3.606
2550.600	209.954	3.606
2550.800	209.955	3.606
2551.000	209.956	3.606
2551.200	209.955	3.606
2551.400	209.955	3.606
2551.600	209.956	3.606
2551.800	209.954	3.606
2552.000	209.954	3.606
2552.200	209.953	3.606
2552.400	209.954	3.606
2552.600	209.954	3.606
2552.800	209.955	3.606
2553.000	209.954	3.606
2553.200	209.954	3.606
2553.400	209.956	3.606
2553.600	209.953	3.606
2553.800	209.954	3.606
2554.000	209.956	3.606
2554.200	209.954	3.606
2554.400	209.956	3.606
2554.600	209.954	3.606
2554.800	209.955	3.606
2555.000	209.953	3.606
2555.200	209.954	3.606
2555.400	209.956	3.606
2555.600	209.955	3.606
2555.800	209.954	3.606
2556.000	209.954	3.606
2556.200	209.954	3.606
2556.400	209.953	3.606
2556.600	209.954	3.606
2556.800	209.955	3.606
2557.000	209.956	3.606
2557.200	209.954	3.606
2557.400	209.956	3.606
2557.600	209.954	3.606
2557.800	209.954	3.606
2558.000	209.953	3.606
2558.200	209.954	3.606
2558.400	209.954	3.606
2558.600	209.954	3.606
2558.800	209.955	3.606
2559.000	209.952	3.606
2559.200	209.952	3.606
2559.400	209.952	3.606
2559.600	209.952	3.606
2559.800	209.953	3.606
2560.000	209.954	3.606
2560.200	209.954	3.606
2560.400	209.952	3.606
2560.600	209.952	3.606
2560.800	209.952	3.606
2561.000	209.954	3.606
2561.200	209.955	3.606
2561.400	209.954	3.606
2561.600	209.954	3.606
2561.800	209.952	3.606
2562.000	209.954	3.606
2562.200	209.954	3.606
2562.400	209.953	3.606
2562.600	209.953	3.606
2562.800	209.954	3.606
2563.000	209.953	3.606
2563.200	209.953	3.606
2563.400	209.954	3.606
2563.600	209.953	3.606
2563.800	209.953	3.606
2564.000	209.954	3.606
2564.200	209.954	3.606
2564.400	209.952	3.606
2564.600	209.953	3.606
2564.800	209.954	3.606
2565.000	209.956	3.606
2565.200	209.953	3.606
2565.400	209.954	3.606
2565.600	209.954	3.606
2565.800	209.954	3.606
2566.000	209.953	3.606
2566.200	209.952	3.606
2566.400	209.952	3.606
2566.600	209.951	3.606
2566.800	209.952	3.606
2567.000	209.952	3.606
2567.200	209.952	3.606
2567.400	209.952	3.606
2567.600	209.952	3.606
2567.800	209.952	3.606
2568.000	209.952	3.606
2568.200	209.952	3.606
2568.400	209.953	3.606
2568.600	209.951	3.606
2568.800	209.952	3.606
2569.000	209.953	3.606
2569.200	209.952	3.606
2569.400	209.953	3.606
2569.600	209.952	3.606
2569.800	209.952	3.606
2570.000	209.951	3.606
2570.200	209.952	3.606
2570.400	209.953	3.606
2570.600	209.952	3.606
2570.800	209.953	3.606
2571.000	209.952	3.606
2571.200	209.953	3.606
2571.400	209.952	3.606
2571.600	209.951	3.606
2571.800	209.951	3.606
2572.000	209.953	3.606
2572.200	209.952	3.606
2572.400	209.952	3.606
2572.600	209.952	3.606
2572.800	209.950	3.606
2573.000	209.951	3.606
2573.200	209.951	3.606
2573.400	209.951	3.606
2573.600	209.952	3.606
2573.800	209.952	3.606
2574.000	209.951	3.606
2574.200	209.952	3.606
2574.400	209.952	3.606
2574.600	209.952	3.606
2574.800	209.952	3.606
2575.000	209.952	3.606
2575.200	209.952	3.606
2575.400	209.952	3.606
2575.600	209.951	3.606
2575.800	209.952	3.606
2576.000	209.953	3.606
2576.200	209.953	3.606
2576.400	209.951	3.606
2576.600	209.952	3.606
2576.800	209.954	3.606
2577.000	209.954	3.606
2577.200	209.953	3.606
2577.400	209.952	3.606
2577.600	209.953	3.606
2577.800	209.952	3.606
2578.000	209.953	3.606
2578.200	209.951	3.606
2578.400	209.952	3.606
2578.600	209.952	3.606
2578.800	209.954	3.606
2579.000	209.954	3.606
2579.200	209.953	3.606
2579.400	209.953	3.606
2579.600	209.953	3.606
2579.800	209.952	3.606
2580.000	209.954	3.606
2580.200	209.954	3.606
2580.400	209.952	3.606
2580.600	209.953	3.606
2580.800	209.952	3.606
2581.000	209.953	3.606
2581.200	209.952	3.606
2581.400	209.953	3.606
2581.600	209.952	3.606
2581.800	209.951	3.606
2582.000	209.952	3.606
2582.200	209.952	3.606
2582.400	209.952	3.606
2582.600	209.952	3.606
2582.800	209.952	3.606
2583.000	209.952	3.606
2583.200	209.951	3.606
2583.400	209.952	3.606
2583.600	209.952	3.606
2583.800	209.953	3.606
2584.000	209.953	3.606
2584.200	209.950	3.606
2584.400	209.952	3.606
2584.600	209.952	3.606
2584.800	209.953	3.606
2585.000	209.952	3.606
2585.200	209.952	3.606
2585.400	209.951	3.606
2585.600	209.950	3.606
2585.800	209.949	3.606
2586.000	209.951	3.606
2586.200	209.952	3.606
2586.400	209.951	3.606
2586.600	209.952	3.606
2586.800	209.950	3.606
2587.000	209.950	3.606
2587.200	209.951	3.606
2587.400	209.950	3.606
2587.600	209.951	3.606
2587.800	209.951	3.606
2588.000	209.949	3.606
2588.200	209.951	3.606
2588.400	209.951	3.606
2588.600	209.952	3.606
2588.800	209.951	3.606
2589.000	209.952	3.606
2589.200	209.951	3.606
2589.400	209.953	3.606
2589.600	209.953	3.606
2589.800	209.953	3.606
2590.000	209.953	3.606
2590.200	209.952	3.606
2590.400	209.952	3.606
2590.600	209.949	3.606
2590.800	209.950	3.606
2591.000	209.952	3.606
2591.200	209.952	3.606
2591.400	209.952	3.606
2591.600	209.950	3.606
2591.800	209.952	3.606
2592.000	209.953	3.606
2592.200	209.951	3.606
2592.400	209.951	3.606
2592.600	209.952	3.606
2592.800	209.953	3.606
2593.000	209.952	3.606
2593.200	209.952	3.606
2593.400	209.953	3.606
2593.600	209.952	3.606
2593.800	209.952	3.606
2594.000	209.950	3.606
2594.200	209.951	3.606
2594.400	209.952	3.606
2594.600	209.952	3.606
2594.800	209.951	3.606
2595.000	209.950	3.606
2595.200	209.951	3.606
2595.400	209.951	3.606
2595.600	209.952	3.606
2595.800	209.952	3.606
2596.000	209.951	3.606
2596.200	209.951	3.606
2596.400	209.952	3.606
2596.600	209.952	3.606
2596.800	209.952	3.606
2597.000	209.952	3.606
2597.200	209.950	3.606
2597.400	209.951	3.606
2597.600	209.952	3.606
2597.800	209.951	3.606
2598.000	209.950	3.606
2598.200	209.950	3.606
2598.400	209.951	3.606
2598.600	209.951	3.606
2598.800	209.952	3.606
2599.000	209.951	3.606
2599.200	209.952	3.606
2599.400	209.953	3.606
2599.600	209.952	3.606
2599.800	209.952	3.606
2600.000	209.952	3.606
2600.200	209.950	3.606
2600.400	209.950	3.606
2600.600	209.951	3.606
2600.800	209.950	3.606
2601.000	209.950	3.606
2601.200	209.951	3.606
2601.400	209.951	3.606
2601.600	209.951	3.607
2601.800	209.950	3.606
2602.000	209.949	3.606
2602.200	209.950	3.607
2602.400	209.951	3.607
2602.600	209.949	3.607
2602.800	209.950	3.607
2603.000	209.950	3.607
2603.200	209.949	3.607
2603.400	209.951	3.607
2603.600	209.952	3.607
2603.800	209.950	3.607
2604.000	209.952	3.607
2604.200	209.951	3.607
2604.400	209.950	3.607
2604.600	209.950	3.607
2604.800	209.951	3.607
2605.000	209.951	3.607
2605.200	209.951	3.607
2605.400	209.949	3.607
2605.600	209.949	3.607
2605.800	209.951	3.607
2606.000	209.951	3.607
2606.200	209.952	3.607
2606.400	209.951	3.607
2606.600	209.952	3.607
2606.800	209.953	3.607
2607.000	209.953	3.607
2607.200	209.950	3.607
2607.400	209.952	3.607
2607.600	209.950	3.607
2607.800	209.950	3.607
2608.000	209.950	3.607
2608.200	209.950	3.607
2608.400	209.950	3.607
2608.600	209.952	3.607
2608.800	209.951	3.607
2609.000	209.949	3.607
2609.200	209.951	3.607
2609.400	209.953	3.607
2609.600	209.952	3.607
2609.800	209.952	3.607
2610.000	209.953	3.607
2610.200	209.953	3.607
2610.400	209.951	3.607
2610.600	209.951	3.607
2610.800	209.952	3.607
2611.000	209.953	3.607
2611.200	209.952	3.607
2611.400	209.951	3.607
2611.600	209.953	3.607
2611.800	209.951	3.607
2612.000	209.950	3.607
2612.200	209.951	3.607
2612.400	209.952	3.607
2612.600	209.952	3.607
2612.800	209.951	3.607
2613.000	209.951	3.607
2613.200	209.951	3.607
2613.400	209.952	3.607
2613.600	209.951	3.607
2613.800	209.953	3.607
2614.000	209.952	3.607
2614.200	209.953	3.607
2614.400	209.952	3.607
2614.600	209.952	3.607
2614.800	209.953	3.607
2615.000	209.953	3.607
2615.200	209.952	3.607
2615.400	209.952	3.607
2615.600	209.952	3.607
2615.800	209.953	3.607
2616.000	209.953	3.607
2616.200	209.953	3.607
2616.400	209.952	3.607
2616.600	209.952	3.607
2616.800	209.953	3.607
2617.000	209.953	3.607
2617.200	209.953	3.607
2617.400	209.952	3.607
2617.600	209.951	3.607
2617.800	209.952	3.607
2618.000	209.951	3.607
2618.200	209.952	3.607
2618.400	209.952	3.607
2618.600	209.952	3.607
2618.800	209.950	3.607
2619.000	209.951	3.607
2619.200	209.949	3.607
2619.400	209.951	3.607
2619.600	209.951	3.607
2619.800	209.951	3.607
2620.000	209.952	3.607
2620.200	209.951	3.607
2620.400	209.952	3.607
2620.600	209.953	3.607
2620.800	209.952	3.607
2621.000	209.952	3.607
2621.200	209.951	3.607
2621.400	209.952	3.607
2621.600	209.950	3.607
2621.800	209.951	3.607
2622.000	209.951	3.607
2622.200	209.951	3.607
2622.400	209.952	3.607
2622.600	209.952	3.607
2622.800	209.951	3.607
2623.000	209.951	3.607
2623.200	209.951	3.607
2623.400	209.952	3.607
2623.600	209.951	3.607
2623.800	209.951	3.607
2624.000	209.951	3.607
2624.200	209.950	3.607
2624.400	209.952	3.607
2624.600	209.952	3.607
2624.800	209.950	3.607
2625.000	209.952	3.607
2625.200	209.951	3.607
2625.400	209.950	3.607
2625.600	209.951	3.607
2625.800	209.952	3.607
2626.000	209.950	3.607
2626.200	209.950	3.607
2626.400	209.951	3.607
2626.600	209.950	3.607
2626.800	209.952	3.607
2627.000	209.951	3.607
2627.200	209.951	3.607
2627.400	209.952	3.607
2627.600	209.951	3.607
2627.800	209.950	3.607
2628.000	209.951	3.607
2628.200	209.951	3.607
2628.400	209.950	3.607
2628.600	209.953	3.607
2628.800	209.951	3.607
2629.000	209.951	3.607
2629.200	209.953	3.607
2629.400	209.952	3.607
2629.600	209.952	3.607
2629.800	209.951	3.607
2630.000	209.951	3.607
2630.200	209.950	3.607
2630.400	209.950	3.607
2630.600	209.950	3.607
2630.800	209.950	3.607
2631.000	209.949	3.607
2631.200	209.950	3.607
2631.400	209.950	3.607
2631.600	209.949	3.607
2631.800	209.947	3.607
2632.000	209.949	3.607
2632.200	209.950	3.607
2632.400	209.949	3.607
2632.600	209.949	3.607
2632.800	209.950	3.607
2633.000	209.950	3.607
2633.200	209.949	3.607
2633.400	209.949	3.607
2633.600	209.949	3.607
2633.800	209.949	3.607
2634.000	209.948	3.607
2634.200	209.949	3.607
2634.400	209.950	3.607
2634.600	209.950	3.607
2634.800	209.951	3.607
2635.000	209.952	3.607
2635.200	209.951	3.607
2635.400	209.950	3.607
2635.600	209.950	3.607
2635.800	209.951	3.607
2636.000	209.951	3.607
2636.200	209.951	3.607
2636.400	209.951	3.607
2636.600	209.950	3.607
2636.800	209.950	3.607
2637.000	209.951	3.607
2637.200	209.949	3.607
2637.400	209.950	3.607
2637.600	209.951	3.607
2637.800	209.951	3.607
2638.000	209.950	3.607
2638.200	209.951	3.607
2638.400	209.952	3.607
2638.600	209.952	3.607
2638.800	209.951	3.607
2639.000	209.950	3.607
2639.200	209.950	3.607
2639.400	209.952	3.607
2639.600	209.951	3.607
2639.800	209.952	3.607
2640.000	209.950	3.607
2640.200	209.948	3.607
2640.400	209.949	3.607
2640.600	209.949	3.607
2640.800	209.947	3.607
2641.000	209.949	3.607
2641.200	209.951	3.607
2641.400	209.948	3.607
2641.600	209.949	3.607
2641.800	209.951	3.607
2642.000	209.951	3.607
2642.200	209.951	3.607
2642.400	209.951	3.607
2642.600	209.949	3.607
2642.800	209.949	3.607
2643.000	209.948	3.607
2643.200	209.949	3.607
2643.400	209.949	3.607
2643.600	209.949	3.607
2643.800	209.950	3.607
2644.000	209.950	3.607
2644.200	209.949	3.607
2644.400	209.950	3.607
2644.600	209.950	3.607
2644.800	209.950	3.607
2645.000	209.951	3.607
2645.200	209.951	3.607
2645.400	209.952	3.607
2645.600	209.951	3.607
2645.800	209.951	3.607
2646.000	209.951	3.607
2646.200	209.950	3.607
2646.400	209.952	3.607
2646.600	209.953	3.607
2646.800	209.951	3.607
2647.000	209.951	3.607
2647.200	209.952	3.607
2647.400	209.953	3.607
2647.600	209.952	3.607
2647.800	209.953	3.607
2648.000	209.952	3.607
2648.200	209.953	3.607
2648.400	209.952	3.607
2648.600	209.951	3.607
2648.800	209.953	3.607
2649.000	209.951	3.607
2649.200	209.951	3.607
2649.400	209.951	3.607
2649.600	209.951	3.607
2649.800	209.951	3.607
2650.000	209.951	3.607
2650.200	209.950	3.607
2650.400	209.951	3.607
2650.600	209.952	3.607
2650.800	209.952	3.607
2651.000	209.951	3.607
2651.200	209.951	3.607
2651.400	209.949	3.607
2651.600	209.951	3.607
2651.800	209.952	3.607
2652.000	209.951	3.607
2652.200	209.952	3.607
2652.400	209.950	3.607
2652.600	209.951	3.607
2652.800	209.952	3.607
2653.000	209.953	3.607
2653.200	209.951	3.607
2653.400	209.951	3.607
2653.600	209.950	3.607
2653.800	209.950	3.607
2654.000	209.949	3.607
2654.200	209.950	3.607
2654.400	209.950	3.607
2654.600	209.950	3.607
2654.800	209.950	3.607
2655.000	209.950	3.607
2655.200	209.948	3.607
2655.400	209.952	3.607
2655.600	209.951	3.607
2655.800	209.953	3.607
2656.000	209.952	3.607
2656.200	209.953	3.607
2656.400	209.953	3.608
2656.600	209.952	3.608
2656.800	209.951	3.608
2657.000	209.951	3.608
2657.200	209.952	3.608
2657.400	209.950	3.608
2657.600	209.954	3.608
2657.800	209.954	3.608
2658.000	209.952	3.608
2658.200	209.952	3.608
2658.400	209.954	3.608
2658.600	209.952	3.608
2658.800	209.952	3.608
2659.000	209.952	3.608
2659.200	209.953	3.608
2659.400	209.954	3.608
2659.600	209.954	3.608
2659.800	209.953	3.608
2660.000	209.955	3.608
2660.200	209.954	3.608
2660.400	209.955	3.608
2660.600	209.952	3.608
2660.800	209.953	3.608
2661.000	209.951	3.608
2661.200	209.953	3.608
2661.400	209.954	3.608
2661.600	209.954	3.608
2661.800	209.953	3.608
2662.000	209.952	3.608
2662.200	209.953	3.608
2662.400	209.953	3.608
2662.600	209.952	3.608
2662.800	209.952	3.608
2663.000	209.953	3.608
2663.200	209.952	3.608
2663.400	209.950	3.608
2663.600	209.951	3.608
2663.800	209.951	3.608
2664.000	209.952	3.608
2664.200	209.951	3.608
2664.400	209.951	3.608
2664.600	209.951	3.608
2664.800	209.952	3.608
2665.000	209.950	3.608
2665.200	209.950	3.608
2665.400	209.949	3.608
2665.600	209.950	3.608
2665.800	209.950	3.608
2666.000	209.950	3.608
2666.200	209.950	3.608
2666.400	209.953	3.608
2666.600	209.951	3.608
2666.800	209.950	3.608
2667.000	209.950	3.608
2667.200	209.952	3.608
2667.400	209.951	3.608
2667.600	209.951	3.608
2667.800	209.951	3.608
2668.000	209.951	3.608
2668.200	209.951	3.608
2668.400	209.950	3.608
2668.600	209.952	3.608
2668.800	209.952	3.608
2669.000	209.952	3.608
2669.200	209.951	3.608
2669.400	209.952	3.608
2669.600	209.949	3.608
2669.800	209.947	3.608
2670.000	209.949	3.608
2670.200	209.949	3.608
2670.400	209.950	3.608
2670.600	209.949	3.608
2670.800	209.952	3.608
2671.000	209.952	3.608
2671.200	209.951	3.608
2671.400	209.951	3.608
2671.600	209.949	3.608
2671.800	209.950	3.608
2672.000	209.951	3.608
2672.200	209.951	3.608
2672.400	209.951	3.608
2672.600	209.952	3.608
2672.800	209.951	3.608
2673.000	209.951	3.608
2673.200	209.951	3.608
2673.400	209.951	3.608
2673.600	209.952	3.608
2673.800	209.951	3.608
2674.000	209.951	3.608
2674.200	209.952	3.608
2674.400	209.952	3.608
2674.600	209.950	3.608
2674.800	209.950	3.608
2675.000	209.949	3.608
2675.200	209.951	3.608
2675.400	209.952	3.608
2675.600	209.952	3.608
2675.800	209.951	3.608
2676.000	209.950	3.608
2676.200	209.951	3.608
2676.400	209.950	3.608
2676.600	209.949	3.608
2676.800	209.950	3.608
2677.000	209.950	3.608
2677.200	209.950	3.608
2677.400	209.950	3.608
2677.600	209.951	3.608
2677.800	209.949	3.608
2678.000	209.950	3.608
2678.200	209.951	3.608
2678.400	209.951	3.608
2678.600	209.950	3.608
2678.800	209.950	3.608
2679.000	209.949	3.608
2679.200	209.951	3.608
2679.400	209.952	3.608
2679.600	209.949	3.608
2679.800	209.951	3.608
2680.000	209.952	3.608
2680.200	209.951	3.608
2680.400	209.952	3.608
2680.600	209.950	3.608
2680.800	209.951	3.608
2681.000	209.950	3.608
2681.200	209.951	3.608
2681.400	209.949	3.608
2681.600	209.950	3.608
2681.800	209.951	3.608
2682.000	209.953	3.608
2682.200	209.951	3.608
2682.400	209.951	3.608
2682.600	209.950	3.608
2682.800	209.950	3.608
2683.000	209.949	3.608
2683.200	209.949	3.608
2683.400	209.949	3.608
2683.600	209.950	3.608
2683.800	209.951	3.608
2684.000	209.953	3.608
2684.200	209.951	3.608
2684.400	209.952	3.608
2684.600	209.954	3.608
2684.800	209.953	3.608
2685.000	209.953	3.608
2685.200	209.952	3.608
2685.400	209.951	3.608
2685.600	209.951	3.608
2685.800	209.951	3.608
2686.000	209.951	3.608
2686.200	209.952	3.608
2686.400	209.952	3.608
2686.600	209.951	3.608
2686.800	209.950	3.608
2687.000	209.949	3.608
2687.200	209.950	3.608
2687.400	209.951	3.608
2687.600	209.952	3.608
2687.800	209.952	3.608
2688.000	209.951	3.608
2688.200	209.952	3.608
2688.400	209.951	3.608
2688.600	209.951	3.608
2688.800	209.950	3.608
2689.000	209.953	3.608
2689.200	209.953	3.608
2689.400	209.954	3.608
2689.600	209.952	3.608
2689.800	209.951	3.608
2690.000	209.951	3.608
2690.200	209.954	3.608
2690.400	209.952	3.608
2690.600	209.951	3.608
2690.800	209.952	3.608
2691.000	209.952	3.608
2691.200	209.953	3.608
2691.400	209.953	3.608
2691.600	209.952	3.608
2691.800	209.954	3.608
2692.000	209.953	3.608
2692.200	209.953	3.608
2692.400	209.954	3.608
2692.600	209.953	3.608
2692.800	209.952	3.608
2693.000	209.952	3.608
2693.200	209.954	3.608
2693.400	209.952	3.608
2693.600	209.955	3.608
2693.800	209.954	3.608
2694.000	209.954	3.608
2694.200	209.952	3.608
2694.400	209.954	3.608
2694.600	209.952	3.608
2694.800	209.951	3.608
2695.000	209.953	3.608
2695.200	209.953	3.608
2695.400	209.952	3.608
2695.600	209.953	3.608
2695.800	209.953	3.608
2696.000	209.953	3.608
2696.200	209.951	3.608
2696.400	209.953	3.608
2696.600	209.952	3.608
2696.800	209.954	3.608
2697.000	209.954	3.608
2697.200	209.953	3.608
2697.400	209.952	3.608
2697.600	209.951	3.608
2697.800	209.952	3.608
2698.000	209.952	3.608
2698.200	209.953	3.608
2698.400	209.954	3.608
2698.600	209.952	3.608
2698.800	209.953	3.608
2699.000	209.954	3.608
2699.200	209.951	3.608
2699.400	209.953	3.608
2699.600	209.954	3.608
2699.800	209.955	3.608
2700.000	209.956	3.608
2700.200	209.955	3.608
2700.400	209.955	3.608
2700.600	209.956	3.608
2700.800	209.954	3.608
2701.000	209.954	3.608
2701.200	209.954	3.608
2701.400	209.954	3.608
2701.600	209.953	3.608
2701.800	209.954	3.608
2702.000	209.955	3.608
2702.200	209.955	3.608
2702.400	209.953	3.608
2702.600	209.955	3.608
2702.800	209.955	3.608
2703.000	209.954	3.608
2703.200	209.955	3.608
2703.400	209.953	3.608
2703.600	209.954	3.608
2703.800	209.953	3.608
2704.000	209.953	3.608
2704.200	209.952	3.608
2704.400	209.952	3.608
2704.600	209.952	3.608
2704.800	209.951	3.608
2705.000	209.953	3.608
2705.200	209.953	3.608
2705.400	209.953	3.608
2705.600	209.955	3.608
2705.800	209.953	3.608
2706.000	209.954	3.608
2706.200	209.953	3.608
2706.400	209.955	3.608
2706.600	209.954	3.608
2706.800	209.954	3.608
2707.000	209.954	3.608
2707.200	209.954	3.608
2707.400	209.954	3.608
2707.600	209.954	3.608
2707.800	209.952	3.608
2708.000	209.954	3.608
2708.200	209.953	3.608
2708.400	209.951	3.608
2708.600	209.950	3.608
2708.800	209.953	3.608
2709.000	209.951	3.608
2709.200	209.952	3.608
2709.400	209.953	3.608
2709.600	209.953	3.608
2709.800	209.953	3.608
2710.000	209.953	3.608
2710.200	209.954	3.608
2710.400	209.954	3.608
2710.600	209.953	3.608
2710.800	209.952	3.608
2711.000	209.950	3.608
2711.200	209.950	3.608
2711.400	209.951	3.608
2711.600	209.954	3.608
2711.800	209.952	3.608
2712.000	209.952	3.608
2712.200	209.953	3.608
2712.400	209.953	3.608
2712.600	209.953	3.608
2712.800	209.953	3.608
2713.000	209.952	3.608
2713.200	209.952	3.608
2713.400	209.951	3.608
2713.600	209.952	3.608
2713.800	209.953	3.608
2714.000	209.953	3.608
2714.200	209.954	3.608
2714.400	209.953	3.608
2714.600	209.953	3.608
2714.800	209.951	3.608
2715.000	209.951	3.608
2715.200	209.952	3.608
2715.400	209.950	3.608
2715.600	209.951	3.608
2715.800	209.951	3.608
2716.000	209.952	3.608
2716.200	209.951	3.608
2716.400	209.950	3.608
2716.600	209.952	3.608
2716.800	209.952	3.608
2717.000	209.951	3.609
2717.200	209.953	3.608
2717.400	209.953	3.609
2717.600	209.952	3.609
2717.800	209.952	3.609
2718.000	209.950	3.609
2718.200	209.949	3.609
2718.400	209.950	3.608
2718.600	209.951	3.609
2718.800	209.950	3.609
2719.000	209.950	3.609
2719.200	209.950	3.609
2719.400	209.952	3.609
2719.600	209.949	3.609
2719.800	209.950	3.609
2720.000	209.951	3.609
2720.200	209.951	3.609
2720.400	209.952	3.609
2720.600	209.950	3.609
2720.800	209.951	3.609
2721.000	209.950	3.609
2721.200	209.948	3.609
2721.400	209.951	3.609
2721.600	209.951	3.609
2721.800	209.951	3.609
2722.000	209.952	3.609
2722.200	209.952	3.609
2722.400	209.951	3.609
2722.600	209.951	3.609
2722.800	209.950	3.609
2723.000	209.951	3.609
2723.200	209.949	3.609
2723.400	209.949	3.609
2723.600	209.950	3.609
2723.800	209.950	3.609
2724.000	209.950	3.609
2724.200	209.949	3.609
2724.400	209.951	3.609
2724.600	209.951	3.609
2724.800	209.951	3.609
2725.000	209.950	3.609
2725.200	209.951	3.609
2725.400	209.950	3.609
2725.600	209.952	3.609
2725.800	209.952	3.609
2726.000	209.950	3.609
2726.200	209.951	3.609
2726.400	209.950	3.609
2726.600	209.951	3.609
2726.800	209.951	3.609
2727.000	209.951	3.609
2727.200	209.950	3.609
2727.400	209.951	3.609
2727.600	209.951	3.609
2727.800	209.951	3.609
2728.000	209.950	3.609
2728.200	209.951	3.609
2728.400	209.951	3.609
2728.600	209.952	3.609
2728.800	209.953	3.609
2729.000	209.951	3.609
2729.200	209.952	3.609
2729.400	209.950	3.609
2729.600	209.950	3.609
2729.800	209.951	3.609
2730.000	209.951	3.609
2730.200	209.950	3.609
2730.400	209.951	3.609
2730.600	209.952	3.609
2730.800	209.953	3.609
2731.000	209.953	3.609
2731.200	209.952	3.609
2731.400	209.951	3.609
2731.600	209.951	3.609
2731.800	209.951	3.609
2732.000	209.952	3.609
2732.200	209.953	3.609
2732.400	209.952	3.609
2732.600	209.953	3.609
2732.800	209.953	3.609
2733.000	209.952	3.609
2733.200	209.951	3.609
2733.400	209.951	3.609
2733.600	209.952	3.609
2733.800	209.952	3.609
2734.000	209.952	3.609
2734.200	209.952	3.609
2734.400	209.951	3.609
2734.600	209.952	3.609
2734.800	209.952	3.609
2735.000	209.951	3.609
2735.200	209.951	3.609
2735.400	209.950	3.609
2735.600	209.951	3.609
2735.800	209.951	3.609
2736.000	209.950	3.609
2736.200	209.951	3.609
2736.400	209.951	3.609
2736.600	209.950	3.609
2736.800	209.952	3.609
2737.000	209.950	3.609
2737.200	209.951	3.609
2737.400	209.952	3.609
2737.600	209.952	3.609
2737.800	209.951	3.609
2738.000	209.951	3.609
2738.200	209.951	3.609
2738.400	209.950	3.609
2738.600	209.950	3.609
2738.800	209.951	3.609
2739.000	209.950	3.609
2739.200	209.951	3.609
2739.400	209.950	3.609
2739.600	209.951	3.609
2739.800	209.949	3.609
2740.000	209.950	3.609
2740.200	209.951	3.609
2740.400	209.950	3.609
2740.600	209.951	3.609
2740.800	209.950	3.609
2741.000	209.951	3.609
2741.200	209.950	3.609
2741.400	209.950	3.609
2741.600	209.950	3.609
2741.800	209.951	3.609
2742.000	209.950	3.609
2742.200	209.950	3.609
2742.400	209.949	3.609
2742.600	209.950	3.609
2742.800	209.950	3.609
2743.000	209.950	3.609
2743.200	209.949	3.609
2743.400	209.951	3.609
2743.600	209.951	3.609
2743.800	209.951	3.609
2744.000	209.951	3.609
2744.200	209.949	3.609
2744.400	209.951	3.609
2744.600	209.951	3.609
2744.800	209.950	3.609
2745.000	209.951	3.609
2745.200	209.951	3.609
2745.400	209.949	3.609
2745.600	209.948	3.609
2745.800	209.948	3.609
2746.000	209.950	3.609
2746.200	209.949	3.609
2746.400	209.949	3.609
2746.600	209.949	3.609
2746.800	209.951	3.609
2747.000	209.949	3.609
2747.200	209.949	3.609
2747.400	209.949	3.609
2747.600	209.948	3.609
2747.800	209.948	3.609
2748.000	209.949	3.609
2748.200	209.950	3.609
2748.400	209.948	3.609
2748.600	209.949	3.609
2748.800	209.948	3.609
2749.000	209.947	3.609
2749.200	209.948	3.609
2749.400	209.949	3.609
2749.600	209.950	3.609
2749.800	209.950	3.609
2750.000	209.949	3.609
2750.200	209.949	3.609
2750.400	209.949	3.609
2750.600	209.948	3.609
2750.800	209.949	3.609
2751.000	209.950	3.609
2751.200	209.949	3.609
2751.400	209.948	3.609
2751.600	209.949	3.609
2751.800	209.949	3.609
2752.000	209.950	3.609
2752.200	209.949	3.609
2752.400	209.949	3.609
2752.600	209.947	3.609
2752.800	209.947	3.609
2753.000	209.948	3.609
2753.200	209.947	3.609
2753.400	209.948	3.609
2753.600	209.948	3.609
2753.800	209.948	3.609
2754.000	209.947	3.609
2754.200	209.947	3.609
2754.400	209.948	3.609
2754.600	209.947	3.609
2754.800	209.948	3.609
2755.000	209.949	3.609
2755.200	209.949	3.609
2755.400	209.949	3.609
2755.600	209.949	3.609
2755.800	209.946	3.609
2756.000	209.947	3.609
2756.200	209.948	3.609
2756.400	209.948	3.609
2756.600	209.947	3.609
2756.800	209.947	3.609
2757.000	209.947	3.609
2757.200	209.949	3.609
2757.400	209.948	3.609
2757.600	209.949	3.609
2757.800	209.947	3.609
2758.000	209.948	3.609
2758.200	209.950	3.609
2758.400	209.948	3.609
2758.600	209.950	3.609
2758.800	209.949	3.609
2759.000	209.949	3.609
2759.200	209.948	3.609
2759.400	209.948	3.609
2759.600	209.948	3.609
2759.800	209.948	3.609
2760.000	209.949	3.609
2760.200	209.949	3.609
2760.400	209.948	3.609
2760.600	209.947	3.609
2760.800	209.949	3.609
2761.000	209.948	3.609
2761.200	209.949	3.609
2761.400	209.949	3.609
2761.600	209.950	3.609
2761.800	209.949	3.609
2762.000	209.949	3.609
2762.200	209.947	3.609
2762.400	209.947	3.609
2762.600	209.949	3.609
2762.800	209.949	3.609
2763.000	209.948	3.609
2763.200	209.947	3.609
2763.400	209.948	3.609
2763.600	209.948	3.609
2763.800	209.949	3.609
2764.000	209.949	3.609
2764.200	209.948	3.609
2764.400	209.947	3.609
2764.600	209.949	3.609
2764.800	209.949	3.609
2765.000	209.949	3.609
2765.200	209.948	3.609
2765.400	209.948	3.609
2765.600	209.949	3.609
2765.800	209.948	3.609
2766.000	209.948	3.609
2766.200	209.950	3.609
2766.400	209.948	3.609
2766.600	209.949	3.609
2766.800	209.949	3.609
2767.000	209.949	3.609
2767.200	209.949	3.609
2767.400	209.951	3.609
2767.600	209.949	3.609
2767.800	209.948	3.609
2768.000	209.951	3.609
2768.200	209.949	3.609
2768.400	209.949	3.609
2768.600	209.950	3.609
2768.800	209.951	3.609
2769.000	209.950	3.609
2769.200	209.949	3.609
2769.400	209.951	3.609
2769.600	209.949	3.609
2769.800	209.949	3.609
2770.000	209.950	3.609
2770.200	209.949	3.609
2770.400	209.948	3.609
2770.600	209.948	3.609
2770.800	209.949	3.609
2771.000	209.949	3.609
2771.200	209.949	3.609
2771.400	209.949	3.609
2771.600	209.949	3.609
2771.800	209.949	3.609
2772.000	209.950	3.609
2772.200	209.949	3.609
2772.400	209.949	3.609
2772.600	209.948	3.609
2772.800	209.949	3.609
2773.000	209.948	3.609
2773.200	209.948	3.609
2773.400	209.948	3.609
2773.600	209.946	3.609
2773.800	209.947	3.609
2774.000	209.947	3.609
2774.200	209.949	3.609
2774.400	209.949	3.609
2774.600	209.948	3.609
2774.800	209.946	3.609
2775.000	209.947	3.609
2775.200	209.947	3.609
2775.400	209.947	3.609
2775.600	209.946	3.609
2775.800	209.946	3.609
2776.000	209.946	3.609
2776.200	209.948	3.609
2776.400	209.947	3.609
2776.600	209.947	3.609
2776.800	209.949	3.609
2777.000	209.946	3.609
2777.200	209.946	3.609
2777.400	209.946	3.609
2777.600	209.946	3.609
2777.800	209.949	3.609
2778.000	209.949	3.609
2778.200	209.948	3.609
2778.400	209.948	3.609
2778.600	209.946	3.609
2778.800	209.946	3.609
2779.000	209.947	3.610
2779.200	209.947	3.609
2779.400	209.948	3.609
2779.600	209.948	3.609
2779.800	209.949	3.609
2780.000	209.948	3.609
2780.200	209.948	3.610
2780.400	209.949	3.609
2780.600	209.947	3.610
2780.800	209.946	3.609
2781.000	209.946	3.609
2781.200	209.947	3.609
2781.400	209.949	3.610
2781.600	209.947	3.609
2781.800	209.947	3.610
2782.000	209.947	3.610
2782.200	209.950	3.610
2782.400	209.948	3.610
2782.600	209.947	3.610
2782.800	209.947	3.610
2783.000	209.947	3.610
2783.200	209.948	3.610
2783.400	209.949	3.610
2783.600	209.948	3.610
2783.800	209.948	3.610
2784.000	209.946	3.610
2784.200	209.948	3.610
2784.400	209.948	3.610
2784.600	209.948	3.610
2784.800	209.949	3.610
2785.000	209.949	3.610
2785.200	209.949	3.610
2785.400	209.947	3.610
2785.600	209.946	3.610
2785.800	209.948	3.610
2786.000	209.949	3.610
2786.200	209.949	3.610
2786.400	209.948	3.610
2786.600	209.946	3.610
2786.800	209.947	3.610
2787.000	209.947	3.610
2787.200	209.946	3.610
2787.400	209.948	3.610
2787.600	209.948	3.610
2787.800	209.948	3.610
2788.000	209.947	3.610
2788.200	209.949	3.610
2788.400	209.948	3.610
2788.600	209.948	3.610
2788.800	209.950	3.610
2789.000	209.947	3.610
2789.200	209.948	3.610
2789.400	209.949	3.610
2789.600	209.948	3.610
2789.800	209.950	3.610
2790.000	209.947	3.610
2790.200	209.948	3.610
2790.400	209.950	3.610
2790.600	209.949	3.610
2790.800	209.950	3.610
2791.000	209.948	3.610
2791.200	209.948	3.610
2791.400	209.948	3.610
2791.600	209.947	3.610
2791.800	209.947	3.610
2792.000	209.946	3.610
2792.200	209.950	3.610
2792.400	209.949	3.610
2792.600	209.948	3.610
2792.800	209.947	3.610
2793.000	209.949	3.610
2793.200	209.950	3.610
2793.400	209.950	3.610
2793.600	209.950	3.610
2793.800	209.949	3.610
2794.000	209.947	3.610
2794.200	209.946	3.610
2794.400	209.946	3.610
2794.600	209.949	3.610
2794.800	209.949	3.610
2795.000	209.946	3.610
2795.200	209.947	3.610
2795.400	209.946	3.610
2795.600	209.946	3.610
2795.800	209.948	3.610
2796.000	209.947	3.610
2796.200	209.947	3.610
2796.400	209.948	3.610
2796.600	209.949	3.610
2796.800	209.949	3.610
2797.000	209.948	3.610
2797.200	209.949	3.610
2797.400	209.951	3.610
2797.600	209.951	3.610
2797.800	209.949	3.610
2798.000	209.951	3.610
2798.200	209.949	3.610
2798.400	209.949	3.610
2798.600	209.949	3.610
2798.800	209.950	3.610
2799.000	209.950	3.610
2799.200	209.951	3.610
2799.400	209.952	3.610
2799.600	209.950	3.610
2799.800	209.951	3.610
2800.000	209.951	3.610
2800.200	209.950	3.610
2800.400	209.952	3.610
2800.600	209.952	3.610
2800.800	209.951	3.610
2801.000	209.951	3.610
2801.200	209.951	3.610
2801.400	209.950	3.610
2801.600	209.952	3.610
2801.800	209.951	3.610
2802.000	209.950	3.610
2802.200	209.951	3.610
2802.400	209.951	3.610
2802.600	209.951	3.610
2802.800	209.949	3.610
2803.000	209.950	3.610
2803.200	209.949	3.610
2803.400	209.951	3.610
2803.600	209.949	3.610
2803.800	209.948	3.610
2804.000	209.948	3.610
2804.200	209.950	3.610
2804.400	209.951	3.610
2804.600	209.952	3.610
2804.800	209.951	3.610
2805.000	209.952	3.610
2805.200	209.953	3.610
2805.400	209.950	3.610
2805.600	209.950	3.610
2805.800	209.950	3.610
2806.000	209.951	3.610
2806.200	209.950	3.610
2806.400	209.951	3.610
2806.600	209.951	3.610
2806.800	209.951	3.610
2807.000	209.950	3.610
2807.200	209.951	3.610
2807.400	209.952	3.610
2807.600	209.953	3.610
2807.800	209.953	3.610
2808.000	209.952	3.610
2808.200	209.952	3.610
2808.400	209.952	3.610
2808.600	209.952	3.610
2808.800	209.951	3.610
2809.000	209.953	3.610
2809.200	209.953	3.610
2809.400	209.954	3.610
2809.600	209.952	3.610
2809.800	209.953	3.610
2810.000	209.953	3.610
2810.200	209.951	3.610
2810.400	209.953	3.610
2810.600	209.954	3.610
2810.800	209.952	3.610
2811.000	209.955	3.610
2811.200	209.953	3.610
2811.400	209.953	3.610
2811.600	209.954	3.610
2811.800	209.953	3.610
2812.000	209.952	3.610
2812.200	209.952	3.610
2812.400	209.954	3.610
2812.600	209.953	3.610
2812.800	209.954	3.610
2813.000	209.955	3.610
2813.200	209.954	3.610
2813.400	209.954	3.610
2813.600	209.953	3.610
2813.800	209.953	3.610
2814.000	209.955	3.610
2814.200	209.953	3.610
2814.400	209.953	3.610
2814.600	209.952	3.610
2814.800	209.953	3.610
2815.000	209.952	3.610
2815.200	209.953	3.610
2815.400	209.953	3.610
2815.600	209.953	3.610
2815.800	209.953	3.610
2816.000	209.953	3.610
2816.200	209.952	3.610
2816.400	209.952	3.610
2816.600	209.953	3.610
2816.800	209.950	3.610
2817.000	209.951	3.610
2817.200	209.951	3.610
2817.400	209.954	3.610
2817.600	209.952	3.610
2817.800	209.953	3.610
2818.000	209.952	3.610
2818.200	209.949	3.610
2818.400	209.952	3.610
2818.600	209.952	3.610
2818.800	209.951	3.610
2819.000	209.952	3.610
2819.200	209.953	3.610
2819.400	209.953	3.610
2819.600	209.954	3.610
2819.800	209.952	3.610
2820.000	209.953	3.610
2820.200	209.953	3.610
2820.400	209.951	3.610
2820.600	209.953	3.610
2820.800	209.952	3.610
2821.000	209.952	3.610
2821.200	209.951	3.610
2821.400	209.951	3.610
2821.600	209.954	3.610
2821.800	209.951	3.610
2822.000	209.952	3.610
2822.200	209.950	3.610
2822.400	209.950	3.610
2822.600	209.952	3.610
2822.800	209.952	3.610
2823.000	209.952	3.610
2823.200	209.951	3.610
2823.400	209.953	3.610
2823.600	209.953	3.610
2823.800	209.951	3.610
2824.000	209.953	3.610
2824.200	209.953	3.610
2824.400	209.952	3.610
2824.600	209.952	3.610
2824.800	209.951	3.610
2825.000	209.950	3.610
2825.200	209.951	3.610
2825.400	209.951	3.610
2825.600	209.952	3.610
2825.800	209.951	3.610
2826.000	209.950	3.610
2826.200	209.951	3.610
2826.400	209.952	3.610
2826.600	209.951	3.610
2826.800	209.949	3.610
2827.000	209.950	3.610
2827.200	209.950	3.610
2827.400	209.952	3.610
2827.600	209.952	3.610
2827.800	209.952	3.610
2828.000	209.950	3.610
2828.200	209.953	3.610
2828.400	209.952	3.610
2828.600	209.951	3.610
2828.800	209.951	3.610
2829.000	209.953	3.610
2829.200	209.953	3.610
2829.400	209.954	3.610
2829.600	209.952	3.610
2829.800	209.952	3.610
2830.000	209.952	3.610
2830.200	209.952	3.610
2830.400	209.952	3.610
2830.600	209.953	3.610
2830.800	209.949	3.610
2831.000	209.950	3.610
2831.200	209.950	3.610
2831.400	209.950	3.610
2831.600	209.950	3.610
2831.800	209.953	3.610
2832.000	209.953	3.610
2832.200	209.952	3.610
2832.400	209.952	3.610
2832.600	209.951	3.610
2832.800	209.952	3.610
2833.000	209.952	3.610
2833.200	209.952	3.610
2833.400	209.952	3.610
2833.600	209.950	3.610
2833.800	209.951	3.610
2834.000	209.951	3.610
2834.200	209.952	3.610
2834.400	209.952	3.610
2834.600	209.951	3.610
2834.800	209.952	3.610
2835.000	209.952	3.610
2835.200	209.951	3.610
2835.400	209.951	3.610
2835.600	209.950	3.610
2835.800	209.950	3.610
2836.000	209.952	3.610
2836.200	209.952	3.610
2836.400	209.951	3.610
2836.600	209.951	3.610
2836.800	209.951	3.610
2837.000	209.952	3.610
2837.200	209.951	3.610
2837.400	209.951	3.610
2837.600	209.951	3.610
2837.800	209.950	3.610
2838.000	209.949	3.610
2838.200	209.949	3.610
2838.400	209.953	3.610
2838.600	209.953	3.610
2838.800	209.953	3.610
2839.000	209.954	3.610
2839.200	209.953	3.610
2839.400	209.953	3.610
2839.600	209.952	3.610
2839.800	209.951	3.610
2840.000	209.952	3.610
2840.200	209.949	3.610
2840.400	209.953	3.610
2840.600	209.950	3.610
2840.800	209.949	3.610
2841.000	209.950	3.610
2841.200	209.949	3.610
2841.400	209.950	3.610
2841.600	209.951	3.610
2841.800	209.950	3.610
2842.000	209.950	3.610
2842.200	209.950	3.610
2842.400	209.952	3.610
2842.600	209.950	3.610
2842.800	209.949	3.610
2843.000	209.950	3.610
2843.200	209.951	3.610
2843.400	209.952	3.610
2843.600	209.951	3.610
2843.800	209.952	3.610
2844.000	209.953	3.610
2844.200	209.950	3.610
2844.400	209.952	3.610
2844.600	209.952	3.610
2844.800	209.951	3.610
2845.000	209.951	3.610
2845.200	209.951	3.610
2845.400	209.949	3.610
2845.600	209.951	3.610
2845.800	209.949	3.610
2846.000	209.949	3.610
2846.200	209.950	3.610
2846.400	209.950	3.610
2846.600	209.952	3.610
2846.800	209.953	3.610
2847.000	209.951	3.610
2847.200	209.952	3.610
2847.400	209.952	3.610
2847.600	209.953	3.610
2847.800	209.953	3.610
2848.000	209.952	3.610
2848.200	209.951	3.610
2848.400	209.952	3.610
2848.600	209.954	3.611
2848.800	209.953	3.611
2849.000	209.951	3.611
2849.200	209.952	3.611
2849.400	209.951	3.611
2849.600	209.953	3.611
2849.800	209.952	3.611
2850.000	209.951	3.611
2850.200	209.950	3.611
2850.400	209.950	3.611
2850.600	209.949	3.611
2850.800	209.951	3.611
2851.000	209.950	3.611
2851.200	209.948	3.610
2851.400	209.949	3.611
2851.600	209.949	3.611
2851.800	209.951	3.611
2852.000	209.950	3.611
2852.200	209.949	3.611
2852.400	209.951	3.611
2852.600	209.951	3.611
2852.800	209.951	3.611
2853.000	209.953	3.611
2853.200	209.952	3.611
2853.400	209.951	3.611
2853.600	209.951	3.611
2853.800	209.951	3.611
2854.000	209.951	3.611
2854.200	209.951	3.611
2854.400	209.950	3.611
2854.600	209.950	3.611
2854.800	209.950	3.611
2855.000	209.951	3.611
2855.200	209.953	3.611
2855.400	209.952	3.611
2855.600	209.953	3.611
2855.800	209.952	3.611
2856.000	209.952	3.611
2856.200	209.953	3.611
2856.400	209.952	3.611
2856.600	209.953	3.611
2856.800	209.953	3.611
2857.000	209.953	3.611
2857.200	209.953	3.611
2857.400	209.954	3.611
2857.600	209.955	3.611
2857.800	209.953	3.611
2858.000	209.955	3.611
2858.200	209.955	3.611
2858.400	209.954	3.611
2858.600	209.953	3.611
2858.800	209.953	3.611
2859.000	209.951	3.611
2859.200	209.954	3.611
2859.400	209.952	3.611
2859.600	209.954	3.611
2859.800	209.953	3.611
2860.000	209.953	3.611
2860.200	209.954	3.611
2860.400	209.952	3.611
2860.600	209.953	3.611
2860.800	209.952	3.611
2861.000	209.952	3.611
2861.200	209.952	3.611
2861.400	209.952	3.611
2861.600	209.953	3.611
2861.800	209.952	3.611
2862.000	209.951	3.611
2862.200	209.953	3.611
2862.400	209.953	3.611
2862.600	209.950	3.611
2862.800	209.953	3.611
2863.000	209.952	3.611
2863.200	209.952	3.611
2863.400	209.953	3.611
2863.600	209.952	3.611
2863.800	209.952	3.611
2864.000	209.953	3.611
2864.200	209.953	3.611
2864.400	209.952	3.611
2864.600	209.952	3.611
2864.800	209.952	3.611
2865.000	209.952	3.611
2865.200	209.951	3.611
2865.400	209.952	3.611
2865.600	209.954	3.611
2865.800	209.952	3.611
2866.000	209.952	3.611
2866.200	209.952	3.611
2866.400	209.952	3.611
2866.600	209.953	3.611
2866.800	209.951	3.611
2867.000	209.951	3.611
2867.200	209.952	3.611
2867.400	209.952	3.611
2867.600	209.952	3.611
2867.800	209.951	3.611
2868.000	209.950	3.611
2868.200	209.951	3.611
2868.400	209.952	3.611
2868.600	209.952	3.611
2868.800	209.953	3.611
2869.000	209.950	3.611
2869.200	209.951	3.611
2869.400	209.952	3.611
2869.600	209.952	3.611
2869.800	209.952	3.611
2870.000	209.952	3.611
2870.200	209.952	3.611
2870.400	209.953	3.611
2870.600	209.952	3.611
2870.800	209.951	3.611
2871.000	209.951	3.611
2871.200	209.950	3.611
2871.400	209.952	3.611
2871.600	209.952	3.611
2871.800	209.952	3.611
2872.000	209.951	3.611
2872.200	209.952	3.611
2872.400	209.953	3.611
2872.600	209.950	3.611
2872.800	209.954	3.611
2873.000	209.952	3.611
2873.200	209.953	3.611
2873.400	209.952	3.611
2873.600	209.952	3.611
2873.800	209.953	3.611
2874.000	209.953	3.611
2874.200	209.954	3.611
2874.400	209.953	3.611
2874.600	209.953	3.611
2874.800	209.953	3.611
2875.000	209.953	3.611
2875.200	209.953	3.611
2875.400	209.954	3.611
2875.600	209.953	3.611
2875.800	209.954	3.611
2876.000	209.953	3.611
2876.200	209.953	3.611
2876.400	209.951	3.611
2876.600	209.950	3.611
2876.800	209.951	3.611
2877.000	209.951	3.611
2877.200	209.952	3.611
2877.400	209.951	3.611
2877.600	209.951	3.611
2877.800	209.952	3.611
2878.000	209.952	3.611
2878.200	209.952	3.611
2878.400	209.951	3.611
2878.600	209.950	3.611
2878.800	209.952	3.611
2879.000	209.952	3.611
2879.200	209.950	3.611
2879.400	209.951	3.611
2879.600	209.952	3.611
2879.800	209.952	3.611
2880.000	209.950	3.611
2880.200	209.953	3.611
2880.400	209.953	3.611
2880.600	209.952	3.611
2880.800	209.953	3.611
2881.000	209.953	3.611
2881.200	209.954	3.611
2881.400	209.952	3.611
2881.600	209.955	3.611
2881.800	209.954	3.611
2882.000	209.953	3.611
2882.200	209.954	3.611
2882.400	209.952	3.611
2882.600	209.953	3.611
2882.800	209.951	3.611
2883.000	209.952	3.611
2883.200	209.953	3.611
2883.400	209.952	3.611
2883.600	209.953	3.611
2883.800	209.952	3.611
2884.000	209.952	3.611
2884.200	209.953	3.611
2884.400	209.953	3.611
2884.600	209.953	3.611
2884.800	209.952	3.611
2885.000	209.952	3.611
2885.200	209.951	3.611
2885.400	209.951	3.611
2885.600	209.950	3.611
2885.800	209.950	3.611
2886.000	209.950	3.611
2886.200	209.951	3.611
2886.400	209.951	3.611
2886.600	209.950	3.611
2886.800	209.951	3.611
2887.000	209.951	3.611
2887.200	209.950	3.611
2887.400	209.948	3.611
2887.600	209.950	3.611
2887.800	209.951	3.611
2888.000	209.950	3.611
2888.200	209.950	3.611
2888.400	209.950	3.611
2888.600	209.950	3.611
2888.800	209.949	3.611
2889.000	209.951	3.611
2889.200	209.950	3.611
2889.400	209.951	3.611
2889.600	209.950	3.611
2889.800	209.951	3.611
2890.000	209.952	3.611
2890.200	209.951	3.611
2890.400	209.951	3.611
2890.600	209.951	3.611
2890.800	209.953	3.611
2891.000	209.950	3.611
2891.200	209.950	3.611
2891.400	209.951	3.611
2891.600	209.949	3.611
2891.800	209.950	3.611
2892.000	209.952	3.611
2892.200	209.951	3.611
2892.400	209.951	3.611
2892.600	209.949	3.611
2892.800	209.951	3.611
2893.000	209.950	3.611
2893.200	209.952	3.611
2893.400	209.951	3.611
2893.600	209.952	3.611
2893.800	209.951	3.611
2894.000	209.951	3.611
2894.200	209.950	3.611
2894.400	209.950	3.611
2894.600	209.951	3.611
2894.800	209.951	3.611
2895.000	209.949	3.611
2895.200	209.951	3.611
2895.400	209.952	3.611
2895.600	209.951	3.611
2895.800	209.953	3.611
2896.000	209.952	3.611
2896.200	209.950	3.611
2896.400	209.952	3.611
2896.600	209.950	3.611
2896.800	209.951	3.611
2897.000	209.953	3.611
2897.200	209.952	3.611
2897.400	209.951	3.611
2897.600	209.950	3.611
2897.800	209.952	3.611
2898.000	209.951	3.611
2898.200	209.951	3.611
2898.400	209.953	3.611
2898.600	209.953	3.611
2898.800	209.953	3.611
2899.000	209.954	3.611
2899.200	209.952	3.611
2899.400	209.951	3.611
2899.600	209.952	3.611
2899.800	209.951	3.611
2900.000	209.952	3.611
2900.200	209.952	3.611
2900.400	209.952	3.611
2900.600	209.951	3.611
2900.800	209.952	3.611
2901.000	209.952	3.611
2901.200	209.952	3.611
2901.400	209.952	3.611
2901.600	209.953	3.611
2901.800	209.952	3.611
2902.000	209.952	3.611
2902.200	209.951	3.611
2902.400	209.952	3.611
2902.600	209.952	3.611
2902.800	209.952	3.611
2903.000	209.952	3.611
2903.200	209.952	3.611
2903.400	209.951	3.611
2903.600	209.952	3.611
2903.800	209.952	3.611
2904.000	209.951	3.611
2904.200	209.951	3.611
2904.400	209.950	3.611
2904.600	209.949	3.611
2904.800	209.949	3.611
2905.000	209.950	3.611
2905.200	209.951	3.611
2905.400	209.952	3.611
2905.600	209.952	3.611
2905.800	209.952	3.611
2906.000	209.951	3.611
2906.200	209.952	3.611
2906.400	209.953	3.611
2906.600	209.952	3.611
2906.800	209.952	3.611
2907.000	209.952	3.611
2907.200	209.951	3.611
2907.400	209.952	3.611
2907.600	209.950	3.611
2907.800	209.950	3.611
2908.000	209.948	3.611
2908.200	209.952	3.611
2908.400	209.951	3.611
2908.600	209.951	3.611
2908.800	209.951	3.611
2909.000	209.951	3.611
2909.200	209.950	3.611
2909.400	209.950	3.611
2909.600	209.949	3.611
2909.800	209.951	3.611
2910.000	209.953	3.611
2910.200	209.953	3.611
2910.400	209.952	3.611
2910.600	209.952	3.611
2910.800	209.952	3.611
2911.000	209.953	3.611
2911.200	209.953	3.611
2911.400	209.952	3.611
2911.600	209.952	3.611
2911.800	209.952	3.611
2912.000	209.954	3.611
2912.200	209.952	3.611
2912.400	209.953	3.611
2912.600	209.952	3.611
2912.800	209.953	3.611
2913.000	209.951	3.611
2913.200	209.953	3.611
2913.400	209.952	3.611
2913.600	209.952	3.611
2913.800	209.953	3.611
2914.000	209.954	3.611
2914.200	209.953	3.611
2914.400	209.954	3.611
2914.600	209.954	3.611
2914.800	209.954	3.611
2915.000	209.953	3.611
2915.200	209.954	3.611
2915.400	209.955	3.611
2915.600	209.955	3.611
2915.800	209.953	3.611
2916.000	209.954	3.611
2916.200	209.955	3.611
2916.400	209.953	3.611
2916.600	209.953	3.611
2916.800	209.954	3.611
2917.000	209.953	3.611
2917.200	209.952	3.611
2917.400	209.952	3.611
2917.600	209.952	3.611
2917.800	209.952	3.611
2918.000	209.952	3.611
2918.200	209.953	3.612
2918.400	209.953	3.611
2918.600	209.952	3.612
2918.800	209.953	3.612
2919.000	209.953	3.612
2919.200	209.952	3.612
2919.400	209.950	3.612
2919.600	209.952	3.612
2919.800	209.951	3.612
2920.000	209.952	3.612
2920.200	209.953	3.612
2920.400	209.952	3.612
2920.600	209.951	3.612
2920.800	209.952	3.612
2921.000	209.953	3.612
2921.200	209.953	3.612
2921.400	209.955	3.612
2921.600	209.954	3.612
2921.800	209.954	3.612
2922.000	209.954	3.612
2922.200	209.952	3.612
2922.400	209.953	3.612
2922.600	209.954	3.612
2922.800	209.953	3.612
2923.000	209.954	3.612
2923.200	209.953	3.612
2923.400	209.952	3.612
2923.600	209.953	3.612
2923.800	209.954	3.612
2924.000	209.954	3.612
2924.200	209.954	3.612
2924.400	209.954	3.612
2924.600	209.954	3.612
2924.800	209.954	3.612
2925.000	209.954	3.612
2925.200	209.953	3.612
2925.400	209.953	3.612
2925.600	209.953	3.612
2925.800	209.954	3.612
2926.000	209.955	3.612
2926.200	209.953	3.612
2926.400	209.955	3.612
2926.600	209.954	3.612
2926.800	209.952	3.612
2927.000	209.952	3.612
2927.200	209.951	3.612
2927.400	209.952	3.612
2927.600	209.951	3.612
2927.800	209.952	3.612
2928.000	209.953	3.612
2928.200	209.952	3.612
2928.400	209.954	3.612
2928.600	209.954	3.612
2928.800	209.952	3.612
2929.000	209.953	3.612
2929.200	209.951	3.612
2929.400	209.953	3.612
2929.600	209.954	3.612
2929.800	209.951	3.612
2930.000	209.952	3.612
2930.200	209.952	3.612
2930.400	209.952	3.612
2930.600	209.951	3.612
2930.800	209.953	3.612
2931.000	209.953	3.612
2931.200	209.953	3.612
2931.400	209.951	3.612
2931.600	209.951	3.612
2931.800	209.952	3.612
2932.000	209.953	3.612
2932.200	209.953	3.612
2932.400	209.953	3.612
2932.600	209.953	3.612
2932.800	209.953	3.612
2933.000	209.952	3.612
2933.200	209.951	3.612
2933.400	209.952	3.612
2933.600	209.951	3.612
2933.800	209.952	3.612
2934.000	209.952	3.612
2934.200	209.952	3.612
2934.400	209.952	3.612
2934.600	209.951	3.612
2934.800	209.951	3.612
2935.000	209.952	3.612
2935.200	209.953	3.612
2935.400	209.954	3.612
2935.600	209.954	3.612
2935.800	209.953	3.612
2936.000	209.952	3.612
2936.200	209.953	3.612
2936.400	209.954	3.612
2936.600	209.953	3.612
2936.800	209.953	3.612
2937.000	209.954	3.612
2937.200	209.954	3.612
2937.400	209.954	3.612
2937.600	209.953	3.612
2937.800	209.953	3.612
2938.000	209.954	3.612
2938.200	209.952	3.612
2938.400	209.953	3.612
2938.600	209.954	3.612
2938.800	209.953	3.612
2939.000	209.953	3.612
2939.200	209.954	3.612
2939.400	209.952	3.612
2939.600	209.953	3.612
2939.800	209.953	3.612
2940.000	209.953	3.612
2940.200	209.953	3.612
2940.400	209.953	3.612
2940.600	209.952	3.612
2940.800	209.954	3.612
2941.000	209.953	3.612
2941.200	209.952	3.612
2941.400	209.955	3.612
2941.600	209.954	3.612
2941.800	209.954	3.612
2942.000	209.953	3.612
2942.200	209.953	3.612
2942.400	209.952	3.612
2942.600	209.952	3.612
2942.800	209.952	3.612
2943.000	209.954	3.612
2943.200	209.954	3.612
2943.400	209.953	3.612
2943.600	209.954	3.612
2943.800	209.950	3.612
2944.000	209.951	3.612
2944.200	209.952	3.612
2944.400	209.953	3.612
2944.600	209.952	3.612
2944.800	209.955	3.612
2945.000	209.954	3.612
2945.200	209.954	3.612
2945.400	209.953	3.612
2945.600	209.955	3.612
2945.800	209.954	3.612
2946.000	209.953	3.612
2946.200	209.955	3.612
2946.400	209.952	3.612
2946.600	209.953	3.612
2946.800	209.953	3.612
2947.000	209.954	3.612
2947.200	209.952	3.612
2947.400	209.954	3.612
2947.600	209.954	3.612
2947.800	209.954	3.612
2948.000	209.955	3.612
2948.200	209.954	3.612
2948.400	209.953	3.612
2948.600	209.953	3.612
2948.800	209.953	3.612
2949.000	209.953	3.612
2949.200	209.954	3.612
2949.400	209.953	3.612
2949.600	209.953	3.612
2949.800	209.953	3.612
2950.000	209.952	3.612
2950.200	209.952	3.612
2950.400	209.953	3.612
2950.600	209.952	3.612
2950.800	209.952	3.612
2951.000	209.952	3.612
2951.200	209.954	3.612
2951.400	209.953	3.612
2951.600	209.951	3.612
2951.800	209.951	3.612
2952.000	209.952	3.612
2952.200	209.954	3.612
2952.400	209.952	3.612
2952.600	209.952	3.612
2952.800	209.952	3.612
2953.000	209.952	3.612
2953.200	209.952	3.612
2953.400	209.953	3.612
2953.600	209.951	3.612
2953.800	209.952	3.612
2954.000	209.951	3.612
2954.200	209.952	3.612
2954.400	209.951	3.612
2954.600	209.949	3.612
2954.800	209.951	3.612
2955.000	209.951	3.612
2955.200	209.951	3.612
2955.400	209.951	3.612
2955.600	209.950	3.612
2955.800	209.951	3.612
2956.000	209.952	3.612
2956.200	209.950	3.612
2956.400	209.950	3.612
2956.600	209.950	3.612
2956.800	209.951	3.612
2957.000	209.951	3.612
2957.200	209.949	3.612
2957.400	209.952	3.612
2957.600	209.951	3.612
2957.800	209.952	3.612
2958.000	209.951	3.612
2958.200	209.952	3.612
2958.400	209.951	3.612
2958.600	209.953	3.612
2958.800	209.953	3.612
2959.000	209.952	3.612
2959.200	209.951	3.612
2959.400	209.953	3.612
2959.600	209.951	3.612
2959.800	209.953	3.612
2960.000	209.953	3.612
2960.200	209.952	3.612
2960.400	209.952	3.612
2960.600	209.952	3.612
2960.800	209.951	3.612
2961.000	209.950	3.612
2961.200	209.953	3.612
2961.400	209.953	3.612
2961.600	209.951	3.612
2961.800	209.952	3.612
2962.000	209.953	3.612
2962.200	209.951	3.612
2962.400	209.951	3.612
2962.600	209.952	3.612
2962.800	209.951	3.612
2963.000	209.951	3.612
2963.200	209.951	3.612
2963.400	209.952	3.612
2963.600	209.950	3.612
2963.800	209.950	3.612
2964.000	209.950	3.612
2964.200	209.951	3.612
2964.400	209.951	3.612
2964.600	209.952	3.612
2964.800	209.952	3.612
2965.000	209.952	3.612
2965.200	209.953	3.612
2965.400	209.954	3.612
2965.600	209.952	3.612
2965.800	209.953	3.612
2966.000	209.953	3.612
2966.200	209.954	3.612
2966.400	209.952	3.612
2966.600	209.952	3.612
2966.800	209.953	3.612
2967.000	209.952	3.612
2967.200	209.953	3.612
2967.400	209.952	3.612
2967.600	209.952	3.612
2967.800	209.953	3.612
2968.000	209.953	3.612
2968.200	209.952	3.612
2968.400	209.952	3.612
2968.600	209.952	3.612
2968.800	209.953	3.612
2969.000	209.953	3.612
2969.200	209.952	3.612
2969.400	209.951	3.612
2969.600	209.952	3.612
2969.800	209.952	3.612
2970.000	209.953	3.612
2970.200	209.950	3.612
2970.400	209.951	3.612
2970.600	209.951	3.612
2970.800	209.953	3.612
2971.000	209.953	3.612
2971.200	209.953	3.612
2971.400	209.955	3.612
2971.600	209.952	3.612
2971.800	209.952	3.612
2972.000	209.953	3.612
2972.200	209.953	3.612
2972.400	209.953	3.612
2972.600	209.952	3.612
2972.800	209.953	3.612
2973.000	209.953	3.612
2973.200	209.954	3.612
2973.400	209.954	3.612
2973.600	209.953	3.612
2973.800	209.951	3.612
2974.000	209.950	3.612
2974.200	209.951	3.612
2974.400	209.951	3.612
2974.600	209.951	3.612
2974.800	209.952	3.612
2975.000	209.950	3.612
2975.200	209.952	3.612
2975.400	209.952	3.612
2975.600	209.953	3.612
2975.800	209.953	3.612
2976.000	209.951	3.612
2976.200	209.953	3.612
2976.400	209.953	3.612
2976.600	209.953	3.612
2976.800	209.952	3.612
2977.000	209.952	3.612
2977.200	209.953	3.612
2977.400	209.951	3.612
2977.600	209.953	3.612
2977.800	209.950	3.612
2978.000	209.952	3.612
2978.200	209.953	3.612
2978.400	209.952	3.612
2978.600	209.953	3.612
2978.800	209.951	3.612
2979.000	209.951	3.612
2979.200	209.953	3.612
2979.400	209.951	3.612
2979.600	209.950	3.612
2979.800	209.950	3.612
2980.000	209.950	3.612
2980.200	209.952	3.612
2980.400	209.951	3.612
2980.600	209.952	3.612
2980.800	209.951	3.612
2981.000	209.951	3.612
2981.200	209.950	3.612
2981.400	209.953	3.612
2981.600	209.952	3.612
2981.800	209.952	3.612
2982.000	209.952	3.612
2982.200	209.951	3.612
2982.400	209.950	3.612
2982.600	209.950	3.612
2982.800	209.951	3.612
2983.000	209.952	3.612
2983.200	209.951	3.612
2983.400	209.950	3.612
2983.600	209.952	3.612
2983.800	209.951	3.613
2984.000	209.951	3.612
2984.200	209.951	3.612
2984.400	209.951	3.612
2984.600	209.952	3.612
2984.800	209.952	3.612
2985.000	209.951	3.612
2985.200	209.952	3.612
2985.400	209.952	3.612
2985.600	209.953	3.612
2985.800	209.952	3.612
2986.000	209.952	3.612
2986.200	209.953	3.612
2986.400	209.952	3.612
2986.600	209.951	3.612
2986.800	209.953	3.612
2987.000	209.952	3.612
2987.200	209.954	3.613
2987.400	209.954	3.613
2987.600	209.953	3.612
2987.800	209.952	3.612
2988.000	209.952	3.612
2988.200	209.951	3.612
2988.400	209.954	3.612
2988.600	209.952	3.613
2988.800	209.951	3.613
2989.000	209.953	3.613
2989.200	209.951	3.613
2989.400	209.952	3.613
2989.600	209.953	3.613
2989.800	209.954	3.613
2990.000	209.953	3.613
2990.200	209.954	3.613
2990.400	209.954	3.613
2990.600	209.954	3.613
2990.800	209.954	3.613
2991.000	209.954	3.613
2991.200	209.955	3.613
2991.400	209.954	3.613
2991.600	209.954	3.613
2991.800	209.954	3.613
2992.000	209.954	3.613
2992.200	209.954	3.613
2992.400	209.953	3.613
2992.600	209.953	3.613
2992.800	209.953	3.613
2993.000	209.954	3.613
2993.200	209.951	3.613
2993.400	209.952	3.613
2993.600	209.950	3.613
2993.800	209.953	3.613
2994.000	209.951	3.613
2994.200	209.952	3.613
2994.400	209.951	3.613
2994.600	209.953	3.613
2994.800	209.952	3.613
2995.000	209.952	3.613
2995.200	209.953	3.613
2995.400	209.952	3.613
2995.600	209.952	3.613
2995.800	209.952	3.613
2996.000	209.953	3.613
2996.200	209.951	3.613
2996.400	209.950	3.613
2996.600	209.952	3.613
2996.800	209.951	3.613
2997.000	209.951	3.613
2997.200	209.950	3.613
2997.400	209.952	3.613
2997.600	209.952	3.613
2997.800	209.951	3.613
2998.000	209.952	3.613
2998.200	209.952	3.613
2998.400	209.951	3.613
2998.600	209.950	3.613
2998.800	209.952	3.613
2999.000	209.953	3.613
2999.200	209.953	3.613
2999.400	209.951	3.613
2999.600	209.952	3.613
2999.800	209.951	3.613
3000.000	209.950	3.613
3000.200	209.952	3.613
3000.400	209.952	3.613
3000.600	209.954	3.613
3000.800	209.954	3.613
3001.000	209.954	3.613
3001.200	209.953	3.613
3001.400	209.953	3.613
3001.600	209.950	3.613
3001.800	209.952	3.613
3002.000	209.951	3.613
3002.200	209.952	3.613
3002.400	209.952	3.613
3002.600	209.952	3.613
3002.800	209.954	3.613
3003.000	209.953	3.613
3003.200	209.951	3.613
3003.400	209.951	3.613
3003.600	209.951	3.613
3003.800	209.953	3.613
3004.000	209.953	3.613
3004.200	209.952	3.613
3004.400	209.953	3.613
3004.600	209.951	3.613
3004.800	209.951	3.613
3005.000	209.952	3.613
3005.200	209.950	3.613
3005.400	209.952	3.613
3005.600	209.952	3.613
3005.800	209.951	3.613
3006.000	209.952	3.613
3006.200	209.952	3.613
3006.400	209.952	3.613
3006.600	209.951	3.613
3006.800	209.953	3.613
3007.000	209.952	3.613
3007.200	209.952	3.613
3007.400	209.952	3.613
3007.600	209.952	3.613
3007.800	209.952	3.613
3008.000	209.952	3.613
3008.200	209.951	3.613
3008.400	209.951	3.613
3008.600	209.951	3.613
3008.800	209.950	3.613
3009.000	209.953	3.613
3009.200	209.951	3.613
3009.400	209.951	3.613
3009.600	209.950	3.613
3009.800	209.951	3.613
3010.000	209.951	3.613
3010.200	209.949	3.613
3010.400	209.951	3.613
3010.600	209.951	3.613
3010.800	209.951	3.613
3011.000	209.952	3.613
3011.200	209.951	3.613
3011.400	209.952	3.613
3011.600	209.952	3.613
3011.800	209.952	3.613
3012.000	209.952	3.613
3012.200	209.953	3.613
3012.400	209.952	3.613
3012.600	209.952	3.613
3012.800	209.952	3.613
3013.000	209.953	3.613
3013.200	209.951	3.613
3013.400	209.953	3.613
3013.600	209.952	3.613
3013.800	209.952	3.613
3014.000	209.951	3.613
3014.200	209.952	3.613
3014.400	209.951	3.613
3014.600	209.953	3.613
3014.800	209.952	3.613
3015.000	209.953	3.613
3015.200	209.952	3.613
3015.400	209.951	3.613
3015.600	209.952	3.613
3015.800	209.952	3.613
3016.000	209.951	3.613
3016.200	209.951	3.613
3016.400	209.953	3.613
3016.600	209.950	3.613
3016.800	209.951	3.613
3017.000	209.950	3.613
3017.200	209.952	3.613
3017.400	209.951	3.613
3017.600	209.952	3.613
3017.800	209.952	3.613
3018.000	209.952	3.613
3018.200	209.951	3.613
3018.400	209.952	3.613
3018.600	209.952	3.613
3018.800	209.950	3.613
3019.000	209.950	3.613
3019.200	209.950	3.613
3019.400	209.950	3.613
3019.600	209.952	3.613
3019.800	209.951	3.613
3020.000	209.951	3.613
3020.200	209.952	3.613
3020.400	209.951	3.613
3020.600	209.951	3.613
3020.800	209.949	3.613
3021.000	209.950	3.613
3021.200	209.951	3.613
3021.400	209.949	3.613
3021.600	209.948	3.613
3021.800	209.950	3.613
3022.000	209.949	3.613
3022.200	209.949	3.613
3022.400	209.949	3.613
3022.600	209.950	3.613
3022.800	209.949	3.613
3023.000	209.949	3.613
3023.200	209.949	3.613
3023.400	209.949	3.613
3023.600	209.949	3.613
3023.800	209.949	3.613
3024.000	209.950	3.613
3024.200	209.949	3.613
3024.400	209.951	3.613
3024.600	209.950	3.613
3024.800	209.951	3.613
3025.000	209.950	3.613
3025.200	209.949	3.613
3025.400	209.952	3.613
3025.600	209.951	3.613
3025.800	209.950	3.613
3026.000	209.950	3.613
3026.200	209.952	3.613
3026.400	209.952	3.613
3026.600	209.950	3.613
3026.800	209.951	3.613
3027.000	209.951	3.613
3027.200	209.951	3.613
3027.400	209.950	3.613
3027.600	209.950	3.613
3027.800	209.950	3.613
3028.000	209.952	3.613
3028.200	209.951	3.613
3028.400	209.949	3.613
3028.600	209.950	3.613
3028.800	209.949	3.613
3029.000	209.950	3.613
3029.200	209.949	3.613
3029.400	209.949	3.613
3029.600	209.948	3.613
3029.800	209.949	3.613
3030.000	209.949	3.613
3030.200	209.949	3.613
3030.400	209.950	3.613
3030.600	209.949	3.613
3030.800	209.949	3.613
3031.000	209.951	3.613
3031.200	209.949	3.613
3031.400	209.951	3.613
3031.600	209.950	3.613
3031.800	209.952	3.613
3032.000	209.950	3.613
3032.200	209.950	3.613
3032.400	209.951	3.613
3032.600	209.953	3.613
3032.800	209.951	3.613
3033.000	209.950	3.613
3033.200	209.950	3.613
3033.400	209.951	3.613
3033.600	209.950	3.613
3033.800	209.949	3.613
3034.000	209.950	3.613
3034.200	209.949	3.613
3034.400	209.952	3.613
3034.600	209.951	3.613
3034.800	209.950	3.613
3035.000	209.952	3.613
3035.200	209.951	3.613
3035.400	209.950	3.613
3035.600	209.952	3.613
3035.800	209.951	3.613
3036.000	209.952	3.613
3036.200	209.953	3.613
3036.400	209.954	3.613
3036.600	209.953	3.613
3036.800	209.952	3.613
3037.000	209.950	3.613
3037.200	209.952	3.613
3037.400	209.951	3.613
3037.600	209.951	3.613
3037.800	209.951	3.613
3038.000	209.953	3.613
3038.200	209.951	3.613
3038.400	209.951	3.613
3038.600	209.949	3.613
3038.800	209.950	3.613
3039.000	209.950	3.613
3039.200	209.951	3.613
3039.400	209.951	3.613
3039.600	209.950	3.613
3039.800	209.951	3.613
3040.000	209.949	3.613
3040.200	209.950	3.613
3040.400	209.949	3.613
3040.600	209.950	3.613
3040.800	209.950	3.613
3041.000	209.949	3.613
3041.200	209.950	3.613
3041.400	209.950	3.613
3041.600	209.951	3.613
3041.800	209.950	3.613
3042.000	209.951	3.613
3042.200	209.950	3.613
3042.400	209.952	3.613
3042.600	209.951	3.613
3042.800	209.950	3.613
3043.000	209.950	3.613
3043.200	209.951	3.613
3043.400	209.948	3.613
3043.600	209.950	3.613
3043.800	209.951	3.613
3044.000	209.950	3.613
3044.200	209.950	3.613
3044.400	209.951	3.613
3044.600	209.951	3.613
3044.800	209.949	3.613
3045.000	209.949	3.613
3045.200	209.951	3.613
3045.400	209.950	3.613
3045.600	209.951	3.613
3045.800	209.951	3.613
3046.000	209.951	3.613
3046.200	209.950	3.613
3046.400	209.950	3.613
3046.600	209.950	3.613
3046.800	209.950	3.613
3047.000	209.951	3.613
3047.200	209.950	3.613
3047.400	209.950	3.613
3047.600	209.951	3.613
3047.800	209.949	3.613
3048.000	209.949	3.613
3048.200	209.950	3.613
3048.400	209.949	3.613
3048.600	209.948	3.613
3048.800	209.951	3.613
3049.000	209.949	3.613
3049.200	209.950	3.613
3049.400	209.950	3.613
3049.600	209.949	3.613
3049.800	209.948	3.613
3050.000	209.949	3.613
3050.200	209.951	3.613
3050.400	209.950	3.613
3050.600	209.950	3.613
3050.800	209.950	3.613
3051.000	209.950	3.613
3051.200	209.948	3.613
3051.400	209.949	3.613
3051.600	209.948	3.613
3051.800	209.948	3.613
3052.000	209.950	3.613
3052.200	209.951	3.613
3052.400	209.950	3.613
3052.600	209.951	3.613
3052.800	209.950	3.613
3053.000	209.950	3.613
3053.200	209.950	3.613
3053.400	209.950	3.613
3053.600	209.950	3.613
3053.800	209.951	3.613
3054.000	209.950	3.613
3054.200	209.951	3.613
3054.400	209.949	3.613
3054.600	209.950	3.613
3054.800	209.950	3.613
3055.000	209.950	3.614
3055.200	209.949	3.614
3055.400	209.949	3.613
3055.600	209.949	3.613
3055.800	209.951	3.614
3056.000	209.951	3.614
3056.200	209.951	3.614
3056.400	209.950	3.614
3056.600	209.950	3.614
3056.800	209.948	3.614
3057.000	209.949	3.614
3057.200	209.950	3.614
3057.400	209.950	3.614
3057.600	209.950	3.614
3057.800	209.951	3.614
3058.000	209.950	3.614
3058.200	209.950	3.613
3058.400	209.950	3.614
3058.600	209.948	3.614
3058.800	209.950	3.614
3059.000	209.949	3.614
3059.200	209.948	3.614
3059.400	209.950	3.614
3059.600	209.950	3.614
3059.800	209.952	3.614
3060.000	209.950	3.614
3060.200	209.951	3.614
3060.400	209.951	3.614
3060.600	209.951	3.614
3060.800	209.952	3.614
3061.000	209.952	3.614
3061.200	209.951	3.614
3061.400	209.952	3.614
3061.600	209.951	3.614
3061.800	209.951	3.614
3062.000	209.950	3.614
3062.200	209.951	3.614
3062.400	209.951	3.614
3062.600	209.952	3.614
3062.800	209.950	3.614
3063.000	209.953	3.614
3063.200	209.950	3.614
3063.400	209.951	3.614
3063.600	209.952	3.614
3063.800	209.953	3.614
3064.000	209.952	3.614
3064.200	209.953	3.614
3064.400	209.953	3.614
3064.600	209.953	3.614
3064.800	209.953	3.614
3065.000	209.953	3.614
3065.200	209.954	3.614
3065.400	209.954	3.614
3065.600	209.953	3.614
3065.800	209.952	3.614
3066.000	209.951	3.614
3066.200	209.953	3.614
3066.400	209.953	3.614
3066.600	209.953	3.614
3066.800	209.953	3.614
3067.000	209.953	3.614
3067.200	209.952	3.614
3067.400	209.955	3.614
3067.600	209.953	3.614
3067.800	209.953	3.614
3068.000	209.952	3.614
3068.200	209.954	3.614
3068.400	209.954	3.614
3068.600	209.952	3.614
3068.800	209.954	3.614
3069.000	209.953	3.614
3069.200	209.951	3.614
3069.400	209.951	3.614
3069.600	209.950	3.614
3069.800	209.951	3.614
3070.000	209.950	3.614
3070.200	209.951	3.614
3070.400	209.952	3.614
3070.600	209.953	3.614
3070.800	209.953	3.614
3071.000	209.954	3.614
3071.200	209.954	3.614
3071.400	209.954	3.614
3071.600	209.953	3.614
3071.800	209.953	3.614
3072.000	209.952	3.614
3072.200	209.954	3.614
3072.400	209.954	3.614
3072.600	209.954	3.614
3072.800	209.953	3.614
3073.000	209.955	3.614
3073.200	209.953	3.614
3073.400	209.955	3.614
3073.600	209.956	3.614
3073.800	209.955	3.614
3074.000	209.957	3.614
3074.200	209.957	3.614
3074.400	209.957	3.614
3074.600	209.958	3.614
3074.800	209.957	3.614
3075.000	209.958	3.614
3075.200	209.955	3.614
3075.400	209.956	3.614
3075.600	209.956	3.614
3075.800	209.954	3.614
3076.000	209.956	3.614
3076.200	209.955	3.614
3076.400	209.956	3.614
3076.600	209.954	3.614
3076.800	209.954	3.614
3077.000	209.955	3.614
3077.200	209.954	3.614
3077.400	209.953	3.614
3077.600	209.952	3.614
3077.800	209.952	3.614
3078.000	209.951	3.614
3078.200	209.952	3.614
3078.400	209.953	3.614
3078.600	209.952	3.614
3078.800	209.952	3.614
3079.000	209.954	3.614
3079.200	209.954	3.614
3079.400	209.954	3.614
3079.600	209.954	3.614
3079.800	209.952	3.614
3080.000	209.953	3.614
3080.200	209.953	3.614
3080.400	209.953	3.614
3080.600	209.953	3.614
3080.800	209.952	3.614
3081.000	209.954	3.614
3081.200	209.952	3.614
3081.400	209.953	3.614
3081.600	209.953	3.614
3081.800	209.952	3.614
3082.000	209.953	3.614
3082.200	209.952	3.614
3082.400	209.953	3.614
3082.600	209.953	3.614
3082.800	209.952	3.614
3083.000	209.950	3.614
3083.200	209.953	3.614
3083.400	209.953	3.614
3083.600	209.954	3.614
3083.800	209.953	3.614
3084.000	209.953	3.614
3084.200	209.952	3.614
3084.400	209.953	3.614
3084.600	209.956	3.614
3084.800	209.954	3.614
3085.000	209.953	3.614
3085.200	209.953	3.614
3085.400	209.953	3.614
3085.600	209.953	3.614
3085.800	209.953	3.614
3086.000	209.954	3.614
3086.200	209.954	3.614
3086.400	209.953	3.614
3086.600	209.955	3.614
3086.800	209.954	3.614
3087.000	209.953	3.614
3087.200	209.954	3.614
3087.400	209.955	3.614
3087.600	209.954	3.614
3087.800	209.954	3.614
3088.000	209.955	3.614
3088.200	209.955	3.614
3088.400	209.954	3.614
3088.600	209.955	3.614
3088.800	209.953	3.614
3089.000	209.954	3.614
3089.200	209.953	3.614
3089.400	209.954	3.614
3089.600	209.953	3.614
3089.800	209.954	3.614
3090.000	209.955	3.614
3090.200	209.955	3.614
3090.400	209.955	3.614
3090.600	209.955	3.614
3090.800	209.954	3.614
3091.000	209.954	3.614
3091.200	209.954	3.614
3091.400	209.952	3.614
3091.600	209.954	3.614
3091.800	209.952	3.614
3092.000	209.952	3.614
3092.200	209.953	3.614
3092.400	209.952	3.614
3092.600	209.952	3.614
3092.800	209.951	3.614
3093.000	209.953	3.614
3093.200	209.953	3.614
3093.400	209.953	3.614
3093.600	209.952	3.614
3093.800	209.953	3.614
3094.000	209.952	3.614
3094.200	209.953	3.614
3094.400	209.954	3.614
3094.600	209.953	3.614
3094.800	209.951	3.614
3095.000	209.955	3.614
3095.200	209.952	3.614
3095.400	209.951	3.614
3095.600	209.953	3.614
3095.800	209.952	3.614
3096.000	209.954	3.614
3096.200	209.952	3.614
3096.400	209.951	3.614
3096.600	209.952	3.614
3096.800	209.952	3.614
3097.000	209.953	3.614
3097.200	209.953	3.614
3097.400	209.953	3.614
3097.600	209.955	3.614
3097.800	209.954	3.614
3098.000	209.952	3.614
3098.200	209.954	3.614
3098.400	209.954	3.614
3098.600	209.952	3.614
3098.800	209.952	3.614
3099.000	209.952	3.614
3099.200	209.951	3.614
3099.400	209.950	3.614
3099.600	209.952	3.614
3099.800	209.954	3.614
3100.000	209.952	3.614
3100.200	209.952	3.614
3100.400	209.953	3.614
3100.600	209.953	3.614
3100.800	209.955	3.614
3101.000	209.953	3.614
3101.200	209.954	3.614
3101.400	209.953	3.614
3101.600	209.950	3.614
3101.800	209.951	3.614
3102.000	209.952	3.614
3102.200	209.951	3.614
3102.400	209.949	3.614
3102.600	209.949	3.614
3102.800	209.950	3.614
3103.000	209.949	3.614
3103.200	209.950	3.614
3103.400	209.950	3.614
3103.600	209.950	3.614
3103.800	209.952	3.614
3104.000	209.950	3.614
3104.200	209.950	3.614
3104.400	209.950	3.614
3104.600	209.951	3.614
3104.800	209.950	3.614
3105.000	209.951	3.614
3105.200	209.952	3.614
3105.400	209.952	3.614
3105.600	209.949	3.614
3105.800	209.950	3.614
3106.000	209.951	3.614
3106.200	209.951	3.614
3106.400	209.951	3.614
3106.600	209.951	3.614
3106.800	209.950	3.614
3107.000	209.951	3.614
3107.200	209.952	3.614
3107.400	209.952	3.614
3107.600	209.952	3.614
3107.800	209.953	3.614
3108.000	209.952	3.614
3108.200	209.953	3.614
3108.400	209.952	3.614
3108.600	209.952	3.614
3108.800	209.952	3.614
3109.000	209.952	3.614
3109.200	209.952	3.614
3109.400	209.951	3.614
3109.600	209.952	3.614
3109.800	209.950	3.614
3110.000	209.949	3.614
3110.200	209.950	3.614
3110.400	209.950	3.614
3110.600	209.951	3.614
3110.800	209.951	3.614
3111.000	209.951	3.614
3111.200	209.951	3.614
3111.400	209.950	3.614
3111.600	209.951	3.614
3111.800	209.950	3.614
3112.000	209.952	3.614
3112.200	209.951	3.614
3112.400	209.952	3.614
3112.600	209.953	3.614
3112.800	209.951	3.614
3113.000	209.951	3.614
3113.200	209.950	3.614
3113.400	209.951	3.614
3113.600	209.952	3.614
3113.800	209.952	3.614
3114.000	209.952	3.614
3114.200	209.952	3.614
3114.400	209.951	3.614
3114.600	209.950	3.614
3114.800	209.950	3.614
3115.000	209.952	3.614
3115.200	209.951	3.614
3115.400	209.951	3.614
3115.600	209.951	3.614
3115.800	209.952	3.614
3116.000	209.951	3.614
3116.200	209.953	3.614
3116.400	209.951	3.614
3116.600	209.952	3.614
3116.800	209.951	3.614
3117.000	209.950	3.614
3117.200	209.951	3.614
3117.400	209.951	3.614
3117.600	209.952	3.614
3117.800	209.951	3.614
3118.000	209.949	3.614
3118.200	209.950	3.614
3118.400	209.951	3.614
3118.600	209.950	3.614
3118.800	209.951	3.614
3119.000	209.950	3.614
3119.200	209.952	3.614
3119.400	209.952	3.614
3119.600	209.951	3.614
3119.800	209.949	3.614
3120.000	209.950	3.614
3120.200	209.949	3.614
3120.400	209.951	3.614
3120.600	209.951	3.614
3120.800	209.949	3.614
3121.000	209.949	3.614
3121.200	209.949	3.614
3121.400	209.950	3.614
3121.600	209.950	3.614
3121.800	209.950	3.614
3122.000	209.950	3.614
3122.200	209.952	3.614
3122.400	209.951	3.614
3122.600	209.951	3.614
3122.800	209.949	3.614
3123.000	209.949	3.614
3123.200	209.950	3.614
3123.400	209.950	3.614
3123.600	209.950	3.614
3123.800	209.950	3.614
3124.000	209.951	3.614
3124.200	209.951	3.614
3124.400	209.950	3.614
3124.600	209.949	3.614
3124.800	209.950	3.614
3125.000	209.951	3.614
3125.200	209.951	3.614
3125.400	209.950	3.614
3125.600	209.951	3.614
3125.800	209.952	3.614
3126.000	209.953	3.614
3126.200	209.953	3.614
3126.400	209.952	3.614
3126.600	209.953	3.614
3126.800	209.951	3.614
3127.000	209.951	3.614
3127.200	209.950	3.614
3127.400	209.951	3.614
3127.600	209.952	3.614
3127.800	209.954	3.614
3128.000	209.954	3.614
3128.200	209.952	3.614
3128.400	209.952	3.614
3128.600	209.952	3.614
3128.800	209.950	3.614
3129.000	209.950	3.614
3129.200	209.951	3.614
3129.400	209.950	3.614
3129.600	209.950	3.614
3129.800	209.950	3.614
3130.000	209.950	3.614
3130.200	209.951	3.614
3130.400	209.950	3.614
3130.600	209.949	3.614
3130.800	209.950	3.614
3131.000	209.950	3.614
3131.200	209.949	3.614
3131.400	209.949	3.614
3131.600	209.948	3.614
3131.800	209.950	3.614
3132.000	209.951	3.614
3132.200	209.951	3.614
3132.400	209.951	3.614
3132.600	209.949	3.614
3132.800	209.951	3.614
3133.000	209.949	3.614
3133.200	209.950	3.614
3133.400	209.951	3.614
3133.600	209.951	3.614
3133.800	209.950	3.614
3134.000	209.950	3.614
3134.200	209.950	3.614
3134.400	209.950	3.615
3134.600	209.949	3.615
3134.800	209.950	3.615
3135.000	209.950	3.615
3135.200	209.951	3.615
3135.400	209.951	3.615
3135.600	209.952	3.615
3135.800	209.952	3.615
3136.000	209.952	3.615
3136.200	209.951	3.615
3136.400	209.951	3.615
3136.600	209.950	3.614
3136.800	209.950	3.615
3137.000	209.950	3.615
3137.200	209.950	3.615
3137.400	209.950	3.615
3137.600	209.949	3.615
3137.800	209.950	3.615
3138.000	209.951	3.615
3138.200	209.950	3.615
3138.400	209.950	3.615
3138.600	209.950	3.615
3138.800	209.951	3.615
3139.000	209.952	3.615
3139.200	209.950	3.615
3139.400	209.950	3.615
3139.600	209.950	3.615
3139.800	209.950	3.615
3140.000	209.948	3.615
3140.200	209.952	3.615
3140.400	209.951	3.615
3140.600	209.950	3.615
3140.800	209.948	3.615
3141.000	209.951	3.615
3141.200	209.950	3.615
3141.400	209.947	3.615
3141.600	209.948	3.615
3141.800	209.948	3.615
3142.000	209.950	3.615
3142.200	209.949	3.615
3142.400	209.949	3.615
3142.600	209.949	3.615
3142.800	209.950	3.615
3143.000	209.951	3.615
3143.200	209.951	3.615
3143.400	209.952	3.615
3143.600	209.950	3.615
3143.800	209.948	3.615
3144.000	209.950	3.615
3144.200	209.950	3.615
3144.400	209.951	3.615
3144.600	209.951	3.615
3144.800	209.951	3.615
3145.000	209.950	3.615
3145.200	209.951	3.615
3145.400	209.951	3.615
3145.600	209.951	3.615
3145.800	209.952	3.615
3146.000	209.951	3.615
3146.200	209.952	3.615
3146.400	209.951	3.615
3146.600	209.952	3.615
3146.800	209.952	3.615
3147.000	209.953	3.615
3147.200	209.952	3.615
3147.400	209.952	3.615
3147.600	209.952	3.615
3147.800	209.951	3.615
3148.000	209.951	3.615
3148.200	209.953	3.615
3148.400	209.953	3.615
3148.600	209.953	3.615
3148.800	209.953	3.615
3149.000	209.952	3.615
3149.200	209.953	3.615
3149.400	209.951	3.615
3149.600	209.951	3.615
3149.800	209.951	3.615
3150.000	209.951	3.615
3150.200	209.950	3.615
3150.400	209.950	3.615
3150.600	209.951	3.615
3150.800	209.951	3.615
3151.000	209.950	3.615
3151.200	209.950	3.615
3151.400	209.951	3.615
3151.600	209.951	3.615
3151.800	209.951	3.615
3152.000	209.949	3.615
3152.200	209.949	3.615
3152.400	209.951	3.615
3152.600	209.950	3.615
3152.800	209.951	3.615
3153.000	209.948	3.615
3153.200	209.949	3.615
3153.400	209.949	3.615
3153.600	209.947	3.615
3153.800	209.949	3.615
3154.000	209.949	3.615
3154.200	209.950	3.615
3154.400	209.950	3.615
3154.600	209.949	3.615
3154.800	209.951	3.615
3155.000	209.951	3.615
3155.200	209.951	3.615
3155.400	209.952	3.615
3155.600	209.950	3.615
3155.800	209.950	3.615
3156.000	209.951	3.615
3156.200	209.949	3.615
3156.400	209.948	3.615
3156.600	209.949	3.615
3156.800	209.950	3.615
3157.000	209.950	3.615
3157.200	209.948	3.615
3157.400	209.948	3.615
3157.600	209.948	3.615
3157.800	209.949	3.615
3158.000	209.950	3.615
3158.200	209.951	3.615
3158.400	209.948	3.615
3158.600	209.949	3.615
3158.800	209.949	3.615
3159.000	209.949	3.615
3159.200	209.948	3.615
3159.400	209.951	3.615
3159.600	209.949	3.615
3159.800	209.949	3.615
3160.000	209.951	3.615
3160.200	209.951	3.615
3160.400	209.951	3.615
3160.600	209.950	3.615
3160.800	209.950	3.615
3161.000	209.950	3.615
3161.200	209.950	3.615
3161.400	209.949	3.615
3161.600	209.951	3.615
3161.800	209.951	3.615
3162.000	209.948	3.615
3162.200	209.948	3.615
3162.400	209.950	3.615
3162.600	209.951	3.615
3162.800	209.951	3.615
3163.000	209.952	3.615
3163.200	209.950	3.615
3163.400	209.951	3.615
3163.600	209.950	3.615
3163.800	209.949	3.615
3164.000	209.949	3.615
3164.200	209.949	3.615
3164.400	209.951	3.615
3164.600	209.951	3.615
3164.800	209.951	3.615
3165.000	209.950	3.615
3165.200	209.951	3.615
3165.400	209.949	3.615
3165.600	209.951	3.615
3165.800	209.950	3.615
3166.000	209.951	3.615
3166.200	209.950	3.615
3166.400	209.952	3.615
3166.600	209.952	3.615
3166.800	209.951	3.615
3167.000	209.951	3.615
3167.200	209.952	3.615
3167.400	209.950	3.615
3167.600	209.951	3.615
3167.800	209.951	3.615
3168.000	209.952	3.615
3168.200	209.951	3.615
3168.400	209.952	3.615
3168.600	209.951	3.615
3168.800	209.952	3.615
3169.000	209.951	3.615
3169.200	209.951	3.615
3169.400	209.952	3.615
3169.600	209.952	3.615
3169.800	209.950	3.615
3170.000	209.951	3.615
3170.200	209.952	3.615
3170.400	209.952	3.615
3170.600	209.950	3.615
3170.800	209.951	3.615
3171.000	209.951	3.615
3171.200	209.952	3.615
3171.400	209.951	3.615
3171.600	209.949	3.615
3171.800	209.950	3.615
3172.000	209.950	3.615
3172.200	209.950	3.615
3172.400	209.949	3.615
3172.600	209.950	3.615
3172.800	209.952	3.615
3173.000	209.951	3.615
3173.200	209.951	3.615
3173.400	209.951	3.615
3173.600	209.950	3.615
3173.800	209.952	3.615
3174.000	209.951	3.615
3174.200	209.949	3.615
3174.400	209.951	3.615
3174.600	209.950	3.615
3174.800	209.951	3.615
3175.000	209.949	3.615
3175.200	209.949	3.615
3175.400	209.950	3.615
3175.600	209.951	3.615
3175.800	209.950	3.615
3176.000	209.951	3.615
3176.200	209.951	3.615
3176.400	209.951	3.615
3176.600	209.952	3.615
3176.800	209.952	3.615
3177.000	209.951	3.615
3177.200	209.950	3.615
3177.400	209.952	3.615
3177.600	209.951	3.615
3177.800	209.953	3.615
3178.000	209.951	3.615
3178.200	209.951	3.615
3178.400	209.950	3.615
3178.600	209.951	3.615
3178.800	209.950	3.615
3179.000	209.949	3.615
3179.200	209.950	3.615
3179.400	209.951	3.615
3179.600	209.948	3.615
3179.800	209.949	3.615
3180.000	209.951	3.615
3180.200	209.950	3.615
3180.400	209.950	3.615
3180.600	209.949	3.615
3180.800	209.950	3.615
3181.000	209.952	3.615
3181.200	209.950	3.615
3181.400	209.949	3.615
3181.600	209.949	3.615
3181.800	209.951	3.615
3182.000	209.950	3.615
3182.200	209.950	3.615
3182.400	209.949	3.615
3182.600	209.949	3.615
3182.800	209.951	3.615
3183.000	209.950	3.615
3183.200	209.949	3.615
3183.400	209.950	3.615
3183.600	209.951	3.615
3183.800	209.950	3.615
3184.000	209.950	3.615
3184.200	209.952	3.615
3184.400	209.952	3.615
3184.600	209.950	3.615
3184.800	209.950	3.615
3185.000	209.947	3.615
3185.200	209.951	3.615
3185.400	209.949	3.615
3185.600	209.952	3.615
3185.800	209.951	3.615
3186.000	209.950	3.615
3186.200	209.951	3.615
3186.400	209.951	3.615
3186.600	209.949	3.615
3186.800	209.950	3.615
3187.000	209.951	3.615
3187.200	209.950	3.615
3187.400	209.950	3.615
3187.600	209.952	3.615
3187.800	209.951	3.615
3188.000	209.951	3.615
3188.200	209.949	3.615
3188.400	209.951	3.615
3188.600	209.951	3.615
3188.800	209.951	3.615
3189.000	209.951	3.615
3189.200	209.950	3.615
3189.400	209.950	3.615
3189.600	209.949	3.615
3189.800	209.948	3.615
3190.000	209.950	3.615
3190.200	209.951	3.615
3190.400	209.951	3.615
3190.600	209.951	3.615
3190.800	209.952	3.615
3191.000	209.953	3.615
3191.200	209.953	3.615
3191.400	209.952	3.615
3191.600	209.952	3.615
3191.800	209.953	3.615
3192.000	209.953	3.615
3192.200	209.951	3.615
3192.400	209.951	3.615
3192.600	209.953	3.615
3192.800	209.950	3.615
3193.000	209.950	3.615
3193.200	209.951	3.615
3193.400	209.953	3.615
3193.600	209.951	3.615
3193.800	209.951	3.615
3194.000	209.951	3.615
3194.200	209.951	3.615
3194.400	209.951	3.615
3194.600	209.949	3.615
3194.800	209.953	3.615
3195.000	209.951	3.615
3195.200	209.950	3.615
3195.400	209.951	3.615
3195.600	209.951	3.615
3195.800	209.951	3.615
3196.000	209.951	3.615
3196.200	209.952	3.615
3196.400	209.952	3.615
3196.600	209.952	3.615
3196.800	209.950	3.615
3197.000	209.951	3.615
3197.200	209.951	3.615
3197.400	209.951	3.615
3197.600	209.952	3.615
3197.800	209.952	3.615
3198.000	209.950	3.615
3198.200	209.951	3.615
3198.400	209.950	3.615
3198.600	209.952	3.615
3198.800	209.952	3.615
3199.000	209.951	3.615
3199.200	209.952	3.615
3199.400	209.952	3.615
3199.600	209.952	3.616
3199.800	209.951	3.615
3200.000	209.951	3.615
3200.200	209.951	3.616
3200.400	209.952	3.615
3200.600	209.952	3.615
3200.800	209.948	3.615
3201.000	209.950	3.615
3201.200	209.950	3.615
3201.400	209.950	3.616
3201.600	209.950	3.616
3201.800	209.950	3.615
3202.000	209.952	3.616
3202.200	209.952	3.616
3202.400	209.951	3.616
3202.600	209.952	3.616
3202.800	209.950	3.616
3203.000	209.950	3.616
3203.200	209.951	3.616
3203.400	209.952	3.616
3203.600	209.952	3.616
3203.800	209.954	3.616
3204.000	209.954	3.616
3204.200	209.955	3.616
3204.400	209.954	3.616
3204.600	209.953	3.616
3204.800	209.953	3.616
3205.000	209.954	3.616
3205.200	209.953	3.616
3205.400	209.952	3.616
3205.600	209.953	3.616
3205.800	209.951	3.616
3206.000	209.953	3.616
3206.200	209.952	3.616
3206.400	209.952	3.616
3206.600	209.952	3.616
3206.800	209.952	3.616
3207.000	209.953	3.616
3207.200	209.954	3.616
3207.400	209.954	3.616
3207.600	209.954	3.616
3207.800	209.953	3.616
3208.000	209.952	3.616
3208.200	209.952	3.616
3208.400	209.953	3.616
3208.600	209.955	3.616
3208.800	209.953	3.616
3209.000	209.952	3.616
3209.200	209.953	3.616
3209.400	209.955	3.616
3209.600	209.953	3.616
3209.800	209.955	3.616
3210.000	209.954	3.616
3210.200	209.954	3.616
3210.400	209.955	3.616
3210.600	209.955	3.616
3210.800	209.954	3.616
3211.000	209.955	3.616
3211.200	209.953	3.616
3211.400	209.954	3.616
3211.600	209.953	3.616
3211.800	209.956	3.616
3212.000	209.956	3.616
3212.200	209.953	3.616
3212.400	209.955	3.616
3212.600	209.954	3.616
3212.800	209.954	3.616
3213.000	209.952	3.616
3213.200	209.952	3.616
3213.400	209.953	3.616
3213.600	209.954	3.616
3213.800	209.954	3.616
3214.000	209.953	3.616
3214.200	209.953	3.616
3214.400	209.951	3.616
3214.600	209.953	3.616
3214.800	209.953	3.616
3215.000	209.953	3.616
3215.200	209.953	3.616
3215.400	209.954	3.616
3215.600	209.953	3.616
3215.800	209.952	3.616
3216.000	209.954	3.616
3216.200	209.952	3.616
3216.400	209.953	3.616
3216.600	209.953	3.616
3216.800	209.955	3.616
3217.000	209.953	3.616
3217.200	209.955	3.616
3217.400	209.953	3.616
3217.600	209.953	3.616
3217.800	209.952	3.616
3218.000	209.951	3.616
3218.200	209.953	3.616
3218.400	209.953	3.616
3218.600	209.953	3.616
3218.800	209.954	3.616
3219.000	209.952	3.616
3219.200	209.952	3.616
3219.400	209.952	3.616
3219.600	209.953	3.616
3219.800	209.951	3.616
3220.000	209.952	3.616
3220.200	209.950	3.616
3220.400	209.952	3.616
3220.600	209.953	3.616
3220.800	209.953	3.616
3221.000	209.951	3.616
3221.200	209.951	3.616
3221.400	209.952	3.616
3221.600	209.952	3.616
3221.800	209.951	3.616
3222.000	209.952	3.616
3222.200	209.952	3.616
3222.400	209.953	3.616
3222.600	209.952	3.616
3222.800	209.951	3.616
3223.000	209.952	3.616
3223.200	209.952	3.616
3223.400	209.950	3.616
3223.600	209.951	3.616
3223.800	209.952	3.616
3224.000	209.953	3.616
3224.200	209.953	3.616
3224.400	209.952	3.616
3224.600	209.950	3.616
3224.800	209.951	3.616
3225.000	209.952	3.616
3225.200	209.953	3.616
3225.400	209.954	3.616
3225.600	209.951	3.616
3225.800	209.952	3.616
3226.000	209.952	3.616
3226.200	209.951	3.616
3226.400	209.952	3.616
3226.600	209.954	3.616
3226.800	209.953	3.616
3227.000	209.953	3.616
3227.200	209.952	3.616
3227.400	209.951	3.616
3227.600	209.953	3.616
3227.800	209.953	3.616
3228.000	209.952	3.616
3228.200	209.952	3.616
3228.400	209.951	3.616
3228.600	209.953	3.616
3228.800	209.952	3.616
3229.000	209.951	3.616
3229.200	209.951	3.616
3229.400	209.953	3.616
3229.600	209.953	3.616
3229.800	209.952	3.616
3230.000	209.952	3.616
3230.200	209.951	3.616
3230.400	209.952	3.616
3230.600	209.952	3.616
3230.800	209.953	3.616
3231.000	209.953	3.616
3231.200	209.954	3.616
3231.400	209.955	3.616
3231.600	209.951	3.616
3231.800	209.951	3.616
3232.000	209.953	3.616
3232.200	209.953	3.616
3232.400	209.953	3.616
3232.600	209.952	3.616
3232.800	209.952	3.616
3233.000	209.953	3.616
3233.200	209.952	3.616
3233.400	209.953	3.616
3233.600	209.951	3.616
3233.800	209.954	3.616
3234.000	209.954	3.616
3234.200	209.953	3.616
3234.400	209.953	3.616
3234.600	209.953	3.616
3234.800	209.954	3.616
3235.000	209.955	3.616
3235.200	209.954	3.616
3235.400	209.954	3.616
3235.600	209.953	3.616
3235.800	209.952	3.616
3236.000	209.953	3.616
3236.200	209.951	3.616
3236.400	209.952	3.616
3236.600	209.952	3.616
3236.800	209.953	3.616
3237.000	209.953	3.616
3237.200	209.953	3.616
3237.400	209.953	3.616
3237.600	209.953	3.616
3237.800	209.953	3.616
3238.000	209.954	3.616
3238.200	209.953	3.616
3238.400	209.954	3.616
3238.600	209.955	3.616
3238.800	209.954	3.616
3239.000	209.954	3.616
3239.200	209.954	3.616
3239.400	209.954	3.616
3239.600	209.954	3.616
3239.800	209.954	3.616
3240.000	209.954	3.616
3240.200	209.954	3.616
3240.400	209.954	3.616
3240.600	209.954	3.616
3240.800	209.955	3.616
3241.000	209.955	3.616
3241.200	209.955	3.616
3241.400	209.953	3.616
3241.600	209.953	3.616
3241.800	209.953	3.616
3242.000	209.952	3.616
3242.200	209.952	3.616
3242.400	209.952	3.616
3242.600	209.953	3.616
3242.800	209.953	3.616
3243.000	209.953	3.616
3243.200	209.953	3.616
3243.400	209.952	3.616
3243.600	209.954	3.616
3243.800	209.954	3.616
3244.000	209.952	3.616
3244.200	209.952	3.616
3244.400	209.953	3.616
3244.600	209.952	3.616
3244.800	209.952	3.616
3245.000	209.952	3.616
3245.200	209.952	3.616
3245.400	209.952	3.616
3245.600	209.952	3.616
3245.800	209.952	3.616
3246.000	209.951	3.616
3246.200	209.952	3.616
3246.400	209.951	3.616
3246.600	209.950	3.616
3246.800	209.951	3.616
3247.000	209.952	3.616
3247.200	209.952	3.616
3247.400	209.952	3.616
3247.600	209.951	3.616
3247.800	209.953	3.616
3248.000	209.953	3.616
3248.200	209.954	3.616
3248.400	209.953	3.616
3248.600	209.953	3.616
3248.800	209.952	3.616
3249.000	209.953	3.616
3249.200	209.953	3.616
3249.400	209.953	3.616
3249.600	209.953	3.616
3249.800	209.954	3.616
3250.000	209.954	3.616
3250.200	209.953	3.616
3250.400	209.955	3.616
3250.600	209.954	3.616
3250.800	209.954	3.616
3251.000	209.955	3.616
3251.200	209.955	3.616
3251.400	209.955	3.616
3251.600	209.956	3.616
3251.800	209.953	3.616
3252.000	209.953	3.616
3252.200	209.954	3.616
3252.400	209.952	3.616
3252.600	209.954	3.616
3252.800	209.955	3.616
3253.000	209.954	3.616
3253.200	209.953	3.616
3253.400	209.953	3.616
3253.600	209.953	3.616
3253.800	209.953	3.616
3254.000	209.953	3.616
3254.200	209.954	3.616
3254.400	209.953	3.616
3254.600	209.952	3.616
3254.800	209.954	3.616
3255.000	209.954	3.616
3255.200	209.954	3.616
3255.400	209.955	3.616
3255.600	209.953	3.616
3255.800	209.953	3.616
3256.000	209.953	3.616
3256.200	209.954	3.616
3256.400	209.955	3.616
3256.600	209.955	3.616
3256.800	209.953	3.616
3257.000	209.955	3.616
3257.200	209.954	3.616
3257.400	209.954	3.616
3257.600	209.953	3.616
3257.800	209.955	3.616
3258.000	209.952	3.616
3258.200	209.951	3.616
3258.400	209.952	3.616
3258.600	209.951	3.616
3258.800	209.953	3.616
3259.000	209.954	3.616
3259.200	209.952	3.616
3259.400	209.952	3.616
3259.600	209.952	3.616
3259.800	209.952	3.616
3260.000	209.952	3.616
3260.200	209.953	3.616
3260.400	209.951	3.616
3260.600	209.952	3.616
3260.800	209.952	3.616
3261.000	209.952	3.616
3261.200	209.952	3.616
3261.400	209.953	3.616
3261.600	209.951	3.616
3261.800	209.954	3.616
3262.000	209.955	3.616
3262.200	209.952	3.616
3262.400	209.954	3.616
3262.600	209.952	3.616
3262.800	209.952	3.616
3263.000	209.952	3.616
3263.200	209.953	3.616
3263.400	209.952	3.616
3263.600	209.952	3.616
3263.800	209.954	3.616
3264.000	209.953	3.616
3264.200	209.953	3.616
3264.400	209.953	3.616
3264.600	209.953	3.616
3264.800	209.953	3.616
3265.000	209.952	3.616
3265.200	209.952	3.616
3265.400	209.954	3.616
3265.600	209.951	3.616
3265.800	209.953	3.616
3266.000	209.954	3.616
3266.200	209.952	3.616
3266.400	209.952	3.616
3266.600	209.953	3.616
3266.800	209.952	3.616
3267.000	209.952	3.616
3267.200	209.951	3.616
3267.400	209.952	3.616
3267.600	209.953	3.616
3267.800	209.954	3.616
3268.000	209.953	3.616
3268.200	209.952	3.616
3268.400	209.955	3.616
3268.600	209.953	3.616
3268.800	209.952	3.616
3269.000	209.953	3.616
3269.200	209.954	3.616
3269.400	209.952	3.616
3269.600	209.953	3.616
3269.800	209.951	3.616
3270.000	209.952	3.616
3270.200	209.952	3.616
3270.400	209.952	3.616
3270.600	209.951	3.616
3270.800	209.952	3.616
3271.000	209.952	3.616
3271.200	209.953	3.616
3271.400	209.953	3.616
3271.600	209.955	3.616
3271.800	209.954	3.616
3272.000	209.954	3.616
3272.200	209.953	3.616
3272.400	209.952	3.616
3272.600	209.952	3.616
3272.800	209.953	3.616
3273.000	209.953	3.616
3273.200	209.953	3.616
3273.400	209.952	3.616
3273.600	209.952	3.616
3273.800	209.951	3.616
3274.000	209.952	3.616
3274.200	209.952	3.616
3274.400	209.952	3.616
3274.600	209.953	3.616
3274.800	209.954	3.616
3275.000	209.951	3.616
3275.200	209.951	3.616
3275.400	209.950	3.616
3275.600	209.951	3.616
3275.800	209.951	3.616
3276.000	209.953	3.616
3276.200	209.953	3.616
3276.400	209.952	3.616
3276.600	209.953	3.616
3276.800	209.952	3.616
3277.000	209.950	3.616
3277.200	209.951	3.616
3277.400	209.952	3.616
3277.600	209.952	3.616
3277.800	209.953	3.617
3278.000	209.953	3.617
3278.200	209.953	3.617
3278.400	209.952	3.617
3278.600	209.951	3.616
3278.800	209.952	3.616
3279.000	209.952	3.617
3279.200	209.950	3.617
3279.400	209.950	3.617
3279.600	209.950	3.617
3279.800	209.953	3.617
3280.000	209.951	3.617
3280.200	209.950	3.617
3280.400	209.952	3.617
3280.600	209.952	3.617
3280.800	209.950	3.617
3281.000	209.950	3.617
3281.200	209.951	3.617
3281.400	209.950	3.617
3281.600	209.950	3.617
3281.800	209.951	3.617
3282.000	209.951	3.617
3282.200	209.951	3.617
3282.400	209.952	3.617
3282.600	209.951	3.617
3282.800	209.952	3.617
3283.000	209.951	3.617
3283.200	209.953	3.617
3283.400	209.951	3.617
3283.600	209.952	3.617
3283.800	209.950	3.617
3284.000	209.951	3.617
3284.200	209.952	3.617
3284.400	209.952	3.617
3284.600	209.952	3.617
3284.800	209.954	3.617
3285.000	209.952	3.617
3285.200	209.953	3.617
3285.400	209.952	3.617
3285.600	209.953	3.617
3285.800	209.953	3.617
3286.000	209.952	3.617
3286.200	209.951	3.617
3286.400	209.951	3.617
3286.600	209.950	3.617
3286.800	209.952	3.617
3287.000	209.952	3.617
3287.200	209.951	3.617
3287.400	209.951	3.617
3287.600	209.952	3.617
3287.800	209.952	3.617
3288.000	209.951	3.617
3288.200	209.951	3.617
3288.400	209.951	3.617
3288.600	209.952	3.617
3288.800	209.952	3.617
3289.000	209.951	3.617
3289.200	209.951	3.617
3289.400	209.951	3.617
3289.600	209.951	3.617
3289.800	209.950	3.617
3290.000	209.952	3.617
3290.200	209.952	3.617
3290.400	209.952	3.617
3290.600	209.953	3.617
3290.800	209.952	3.617
3291.000	209.953	3.617
3291.200	209.953	3.617
3291.400	209.952	3.617
3291.600	209.952	3.617
3291.800	209.951	3.617
3292.000	209.952	3.617
3292.200	209.952	3.617
3292.400	209.954	3.617
3292.600	209.953	3.617
3292.800	209.952	3.617
3293.000	209.952	3.617
3293.200	209.953	3.617
3293.400	209.953	3.617
3293.600	209.953	3.617
3293.800	209.952	3.617
3294.000	209.951	3.617
3294.200	209.954	3.617
3294.400	209.952	3.617
3294.600	209.953	3.617
3294.800	209.952	3.617
3295.000	209.952	3.617
3295.200	209.951	3.617
3295.400	209.952	3.617
3295.600	209.952	3.617
3295.800	209.952	3.617
3296.000	209.953	3.617
3296.200	209.952	3.617
3296.400	209.953	3.617
3296.600	209.954	3.617
3296.800	209.953	3.617
3297.000	209.953	3.617
3297.200	209.952	3.617
3297.400	209.952	3.617
3297.600	209.952	3.617
3297.800	209.952	3.617
3298.000	209.952	3.617
3298.200	209.953	3.617
3298.400	209.953	3.617
3298.600	209.953	3.617
3298.800	209.954	3.617
3299.000	209.953	3.617
3299.200	209.953	3.617
3299.400	209.954	3.617
3299.600	209.953	3.617
3299.800	209.954	3.617
3300.000	209.952	3.617
3300.200	209.953	3.617
3300.400	209.953	3.617
3300.600	209.954	3.617
3300.800	209.954	3.617
3301.000	209.954	3.617
3301.200	209.953	3.617
3301.400	209.952	3.617
3301.600	209.951	3.617
3301.800	209.953	3.617
3302.000	209.954	3.617
3302.200	209.953	3.617
3302.400	209.952	3.617
3302.600	209.954	3.617
3302.800	209.953	3.617
3303.000	209.955	3.617
3303.200	209.955	3.617
3303.400	209.954	3.617
3303.600	209.954	3.617
3303.800	209.952	3.617
3304.000	209.954	3.617
3304.200	209.954	3.617
3304.400	209.954	3.617
3304.600	209.954	3.617
3304.800	209.954	3.617
3305.000	209.953	3.617
3305.200	209.955	3.617
3305.400	209.953	3.617
3305.600	209.954	3.617
3305.800	209.953	3.617
3306.000	209.953	3.617
3306.200	209.953	3.617
3306.400	209.956	3.617
3306.600	209.953	3.617
3306.800	209.954	3.617
3307.000	209.954	3.617
3307.200	209.953	3.617
3307.400	209.954	3.617
3307.600	209.953	3.617
3307.800	209.955	3.617
3308.000	209.953	3.617
3308.200	209.954	3.617
3308.400	209.954	3.617
3308.600	209.955	3.617
3308.800	209.955	3.617
3309.000	209.956	3.617
3309.200	209.955	3.617
3309.400	209.955	3.617
3309.600	209.955	3.617
3309.800	209.954	3.617
3310.000	209.954	3.617
3310.200	209.955	3.617
3310.400	209.953	3.617
3310.600	209.954	3.617
3310.800	209.954	3.617
3311.000	209.955	3.617
3311.200	209.954	3.617
3311.400	209.953	3.617
3311.600	209.953	3.617
3311.800	209.955	3.617
3312.000	209.953	3.617
3312.200	209.955	3.617
3312.400	209.952	3.617
3312.600	209.953	3.617
3312.800	209.955	3.617
3313.000	209.951	3.617
3313.200	209.953	3.617
3313.400	209.952	3.617
3313.600	209.953	3.617
3313.800	209.953	3.617
3314.000	209.953	3.617
3314.200	209.950	3.617
3314.400	209.952	3.617
3314.600	209.949	3.617
3314.800	209.953	3.617
3315.000	209.952	3.617
3315.200	209.953	3.617
3315.400	209.952	3.617
3315.600	209.952	3.617
3315.800	209.954	3.617
3316.000	209.954	3.617
3316.200	209.953	3.617
3316.400	209.952	3.617
3316.600	209.953	3.617
3316.800	209.953	3.617
3317.000	209.952	3.617
3317.200	209.954	3.617
3317.400	209.952	3.617
3317.600	209.953	3.617
3317.800	209.953	3.617
3318.000	209.952	3.617
3318.200	209.954	3.617
3318.400	209.952	3.617
3318.600	209.953	3.617
3318.800	209.952	3.617
3319.000	209.953	3.617
3319.200	209.953	3.617
3319.400	209.954	3.617
3319.600	209.953	3.617
3319.800	209.953	3.617
3320.000	209.953	3.617
3320.200	209.952	3.617
3320.400	209.953	3.617
3320.600	209.952	3.617
3320.800	209.951	3.617
3321.000	209.952	3.617
3321.200	209.951	3.617
3321.400	209.952	3.617
3321.600	209.952	3.617
3321.800	209.951	3.617
3322.000	209.951	3.617
3322.200	209.953	3.617
3322.400	209.953	3.617
3322.600	209.953	3.617
3322.800	209.953	3.617
3323.000	209.953	3.617
3323.200	209.954	3.617
3323.400	209.954	3.617
3323.600	209.953	3.617
3323.800	209.953	3.617
3324.000	209.952	3.617
3324.200	209.952	3.617
3324.400	209.953	3.617
3324.600	209.952	3.617
3324.800	209.954	3.617
3325.000	209.955	3.617
3325.200	209.953	3.617
3325.400	209.953	3.617
3325.600	209.954	3.617
3325.800	209.954	3.617
3326.000	209.956	3.617
3326.200	209.956	3.617
3326.400	209.955	3.617
3326.600	209.954	3.617
3326.800	209.956	3.617
3327.000	209.955	3.617
3327.200	209.955	3.617
3327.400	209.954	3.617
3327.600	209.955	3.617
3327.800	209.954	3.617
3328.000	209.953	3.617
3328.200	209.951	3.617
3328.400	209.953	3.617
3328.600	209.955	3.617
3328.800	209.954	3.617
3329.000	209.954	3.617
3329.200	209.951	3.617
3329.400	209.952	3.617
3329.600	209.954	3.617
3329.800	209.953	3.617
3330.000	209.951	3.617
3330.200	209.952	3.617
3330.400	209.951	3.617
3330.600	209.953	3.617
3330.800	209.952	3.617
3331.000	209.953	3.617
3331.200	209.953	3.617
3331.400	209.955	3.617
3331.600	209.954	3.617
3331.800	209.957	3.617
3332.000	209.952	3.617
3332.200	209.955	3.617
3332.400	209.953	3.617
3332.600	209.955	3.617
3332.800	209.955	3.617
3333.000	209.955	3.617
3333.200	209.955	3.617
3333.400	209.953	3.617
3333.600	209.953	3.617
3333.800	209.953	3.617
3334.000	209.952	3.617
3334.200	209.954	3.617
3334.400	209.954	3.617
3334.600	209.953	3.617
3334.800	209.953	3.617
3335.000	209.954	3.617
3335.200	209.951	3.617
3335.400	209.952	3.617
3335.600	209.953	3.617
3335.800	209.953	3.617
3336.000	209.954	3.617
3336.200	209.954	3.617
3336.400	209.953	3.617
3336.600	209.953	3.617
3336.800	209.954	3.617
3337.000	209.954	3.617
3337.200	209.954	3.617
3337.400	209.953	3.617
3337.600	209.952	3.617
3337.800	209.952	3.617
3338.000	209.952	3.617
3338.200	209.953	3.617
3338.400	209.954	3.617
3338.600	209.954	3.617
3338.800	209.955	3.617
3339.000	209.955	3.617
3339.200	209.954	3.617
3339.400	209.955	3.617
3339.600	209.954	3.617
3339.800	209.953	3.617
3340.000	209.955	3.617
3340.200	209.955	3.617
3340.400	209.954	3.617
3340.600	209.954	3.617
3340.800	209.955	3.617
3341.000	209.956	3.617
3341.200	209.956	3.617
3341.400	209.955	3.617
3341.600	209.957	3.617
3341.800	209.955	3.617
3342.000	209.956	3.617
3342.200	209.958	3.617
3342.400	209.954	3.617
3342.600	209.954	3.617
3342.800	209.956	3.617
3343.000	209.957	3.617
3343.200	209.957	3.617
3343.400	209.959	3.617
3343.600	209.957	3.617
3343.800	209.956	3.617
3344.000	209.956	3.617
3344.200	209.955	3.617
3344.400	209.953	3.617
3344.600	209.953	3.617
3344.800	209.953	3.617
3345.000	209.953	3.617
3345.200	209.953	3.617
3345.400	209.954	3.617
3345.600	209.953	3.617
3345.800	209.954	3.617
3346.000	209.955	3.617
3346.200	209.954	3.617
3346.400	209.954	3.617
3346.600	209.953	3.617
3346.800	209.953	3.617
3347.000	209.953	3.617
3347.200	209.953	3.617
3347.400	209.953	3.617
3347.600	209.953	3.617
3347.800	209.951	3.617
3348.000	209.951	3.617
3348.200	209.952	3.617
3348.400	209.952	3.617
3348.600	209.952	3.617
3348.800	209.952	3.617
3349.000	209.952	3.617
3349.200	209.953	3.617
3349.400	209.951	3.617
3349.600	209.951	3.617
3349.800	209.950	3.617
3350.000	209.951	3.617
3350.200	209.952	3.617
3350.400	209.951	3.617
3350.600	209.951	3.617
3350.800	209.952	3.617
3351.000	209.950	3.617
3351.200	209.950	3.617
3351.400	209.951	3.617
3351.600	209.953	3.617
3351.800	209.953	3.617
3352.000	209.953	3.617
3352.200	209.954	3.617
3352.400	209.953	3.617
3352.600	209.953	3.617
3352.800	209.953	3.617
3353.000	209.951	3.617
3353.200	209.952	3.617
3353.400	209.953	3.617
3353.600	209.953	3.617
3353.800	209.953	3.617
3354.000	209.953	3.617
3354.200	209.952	3.617
3354.400	209.951	3.617
3354.600	209.952	3.617
3354.800	209.952	3.617
3355.000	209.951	3.617
3355.200	209.952	3.617
3355.400	209.953	3.617
3355.600	209.951	3.617
3355.800	209.952	3.617
3356.000	209.953	3.617
3356.200	209.953	3.617
3356.400	209.952	3.617
3356.600	209.952	3.617
3356.800	209.952	3.617
3357.000	209.953	3.617
3357.200	209.952	3.617
3357.400	209.950	3.617
3357.600	209.951	3.617
3357.800	209.951	3.617
3358.000	209.951	3.617
3358.200	209.952	3.617
3358.400	209.952	3.617
3358.600	209.953	3.617
3358.800	209.952	3.617
3359.000	209.953	3.617
3359.200	209.953	3.617
3359.400	209.953	3.617
3359.600	209.953	3.618
3359.800	209.954	3.617
3360.000	209.954	3.617
3360.200	209.954	3.618
3360.400	209.955	3.617
3360.600	209.954	3.617
3360.800	209.954	3.618
3361.000	209.953	3.618
3361.200	209.954	3.618
3361.400	209.954	3.617
3361.600	209.954	3.618
3361.800	209.953	3.618
3362.000	209.954	3.618
3362.200	209.953	3.618
3362.400	209.952	3.618
3362.600	209.953	3.618
3362.800	209.953	3.618
3363.000	209.951	3.618
3363.200	209.952	3.618
3363.400	209.952	3.618
3363.600	209.953	3.618
3363.800	209.953	3.618
3364.000	209.952	3.618
3364.200	209.954	3.618
3364.400	209.953	3.618
3364.600	209.954	3.618
3364.800	209.954	3.618
3365.000	209.953	3.618
3365.200	209.953	3.618
3365.400	209.952	3.618
3365.600	209.952	3.618
3365.800	209.952	3.618
3366.000	209.951	3.618
3366.200	209.951	3.618
3366.400	209.952	3.618
3366.600	209.953	3.618
3366.800	209.953	3.618
3367.000	209.950	3.618
3367.200	209.952	3.618
3367.400	209.951	3.618
3367.600	209.950	3.618
3367.800	209.951	3.618
3368.000	209.952	3.618
3368.200	209.951	3.618
3368.400	209.950	3.618
3368.600	209.951	3.618
3368.800	209.952	3.618
3369.000	209.952	3.618
3369.200	209.952	3.618
3369.400	209.951	3.618
3369.600	209.950	3.618
3369.800	209.952	3.618
3370.000	209.951	3.618
3370.200	209.952	3.618
3370.400	209.953	3.618
3370.600	209.953	3.618
3370.800	209.953	3.618
3371.000	209.951	3.618
3371.200	209.954	3.618
3371.400	209.952	3.618
3371.600	209.951	3.618
3371.800	209.951	3.618
3372.000	209.953	3.618
3372.200	209.953	3.618
3372.400	209.952	3.618
3372.600	209.952	3.618
3372.800	209.951	3.618
3373.000	209.953	3.618
3373.200	209.952	3.618
3373.400	209.953	3.618
3373.600	209.953	3.618
3373.800	209.951	3.618
3374.000	209.953	3.618
3374.200	209.952	3.618
3374.400	209.953	3.618
3374.600	209.951	3.618
3374.800	209.953	3.618
3375.000	209.953	3.618
3375.200	209.953	3.618
3375.400	209.953	3.618
3375.600	209.955	3.618
3375.800	209.955	3.618
3376.000	209.954	3.618
3376.200	209.954	3.618
3376.400	209.954	3.618
3376.600	209.952	3.618
3376.800	209.954	3.618
3377.000	209.953	3.618
3377.200	209.953	3.618
3377.400	209.953	3.618
3377.600	209.953	3.618
3377.800	209.954	3.618
3378.000	209.953	3.618
3378.200	209.953	3.618
3378.400	209.953	3.618
3378.600	209.952	3.618
3378.800	209.954	3.618
3379.000	209.951	3.618
3379.200	209.953	3.618
3379.400	209.953	3.618
3379.600	209.954	3.618
3379.800	209.954	3.618
3380.000	209.954	3.618
3380.200	209.951	3.618
3380.400	209.952	3.618
3380.600	209.953	3.618
3380.800	209.951	3.618
3381.000	209.950	3.618
3381.200	209.953	3.618
3381.400	209.952	3.618
3381.600	209.953	3.618
3381.800	209.952	3.618
3382.000	209.952	3.618
3382.200	209.952	3.618
3382.400	209.950	3.618
3382.600	209.953	3.618
3382.800	209.953	3.618
3383.000	209.951	3.618
3383.200	209.951	3.618
3383.400	209.951	3.618
3383.600	209.951	3.618
3383.800	209.951	3.618
3384.000	209.951	3.618
3384.200	209.951	3.618
3384.400	209.952	3.618
3384.600	209.951	3.618
3384.800	209.950	3.618
3385.000	209.950	3.618
3385.200	209.950	3.618
3385.400	209.950	3.618
3385.600	209.951	3.618
3385.800	209.952	3.618
3386.000	209.950	3.618
3386.200	209.951	3.618
3386.400	209.951	3.618
3386.600	209.953	3.618
3386.800	209.951	3.618
3387.000	209.950	3.618
3387.200	209.950	3.618
3387.400	209.949	3.618
3387.600	209.950	3.618
3387.800	209.950	3.618
3388.000	209.950	3.618
3388.200	209.949	3.618
3388.400	209.950	3.618
3388.600	209.952	3.618
3388.800	209.950	3.618
3389.000	209.952	3.618
3389.200	209.952	3.618
3389.400	209.950	3.618
3389.600	209.951	3.618
3389.800	209.951	3.618
3390.000	209.952	3.618
3390.200	209.952	3.618
3390.400	209.952	3.618
3390.600	209.952	3.618
3390.800	209.952	3.618
3391.000	209.951	3.618
3391.200	209.951	3.618
3391.400	209.952	3.618
3391.600	209.952	3.618
3391.800	209.950	3.618
3392.000	209.952	3.618
3392.200	209.952	3.618
3392.400	209.953	3.618
3392.600	209.953	3.618
3392.800	209.952	3.618
3393.000	209.951	3.618
3393.200	209.953	3.618
3393.400	209.951	3.618
3393.600	209.952	3.618
3393.800	209.951	3.618
3394.000	209.950	3.618
3394.200	209.950	3.618
3394.400	209.952	3.618
3394.600	209.953	3.618
3394.800	209.953	3.618
3395.000	209.951	3.618
3395.200	209.951	3.618
3395.400	209.952	3.618
3395.600	209.954	3.618
3395.800	209.953	3.618
3396.000	209.953	3.618
3396.200	209.953	3.618
3396.400	209.953	3.618
3396.600	209.952	3.618
3396.800	209.953	3.618
3397.000	209.950	3.618
3397.200	209.951	3.618
3397.400	209.951	3.618
3397.600	209.949	3.618
3397.800	209.951	3.618
3398.000	209.951	3.618
3398.200	209.952	3.618
3398.400	209.950	3.618
3398.600	209.951	3.618
3398.800	209.950	3.618
3399.000	209.953	3.618
3399.200	209.951	3.618
3399.400	209.950	3.618
3399.600	209.951	3.618
3399.800	209.950	3.618
3400.000	209.952	3.618
3400.200	209.952	3.618
3400.400	209.952	3.618
3400.600	209.952	3.618
3400.800	209.950	3.618
3401.000	209.951	3.618
3401.200	209.950	3.618
3401.400	209.950	3.618
3401.600	209.949	3.618
3401.800	209.950	3.618
3402.000	209.950	3.618
3402.200	209.949	3.618
3402.400	209.950	3.618
3402.600	209.951	3.618
3402.800	209.948	3.618
3403.000	209.949	3.618
3403.200	209.950	3.618
3403.400	209.949	3.618
3403.600	209.951	3.618
3403.800	209.950	3.618
3404.000	209.949	3.618
3404.200	209.950	3.618
3404.400	209.951	3.618
3404.600	209.952	3.618
3404.800	209.952	3.618
3405.000	209.950	3.618
3405.200	209.950	3.618
3405.400	209.948	3.618
3405.600	209.948	3.618
3405.800	209.950	3.618
3406.000	209.950	3.618
3406.200	209.948	3.618
3406.400	209.950	3.618
3406.600	209.950	3.618
3406.800	209.948	3.618
3407.000	209.950	3.618
3407.200	209.949	3.618
3407.400	209.947	3.618
3407.600	209.948	3.618
3407.800	209.948	3.618
3408.000	209.949	3.618
3408.200	209.949	3.618
3408.400	209.950	3.618
3408.600	209.948	3.618
3408.800	209.949	3.618
3409.000	209.949	3.618
3409.200	209.950	3.618
3409.400	209.948	3.618
3409.600	209.947	3.618
3409.800	209.948	3.618
3410.000	209.949	3.618
3410.200	209.949	3.618
3410.400	209.949	3.618
3410.600	209.948	3.618
3410.800	209.948	3.618
3411.000	209.950	3.618
3411.200	209.949	3.618
3411.400	209.948	3.618
3411.600	209.948	3.618
3411.800	209.950	3.618
3412.000	209.949	3.618
3412.200	209.948	3.618
3412.400	209.946	3.618
3412.600	209.947	3.618
3412.800	209.947	3.618
3413.000	209.947	3.618
3413.200	209.949	3.618
3413.400	209.948	3.618
3413.600	209.949	3.618
3413.800	209.949	3.618
3414.000	209.948	3.618
3414.200	209.950	3.618
3414.400	209.949	3.618
3414.600	209.948	3.618
3414.800	209.950	3.618
3415.000	209.947	3.618
3415.200	209.950	3.618
3415.400	209.949	3.618
3415.600	209.949	3.618
3415.800	209.947	3.618
3416.000	209.949	3.618
3416.200	209.948	3.618
3416.400	209.948	3.618
3416.600	209.946	3.618
3416.800	209.947	3.618
3417.000	209.948	3.618
3417.200	209.949	3.618
3417.400	209.949	3.618
3417.600	209.950	3.618
3417.800	209.949	3.618
3418.000	209.951	3.618
3418.200	209.949	3.618
3418.400	209.948	3.618
3418.600	209.949	3.618
3418.800	209.949	3.618
3419.000	209.949	3.618
3419.200	209.948	3.618
3419.400	209.951	3.618
3419.600	209.950	3.618
3419.800	209.950	3.618
3420.000	209.949	3.618
3420.200	209.950	3.618
3420.400	209.949	3.618
3420.600	209.947	3.618
3420.800	209.949	3.618
3421.000	209.949	3.618
3421.200	209.948	3.618
3421.400	209.949	3.618
3421.600	209.950	3.618
3421.800	209.949	3.618
3422.000	209.948	3.618
3422.200	209.949	3.618
3422.400	209.949	3.618
3422.600	209.948	3.618
3422.800	209.950	3.618
3423.000	209.950	3.618
3423.200	209.949	3.618
3423.400	209.947	3.618
3423.600	209.949	3.618
3423.800	209.948	3.618
3424.000	209.948	3.618
3424.200	209.950	3.618
3424.400	209.950	3.618
3424.600	209.950	3.618
3424.800	209.948	3.618
3425.000	209.949	3.618
3425.200	209.950	3.618
3425.400	209.949	3.618
3425.600	209.949	3.618
3425.800	209.949	3.618
3426.000	209.951	3.618
3426.200	209.949	3.618
3426.400	209.951	3.618
3426.600	209.950	3.618
3426.800	209.950	3.618
3427.000	209.948	3.618
3427.200	209.951	3.618
3427.400	209.949	3.618
3427.600	209.951	3.618
3427.800	209.951	3.618
3428.000	209.949	3.618
3428.200	209.948	3.618
3428.400	209.949	3.618
3428.600	209.949	3.618
3428.800	209.949	3.618
3429.000	209.950	3.618
3429.200	209.950	3.618
3429.400	209.951	3.618
3429.600	209.952	3.618
3429.800	209.949	3.618
3430.000	209.951	3.618
3430.200	209.951	3.618
3430.400	209.950	3.618
3430.600	209.950	3.618
3430.800	209.950	3.618
3431.000	209.950	3.618
3431.200	209.950	3.618
3431.400	209.951	3.618
3431.600	209.952	3.618
3431.800	209.950	3.618
3432.000	209.951	3.618
3432.200	209.949	3.618
3432.400	209.950	3.618
3432.600	209.949	3.618
3432.800	209.950	3.618
3433.000	209.950	3.618
3433.200	209.950	3.618
3433.400	209.951	3.618
3433.600	209.951	3.618
3433.800	209.952	3.618
3434.000	209.951	3.618
3434.200	209.951	3.618
3434.400	209.953	3.618
3434.600	209.950	3.618
3434.800	209.950	3.618
3435.000	209.950	3.619
3435.200	209.952	3.618
3435.400	209.952	3.618
3435.600	209.952	3.618
3435.800	209.951	3.618
3436.000	209.951	3.618
3436.200	209.952	3.618
3436.400	209.953	3.619
3436.600	209.953	3.618
3436.800	209.951	3.619
3437.000	209.953	3.619
3437.200	209.951	3.619
3437.400	209.952	3.619
3437.600	209.950	3.619
3437.800	209.954	3.619
3438.000	209.950	3.619
3438.200	209.952	3.619
3438.400	209.952	3.619
3438.600	209.952	3.619
3438.800	209.952	3.619
3439.000	209.953	3.619
3439.200	209.953	3.619
3439.400	209.952	3.619
3439.600	209.954	3.619
3439.800	209.953	3.619
3440.000	209.953	3.619
3440.200	209.953	3.619
3440.400	209.952	3.619
3440.600	209.952	3.619
3440.800	209.954	3.619
3441.000	209.954	3.619
3441.200	209.953	3.619
3441.400	209.953	3.619
3441.600	209.953	3.619
3441.800	209.953	3.619
3442.000	209.953	3.619
3442.200	209.953	3.619
3442.400	209.954	3.619
3442.600	209.953	3.619
3442.800	209.952	3.619
3443.000	209.954	3.619
3443.200	209.952	3.619
3443.400	209.954	3.619
3443.600	209.952	3.619
3443.800	209.956	3.619
3444.000	209.955	3.619
3444.200	209.954	3.619
3444.400	209.955	3.619
3444.600	209.953	3.619
3444.800	209.954	3.619
3445.000	209.953	3.619
3445.200	209.954	3.619
3445.400	209.954	3.619
3445.600	209.954	3.619
3445.800	209.955	3.619
3446.000	209.954	3.619
3446.200	209.954	3.619
3446.400	209.956	3.619
3446.600	209.955	3.619
3446.800	209.956	3.619
3447.000	209.955	3.619
3447.200	209.956	3.619
3447.400	209.953	3.619
3447.600	209.955	3.619
3447.800	209.955	3.619
3448.000	209.954	3.619
3448.200	209.955	3.619
3448.400	209.954	3.619
3448.600	209.954	3.619
3448.800	209.955	3.619
3449.000	209.954	3.619
3449.200	209.954	3.619
3449.400	209.953	3.619
3449.600	209.951	3.619
3449.800	209.952	3.619
3450.000	209.953	3.619
3450.200	209.953	3.619
3450.400	209.953	3.619
3450.600	209.952	3.619
3450.800	209.956	3.619
3451.000	209.954	3.619
3451.200	209.953	3.619
3451.400	209.952	3.619
3451.600	209.954	3.619
3451.800	209.951	3.619
3452.000	209.954	3.619
3452.200	209.952	3.619
3452.400	209.953	3.619
3452.600	209.954	3.619
3452.800	209.953	3.619
3453.000	209.954	3.619
3453.200	209.954	3.619
3453.400	209.952	3.619
3453.600	209.954	3.619
3453.800	209.953	3.619
3454.000	209.953	3.619
3454.200	209.953	3.619
3454.400	209.953	3.619
3454.600	209.954	3.619
3454.800	209.953	3.619
3455.000	209.953	3.619
3455.200	209.952	3.619
3455.400	209.953	3.619
3455.600	209.952	3.619
3455.800	209.952	3.619
3456.000	209.953	3.619
3456.200	209.950	3.619
3456.400	209.952	3.619
3456.600	209.953	3.619
3456.800	209.953	3.619
3457.000	209.953	3.619
3457.200	209.953	3.619
3457.400	209.953	3.619
3457.600	209.952	3.619
3457.800	209.953	3.619
3458.000	209.953	3.619
3458.200	209.953	3.619
3458.400	209.953	3.619
3458.600	209.954	3.619
3458.800	209.953	3.619
3459.000	209.953	3.619
3459.200	209.953	3.619
3459.400	209.954	3.619
3459.600	209.953	3.619
3459.800	209.953	3.619
3460.000	209.953	3.619
3460.200	209.954	3.619
3460.400	209.956	3.619
3460.600	209.953	3.619
3460.800	209.954	3.619
3461.000	209.954	3.619
3461.200	209.954	3.619
3461.400	209.954	3.619
3461.600	209.954	3.619
3461.800	209.952	3.619
3462.000	209.953	3.619
3462.200	209.954	3.619
3462.400	209.953	3.619
3462.600	209.953	3.619
3462.800	209.953	3.619
3463.000	209.954	3.619
3463.200	209.954	3.619
3463.400	209.953	3.619
3463.600	209.954	3.619
3463.800	209.954	3.619
3464.000	209.953	3.619
3464.200	209.953	3.619
3464.400	209.954	3.619
3464.600	209.953	3.619
3464.800	209.955	3.619
3465.000	209.954	3.619
3465.200	209.954	3.619
3465.400	209.957	3.619
3465.600	209.955	3.619
3465.800	209.956	3.619
3466.000	209.955	3.619
3466.200	209.953	3.619
3466.400	209.952	3.619
3466.600	209.953	3.619
3466.800	209.952	3.619
3467.000	209.954	3.619
3467.200	209.951	3.619
3467.400	209.952	3.619
3467.600	209.953	3.619
3467.800	209.953	3.619
3468.000	209.954	3.619
3468.200	209.953	3.619
3468.400	209.954	3.619
3468.600	209.956	3.619
3468.800	209.953	3.619
3469.000	209.952	3.619
3469.200	209.953	3.619
3469.400	209.953	3.619
3469.600	209.952	3.619
3469.800	209.953	3.619
3470.000	209.952	3.619
3470.200	209.953	3.619
3470.400	209.953	3.619
3470.600	209.954	3.619
3470.800	209.954	3.619
3471.000	209.955	3.619
3471.200	209.955	3.619
3471.400	209.954	3.619
3471.600	209.956	3.619
3471.800	209.954	3.619
3472.000	209.955	3.619
3472.200	209.954	3.619
3472.400	209.954	3.619
3472.600	209.953	3.619
3472.800	209.953	3.619
3473.000	209.953	3.619
3473.200	209.953	3.619
3473.400	209.954	3.619
3473.600	209.954	3.619
3473.800	209.953	3.619
3474.000	209.953	3.619
3474.200	209.952	3.619
3474.400	209.952	3.619
3474.600	209.954	3.619
3474.800	209.951	3.619
3475.000	209.953	3.619
3475.200	209.952	3.619
3475.400	209.952	3.619
3475.600	209.953	3.619
3475.800	209.954	3.619
3476.000	209.953	3.619
3476.200	209.953	3.619
3476.400	209.953	3.619
3476.600	209.952	3.619
3476.800	209.952	3.619
3477.000	209.953	3.619
3477.200	209.953	3.619
3477.400	209.953	3.619
3477.600	209.952	3.619
3477.800	209.952	3.619
3478.000	209.952	3.619
3478.200	209.953	3.619
3478.400	209.953	3.619
3478.600	209.951	3.619
3478.800	209.951	3.619
3479.000	209.950	3.619
3479.200	209.952	3.619
3479.400	209.951	3.619
3479.600	209.952	3.619
3479.800	209.951	3.619
3480.000	209.953	3.619
3480.200	209.952	3.619
3480.400	209.952	3.619
3480.600	209.951	3.619
3480.800	209.951	3.619
3481.000	209.950	3.619
3481.200	209.952	3.619
3481.400	209.951	3.619
3481.600	209.953	3.619
3481.800	209.954	3.619
3482.000	209.951	3.619
3482.200	209.953	3.619
3482.400	209.952	3.619
3482.600	209.951	3.619
3482.800	209.952	3.619
3483.000	209.951	3.619
3483.200	209.952	3.619
3483.400	209.951	3.619
3483.600	209.952	3.619
3483.800	209.953	3.619
3484.000	209.952	3.619
3484.200	209.950	3.619
3484.400	209.951	3.619
3484.600	209.952	3.619
3484.800	209.951	3.619
3485.000	209.950	3.619
3485.200	209.951	3.619
3485.400	209.951	3.619
3485.600	209.952	3.619
3485.800	209.951	3.619
3486.000	209.950	3.619
3486.200	209.950	3.619
3486.400	209.950	3.619
3486.600	209.951	3.619
3486.800	209.952	3.619
3487.000	209.952	3.619
3487.200	209.952	3.619
3487.400	209.952	3.619
3487.600	209.953	3.619
3487.800	209.952	3.619
3488.000	209.953	3.619
3488.200	209.953	3.619
3488.400	209.954	3.619
3488.600	209.952	3.619
3488.800	209.953	3.619
3489.000	209.952	3.619
3489.200	209.952	3.619
3489.400	209.954	3.619
3489.600	209.954	3.619
3489.800	209.953	3.619
3490.000	209.952	3.619
3490.200	209.952	3.619
3490.400	209.954	3.619
3490.600	209.952	3.619
3490.800	209.952	3.619
3491.000	209.952	3.619
3491.200	209.950	3.619
3491.400	209.953	3.619
3491.600	209.952	3.619
3491.800	209.955	3.619
3492.000	209.951	3.619
3492.200	209.952	3.619
3492.400	209.950	3.619
3492.600	209.952	3.619
3492.800	209.951	3.619
3493.000	209.951	3.619
3493.200	209.952	3.619
3493.400	209.951	3.619
3493.600	209.952	3.619
3493.800	209.952	3.619
3494.000	209.951	3.619
3494.200	209.952	3.619
3494.400	209.953	3.619
3494.600	209.951	3.619
3494.800	209.952	3.619
3495.000	209.952	3.619
3495.200	209.952	3.619
3495.400	209.954	3.619
3495.600	209.952	3.619
3495.800	209.952	3.619
3496.000	209.952	3.619
3496.200	209.950	3.619
3496.400	209.950	3.619
3496.600	209.951	3.619
3496.800	209.952	3.619
3497.000	209.951	3.619
3497.200	209.949	3.619
3497.400	209.951	3.619
3497.600	209.952	3.619
3497.800	209.950	3.619
3498.000	209.951	3.619
3498.200	209.951	3.619
3498.400	209.952	3.619
3498.600	209.952	3.619
3498.800	209.951	3.619
3499.000	209.952	3.619
3499.200	209.951	3.619
3499.400	209.951	3.619
3499.600	209.952	3.619
3499.800	209.951	3.619
3500.000	209.950	3.619
3500.200	209.951	3.619
3500.400	209.949	3.619
3500.600	209.950	3.619
3500.800	209.951	3.619
3501.000	209.952	3.619
3501.200	209.951	3.619
3501.400	209.951	3.619
3501.600	209.953	3.619
3501.800	209.951	3.619
3502.000	209.953	3.619
3502.200	209.952	3.619
3502.400	209.952	3.619
3502.600	209.951	3.619
3502.800	209.953	3.619
3503.000	209.953	3.619
3503.200	209.951	3.619
3503.400	209.952	3.619
3503.600	209.951	3.619
3503.800	209.951	3.619
3504.000	209.952	3.619
3504.200	209.951	3.619
3504.400	209.950	3.619
3504.600	209.952	3.619
3504.800	209.951	3.619
3505.000	209.952	3.619
3505.200	209.952	3.619
3505.400	209.953	3.619
3505.600	209.951	3.619
3505.800	209.952	3.619
3506.000	209.951	3.619
3506.200	209.951	3.619
3506.400	209.952	3.619
3506.600	209.952	3.619
3506.800	209.951	3.619
3507.000	209.949	3.619
3507.200	209.950	3.619
3507.400	209.951	3.619
3507.600	209.950	3.619
3507.800	209.951	3.619
3508.000	209.951	3.619
3508.200	209.950	3.619
3508.400	209.953	3.619
3508.600	209.954	3.619
3508.800	209.954	3.619
3509.000	209.952	3.619
3509.200	209.953	3.619
3509.400	209.951	3.619
3509.600	209.952	3.619
3509.800	209.951	3.619
3510.000	209.951	3.619
3510.200	209.952	3.619
3510.400	209.951	3.619
3510.600	209.952	3.619
3510.800	209.951	3.619
3511.000	209.951	3.619
3511.200	209.951	3.619
3511.400	209.952	3.620
3511.600	209.952	3.619
3511.800	209.951	3.619
3512.000	209.953	3.619
3512.200	209.950	3.619
3512.400	209.950	3.619
3512.600	209.951	3.619
3512.800	209.953	3.619
3513.000	209.952	3.620
3513.200	209.952	3.620
3513.400	209.951	3.620
3513.600	209.950	3.619
3513.800	209.950	3.620
3514.000	209.952	3.620
3514.200	209.952	3.620
3514.400	209.951	3.620
3514.600	209.953	3.620
3514.800	209.952	3.620
3515.000	209.952	3.620
3515.200	209.953	3.620
3515.400	209.953	3.620
3515.600	209.954	3.620
3515.800	209.952	3.620
3516.000	209.953	3.620
3516.200	209.951	3.620
3516.400	209.952	3.620
3516.600	209.952	3.620
3516.800	209.952	3.620
3517.000	209.952	3.620
3517.200	209.952	3.620
3517.400	209.952	3.620
3517.600	209.952	3.620
3517.800	209.954	3.620
3518.000	209.953	3.620
3518.200	209.953	3.620
3518.400	209.954	3.620
3518.600	209.952	3.620
3518.800	209.952	3.620
3519.000	209.953	3.620
3519.200	209.953	3.620
3519.400	209.951	3.620
3519.600	209.952	3.620
3519.800	209.953	3.620
3520.000	209.954	3.620
3520.200	209.953	3.620
3520.400	209.952	3.620
3520.600	209.953	3.620
3520.800	209.952	3.620
3521.000	209.951	3.620
3521.200	209.950	3.620
3521.400	209.951	3.620
3521.600	209.951	3.620
3521.800	209.951	3.620
3522.000	209.952	3.620
3522.200	209.951	3.620
3522.400	209.951	3.620
3522.600	209.950	3.620
3522.800	209.951	3.620
3523.000	209.951	3.620
3523.200	209.952	3.620
3523.400	209.952	3.620
3523.600	209.952	3.620
3523.800	209.953	3.620
3524.000	209.953	3.620
3524.200	209.952	3.620
3524.400	209.950	3.620
3524.600	209.951	3.620
3524.800	209.953	3.620
3525.000	209.952	3.620
3525.200	209.952	3.620
3525.400	209.951	3.620
3525.600	209.952	3.620
3525.800	209.952	3.620
3526.000	209.952	3.620
3526.200	209.951	3.620
3526.400	209.950	3.620
3526.600	209.951	3.620
3526.800	209.950	3.620
3527.000	209.949	3.620
3527.200	209.949	3.620
3527.400	209.951	3.620
3527.600	209.950	3.620
3527.800	209.950	3.620
3528.000	209.949	3.620
3528.200	209.951	3.620
3528.400	209.950	3.620
3528.600	209.950	3.620
3528.800	209.951	3.620
3529.000	209.950	3.620
3529.200	209.953	3.620
3529.400	209.951	3.620
3529.600	209.952	3.620
3529.800	209.952	3.620
3530.000	209.951	3.620
3530.200	209.952	3.620
3530.400	209.950	3.620
3530.600	209.951	3.620
3530.800	209.950	3.620
3531.000	209.951	3.620
3531.200	209.951	3.620
3531.400	209.951	3.620
3531.600	209.951	3.620
3531.800	209.950	3.620
3532.000	209.951	3.620
3532.200	209.952	3.620
3532.400	209.951	3.620
3532.600	209.952	3.620
3532.800	209.953	3.620
3533.000	209.953	3.620
3533.200	209.951	3.620
3533.400	209.953	3.620
3533.600	209.951	3.620
3533.800	209.952	3.620
3534.000	209.952	3.620
3534.200	209.952	3.620
3534.400	209.953	3.620
3534.600	209.952	3.620
3534.800	209.953	3.620
3535.000	209.951	3.620
3535.200	209.951	3.620
3535.400	209.952	3.620
3535.600	209.954	3.620
3535.800	209.952	3.620
3536.000	209.953	3.620
3536.200	209.953	3.620
3536.400	209.954	3.620
3536.600	209.953	3.620
3536.800	209.953	3.620
3537.000	209.952	3.620
3537.200	209.953	3.620
3537.400	209.954	3.620
3537.600	209.952	3.620
3537.800	209.953	3.620
3538.000	209.954	3.620
3538.200	209.952	3.620
3538.400	209.954	3.620
3538.600	209.953	3.620
3538.800	209.953	3.620
3539.000	209.952	3.620
3539.200	209.952	3.620
3539.400	209.952	3.620
3539.600	209.953	3.620
3539.800	209.953	3.620
3540.000	209.952	3.620
3540.200	209.953	3.620
3540.400	209.953	3.620
3540.600	209.953	3.620
3540.800	209.952	3.620
3541.000	209.951	3.620
3541.200	209.951	3.620
3541.400	209.951	3.620
3541.600	209.952	3.620
3541.800	209.952	3.620
3542.000	209.952	3.620
3542.200	209.952	3.620
3542.400	209.952	3.620
3542.600	209.952	3.620
3542.800	209.954	3.620
3543.000	209.951	3.620
3543.200	209.951	3.620
3543.400	209.952	3.620
3543.600	209.954	3.620
3543.800	209.953	3.620
3544.000	209.954	3.620
3544.200	209.952	3.620
3544.400	209.953	3.620
3544.600	209.954	3.620
3544.800	209.952	3.620
3545.000	209.954	3.620
3545.200	209.953	3.620
3545.400	209.953	3.620
3545.600	209.952	3.620
3545.800	209.952	3.620
3546.000	209.951	3.620
3546.200	209.952	3.620
3546.400	209.952	3.620
3546.600	209.953	3.620
3546.800	209.952	3.620
3547.000	209.951	3.620
3547.200	209.951	3.620
3547.400	209.951	3.620
3547.600	209.952	3.620
3547.800	209.953	3.620
3548.000	209.954	3.620
3548.200	209.953	3.620
3548.400	209.953	3.620
3548.600	209.953	3.620
3548.800	209.953	3.620
3549.000	209.953	3.620
3549.200	209.950	3.620
3549.400	209.953	3.620
3549.600	209.952	3.620
3549.800	209.950	3.620
3550.000	209.950	3.620
3550.200	209.951	3.620
3550.400	209.951	3.620
3550.600	209.953	3.620
3550.800	209.953	3.620
3551.000	209.951	3.620
3551.200	209.952	3.620
3551.400	209.951	3.620
3551.600	209.951	3.620
3551.800	209.951	3.620
3552.000	209.951	3.620
3552.200	209.951	3.620
3552.400	209.951	3.620
3552.600	209.951	3.620
3552.800	209.953	3.620
3553.000	209.950	3.620
3553.200	209.952	3.620
3553.400	209.951	3.620
3553.600	209.951	3.620
3553.800	209.952	3.620
3554.000	209.952	3.620
3554.200	209.950	3.620
3554.400	209.951	3.620
3554.600	209.950	3.620
3554.800	209.951	3.620
3555.000	209.950	3.620
3555.200	209.952	3.620
3555.400	209.952	3.620
3555.600	209.951	3.620
3555.800	209.950	3.620
3556.000	209.952	3.620
3556.200	209.953	3.620
3556.400	209.952	3.620
3556.600	209.952	3.620
3556.800	209.952	3.620
3557.000	209.952	3.620
3557.200	209.952	3.620
3557.400	209.951	3.620
3557.600	209.951	3.620
3557.800	209.952	3.620
3558.000	209.953	3.620
3558.200	209.953	3.620
3558.400	209.953	3.620
3558.600	209.953	3.620
3558.800	209.952	3.620
3559.000	209.951	3.620
3559.200	209.953	3.620
3559.400	209.952	3.620
3559.600	209.952	3.620
3559.800	209.953	3.620
3560.000	209.952	3.620
3560.200	209.951	3.620
3560.400	209.953	3.620
3560.600	209.953	3.620
3560.800	209.952	3.620
3561.000	209.951	3.620
3561.200	209.952	3.620
3561.400	209.952	3.620
3561.600	209.953	3.620
3561.800	209.953	3.620
3562.000	209.954	3.620
3562.200	209.954	3.620
3562.400	209.953	3.620
3562.600	209.955	3.620
3562.800	209.953	3.620
3563.000	209.952	3.620
3563.200	209.952	3.620
3563.400	209.954	3.620
3563.600	209.953	3.620
3563.800	209.956	3.620
3564.000	209.955	3.620
3564.200	209.953	3.620
3564.400	209.955	3.620
3564.600	209.952	3.620
3564.800	209.953	3.620
3565.000	209.954	3.620
3565.200	209.954	3.620
3565.400	209.954	3.620
3565.600	209.955	3.620
3565.800	209.953	3.620
3566.000	209.952	3.620
3566.200	209.953	3.620
3566.400	209.955	3.620
3566.600	209.956	3.620
3566.800	209.954	3.620
3567.000	209.954	3.620
3567.200	209.954	3.620
3567.400	209.953	3.620
3567.600	209.953	3.620
3567.800	209.953	3.620
3568.000	209.953	3.620
3568.200	209.954	3.620
3568.400	209.953	3.620
3568.600	209.954	3.620
3568.800	209.953	3.620
3569.000	209.953	3.620
3569.200	209.954	3.620
3569.400	209.956	3.620
3569.600	209.954	3.620
3569.800	209.954	3.620
3570.000	209.955	3.620
3570.200	209.954	3.620
3570.400	209.953	3.620
3570.600	209.952	3.620
3570.800	209.952	3.620
3571.000	209.953	3.620
3571.200	209.953	3.620
3571.400	209.954	3.620
3571.600	209.954	3.620
3571.800	209.953	3.620
3572.000	209.952	3.620
3572.200	209.952	3.620
3572.400	209.951	3.620
3572.600	209.954	3.620
3572.800	209.954	3.620
3573.000	209.952	3.620
3573.200	209.952	3.620
3573.400	209.954	3.620
3573.600	209.955	3.620
3573.800	209.954	3.620
3574.000	209.954	3.620
3574.200	209.952	3.620
3574.400	209.952	3.620
3574.600	209.952	3.620
3574.800	209.953	3.620
3575.000	209.954	3.620
3575.200	209.954	3.620
3575.400	209.953	3.620
3575.600	209.954	3.620
3575.800	209.954	3.620
3576.000	209.954	3.620
3576.200	209.954	3.620
3576.400	209.952	3.620
3576.600	209.953	3.620
3576.800	209.954	3.620
3577.000	209.955	3.620
3577.200	209.955	3.620
3577.400	209.955	3.620
3577.600	209.953	3.620
3577.800	209.953	3.620
3578.000	209.953	3.620
3578.200	209.954	3.620
3578.400	209.954	3.620
3578.600	209.954	3.620
3578.800	209.955	3.620
3579.000	209.955	3.620
3579.200	209.955	3.620
3579.400	209.954	3.620
3579.600	209.954	3.620
3579.800	209.954	3.620
3580.000	209.953	3.620
3580.200	209.954	3.620
3580.400	209.954	3.620
3580.600	209.954	3.620
3580.800	209.953	3.620
3581.000	209.953	3.620
3581.200	209.955	3.620
3581.400	209.954	3.620
3581.600	209.955	3.620
3581.800	209.953	3.620
3582.000	209.954	3.620
3582.200	209.954	3.620
3582.400	209.954	3.620
3582.600	209.952	3.620
3582.800	209.953	3.620
3583.000	209.953	3.620
3583.200	209.953	3.620
3583.400	209.954	3.620
3583.600	209.955	3.620
3583.800	209.954	3.620
3584.000	209.954	3.620
3584.200	209.954	3.620
3584.400	209.953	3.620
3584.600	209.953	3.620
3584.800	209.954	3.620
3585.000	209.954	3.620
3585.200	209.954	3.620
3585.400	209.954	3.620
3585.600	209.953	3.620
3585.800	209.954	3.620
3586.000	209.953	3.620
3586.200	209.955	3.620
3586.400	209.955	3.620
3586.600	209.953	3.620
3586.800	209.955	3.620
3587.000	209.954	3.620
3587.200	209.953	3.620
3587.400	209.955	3.620
3587.600	209.954	3.620
3587.800	209.955	3.620
3588.000	209.954	3.620
3588.200	209.955	3.620
3588.400	209.954	3.620
3588.600	209.954	3.620
3588.800	209.954	3.620
3589.000	209.954	3.620
3589.200	209.954	3.620
3589.400	209.953	3.620
3589.600	209.953	3.620
3589.800	209.952	3.620
3590.000	209.954	3.620
3590.200	209.956	3.620
3590.400	209.955	3.620
3590.600	209.956	3.620
3590.800	209.956	3.620
3591.000	209.955	3.620
3591.200	209.955	3.620
3591.400	209.954	3.620
3591.600	209.954	3.620
3591.800	209.954	3.620
3592.000	209.954	3.620
3592.200	209.953	3.620
3592.400	209.954	3.620
3592.600	209.955	3.620
3592.800	209.953	3.620
3593.000	209.954	3.620
3593.200	209.952	3.620
3593.400	209.954	3.620
3593.600	209.956	3.620
3593.800	209.955	3.620
3594.000	209.955	3.620
3594.200	209.955	3.621
3594.400	209.954	3.621
3594.600	209.956	3.620
3594.800	209.954	3.621
3595.000	209.954	3.621
3595.200	209.953	3.620
3595.400	209.954	3.621
3595.600	209.953	3.620
3595.800	209.953	3.620
3596.000	209.954	3.621
3596.200	209.956	3.621
3596.400	209.956	3.621
3596.600	209.955	3.621
3596.800	209.958	3.621
3597.000	209.955	3.621
3597.200	209.955	3.621
3597.400	209.954	3.621
3597.600	209.955	3.621
3597.800	209.955	3.621
3598.000	209.955	3.621
3598.200	209.953	3.621
3598.400	209.955	3.621
3598.600	209.955	3.621
3598.800	209.957	3.621
3599.000	209.957	3.621
3599.200	209.956	3.621
3599.400	209.956	3.621
3599.600	209.956	3.621
3599.800	209.957	3.621
3600.000	209.955	3.621
3600.200	0.156	3.612
3600.400	0.082	3.611
3600.600	0.066	3.611
3600.800	0.056	3.611
3601.000	0.052	3.611
3601.200	0.049	3.611
3601.400	0.048	3.611
3601.600	0.045	3.611
3601.800	0.044	3.611
3602.000	0.043	3.611
3602.200	0.041	3.611
3602.400	0.041	3.611
3602.600	0.042	3.611
3602.800	0.040	3.611
3603.000	0.040	3.611
3603.200	0.039	3.611
3603.400	0.039	3.611
3603.600	0.038	3.611
3603.800	0.039	3.611
3604.000	0.037	3.611
3604.200	0.038	3.611
3604.400	0.038	3.611
3604.600	0.035	3.611
3604.800	0.035	3.611
3605.000	0.035	3.611
3605.200	0.035	3.611
3605.400	0.033	3.610
3605.600	0.033	3.610
3605.800	0.034	3.610
3606.000	0.036	3.610
3606.200	0.034	3.610
3606.400	0.034	3.610
3606.600	0.032	3.610
3606.800	0.034	3.610
3607.000	0.034	3.610
3607.200	0.033	3.610
3607.400	0.034	3.610
3607.600	0.032	3.610
3607.800	0.031	3.610
3608.000	0.029	3.610
3608.200	0.033	3.610
3608.400	0.032	3.610
3608.600	0.033	3.610
3608.800	0.033	3.610
3609.000	0.032	3.610
3609.200	0.033	3.610
3609.400	0.032	3.610
3609.600	0.033	3.610
3609.800	0.034	3.610
3610.000	0.032	3.610
3610.200	0.033	3.610
3610.400	0.031	3.610
3610.600	0.032	3.610
3610.800	0.031	3.610
3611.000	0.032	3.610
3611.200	0.032	3.610
3611.400	0.031	3.610
3611.600	0.032	3.610
3611.800	0.032	3.610
3612.000	0.031	3.610
3612.200	0.032	3.610
3612.400	0.033	3.610
3612.600	0.032	3.610
3612.800	0.032	3.610
3613.000	0.031	3.610
3613.200	0.031	3.610
3613.400	0.031	3.610
3613.600	0.032	3.610
3613.800	0.031	3.610
3614.000	0.031	3.610
3614.200	0.032	3.610
3614.400	0.031	3.610
3614.600	0.031	3.610
3614.800	0.032	3.610
3615.000	0.033	3.610
3615.200	0.033	3.610
3615.400	0.030	3.610
3615.600	0.031	3.610
3615.800	0.032	3.610
3616.000	0.032	3.610
3616.200	0.031	3.610
3616.400	0.030	3.610
3616.600	0.032	3.609
3616.800	0.031	3.609
3617.000	0.030	3.609
3617.200	0.031	3.609
3617.400	0.031	3.609
3617.600	0.032	3.609
3617.800	0.032	3.609
3618.000	0.032	3.609
3618.200	0.033	3.609
3618.400	0.031	3.609
3618.600	0.032	3.609
3618.800	0.031	3.609
3619.000	0.031	3.609
3619.200	0.032	3.609
3619.400	0.031	3.609
3619.600	0.031	3.609
3619.800	0.031	3.609
3620.000	0.031	3.609
3620.200	0.031	3.609
3620.400	0.032	3.609
3620.600	0.031	3.609
3620.800	0.031	3.609
3621.000	0.031	3.609
3621.200	0.031	3.609
3621.400	0.030	3.609
3621.600	0.030	3.609
3621.800	0.030	3.609
3622.000	0.029	3.609
3622.200	0.031	3.609
3622.400	0.030	3.609
3622.600	0.032	3.609
3622.800	0.030	3.609
3623.000	0.032	3.609
3623.200	0.031	3.609
3623.400	0.031	3.609
3623.600	0.032	3.609
3623.800	0.031	3.609
3624.000	0.032	3.609
3624.200	0.033	3.609
3624.400	0.032	3.609
3624.600	0.032	3.609
3624.800	0.032	3.609
3625.000	0.032	3.609
3625.200	0.032	3.609
3625.400	0.033	3.609
3625.600	0.032	3.609
3625.800	0.032	3.609
3626.000	0.032	3.609
3626.200	0.032	3.609
3626.400	0.032	3.609
3626.600	0.033	3.609
3626.800	0.034	3.609
3627.000	0.033	3.609
3627.200	0.032	3.609
3627.400	0.032	3.609
3627.600	0.032	3.609
3627.800	0.033	3.609
3628.000	0.033	3.609
3628.200	0.033	3.609
3628.400	0.032	3.609
3628.600	0.033	3.609
3628.800	0.032	3.609
3629.000	0.033	3.609
3629.200	0.033	3.609
3629.400	0.033	3.609
3629.600	0.033	3.609
3629.800	0.031	3.609
3630.000	0.032	3.609
3630.200	0.032	3.609
3630.400	0.032	3.609
3630.600	0.031	3.609
3630.800	0.031	3.609
3631.000	0.030	3.609
3631.200	0.031	3.609
3631.400	0.031	3.609
3631.600	0.033	3.609
3631.800	0.030	3.609
3632.000	0.030	3.609
3632.200	0.031	3.609
3632.400	0.032	3.609
3632.600	0.032	3.609
3632.800	0.033	3.609
3633.000	0.032	3.609
3633.200	0.032	3.609
3633.400	0.032	3.609
3633.600	0.031	3.608
3633.800	0.029	3.608
3634.000	0.031	3.608
3634.200	0.030	3.608
3634.400	0.030	3.608
3634.600	0.031	3.608
3634.800	0.029	3.608
3635.000	0.031	3.608
3635.200	0.029	3.608
3635.400	0.029	3.608
3635.600	0.029	3.608
3635.800	0.030	3.608
3636.000	0.030	3.608
3636.200	0.030	3.608
3636.400	0.030	3.608
3636.600	0.031	3.608
3636.800	0.030	3.608
3637.000	0.030	3.608
3637.200	0.031	3.608
3637.400	0.030	3.608
3637.600	0.030	3.608
3637.800	0.031	3.608
3638.000	0.031	3.608
3638.200	0.031	3.608
3638.400	0.030	3.608
3638.600	0.030	3.608
3638.800	0.031	3.608
3639.000	0.032	3.608
3639.200	0.033	3.608
3639.400	0.031	3.608
3639.600	0.032	3.608
3639.800	0.031	3.608
3640.000	0.032	3.608
3640.200	0.032	3.608
3640.400	0.032	3.608
3640.600	0.031	3.608
3640.800	0.032	3.608
3641.000	0.032	3.608
3641.200	0.030	3.608
3641.400	0.031	3.608
3641.600	0.031	3.608
3641.800	0.030	3.608
3642.000	0.030	3.608
3642.200	0.032	3.608
3642.400	0.031	3.608
3642.600	0.032	3.608
3642.800	0.032	3.608
3643.000	0.032	3.608
3643.200	0.032	3.608
3643.400	0.032	3.608
3643.600	0.032	3.608
3643.800	0.031	3.608
3644.000	0.030	3.608
3644.200	0.031	3.608
3644.400	0.031	3.608
3644.600	0.031	3.608
3644.800	0.030	3.608
3645.000	0.031	3.608
3645.200	0.030	3.608
3645.400	0.031	3.608
3645.600	0.031	3.608
3645.800	0.031	3.608
3646.000	0.032	3.608
3646.200	0.031	3.608
3646.400	0.031	3.608
3646.600	0.032	3.608
3646.800	0.032	3.608
3647.000	0.031	3.608
3647.200	0.033	3.608
3647.400	0.033	3.608
3647.600	0.032	3.608
3647.800	0.032	3.608
3648.000	0.031	3.608
3648.200	0.032	3.608
3648.400	0.032	3.608
3648.600	0.033	3.608
3648.800	0.033	3.608
3649.000	0.032	3.608
3649.200	0.033	3.608
3649.400	0.033	3.608
3649.600	0.032	3.608
3649.800	0.033	3.608
3650.000	0.032	3.608
3650.200	0.034	3.608
3650.400	0.034	3.608
3650.600	0.033	3.608
3650.800	0.034	3.608
3651.000	0.031	3.608
3651.200	0.033	3.608
3651.400	0.032	3.608
3651.600	0.033	3.608
3651.800	0.032	3.608
3652.000	0.033	3.608
3652.200	0.032	3.608
3652.400	0.034	3.608
3652.600	0.031	3.608
3652.800	0.032	3.608
3653.000	0.031	3.608
3653.200	0.032	3.608
3653.400	0.032	3.608
3653.600	0.032	3.608
3653.800	0.033	3.608
3654.000	0.030	3.608
3654.200	0.033	3.608
3654.400	0.031	3.608
3654.600	0.033	3.608
3654.800	0.033	3.608
3655.000	0.033	3.608
3655.200	0.031	3.608
3655.400	0.031	3.608
3655.600	0.030	3.608
3655.800	0.030	3.608
3656.000	0.033	3.608
3656.200	0.031	3.608
3656.400	0.032	3.608
3656.600	0.031	3.608
3656.800	0.030	3.608
3657.000	0.030	3.608
3657.200	0.032	3.608
3657.400	0.033	3.608
3657.600	0.031	3.608
3657.800	0.034	3.608
3658.000	0.030	3.608
3658.200	0.031	3.608
3658.400	0.030	3.608
3658.600	0.032	3.608
3658.800	0.031	3.608
3659.000	0.031	3.608
3659.200	0.030	3.608
3659.400	0.033	3.608
3659.600	0.030	3.608
3659.800	0.032	3.608
3660.000	0.031	3.608
3660.200	0.031	3.608
3660.400	0.033	3.608
3660.600	0.032	3.608
3660.800	0.032	3.608
3661.000	0.032	3.608
3661.200	0.032	3.608
3661.400	0.033	3.608
3661.600	0.030	3.608
3661.800	0.031	3.608
3662.000	0.030	3.608
3662.200	0.031	3.608
3662.400	0.031	3.608
3662.600	0.031	3.608
3662.800	0.031	3.608
3663.000	0.032	3.608
3663.200	0.031	3.608
3663.400	0.033	3.608
3663.600	0.032	3.608
3663.800	0.032	3.608
3664.000	0.031	3.607
3664.200	0.032	3.608
3664.400	0.031	3.607
3664.600	0.032	3.607
3664.800	0.031	3.607
3665.000	0.031	3.607
3665.200	0.032	3.607
3665.400	0.030	3.607
3665.600	0.033	3.607
3665.800	0.031	3.607
3666.000	0.031	3.607
3666.200	0.032	3.607
3666.400	0.032	3.607
3666.600	0.030	3.607
3666.800	0.032	3.607
3667.000	0.031	3.607
3667.200	0.032	3.607
3667.400	0.030	3.607
3667.600	0.031	3.607
3667.800	0.031	3.607
3668.000	0.032	3.607
3668.200	0.030	3.607
3668.400	0.031	3.607
3668.600	0.030	3.607
3668.800	0.031	3.607
3669.000	0.033	3.607
3669.200	0.032	3.607
3669.400	0.030	3.607
3669.600	0.031	3.607
3669.800	0.032	3.607
3670.000	0.031	3.607
3670.200	0.032	3.607
3670.400	0.031	3.607
3670.600	0.032	3.607
3670.800	0.033	3.607
3671.000	0.032	3.607
3671.200	0.032	3.607
3671.400	0.033	3.607
3671.600	0.032	3.607
3671.800	0.031	3.607
3672.000	0.029	3.607
3672.200	0.030	3.607
3672.400	0.032	3.607
3672.600	0.030	3.607
3672.800	0.030	3.607
3673.000	0.030	3.607
3673.200	0.032	3.607
3673.400	0.030	3.607
3673.600	0.032	3.607
3673.800	0.032	3.607
3674.000	0.031	3.607
3674.200	0.031	3.607
3674.400	0.032	3.607
3674.600	0.033	3.607
3674.800	0.032	3.607
3675.000	0.032	3.607
3675.200	0.032	3.607
3675.400	0.033	3.607
3675.600	0.033	3.607
3675.800	0.033	3.607
3676.000	0.031	3.607
3676.200	0.031	3.607
3676.400	0.032	3.607
3676.600	0.031	3.607
3676.800	0.032	3.607
3677.000	0.031	3.607
3677.200	0.031	3.607
3677.400	0.032	3.607
3677.600	0.032	3.607
3677.800	0.030	3.607
3678.000	0.032	3.607
3678.200	0.031	3.607
3678.400	0.030	3.607
3678.600	0.031	3.607
3678.800	0.032	3.607
3679.000	0.029	3.607
3679.200	0.032	3.607
3679.400	0.030	3.607
3679.600	0.030	3.607
3679.800	0.031	3.607
3680.000	0.030	3.607
3680.200	0.031	3.607
3680.400	0.032	3.607
3680.600	0.030	3.607
3680.800	0.031	3.607
3681.000	0.031	3.607
3681.200	0.031	3.607
3681.400	0.030	3.607
3681.600	0.030	3.607
3681.800	0.030	3.607
3682.000	0.032	3.607
3682.200	0.029	3.607
3682.400	0.031	3.607
3682.600	0.031	3.607
3682.800	0.030	3.607
3683.000	0.031	3.607
3683.200	0.032	3.607
3683.400	0.033	3.607
3683.600	0.032	3.607
3683.800	0.031	3.607
3684.000	0.032	3.607
3684.200	0.032	3.607
3684.400	0.031	3.607
3684.600	0.030	3.607
3684.800	0.030	3.607
3685.000	0.031	3.607
3685.200	0.030	3.607
3685.400	0.030	3.607
3685.600	0.030	3.607
3685.800	0.030	3.607
3686.000	0.032	3.607
3686.200	0.031	3.607
3686.400	0.030	3.607
3686.600	0.031	3.607
3686.800	0.031	3.607
3687.000	0.031	3.607
3687.200	0.029	3.607
3687.400	0.032	3.607
3687.600	0.032	3.607
3687.800	0.032	3.607
3688.000	0.029	3.607
3688.200	0.029	3.607
3688.400	0.030	3.607
3688.600	0.030	3.607
3688.800	0.030	3.607
3689.000	0.029	3.607
3689.200	0.030	3.607
3689.400	0.031	3.607
3689.600	0.031	3.607
3689.800	0.029	3.607
3690.000	0.031	3.607
3690.200	0.030	3.607
3690.400	0.029	3.607
3690.600	0.030	3.607
3690.800	0.030	3.607
3691.000	0.031	3.607
3691.200	0.031	3.607
3691.400	0.031	3.607
3691.600	0.030	3.607
3691.800	0.029	3.607
3692.000	0.030	3.607
3692.200	0.031	3.607
3692.400	0.029	3.607
3692.600	0.029	3.607
3692.800	0.032	3.607
3693.000	0.032	3.607
3693.200	0.029	3.607
3693.400	0.031	3.607
3693.600	0.031	3.607
3693.800	0.029	3.607
3694.000	0.029	3.607
3694.200	0.029	3.607
3694.400	0.032	3.607
3694.600	0.030	3.607
3694.800	0.031	3.607
3695.000	0.033	3.607
3695.200	0.031	3.607
3695.400	0.031	3.607
3695.600	0.031	3.607
3695.800	0.031	3.607
3696.000	0.029	3.607
3696.200	0.030	3.607
3696.400	0.030	3.607
3696.600	0.030	3.607
3696.800	0.028	3.607
3697.000	0.031	3.607
3697.200	0.031	3.607
3697.400	0.030	3.607
3697.600	0.029	3.607
3697.800	0.030	3.607
3698.000	0.031	3.607
3698.200	0.031	3.607
3698.400	0.029	3.607
3698.600	0.030	3.607
3698.800	0.029	3.607
3699.000	0.030	3.607
3699.200	0.029	3.607
3699.400	0.029	3.607
3699.600	0.030	3.607
3699.800	0.029	3.607
3700.000	0.029	3.607
3700.200	0.029	3.607
3700.400	0.030	3.607
3700.600	0.031	3.607
3700.800	0.030	3.607
3701.000	0.030	3.607
3701.200	0.031	3.607
3701.400	0.031	3.607
3701.600	0.031	3.607
3701.800	0.031	3.607
3702.000	0.029	3.607
3702.200	0.030	3.607
3702.400	0.029	3.607
3702.600	0.029	3.607
3702.800	0.030	3.607
3703.000	0.030	3.607
3703.200	0.029	3.607
3703.400	0.029	3.607
3703.600	0.029	3.607
3703.800	0.030	3.607
3704.000	0.030	3.607
3704.200	0.031	3.607
3704.400	0.030	3.607
3704.600	0.030	3.607
3704.800	0.031	3.607
3705.000	0.030	3.607
3705.200	0.030	3.607
3705.400	0.030	3.607
3705.600	0.030	3.607
3705.800	0.031	3.607
3706.000	0.030	3.607
3706.200	0.031	3.607
3706.400	0.030	3.607
3706.600	0.030	3.607
3706.800	0.031	3.607
3707.000	0.031	3.607
3707.200	0.030	3.607
3707.400	0.030	3.607
3707.600	0.031	3.607
3707.800	0.031	3.607
3708.000	0.028	3.607
3708.200	0.029	3.607
3708.400	0.029	3.607
3708.600	0.029	3.607
3708.800	0.030	3.607
3709.000	0.030	3.607
3709.200	0.030	3.607
3709.400	0.031	3.607
3709.600	0.031	3.607
3709.800	0.030	3.607
3710.000	0.030	3.607
3710.200	0.031	3.607
3710.400	0.030	3.607
3710.600	0.030	3.607
3710.800	0.029	3.607
3711.000	0.029	3.607
3711.200	0.029	3.607
3711.400	0.030	3.607
3711.600	0.028	3.607
3711.800	0.029	3.607
3712.000	0.030	3.607
3712.200	0.030	3.607
3712.400	0.029	3.607
3712.600	0.031	3.607
3712.800	0.030	3.607
3713.000	0.029	3.607
3713.200	0.029	3.607
3713.400	0.030	3.607
3713.600	0.029	3.607
3713.800	0.029	3.606
3714.000	0.029	3.606
3714.200	0.030	3.606
3714.400	0.028	3.606
3714.600	0.029	3.606
3714.800	0.030	3.606
3715.000	0.031	3.607
3715.200	0.030	3.607
3715.400	0.029	3.606
3715.600	0.027	3.607
3715.800	0.029	3.606
3716.000	0.029	3.606
3716.200	0.029	3.607
3716.400	0.028	3.606
3716.600	0.029	3.606
3716.800	0.030	3.606
3717.000	0.030	3.606
3717.200	0.029	3.606
3717.400	0.029	3.606
3717.600	0.028	3.606
3717.800	0.027	3.606
3718.000	0.030	3.606
3718.200	0.030	3.606
3718.400	0.029	3.606
3718.600	0.028	3.606
3718.800	0.031	3.606
3719.000	0.030	3.606
3719.200	0.030	3.606
3719.400	0.030	3.606
3719.600	0.029	3.606
3719.800	0.029	3.606
3720.000	0.030	3.606
3720.200	0.029	3.606
3720.400	0.028	3.606
3720.600	0.029	3.606
3720.800	0.030	3.606
3721.000	0.030	3.606
3721.200	0.030	3.606
3721.400	0.027	3.606
3721.600	0.028	3.606
3721.800	0.029	3.606
3722.000	0.029	3.606
3722.200	0.028	3.606
3722.400	0.029	3.606
3722.600	0.027	3.606
3722.800	0.027	3.606
3723.000	0.028	3.606
3723.200	0.028	3.606
3723.400	0.027	3.606
3723.600	0.029	3.606
3723.800	0.029	3.606
3724.000	0.030	3.606
3724.200	0.030	3.606
3724.400	0.029	3.606
3724.600	0.030	3.606
3724.800	0.028	3.606
3725.000	0.028	3.606
3725.200	0.028	3.606
3725.400	0.028	3.606
3725.600	0.028	3.606
3725.800	0.027	3.606
3726.000	0.028	3.606
3726.200	0.028	3.606
3726.400	0.028	3.606
3726.600	0.027	3.606
3726.800	0.027	3.606
3727.000	0.029	3.606
3727.200	0.028	3.606
3727.400	0.028	3.606
3727.600	0.028	3.606
3727.800	0.026	3.606
3728.000	0.027	3.606
3728.200	0.028	3.606
3728.400	0.027	3.606
3728.600	0.029	3.606
3728.800	0.028	3.606
3729.000	0.029	3.606
3729.200	0.028	3.606
3729.400	0.029	3.606
3729.600	0.028	3.606
3729.800	0.029	3.606
3730.000	0.028	3.606
3730.200	0.028	3.606
3730.400	0.029	3.606
3730.600	0.029	3.606
3730.800	0.029	3.606
3731.000	0.029	3.606
3731.200	0.030	3.606
3731.400	0.030	3.606
3731.600	0.030	3.606
3731.800	0.030	3.606
3732.000	0.031	3.606
3732.200	0.028	3.606
3732.400	0.029	3.606
3732.600	0.028	3.606
3732.800	0.028	3.606
3733.000	0.030	3.606
3733.200	0.029	3.606
3733.400	0.030	3.606
3733.600	0.029	3.606
3733.800	0.027	3.606
3734.000	0.028	3.606
3734.200	0.028	3.606
3734.400	0.028	3.606
3734.600	0.028	3.606
3734.800	0.026	3.606
3735.000	0.027	3.606
3735.200	0.027	3.606
3735.400	0.028	3.606
3735.600	0.026	3.606
3735.800	0.028	3.606
3736.000	0.030	3.606
3736.200	0.028	3.606
3736.400	0.027	3.606
3736.600	0.027	3.606
3736.800	0.029	3.606
3737.000	0.026	3.606
3737.200	0.028	3.606
3737.400	0.028	3.606
3737.600	0.029	3.606
3737.800	0.029	3.606
3738.000	0.028	3.606
3738.200	0.028	3.606
3738.400	0.027	3.606
3738.600	0.028	3.606
3738.800	0.029	3.606
3739.000	0.028	3.606
3739.200	0.029	3.606
3739.400	0.029	3.606
3739.600	0.030	3.606
3739.800	0.027	3.606
3740.000	0.029	3.606
3740.200	0.028	3.606
3740.400	0.027	3.606
3740.600	0.027	3.606
3740.800	0.030	3.606
3741.000	0.028	3.606
3741.200	0.029	3.606
3741.400	0.028	3.606
3741.600	0.027	3.606
3741.800	0.026	3.606
3742.000	0.026	3.606
3742.200	0.025	3.606
3742.400	0.028	3.606
3742.600	0.028	3.606
3742.800	0.028	3.606
3743.000	0.027	3.606
3743.200	0.027	3.606
3743.400	0.027	3.606
3743.600	0.027	3.606
3743.800	0.027	3.606
3744.000	0.028	3.606
3744.200	0.028	3.606
3744.400	0.030	3.606
3744.600	0.029	3.606
3744.800	0.027	3.606
3745.000	0.027	3.606
3745.200	0.027	3.606
3745.400	0.028	3.606
3745.600	0.029	3.606
3745.800	0.026	3.606
3746.000	0.028	3.606
3746.200	0.028	3.606
3746.400	0.025	3.606
3746.600	0.027	3.606
3746.800	0.029	3.606
3747.000	0.027	3.606
3747.200	0.028	3.606
3747.400	0.029	3.606
3747.600	0.027	3.606
3747.800	0.028	3.606
3748.000	0.028	3.606
3748.200	0.027	3.606
3748.400	0.027	3.606
3748.600	0.027	3.606
3748.800	0.027	3.606
3749.000	0.026	3.606
3749.200	0.028	3.606
3749.400	0.028	3.606
3749.600	0.028	3.606
3749.800	0.027	3.606
3750.000	0.027	3.606
3750.200	0.027	3.606
3750.400	0.029	3.606
3750.600	0.029	3.606
3750.800	0.027	3.606
3751.000	0.027	3.606
3751.200	0.028	3.606
3751.400	0.027	3.606
3751.600	0.030	3.606
3751.800	0.025	3.606
3752.000	0.027	3.606
3752.200	0.027	3.606
3752.400	0.027	3.606
3752.600	0.028	3.606
3752.800	0.027	3.606
3753.000	0.027	3.606
3753.200	0.026	3.606
3753.400	0.027	3.606
3753.600	0.027	3.606
3753.800	0.028	3.606
3754.000	0.028	3.606
3754.200	0.026	3.606
3754.400	0.028	3.606
3754.600	0.026	3.606
3754.800	0.028	3.606
3755.000	0.029	3.606
3755.200	0.027	3.606
3755.400	0.028	3.606
3755.600	0.026	3.606
3755.800	0.027	3.606
3756.000	0.027	3.606
3756.200	0.026	3.606
3756.400	0.028	3.606
3756.600	0.026	3.606
3756.800	0.028	3.606
3757.000	0.028	3.606
3757.200	0.027	3.606
3757.400	0.027	3.606
3757.600	0.027	3.606
3757.800	0.026	3.606
3758.000	0.027	3.606
3758.200	0.028	3.606
3758.400	0.028	3.606
3758.600	0.027	3.606
3758.800	0.028	3.606
3759.000	0.025	3.606
3759.200	0.028	3.606
3759.400	0.027	3.606
3759.600	0.029	3.606
3759.800	0.028	3.606
3760.000	0.029	3.606
3760.200	0.027	3.606
3760.400	0.028	3.606
3760.600	0.027	3.606
3760.800	0.026	3.606
3761.000	0.028	3.606
3761.200	0.026	3.606
3761.400	0.027	3.606
3761.600	0.027	3.606
3761.800	0.028	3.606
3762.000	0.028	3.606
3762.200	0.028	3.606
3762.400	0.027	3.606
3762.600	0.027	3.606
3762.800	0.026	3.606
3763.000	0.026	3.606
3763.200	0.029	3.606
3763.400	0.029	3.606
3763.600	0.029	3.606
3763.800	0.027	3.606
3764.000	0.028	3.606
3764.200	0.030	3.606
3764.400	0.028	3.606
3764.600	0.027	3.606
3764.800	0.028	3.606
3765.000	0.027	3.606
3765.200	0.027	3.606
3765.400	0.027	3.606
3765.600	0.028	3.606
3765.800	0.028	3.606
3766.000	0.028	3.606
3766.200	0.027	3.606
3766.400	0.026	3.606
3766.600	0.026	3.606
3766.800	0.026	3.606
3767.000	0.028	3.606
3767.200	0.028	3.606
3767.400	0.030	3.606
3767.600	0.029	3.606
3767.800	0.028	3.606
3768.000	0.028	3.606
3768.200	0.028	3.606
3768.400	0.028	3.606
3768.600	0.028	3.606
3768.800	0.027	3.606
3769.000	0.029	3.606
3769.200	0.027	3.606
3769.400	0.029	3.606
3769.600	0.029	3.606
3769.800	0.028	3.606
3770.000	0.027	3.606
3770.200	0.029	3.606
3770.400	0.029	3.606
3770.600	0.028	3.606
3770.800	0.028	3.606
3771.000	0.027	3.606
3771.200	0.026	3.606
3771.400	0.027	3.606
3771.600	0.027	3.606
3771.800	0.028	3.606
3772.000	0.028	3.606
3772.200	0.028	3.606
3772.400	0.028	3.606
3772.600	0.029	3.606
3772.800	0.028	3.606
3773.000	0.030	3.606
3773.200	0.027	3.606
3773.400	0.029	3.606
3773.600	0.028	3.606
3773.800	0.028	3.606
3774.000	0.027	3.606
3774.200	0.027	3.606
3774.400	0.028	3.606
3774.600	0.028	3.606
3774.800	0.028	3.606
3775.000	0.029	3.606
3775.200	0.027	3.606
3775.400	0.026	3.606
3775.600	0.027	3.606
3775.800	0.026	3.606
3776.000	0.025	3.606
3776.200	0.027	3.606
3776.400	0.027	3.606
3776.600	0.027	3.606
3776.800	0.027	3.606
3777.000	0.028	3.606
3777.200	0.027	3.606
3777.400	0.027	3.606
3777.600	0.027	3.606
3777.800	0.028	3.606
3778.000	0.025	3.606
3778.200	0.028	3.606
3778.400	0.028	3.606
3778.600	0.027	3.606
3778.800	0.027	3.606
3779.000	0.027	3.606
3779.200	0.028	3.606
3779.400	0.027	3.606
3779.600	0.028	3.606
3779.800	0.027	3.606
3780.000	0.026	3.606
3780.200	0.028	3.606
3780.400	0.026	3.606
3780.600	0.027	3.606
3780.800	0.027	3.606
3781.000	0.027	3.606
3781.200	0.026	3.606
3781.400	0.027	3.606
3781.600	0.028	3.606
3781.800	0.026	3.606
3782.000	0.027	3.606
3782.200	0.027	3.606
3782.400	0.027	3.606
3782.600	0.028	3.606
3782.800	0.027	3.606
3783.000	0.028	3.606
3783.200	0.027	3.606
3783.400	0.028	3.606
3783.600	0.026	3.606
3783.800	0.027	3.606
3784.000	0.026	3.606
3784.200	0.028	3.606
3784.400	0.029	3.606
3784.600	0.028	3.606
3784.800	0.028	3.606
3785.000	0.028	3.606
3785.200	0.029	3.606
3785.400	0.029	3.606
3785.600	0.027	3.606
3785.800	0.027	3.606
3786.000	0.028	3.606
3786.200	0.029	3.606
3786.400	0.028	3.606
3786.600	0.027	3.606
3786.800	0.030	3.606
3787.000	0.028	3.606
3787.200	0.029	3.606
3787.400	0.027	3.606
3787.600	0.029	3.606
3787.800	0.028	3.606
3788.000	0.028	3.606
3788.200	0.029	3.606
3788.400	0.028	3.606
3788.600	0.028	3.606
3788.800	0.029	3.606
3789.000	0.027	3.606
3789.200	0.026	3.606
3789.400	0.029	3.606
3789.600	0.027	3.606
3789.800	0.027	3.606
3790.000	0.029	3.606
3790.200	0.029	3.606
3790.400	0.028	3.606
3790.600	0.028	3.606
3790.800	0.030	3.606
3791.000	0.028	3.606
3791.200	0.029	3.606
3791.400	0.030	3.606
3791.600	0.029	3.606
3791.800	0.030	3.606
3792.000	0.029	3.606
3792.200	0.029	3.606
3792.400	0.027	3.606
3792.600	0.028	3.606
3792.800	0.027	3.606
3793.000	0.028	3.606
3793.200	0.028	3.606
3793.400	0.030	3.606
3793.600	0.029	3.606
3793.800	0.027	3.606
3794.000	0.029	3.606
3794.200	0.029	3.606
3794.400	0.030	3.606
3794.600	0.029	3.606
3794.800	0.029	3.606
3795.000	0.029	3.606
3795.200	0.029	3.606
3795.400	0.028	3.606
3795.600	0.030	3.606
3795.800	0.028	3.606
3796.000	0.028	3.606
3796.200	0.030	3.606
3796.400	0.028	3.606
3796.600	0.027	3.606
3796.800	0.028	3.606
3797.000	0.028	3.606
3797.200	0.030	3.606
3797.400	0.028	3.606
3797.600	0.026	3.606
3797.800	0.029	3.606
3798.000	0.028	3.606
3798.200	0.027	3.606
3798.400	0.028	3.606
3798.600	0.027	3.606
3798.800	0.028	3.606
3799.000	0.027	3.606
3799.200	0.028	3.606
3799.400	0.029	3.606
3799.600	0.027	3.606
3799.800	0.027	3.606
3800.000	0.028	3.606
3800.200	0.027	3.605
3800.400	0.027	3.605
3800.600	0.027	3.605
3800.800	0.026	3.606
3801.000	0.026	3.606
3801.200	0.027	3.606
3801.400	0.029	3.606
3801.600	0.028	3.606
3801.800	0.027	3.606
3802.000	0.027	3.606
3802.200	0.028	3.606
3802.400	0.026	3.606
3802.600	0.030	3.606
3802.800	0.027	3.606
3803.000	0.027	3.606
3803.200	0.028	3.606
3803.400	0.026	3.606
3803.600	0.027	3.606
3803.800	0.027	3.606
3804.000	0.029	3.606
3804.200	0.028	3.606
3804.400	0.028	3.605
3804.600	0.030	3.606
3804.800	0.028	3.605
3805.000	0.028	3.606
3805.200	0.029	3.606
3805.400	0.028	3.606
3805.600	0.027	3.605
3805.800	0.027	3.605
3806.000	0.027	3.605
3806.200	0.029	3.606
3806.400	0.028	3.606
3806.600	0.029	3.606
3806.800	0.026	3.606
3807.000	0.028	3.605
3807.200	0.028	3.605
3807.400	0.027	3.605
3807.600	0.028	3.605
3807.800	0.028	3.606
3808.000	0.029	3.606
3808.200	0.029	3.606
3808.400	0.028	3.605
3808.600	0.028	3.605
3808.800	0.028	3.605
3809.000	0.027	3.606
3809.200	0.028	3.606
3809.400	0.028	3.606
3809.600	0.029	3.606
3809.800	0.028	3.606
3810.000	0.029	3.606
3810.200	0.029	3.606
3810.400	0.029	3.606
3810.600	0.028	3.606
3810.800	0.031	3.605
3811.000	0.029	3.606
3811.200	0.028	3.606
3811.400	0.028	3.605
3811.600	0.027	3.605
3811.800	0.028	3.605
3812.000	0.029	3.606
3812.200	0.026	3.605
3812.400	0.027	3.605
3812.600	0.026	3.605
3812.800	0.027	3.605
3813.000	0.028	3.605
3813.200	0.028	3.605
3813.400	0.028	3.605
3813.600	0.030	3.605
3813.800	0.028	3.605
3814.000	0.029	3.605
3814.200	0.027	3.605
3814.400	0.029	3.605
3814.600	0.029	3.605
3814.800	0.029	3.605
3815.000	0.028	3.605
3815.200	0.029	3.605
3815.400	0.027	3.605
3815.600	0.027	3.605
3815.800	0.027	3.605
3816.000	0.029	3.605
3816.200	0.028	3.605
3816.400	0.028	3.605
3816.600	0.028	3.605
3816.800	0.027	3.605
3817.000	0.027	3.605
3817.200	0.026	3.605
3817.400	0.028	3.605
3817.600	0.026	3.605
3817.800	0.028	3.605
3818.000	0.026	3.605
3818.200	0.027	3.605
3818.400	0.027	3.605
3818.600	0.026	3.605
3818.800	0.028	3.605
3819.000	0.029	3.605
3819.200	0.029	3.605
3819.400	0.027	3.605
3819.600	0.026	3.605
3819.800	0.028	3.605
3820.000	0.027	3.605
3820.200	0.026	3.605
3820.400	0.029	3.605
3820.600	0.027	3.605
3820.800	0.028	3.605
3821.000	0.027	3.605
3821.200	0.030	3.605
3821.400	0.028	3.605
3821.600	0.028	3.605
3821.800	0.028	3.605
3822.000	0.028	3.605
3822.200	0.027	3.605
3822.400	0.029	3.605
3822.600	0.027	3.605
3822.800	0.027	3.605
3823.000	0.029	3.605
3823.200	0.028	3.605
3823.400	0.028	3.605
3823.600	0.027	3.605
3823.800	0.028	3.605
3824.000	0.026	3.605
3824.200	0.026	3.605
3824.400	0.027	3.605
3824.600	0.027	3.605
3824.800	0.028	3.605
3825.000	0.028	3.605
3825.200	0.026	3.605
3825.400	0.027	3.605
3825.600	0.028	3.605
3825.800	0.029	3.605
3826.000	0.027	3.605
3826.200	0.028	3.605
3826.400	0.028	3.605
3826.600	0.029	3.605
3826.800	0.028	3.605
3827.000	0.028	3.605
3827.200	0.028	3.605
3827.400	0.028	3.605
3827.600	0.028	3.605
3827.800	0.028	3.605
3828.000	0.027	3.605
3828.200	0.028	3.605
3828.400	0.027	3.605
3828.600	0.028	3.605
3828.800	0.028	3.605
3829.000	0.029	3.605
3829.200	0.026	3.605
3829.400	0.028	3.605
3829.600	0.029	3.605
3829.800	0.028	3.605
3830.000	0.029	3.605
3830.200	0.027	3.605
3830.400	0.027	3.605
3830.600	0.028	3.605
3830.800	0.028	3.605
3831.000	0.027	3.605
3831.200	0.028	3.605
3831.400	0.027	3.605
3831.600	0.026	3.605
3831.800	0.028	3.605
3832.000	0.028	3.605
3832.200	0.027	3.605
3832.400	0.028	3.605
3832.600	0.028	3.605
3832.800	0.029	3.605
3833.000	0.028	3.605
3833.200	0.028	3.605
3833.400	0.029	3.605
3833.600	0.028	3.605
3833.800	0.026	3.605
3834.000	0.027	3.605
3834.200	0.027	3.605
3834.400	0.028	3.605
3834.600	0.028	3.605
3834.800	0.029	3.605
3835.000	0.027	3.605
3835.200	0.028	3.605
3835.400	0.027	3.605
3835.600	0.025	3.605
3835.800	0.027	3.605
3836.000	0.028	3.605
3836.200	0.028	3.605
3836.400	0.028	3.605
3836.600	0.028	3.605
3836.800	0.028	3.605
3837.000	0.027	3.605
3837.200	0.025	3.605
3837.400	0.026	3.605
3837.600	0.027	3.605
3837.800	0.026	3.605
3838.000	0.026	3.605
3838.200	0.025	3.605
3838.400	0.026	3.605
3838.600	0.028	3.605
3838.800	0.026	3.605
3839.000	0.027	3.605
3839.200	0.027	3.605
3839.400	0.028	3.605
3839.600	0.027	3.605
3839.800	0.027	3.605
3840.000	0.027	3.605
3840.200	0.026	3.605
3840.400	0.027	3.605
3840.600	0.026	3.605
3840.800	0.027	3.605
3841.000	0.027	3.605
3841.200	0.026	3.605
3841.400	0.028	3.605
3841.600	0.027	3.605
3841.800	0.027	3.605
3842.000	0.029	3.605
3842.200	0.028	3.605
3842.400	0.026	3.605
3842.600	0.026	3.605
3842.800	0.026	3.605
3843.000	0.028	3.605
3843.200	0.029	3.605
3843.400	0.029	3.605
3843.600	0.027	3.605
3843.800	0.028	3.605
3844.000	0.026	3.605
3844.200	0.028	3.605
3844.400	0.027	3.605
3844.600	0.028	3.605
3844.800	0.027	3.605
3845.000	0.026	3.605
3845.200	0.026	3.605
3845.400	0.027	3.605
3845.600	0.028	3.605
3845.800	0.027	3.605
3846.000	0.028	3.605
3846.200	0.028	3.605
3846.400	0.027	3.605
3846.600	0.027	3.605
3846.800	0.029	3.605
3847.000	0.028	3.605
3847.200	0.029	3.605
3847.400	0.029	3.605
3847.600	0.028	3.605
3847.800	0.028	3.605
3848.000	0.027	3.605
3848.200	0.026	3.605
3848.400	0.028	3.605
3848.600	0.027	3.605
3848.800	0.027	3.605
3849.000	0.028	3.605
3849.200	0.027	3.605
3849.400	0.026	3.605
3849.600	0.025	3.605
3849.800	0.026	3.605
3850.000	0.028	3.605
3850.200	0.027	3.605
3850.400	0.028	3.605
3850.600	0.028	3.605
3850.800	0.028	3.605
3851.000	0.027	3.605
3851.200	0.026	3.605
3851.400	0.029	3.605
3851.600	0.027	3.605
3851.800	0.028	3.605
3852.000	0.027	3.605
3852.200	0.026	3.605
3852.400	0.027	3.605
3852.600	0.029	3.605
3852.800	0.029	3.605
3853.000	0.027	3.605
3853.200	0.027	3.605
3853.400	0.027	3.605
3853.600	0.027	3.605
3853.800	0.027	3.605
3854.000	0.027	3.605
3854.200	0.028	3.605
3854.400	0.030	3.605
3854.600	0.029	3.605
3854.800	0.028	3.605
3855.000	0.029	3.605
3855.200	0.028	3.605
3855.400	0.028	3.605
3855.600	0.028	3.605
3855.800	0.028	3.605
3856.000	0.029	3.605
3856.200	0.030	3.605
3856.400	0.032	3.605
3856.600	0.031	3.605
3856.800	0.029	3.605
3857.000	0.028	3.605
3857.200	0.027	3.605
3857.400	0.027	3.605
3857.600	0.030	3.605
3857.800	0.029	3.605
3858.000	0.031	3.605
3858.200	0.031	3.605
3858.400	0.030	3.605
3858.600	0.031	3.605
3858.800	0.028	3.605
3859.000	0.030	3.605
3859.200	0.030	3.605
3859.400	0.029	3.605
3859.600	0.028	3.605
3859.800	0.029	3.605
3860.000	0.029	3.605
3860.200	0.029	3.605
3860.400	0.028	3.605
3860.600	0.028	3.605
3860.800	0.028	3.605
3861.000	0.029	3.605
3861.200	0.030	3.605
3861.400	0.029	3.605
3861.600	0.030	3.605
3861.800	0.029	3.605
3862.000	0.030	3.605
3862.200	0.029	3.605
3862.400	0.029	3.605
3862.600	0.029	3.605
3862.800	0.029	3.605
3863.000	0.030	3.605
3863.200	0.031	3.605
3863.400	0.031	3.605
3863.600	0.030	3.605
3863.800	0.028	3.605
3864.000	0.029	3.605
3864.200	0.028	3.605
3864.400	0.031	3.605
3864.600	0.032	3.605
3864.800	0.029	3.605
3865.000	0.030	3.605
3865.200	0.028	3.605
3865.400	0.030	3.605
3865.600	0.030	3.605
3865.800	0.031	3.605
3866.000	0.031	3.605
3866.200	0.030	3.605
3866.400	0.029	3.605
3866.600	0.029	3.605
3866.800	0.029	3.605
3867.000	0.028	3.605
3867.200	0.030	3.605
3867.400	0.029	3.605
3867.600	0.031	3.605
3867.800	0.030	3.605
3868.000	0.030	3.605
3868.200	0.030	3.605
3868.400	0.028	3.605
3868.600	0.028	3.605
3868.800	0.027	3.605
3869.000	0.028	3.605
3869.200	0.029	3.605
3869.400	0.028	3.605
3869.600	0.029	3.605
3869.800	0.030	3.605
3870.000	0.029	3.605
3870.200	0.029	3.605
3870.400	0.028	3.605
3870.600	0.028	3.605
3870.800	0.028	3.605
3871.000	0.027	3.605
3871.200	0.027	3.605
3871.400	0.026	3.605
3871.600	0.026	3.605
3871.800	0.026	3.605
3872.000	0.026	3.605
3872.200	0.027	3.605
3872.400	0.026	3.605
3872.600	0.026	3.605
3872.800	0.028	3.605
3873.000	0.027	3.605
3873.200	0.028	3.605
3873.400	0.028	3.605
3873.600	0.028	3.605
3873.800	0.026	3.605
3874.000	0.025	3.605
3874.200	0.027	3.605
3874.400	0.026	3.605
3874.600	0.027	3.605
3874.800	0.027	3.605
3875.000	0.027	3.605
3875.200	0.028	3.605
3875.400	0.027	3.605
3875.600	0.028	3.605
3875.800	0.027	3.605
3876.000	0.027	3.605
3876.200	0.027	3.605
3876.400	0.027	3.605
3876.600	0.026	3.605
3876.800	0.027	3.605
3877.000	0.029	3.605
3877.200	0.027	3.605
3877.400	0.026	3.605
3877.600	0.027	3.605
3877.800	0.028	3.605
3878.000	0.026	3.605
3878.200	0.026	3.605
3878.400	0.028	3.605
3878.600	0.027	3.605
3878.800	0.027	3.605
3879.000	0.026	3.605
3879.200	0.027	3.605
3879.400	0.027	3.605
3879.600	0.028	3.605
3879.800	0.029	3.605
3880.000	0.028	3.605
3880.200	0.027	3.605
3880.400	0.028	3.605
3880.600	0.028	3.605
3880.800	0.030	3.605
3881.000	0.029	3.605
3881.200	0.028	3.605
3881.400	0.029	3.605
3881.600	0.027	3.605
3881.800	0.027	3.605
3882.000	0.028	3.605
3882.200	0.027	3.605
3882.400	0.028	3.605
3882.600	0.028	3.605
3882.800	0.030	3.605
3883.000	0.029	3.605
3883.200	0.030	3.605
3883.400	0.030	3.605
3883.600	0.028	3.605
3883.800	0.027	3.605
3884.000	0.028	3.605
3884.200	0.028	3.605
3884.400	0.027	3.605
3884.600	0.027	3.605
3884.800	0.026	3.605
3885.000	0.027	3.605
3885.200	0.027	3.605
3885.400	0.028	3.605
3885.600	0.029	3.605
3885.800	0.027	3.605
3886.000	0.029	3.605
3886.200	0.029	3.605
3886.400	0.028	3.605
3886.600	0.028	3.605
3886.800	0.027	3.605
3887.000	0.027	3.605
3887.200	0.028	3.605
3887.400	0.027	3.605
3887.600	0.028	3.605
3887.800	0.027	3.605
3888.000	0.028	3.605
3888.200	0.027	3.605
3888.400	0.029	3.605
3888.600	0.028	3.605
3888.800	0.029	3.605
3889.000	0.028	3.605
3889.200	0.028	3.605
3889.400	0.028	3.605
3889.600	0.028	3.605
3889.800	0.028	3.605
3890.000	0.026	3.605
3890.200	0.028	3.605
3890.400	0.028	3.605
3890.600	0.026	3.605
3890.800	0.027	3.605
3891.000	0.027	3.605
3891.200	0.026	3.605
3891.400	0.027	3.605
3891.600	0.028	3.605
3891.800	0.026	3.605
3892.000	0.026	3.605
3892.200	0.027	3.605
3892.400	0.027	3.605
3892.600	0.025	3.605
3892.800	0.028	3.605
3893.000	0.028	3.605
3893.200	0.027	3.605
3893.400	0.026	3.605
3893.600	0.028	3.605
3893.800	0.027	3.605
3894.000	0.027	3.605
3894.200	0.027	3.605
3894.400	0.026	3.605
3894.600	0.027	3.605
3894.800	0.026	3.605
3895.000	0.027	3.605
3895.200	0.027	3.605
3895.400	0.027	3.605
3895.600	0.027	3.605
3895.800	0.027	3.605
3896.000	0.027	3.605
3896.200	0.025	3.605
3896.400	0.026	3.605
3896.600	0.027	3.605
3896.800	0.025	3.605
3897.000	0.027	3.605
3897.200	0.025	3.605
3897.400	0.026	3.605
3897.600	0.026	3.605
3897.800	0.024	3.605
3898.000	0.025	3.605
3898.200	0.025	3.605
3898.400	0.025	3.605
3898.600	0.025	3.605
3898.800	0.026	3.605
3899.000	0.027	3.605
3899.200	0.026	3.605
3899.400	0.024	3.605
3899.600	0.025	3.605
3899.800	0.023	3.605
3900.000	0.024	3.605
3900.200	0.026	3.605
3900.400	0.026	3.605
3900.600	0.026	3.605
3900.800	0.025	3.605
3901.000	0.026	3.605
3901.200	0.026	3.605
3901.400	0.027	3.605
3901.600	0.027	3.605
3901.800	0.026	3.605
3902.000	0.027	3.605
3902.200	0.025	3.605
3902.400	0.026	3.605
3902.600	0.025	3.605
3902.800	0.028	3.605
3903.000	0.027	3.605
3903.200	0.026	3.605
3903.400	0.026	3.605
3903.600	0.026	3.605
3903.800	0.025	3.605
3904.000	0.026	3.605
3904.200	0.027	3.605
3904.400	0.026	3.605
3904.600	0.026	3.605
3904.800	0.025	3.605
3905.000	0.027	3.605
3905.200	0.025	3.605
3905.400	0.025	3.605
3905.600	0.024	3.605
3905.800	0.024	3.605
3906.000	0.024	3.605
3906.200	0.025	3.605
3906.400	0.025	3.605
3906.600	0.026	3.605
3906.800	0.025	3.605
3907.000	0.025	3.605
3907.200	0.025	3.605
3907.400	0.025	3.605
3907.600	0.024	3.605
3907.800	0.027	3.605
3908.000	0.026	3.605
3908.200	0.025	3.605
3908.400	0.027	3.605
3908.600	0.025	3.605
3908.800	0.026	3.605
3909.000	0.026	3.605
3909.200	0.024	3.605
3909.400	0.025	3.605
3909.600	0.026	3.605
3909.800	0.026	3.605
3910.000	0.025	3.605
3910.200	0.027	3.605
3910.400	0.026	3.605
3910.600	0.025	3.605
3910.800	0.026	3.605
3911.000	0.026	3.605
3911.200	0.025	3.605
3911.400	0.027	3.605
3911.600	0.026	3.605
3911.800	0.026	3.605
3912.000	0.026	3.605
3912.200	0.027	3.605
3912.400	0.027	3.605
3912.600	0.027	3.605
3912.800	0.025	3.605
3913.000	0.026	3.605
3913.200	0.027	3.605
3913.400	0.027	3.605
3913.600	0.026	3.605
3913.800	0.025	3.605
3914.000	0.027	3.605
3914.200	0.027	3.605
3914.400	0.026	3.605
3914.600	0.026	3.605
3914.800	0.026	3.605
3915.000	0.026	3.605
3915.200	0.026	3.605
3915.400	0.027	3.605
3915.600	0.027	3.605
3915.800	0.026	3.605
3916.000	0.026	3.605
3916.200	0.026	3.605
3916.400	0.026	3.605
3916.600	0.027	3.605
3916.800	0.026	3.605
3917.000	0.027	3.605
3917.200	0.027	3.605
3917.400	0.026	3.605
3917.600	0.026	3.605
3917.800	0.026	3.605
3918.000	0.026	3.605
3918.200	0.027	3.605
3918.400	0.025	3.605
3918.600	0.026	3.605
3918.800	0.026	3.605
3919.000	0.025	3.605
3919.200	0.026	3.605
3919.400	0.026	3.605
3919.600	0.027	3.605
3919.800	0.025	3.605
3920.000	0.026	3.605
3920.200	0.026	3.605
3920.400	0.026	3.605
3920.600	0.026	3.605
3920.800	0.026	3.605
3921.000	0.029	3.605
3921.200	0.028	3.605
3921.400	0.028	3.605
3921.600	0.025	3.605
3921.800	0.026	3.605
3922.000	0.026	3.605
3922.200	0.027	3.605
3922.400	0.027	3.605
3922.600	0.027	3.605
3922.800	0.026	3.605
3923.000	0.025	3.605
3923.200	0.025	3.605
3923.400	0.026	3.605
3923.600	0.026	3.605
3923.800	0.027	3.605
3924.000	0.026	3.605
3924.200	0.027	3.605
3924.400	0.026	3.605
3924.600	0.026	3.605
3924.800	0.027	3.605
3925.000	0.028	3.605
3925.200	0.026	3.605
3925.400	0.025	3.605
3925.600	0.027	3.605
3925.800	0.026	3.605
3926.000	0.025	3.605
3926.200	0.026	3.605
3926.400	0.026	3.605
3926.600	0.026	3.605
3926.800	0.028	3.605
3927.000	0.027	3.605
3927.200	0.027	3.605
3927.400	0.026	3.605
3927.600	0.027	3.605
3927.800	0.026	3.605
3928.000	0.026	3.605
3928.200	0.026	3.605
3928.400	0.025	3.605
3928.600	0.027	3.605
3928.800	0.026	3.605
3929.000	0.026	3.605
3929.200	0.026	3.605
3929.400	0.024	3.605
3929.600	0.025	3.605
3929.800	0.025	3.605
3930.000	0.026	3.605
3930.200	0.024	3.605
3930.400	0.026	3.605
3930.600	0.025	3.605
3930.800	0.024	3.605
3931.000	0.025	3.605
3931.200	0.025	3.605
3931.400	0.027	3.605
3931.600	0.025	3.605
3931.800	0.026	3.605
3932.000	0.027	3.605
3932.200	0.024	3.605
3932.400	0.025	3.605
3932.600	0.025	3.605
3932.800	0.025	3.605
3933.000	0.025	3.605
3933.200	0.025	3.605
3933.400	0.024	3.605
3933.600	0.023	3.605
3933.800	0.024	3.605
3934.000	0.025	3.605
3934.200	0.026	3.605
3934.400	0.026	3.605
3934.600	0.026	3.605
3934.800	0.024	3.605
3935.000	0.027	3.605
3935.200	0.025	3.605
3935.400	0.025	3.605
3935.600	0.025	3.605
3935.800	0.024	3.605
3936.000	0.025	3.605
3936.200	0.026	3.605
3936.400	0.026	3.605
3936.600	0.027	3.605
3936.800	0.025	3.605
3937.000	0.024	3.605
3937.200	0.026	3.605
3937.400	0.025	3.605
3937.600	0.026	3.605
3937.800	0.026	3.605
3938.000	0.025	3.605
3938.200	0.025	3.605
3938.400	0.024	3.605
3938.600	0.025	3.605
3938.800	0.025	3.605
3939.000	0.027	3.605
3939.200	0.026	3.605
3939.400	0.026	3.605
3939.600	0.025	3.605
3939.800	0.025	3.605
3940.000	0.025	3.605
3940.200	0.026	3.605
3940.400	0.026	3.605
3940.600	0.024	3.605
3940.800	0.025	3.605
3941.000	0.025	3.605
3941.200	0.025	3.605
3941.400	0.026	3.605
3941.600	0.026	3.605
3941.800	0.026	3.605
3942.000	0.026	3.605
3942.200	0.026	3.605
3942.400	0.028	3.605
3942.600	0.026	3.605
3942.800	0.026	3.605
3943.000	0.026	3.605
3943.200	0.027	3.605
3943.400	0.027	3.605
3943.600	0.027	3.605
3943.800	0.026	3.605
3944.000	0.028	3.605
3944.200	0.026	3.605
3944.400	0.026	3.605
3944.600	0.026	3.605
3944.800	0.025	3.605
3945.000	0.025	3.605
3945.200	0.028	3.605
3945.400	0.026	3.605
3945.600	0.028	3.605
3945.800	0.027	3.605
3946.000	0.027	3.605
3946.200	0.026	3.605
3946.400	0.026	3.605
3946.600	0.028	3.605
3946.800	0.026	3.605
3947.000	0.026	3.605
3947.200	0.028	3.605
3947.400	0.027	3.605
3947.600	0.027	3.605
3947.800	0.028	3.605
3948.000	0.028	3.605
3948.200	0.027	3.605
3948.400	0.028	3.605
3948.600	0.029	3.605
3948.800	0.027	3.605
3949.000	0.028	3.605
3949.200	0.028	3.605
3949.400	0.027	3.605
3949.600	0.028	3.605
3949.800	0.027	3.605
3950.000	0.027	3.605
3950.200	0.029	3.605
3950.400	0.028	3.605
3950.600	0.030	3.605
3950.800	0.028	3.605
3951.000	0.028	3.605
3951.200	0.030	3.605
3951.400	0.030	3.605
3951.600	0.030	3.605
3951.800	0.030	3.605
3952.000	0.030	3.605
3952.200	0.029	3.605
3952.400	0.027	3.605
3952.600	0.028	3.605
3952.800	0.029	3.605
3953.000	0.029	3.605
3953.200	0.028	3.605
3953.400	0.028	3.605
3953.600	0.027	3.605
3953.800	0.029	3.605
3954.000	0.029	3.605
3954.200	0.028	3.605
3954.400	0.028	3.605
3954.600	0.027	3.605
3954.800	0.027	3.605
3955.000	0.029	3.605
3955.200	0.028	3.605
3955.400	0.028	3.605
3955.600	0.029	3.605
3955.800	0.030	3.605
3956.000	0.029	3.605
3956.200	0.029	3.605
3956.400	0.030	3.605
3956.600	0.029	3.605
3956.800	0.027	3.605
3957.000	0.029	3.605
3957.200	0.028	3.605
3957.400	0.029	3.605
3957.600	0.028	3.605
3957.800	0.029	3.605
3958.000	0.027	3.605
3958.200	0.030	3.605
3958.400	0.030	3.605
3958.600	0.028	3.605
3958.800	0.030	3.605
3959.000	0.029	3.605
3959.200	0.030	3.605
3959.400	0.029	3.605
3959.600	0.029	3.605
3959.800	0.029	3.605
3960.000	0.027	3.605
3960.200	0.029	3.605
3960.400	0.029	3.605
3960.600	0.027	3.605
3960.800	0.028	3.605
3961.000	0.029	3.605
3961.200	0.028	3.605
3961.400	0.029	3.605
3961.600	0.031	3.605
3961.800	0.029	3.605
3962.000	0.028	3.605
3962.200	0.029	3.605
3962.400	0.025	3.605
3962.600	0.028	3.605
3962.800	0.027	3.605
3963.000	0.028	3.605
3963.200	0.026	3.605
3963.400	0.028	3.605
3963.600	0.028	3.605
3963.800	0.029	3.605
3964.000	0.028	3.605
3964.200	0.026	3.605
3964.400	0.027	3.605
3964.600	0.028	3.605
3964.800	0.026	3.605
3965.000	0.027	3.605
3965.200	0.029	3.605
3965.400	0.029	3.605
3965.600	0.027	3.605
3965.800	0.027	3.605
3966.000	0.029	3.605
3966.200	0.028	3.605
3966.400	0.028	3.605
3966.600	0.028	3.605
3966.800	0.027	3.605
3967.000	0.027	3.605
3967.200	0.026	3.605
3967.400	0.026	3.605
3967.600	0.026	3.605
3967.800	0.026	3.605
3968.000	0.027	3.605
3968.200	0.027	3.605
3968.400	0.028	3.605
3968.600	0.026	3.605
3968.800	0.027	3.605
3969.000	0.028	3.605
3969.200	0.026	3.605
3969.400	0.027	3.605
3969.600	0.028	3.605
3969.800	0.027	3.605
3970.000	0.027	3.605
3970.200	0.028	3.605
3970.400	0.027	3.605
3970.600	0.027	3.605
3970.800	0.028	3.605
3971.000	0.028	3.605
3971.200	0.026	3.605
3971.400	0.027	3.605
3971.600	0.028	3.605
3971.800	0.027	3.605
3972.000	0.027	3.605
3972.200	0.027	3.605
3972.400	0.028	3.605
3972.600	0.027	3.605
3972.800	0.027	3.605
3973.000	0.025	3.605
3973.200	0.025	3.605
3973.400	0.025	3.605
3973.600	0.027	3.605
3973.800	0.026	3.605
3974.000	0.025	3.605
3974.200	0.027	3.605
3974.400	0.025	3.605
3974.600	0.026	3.605
3974.800	0.026	3.605
3975.000	0.026	3.605
3975.200	0.027	3.605
3975.400	0.027	3.605
3975.600	0.027	3.605
3975.800	0.027	3.605
3976.000	0.026	3.605
3976.200	0.026	3.605
3976.400	0.026	3.605
3976.600	0.026	3.605
3976.800	0.027	3.605
3977.000	0.026	3.605
3977.200	0.025	3.605
3977.400	0.026	3.605
3977.600	0.027	3.605
3977.800	0.026	3.605
3978.000	0.026	3.605
3978.200	0.026	3.605
3978.400	0.027	3.605
3978.600	0.025	3.605
3978.800	0.023	3.605
3979.000	0.026	3.605
3979.200	0.025	3.605
3979.400	0.027	3.605
3979.600	0.026	3.605
3979.800	0.024	3.605
3980.000	0.027	3.605
3980.200	0.026	3.605
3980.400	0.026	3.605
3980.600	0.026	3.605
3980.800	0.025	3.605
3981.000	0.027	3.605
3981.200	0.026	3.605
3981.400	0.027	3.605
3981.600	0.026	3.605
3981.800	0.026	3.605
3982.000	0.026	3.605
3982.200	0.027	3.605
3982.400	0.028	3.605
3982.600	0.028	3.605
3982.800	0.026	3.605
3983.000	0.028	3.605
3983.200	0.026	3.605
3983.400	0.025	3.605
3983.600	0.027	3.605
3983.800	0.026	3.605
3984.000	0.028	3.605
3984.200	0.024	3.605
3984.400	0.026	3.605
3984.600	0.026	3.605
3984.800	0.025	3.605
3985.000	0.025	3.605
3985.200	0.026	3.605
3985.400	0.026	3.605
3985.600	0.027	3.605
3985.800	0.027	3.605
3986.000	0.027	3.605
3986.200	0.026	3.605
3986.400	0.028	3.605
3986.600	0.027	3.605
3986.800	0.026	3.605
3987.000	0.028	3.605
3987.200	0.028	3.605
3987.400	0.028	3.605
3987.600	0.029	3.605
3987.800	0.027	3.605
3988.000	0.027	3.605
3988.200	0.027	3.605
3988.400	0.028	3.605
3988.600	0.028	3.605
3988.800	0.029	3.605
3989.000	0.029	3.605
3989.200	0.028	3.605
3989.400	0.027	3.605
3989.600	0.027	3.605
3989.800	0.027	3.605
3990.000	0.026	3.605
3990.200	0.027	3.605
3990.400	0.027	3.605
3990.600	0.027	3.605
3990.800	0.026	3.605
3991.000	0.026	3.605
3991.200	0.027	3.605
3991.400	0.027	3.605
3991.600	0.026	3.605
3991.800	0.027	3.605
3992.000	0.027	3.605
3992.200	0.027	3.605
3992.400	0.026	3.605
3992.600	0.025	3.605
3992.800	0.025	3.605
3993.000	0.027	3.605
3993.200	0.027	3.605
3993.400	0.028	3.605
3993.600	0.027	3.605
3993.800	0.028	3.605
3994.000	0.028	3.605
3994.200	0.027	3.605
3994.400	0.027	3.605
3994.600	0.028	3.605
3994.800	0.028	3.605
3995.000	0.027	3.605
3995.200	0.027	3.605
3995.400	0.028	3.605
3995.600	0.027	3.605
3995.800	0.027	3.605
3996.000	0.027	3.605
3996.200	0.027	3.605
3996.400	0.026	3.605
3996.600	0.026	3.605
3996.800	0.027	3.605
3997.000	0.027	3.605
3997.200	0.026	3.605
3997.400	0.025	3.605
3997.600	0.026	3.605
3997.800	0.026	3.605
3998.000	0.026	3.605
3998.200	0.026	3.605
3998.400	0.026	3.605
3998.600	0.026	3.605
3998.800	0.026	3.605
3999.000	0.028	3.605
3999.200	0.028	3.605
3999.400	0.027	3.605
3999.600	0.028	3.605
3999.800	0.027	3.605
4000.000	0.029	3.605
4000.200	0.030	3.605
4000.400	0.028	3.605
4000.600	0.029	3.605
4000.800	0.030	3.605
4001.000	0.027	3.605
4001.200	0.028	3.605
4001.400	0.027	3.605
4001.600	0.029	3.605
4001.800	0.029	3.605
4002.000	0.029	3.605
4002.200	0.029	3.605
4002.400	0.029	3.605
4002.600	0.029	3.605
4002.800	0.029	3.605
4003.000	0.028	3.605
4003.200	0.030	3.605
4003.400	0.030	3.605
4003.600	0.028	3.605
4003.800	0.028	3.605
4004.000	0.030	3.605
4004.200	0.030	3.605
4004.400	0.030	3.605
4004.600	0.030	3.605
4004.800	0.030	3.605
4005.000	0.028	3.605
4005.200	0.028	3.605
4005.400	0.028	3.605
4005.600	0.030	3.605
4005.800	0.029	3.605
4006.000	0.028	3.605
4006.200	0.030	3.605
4006.400	0.028	3.605
4006.600	0.028	3.605
4006.800	0.028	3.605
4007.000	0.029	3.605
4007.200	0.028	3.605
4007.400	0.028	3.605
4007.600	0.029	3.605
4007.800	0.028	3.605
4008.000	0.028	3.605
4008.200	0.029	3.605
4008.400	0.027	3.605
4008.600	0.029	3.605
4008.800	0.026	3.605
4009.000	0.027	3.605
4009.200	0.028	3.605
4009.400	0.028	3.605
4009.600	0.028	3.605
4009.800	0.029	3.605
4010.000	0.026	3.605
4010.200	0.027	3.604
4010.400	0.027	3.605
4010.600	0.027	3.605
4010.800	0.027	3.604
4011.000	0.028	3.605
4011.200	0.028	3.605
4011.400	0.028	3.604
4011.600	0.027	3.605
4011.800	0.028	3.604
4012.000	0.028	3.605
4012.200	0.030	3.605
4012.400	0.029	3.605
4012.600	0.030	3.605
4012.800	0.030	3.605
4013.000	0.030	3.604
4013.200	0.030	3.605
4013.400	0.029	3.605
4013.600	0.030	3.605
4013.800	0.030	3.605
4014.000	0.030	3.605
4014.200	0.028	3.605
4014.400	0.028	3.605
4014.600	0.027	3.605
4014.800	0.029	3.605
4015.000	0.028	3.605
4015.200	0.029	3.605
4015.400	0.029	3.605
4015.600	0.029	3.605
4015.800	0.029	3.605
4016.000	0.029	3.605
4016.200	0.029	3.605
4016.400	0.028	3.605
4016.600	0.028	3.605
4016.800	0.029	3.605
4017.000	0.029	3.605
4017.200	0.030	3.605
4017.400	0.026	3.605
4017.600	0.028	3.605
4017.800	0.028	3.605
4018.000	0.028	3.605
4018.200	0.027	3.605
4018.400	0.028	3.605
4018.600	0.029	3.605
4018.800	0.029	3.605
4019.000	0.029	3.605
4019.200	0.029	3.605
4019.400	0.030	3.605
4019.600	0.030	3.605
4019.800	0.028	3.604
4020.000	0.028	3.605
4020.200	0.027	3.605
4020.400	0.028	3.605
4020.600	0.027	3.604
4020.800	0.028	3.605
4021.000	0.027	3.605
4021.200	0.029	3.605
4021.400	0.029	3.605
4021.600	0.029	3.605
4021.800	0.028	3.605
4022.000	0.027	3.605
4022.200	0.028	3.605
4022.400	0.028	3.605
4022.600	0.028	3.605
4022.800	0.029	3.605
4023.000	0.029	3.605
4023.200	0.029	3.605
4023.400	0.030	3.605
4023.600	0.029	3.605
4023.800	0.027	3.605
4024.000	0.027	3.604
4024.200	0.029	3.605
4024.400	0.030	3.605
4024.600	0.030	3.605
4024.800	0.029	3.605
4025.000	0.029	3.605
4025.200	0.030	3.605
4025.400	0.028	3.605
4025.600	0.029	3.604
4025.800	0.029	3.605
4026.000	0.029	3.605
4026.200	0.029	3.605
4026.400	0.031	3.604
4026.600	0.029	3.604
4026.800	0.031	3.604
4027.000	0.029	3.604
4027.200	0.029	3.604
4027.400	0.028	3.604
4027.600	0.028	3.604
4027.800	0.029	3.604
4028.000	0.027	3.604
4028.200	0.028	3.604
4028.400	0.029	3.604
4028.600	0.029	3.604
4028.800	0.029	3.604
4029.000	0.028	3.604
4029.200	0.028	3.604
4029.400	0.027	3.604
4029.600	0.027	3.604
4029.800	0.028	3.604
4030.000	0.027	3.604
4030.200	0.028	3.604
4030.400	0.026	3.604
4030.600	0.027	3.604
4030.800	0.027	3.604
4031.000	0.029	3.604
4031.200	0.028	3.604
4031.400	0.029	3.604
4031.600	0.029	3.604
4031.800	0.029	3.604
4032.000	0.028	3.604
4032.200	0.028	3.604
4032.400	0.030	3.604
4032.600	0.029	3.604
4032.800	0.030	3.604
4033.000	0.029	3.604
4033.200	0.030	3.604
4033.400	0.028	3.604
4033.600	0.029	3.605
4033.800	0.027	3.604
4034.000	0.027	3.604
4034.200	0.027	3.604
4034.400	0.027	3.604
4034.600	0.029	3.604
4034.800	0.028	3.604
4035.000	0.028	3.604
4035.200	0.027	3.604
4035.400	0.029	3.604
4035.600	0.029	3.604
4035.800	0.027	3.604
4036.000	0.028	3.604
4036.200	0.028	3.604
4036.400	0.027	3.604
4036.600	0.028	3.604
4036.800	0.028	3.604
4037.000	0.028	3.604
4037.200	0.029	3.604
4037.400	0.028	3.604
4037.600	0.028	3.604
4037.800	0.028	3.604
4038.000	0.027	3.604
4038.200	0.027	3.604
4038.400	0.028	3.604
4038.600	0.028	3.604
4038.800	0.029	3.604
4039.000	0.030	3.604
4039.200	0.030	3.604
4039.400	0.028	3.604
4039.600	0.028	3.604
4039.800	0.028	3.604
4040.000	0.028	3.604
4040.200	0.029	3.604
4040.400	0.028	3.604
4040.600	0.027	3.604
4040.800	0.028	3.604
4041.000	0.028	3.604
4041.200	0.029	3.604
4041.400	0.029	3.604
4041.600	0.030	3.604
4041.800	0.027	3.604
4042.000	0.027	3.604
4042.200	0.028	3.604
4042.400	0.027	3.604
4042.600	0.027	3.604
4042.800	0.027	3.604
4043.000	0.027	3.604
4043.200	0.028	3.604
4043.400	0.029	3.604
4043.600	0.029	3.604
4043.800	0.029	3.604
4044.000	0.028	3.604
4044.200	0.028	3.604
4044.400	0.027	3.604
4044.600	0.028	3.604
4044.800	0.027	3.604
4045.000	0.027	3.604
4045.200	0.026	3.604
4045.400	0.027	3.604
4045.600	0.027	3.604
4045.800	0.027	3.604
4046.000	0.026	3.604
4046.200	0.026	3.604
4046.400	0.026	3.604
4046.600	0.027	3.604
4046.800	0.026	3.604
4047.000	0.027	3.604
4047.200	0.027	3.604
4047.400	0.027	3.604
4047.600	0.027	3.604
4047.800	0.027	3.604
4048.000	0.027	3.604
4048.200	0.025	3.604
4048.400	0.024	3.604
4048.600	0.025	3.604
4048.800	0.025	3.604
4049.000	0.027	3.604
4049.200	0.026	3.604
4049.400	0.026	3.604
4049.600	0.027	3.604
4049.800	0.027	3.604
4050.000	0.025	3.604
4050.200	0.026	3.604
4050.400	0.025	3.604
4050.600	0.026	3.604
4050.800	0.026	3.604
4051.000	0.025	3.604
4051.200	0.024	3.604
4051.400	0.024	3.604
4051.600	0.024	3.604
4051.800	0.025	3.604
4052.000	0.026	3.604
4052.200	0.025	3.604
4052.400	0.025	3.604
4052.600	0.026	3.604
4052.800	0.026	3.604
4053.000	0.024	3.604
4053.200	0.025	3.604
4053.400	0.026	3.604
4053.600	0.026	3.604
4053.800	0.026	3.604
4054.000	0.025	3.604
4054.200	0.026	3.604
4054.400	0.025	3.604
4054.600	0.025	3.604
4054.800	0.027	3.604
4055.000	0.026	3.604
4055.200	0.027	3.604
4055.400	0.026	3.604
4055.600	0.026	3.604
4055.800	0.027	3.604
4056.000	0.027	3.604
4056.200	0.026	3.604
4056.400	0.024	3.604
4056.600	0.025	3.604
4056.800	0.024	3.604
4057.000	0.027	3.604
4057.200	0.025	3.604
4057.400	0.026	3.604
4057.600	0.025	3.604
4057.800	0.027	3.604
4058.000	0.027	3.604
4058.200	0.026	3.604
4058.400	0.027	3.604
4058.600	0.026	3.604
4058.800	0.026	3.604
4059.000	0.027	3.604
4059.200	0.026	3.604
4059.400	0.027	3.604
4059.600	0.028	3.604
4059.800	0.026	3.604
4060.000	0.027	3.604
4060.200	0.027	3.604
4060.400	0.027	3.604
4060.600	0.027	3.604
4060.800	0.026	3.604
4061.000	0.028	3.604
4061.200	0.028	3.604
4061.400	0.026	3.604
4061.600	0.028	3.604
4061.800	0.028	3.604
4062.000	0.027	3.604
4062.200	0.027	3.604
4062.400	0.028	3.604
4062.600	0.028	3.604
4062.800	0.029	3.604
4063.000	0.029	3.604
4063.200	0.027	3.604
4063.400	0.029	3.604
4063.600	0.026	3.604
4063.800	0.027	3.604
4064.000	0.028	3.604
4064.200	0.028	3.604
4064.400	0.029	3.604
4064.600	0.027	3.604
4064.800	0.027	3.604
4065.000	0.028	3.604
4065.200	0.028	3.604
4065.400	0.028	3.604
4065.600	0.028	3.604
4065.800	0.026	3.604
4066.000	0.027	3.604
4066.200	0.027	3.604
4066.400	0.026	3.604
4066.600	0.027	3.604
4066.800	0.025	3.604
4067.000	0.027	3.604
4067.200	0.027	3.604
4067.400	0.026	3.604
4067.600	0.026	3.604
4067.800	0.025	3.604
4068.000	0.025	3.604
4068.200	0.026	3.604
4068.400	0.025	3.604
4068.600	0.024	3.604
4068.800	0.026	3.604
4069.000	0.024	3.604
4069.200	0.026	3.604
4069.400	0.026	3.604
4069.600	0.025	3.604
4069.800	0.026	3.604
4070.000	0.026	3.604
4070.200	0.028	3.604
4070.400	0.027	3.604
4070.600	0.025	3.604
4070.800	0.026	3.604
4071.000	0.027	3.604
4071.200	0.028	3.604
4071.400	0.026	3.604
4071.600	0.027	3.604
4071.800	0.025	3.604
4072.000	0.026	3.604
4072.200	0.026	3.604
4072.400	0.025	3.604
4072.600	0.026	3.604
4072.800	0.025	3.604
4073.000	0.026	3.604
4073.200	0.028	3.604
4073.400	0.026	3.604
4073.600	0.027	3.604
4073.800	0.028	3.604
4074.000	0.028	3.604
4074.200	0.028	3.604
4074.400	0.028	3.604
4074.600	0.028	3.604
4074.800	0.029	3.604
4075.000	0.026	3.604
4075.200	0.028	3.604
4075.400	0.027	3.604
4075.600	0.027	3.604
4075.800	0.029	3.604
4076.000	0.028	3.604
4076.200	0.028	3.604
4076.400	0.030	3.604
4076.600	0.030	3.604
4076.800	0.028	3.604
4077.000	0.029	3.604
4077.200	0.031	3.604
4077.400	0.028	3.604
4077.600	0.029	3.604
4077.800	0.028	3.604
4078.000	0.027	3.604
4078.200	0.027	3.604
4078.400	0.027	3.604
4078.600	0.028	3.604
4078.800	0.026	3.604
4079.000	0.029	3.604
4079.200	0.028	3.604
4079.400	0.028	3.604
4079.600	0.028	3.604
4079.800	0.027	3.604
4080.000	0.028	3.604
4080.200	0.026	3.604
4080.400	0.028	3.604
4080.600	0.027	3.604
4080.800	0.027	3.604
4081.000	0.025	3.604
4081.200	0.027	3.604
4081.400	0.027	3.604
4081.600	0.026	3.604
4081.800	0.024	3.604
4082.000	0.024	3.604
4082.200	0.027	3.604
4082.400	0.025	3.604
4082.600	0.028	3.604
4082.800	0.027	3.604
4083.000	0.026	3.604
4083.200	0.027	3.604
4083.400	0.027	3.604
4083.600	0.026	3.604
4083.800	0.024	3.604
4084.000	0.024	3.604
4084.200	0.023	3.604
4084.400	0.025	3.604
4084.600	0.025	3.604
4084.800	0.025	3.604
4085.000	0.025	3.604
4085.200	0.024	3.604
4085.400	0.026	3.604
4085.600	0.026	3.604
4085.800	0.028	3.604
4086.000	0.025	3.604
4086.200	0.025	3.604
4086.400	0.026	3.604
4086.600	0.025	3.604
4086.800	0.025	3.604
4087.000	0.023	3.604
4087.200	0.025	3.604
4087.400	0.026	3.604
4087.600	0.026	3.604
4087.800	0.024	3.604
4088.000	0.027	3.604
4088.200	0.026	3.604
4088.400	0.026	3.604
4088.600	0.025	3.604
4088.800	0.026	3.604
4089.000	0.026	3.604
4089.200	0.025	3.604
4089.400	0.024	3.604
4089.600	0.026	3.604
4089.800	0.026	3.604
4090.000	0.026	3.604
4090.200	0.026	3.604
4090.400	0.027	3.604
4090.600	0.025	3.604
4090.800	0.025	3.604
4091.000	0.026	3.604
4091.200	0.025	3.604
4091.400	0.026	3.604
4091.600	0.025	3.604
4091.800	0.026	3.604
4092.000	0.026	3.604
4092.200	0.025	3.604
4092.400	0.025	3.604
4092.600	0.027	3.604
4092.800	0.025	3.604
4093.000	0.026	3.604
4093.200	0.027	3.604
4093.400	0.027	3.604
4093.600	0.027	3.604
4093.800	0.026	3.604
4094.000	0.027	3.604
4094.200	0.027	3.604
4094.400	0.027	3.604
4094.600	0.027	3.604
4094.800	0.026	3.604
4095.000	0.028	3.604
4095.200	0.026	3.604
4095.400	0.028	3.604
4095.600	0.027	3.604
4095.800	0.027	3.604
4096.000	0.024	3.604
4096.200	0.025	3.604
4096.400	0.026	3.604
4096.600	0.027	3.604
4096.800	0.027	3.604
4097.000	0.028	3.604
4097.200	0.028	3.604
4097.400	0.027	3.604
4097.600	0.028	3.604
4097.800	0.027	3.604
4098.000	0.028	3.604
4098.200	0.029	3.604
4098.400	0.027	3.604
4098.600	0.027	3.604
4098.800	0.027	3.604
4099.000	0.027	3.604
4099.200	0.028	3.604
4099.400	0.027	3.604
4099.600	0.028	3.604
4099.800	0.028	3.604
4100.000	0.027	3.604
4100.200	0.027	3.604
4100.400	0.027	3.604
4100.600	0.027	3.604
4100.800	0.026	3.604
4101.000	0.026	3.604
4101.200	0.027	3.604
4101.400	0.025	3.604
4101.600	0.027	3.604
4101.800	0.026	3.604
4102.000	0.025	3.604
4102.200	0.025	3.604
4102.400	0.025	3.604
4102.600	0.027	3.604
4102.800	0.026	3.604
4103.000	0.025	3.604
4103.200	0.025	3.604
4103.400	0.025	3.604
4103.600	0.022	3.604
4103.800	0.024	3.604
4104.000	0.025	3.604
4104.200	0.025	3.604
4104.400	0.027	3.604
4104.600	0.025	3.604
4104.800	0.024	3.604
4105.000	0.026	3.604
4105.200	0.026	3.604
4105.400	0.025	3.604
4105.600	0.024	3.604
4105.800	0.024	3.604
4106.000	0.024	3.604
4106.200	0.025	3.604
4106.400	0.025	3.604
4106.600	0.024	3.604
4106.800	0.025	3.604
4107.000	0.026	3.604
4107.200	0.026	3.604
4107.400	0.026	3.604
4107.600	0.026	3.604
4107.800	0.026	3.604
4108.000	0.026	3.604
4108.200	0.026	3.604
4108.400	0.026	3.604
4108.600	0.025	3.604
4108.800	0.027	3.604
4109.000	0.026	3.604
4109.200	0.026	3.604
4109.400	0.027	3.604
4109.600	0.028	3.604
4109.800	0.025	3.604
4110.000	0.025	3.604
4110.200	0.027	3.604
4110.400	0.026	3.604
4110.600	0.024	3.604
4110.800	0.028	3.604
4111.000	0.027	3.604
4111.200	0.027	3.604
4111.400	0.027	3.604
4111.600	0.024	3.604
4111.800	0.027	3.604
4112.000	0.028	3.604
4112.200	0.027	3.604
4112.400	0.026	3.604
4112.600	0.028	3.604
4112.800	0.027	3.604
4113.000	0.027	3.604
4113.200	0.027	3.604
4113.400	0.027	3.604
4113.600	0.027	3.604
4113.800	0.027	3.604
4114.000	0.025	3.604
4114.200	0.025	3.604
4114.400	0.025	3.604
4114.600	0.026	3.604
4114.800	0.026	3.604
4115.000	0.023	3.604
4115.200	0.027	3.604
4115.400	0.025	3.604
4115.600	0.025	3.604
4115.800	0.024	3.604
4116.000	0.024	3.604
4116.200	0.025	3.604
4116.400	0.025	3.604
4116.600	0.024	3.604
4116.800	0.026	3.604
4117.000	0.027	3.604
4117.200	0.026	3.604
4117.400	0.028	3.604
4117.600	0.028	3.604
4117.800	0.027	3.604
4118.000	0.026	3.604
4118.200	0.027	3.604
4118.400	0.028	3.604
4118.600	0.027	3.604
4118.800	0.028	3.604
4119.000	0.028	3.604
4119.200	0.027	3.604
4119.400	0.027	3.604
4119.600	0.028	3.604
4119.800	0.029	3.604
4120.000	0.027	3.604
4120.200	0.028	3.604
4120.400	0.028	3.604
4120.600	0.028	3.604
4120.800	0.029	3.604
4121.000	0.028	3.604
4121.200	0.028	3.604
4121.400	0.027	3.604
4121.600	0.028	3.604
4121.800	0.028	3.604
4122.000	0.026	3.604
4122.200	0.027	3.604
4122.400	0.025	3.604
4122.600	0.024	3.604
4122.800	0.026	3.604
4123.000	0.027	3.604
4123.200	0.026	3.604
4123.400	0.027	3.604
4123.600	0.026	3.604
4123.800	0.026	3.604
4124.000	0.027	3.604
4124.200	0.027	3.604
4124.400	0.027	3.604
4124.600	0.027	3.604
4124.800	0.028	3.604
4125.000	0.028	3.604
4125.200	0.028	3.604
4125.400	0.027	3.604
4125.600	0.029	3.604
4125.800	0.026	3.604
4126.000	0.027	3.604
4126.200	0.027	3.604
4126.400	0.026	3.604
4126.600	0.027	3.604
4126.800	0.027	3.604
4127.000	0.026	3.604
4127.200	0.028	3.604
4127.400	0.025	3.604
4127.600	0.026	3.604
4127.800	0.027	3.604
4128.000	0.027	3.604
4128.200	0.026	3.604
4128.400	0.026	3.604
4128.600	0.027	3.604
4128.800	0.026	3.604
4129.000	0.026	3.604
4129.200	0.028	3.604
4129.400	0.026	3.604
4129.600	0.027	3.604
4129.800	0.027	3.604
4130.000	0.027	3.604
4130.200	0.029	3.604
4130.400	0.027	3.604
4130.600	0.028	3.604
4130.800	0.028	3.604
4131.000	0.027	3.604
4131.200	0.025	3.604
4131.400	0.028	3.604
4131.600	0.028	3.604
4131.800	0.026	3.604
4132.000	0.026	3.604
4132.200	0.026	3.604
4132.400	0.026	3.604
4132.600	0.026	3.604
4132.800	0.027	3.604
4133.000	0.027	3.604
4133.200	0.026	3.604
4133.400	0.026	3.604
4133.600	0.027	3.604
4133.800	0.027	3.604
4134.000	0.027	3.604
4134.200	0.028	3.604
4134.400	0.029	3.604
4134.600	0.028	3.604
4134.800	0.026	3.604
4135.000	0.029	3.604
4135.200	0.027	3.604
4135.400	0.026	3.604
4135.600	0.028	3.604
4135.800	0.026	3.604
4136.000	0.026	3.604
4136.200	0.025	3.604
4136.400	0.026	3.604
4136.600	0.027	3.604
4136.800	0.026	3.604
4137.000	0.027	3.604
4137.200	0.027	3.604
4137.400	0.027	3.604
4137.600	0.027	3.604
4137.800	0.027	3.604
4138.000	0.027	3.604
4138.200	0.029	3.604
4138.400	0.026	3.604
4138.600	0.026	3.604
4138.800	0.027	3.604
4139.000	0.026	3.604
4139.200	0.027	3.604
4139.400	0.028	3.604
4139.600	0.029	3.604
4139.800	0.025	3.604
4140.000	0.028	3.604
4140.200	0.028	3.604
4140.400	0.027	3.604
4140.600	0.026	3.604
4140.800	0.026	3.604
4141.000	0.027	3.604
4141.200	0.028	3.604
4141.400	0.029	3.604
4141.600	0.029	3.604
4141.800	0.029	3.604
4142.000	0.027	3.604
4142.200	0.028	3.604
4142.400	0.029	3.604
4142.600	0.028	3.604
4142.800	0.029	3.604
4143.000	0.028	3.604
4143.200	0.029	3.604
4143.400	0.028	3.604
4143.600	0.027	3.604
4143.800	0.030	3.604
4144.000	0.027	3.604
4144.200	0.027	3.604
4144.400	0.026	3.604
4144.600	0.027	3.604
4144.800	0.028	3.604
4145.000	0.026	3.604
4145.200	0.028	3.604
4145.400	0.029	3.604
4145.600	0.027	3.604
4145.800	0.028	3.604
4146.000	0.027	3.604
4146.200	0.027	3.604
4146.400	0.028	3.604
4146.600	0.027	3.604
4146.800	0.027	3.604
4147.000	0.028	3.604
4147.200	0.028	3.604
4147.400	0.027	3.604
4147.600	0.027	3.604
4147.800	0.029	3.604
4148.000	0.026	3.604
4148.200	0.027	3.604
4148.400	0.029	3.604
4148.600	0.027	3.604
4148.800	0.027	3.604
4149.000	0.027	3.604
4149.200	0.027	3.604
4149.400	0.029	3.604
4149.600	0.028	3.604
4149.800	0.028	3.604
4150.000	0.027	3.604
4150.200	0.027	3.604
4150.400	0.026	3.604
4150.600	0.027	3.604
4150.800	0.027	3.604
4151.000	0.026	3.604
4151.200	0.027	3.604
4151.400	0.028	3.604
4151.600	0.028	3.604
4151.800	0.027	3.604
4152.000	0.029	3.604
4152.200	0.028	3.604
4152.400	0.028	3.604
4152.600	0.027	3.604
4152.800	0.025	3.604
4153.000	0.027	3.604
4153.200	0.026	3.604
4153.400	0.028	3.604
4153.600	0.027	3.604
4153.800	0.028	3.604
4154.000	0.026	3.604
4154.200	0.028	3.604
4154.400	0.027	3.604
4154.600	0.025	3.604
4154.800	0.028	3.604
4155.000	0.027	3.604
4155.200	0.028	3.604
4155.400	0.027	3.604
4155.600	0.028	3.604
4155.800	0.027	3.604
4156.000	0.028	3.604
4156.200	0.028	3.604
4156.400	0.028	3.604
4156.600	0.027	3.604
4156.800	0.028	3.604
4157.000	0.026	3.604
4157.200	0.025	3.604
4157.400	0.026	3.604
4157.600	0.026	3.604
4157.800	0.026	3.604
4158.000	0.027	3.604
4158.200	0.029	3.604
4158.400	0.027	3.604
4158.600	0.026	3.604
4158.800	0.028	3.604
4159.000	0.026	3.604
4159.200	0.027	3.604
4159.400	0.028	3.604
4159.600	0.027	3.604
4159.800	0.027	3.604
4160.000	0.028	3.604
4160.200	0.028	3.604
4160.400	0.028	3.604
4160.600	0.029	3.604
4160.800	0.028	3.604
4161.000	0.028	3.604
4161.200	0.028	3.604
4161.400	0.028	3.604
4161.600	0.028	3.604
4161.800	0.027	3.604
4162.000	0.026	3.604
4162.200	0.027	3.604
4162.400	0.026	3.604
4162.600	0.028	3.604
4162.800	0.026	3.604
4163.000	0.027	3.604
4163.200	0.027	3.604
4163.400	0.027	3.604
4163.600	0.026	3.604
4163.800	0.028	3.604
4164.000	0.027	3.604
4164.200	0.026	3.604
4164.400	0.028	3.604
4164.600	0.028	3.604
4164.800	0.026	3.604
4165.000	0.027	3.604
4165.200	0.027	3.604
4165.400	0.028	3.604
4165.600	0.027	3.604
4165.800	0.029	3.604
4166.000	0.028	3.604
4166.200	0.028	3.604
4166.400	0.028	3.604
4166.600	0.027	3.604
4166.800	0.026	3.604
4167.000	0.028	3.604
4167.200	0.027	3.604
4167.400	0.029	3.604
4167.600	0.027	3.604
4167.800	0.029	3.604
4168.000	0.030	3.604
4168.200	0.028	3.604
4168.400	0.028	3.604
4168.600	0.029	3.604
4168.800	0.028	3.604
4169.000	0.028	3.604
4169.200	0.027	3.604
4169.400	0.029	3.604
4169.600	0.027	3.604
4169.800	0.030	3.604
4170.000	0.029	3.604
4170.200	0.028	3.604
4170.400	0.029	3.604
4170.600	0.029	3.604
4170.800	0.026	3.604
4171.000	0.030	3.604
4171.200	0.028	3.604
4171.400	0.029	3.604
4171.600	0.029	3.604
4171.800	0.028	3.604
4172.000	0.028	3.604
4172.200	0.026	3.604
4172.400	0.027	3.604
4172.600	0.028	3.604
4172.800	0.027	3.604
4173.000	0.028	3.604
4173.200	0.028	3.604
4173.400	0.029	3.604
4173.600	0.028	3.604
4173.800	0.027	3.604
4174.000	0.027	3.604
4174.200	0.026	3.604
4174.400	0.026	3.604
4174.600	0.026	3.604
4174.800	0.028	3.604
4175.000	0.026	3.604
4175.200	0.024	3.604
4175.400	0.026	3.604
4175.600	0.028	3.604
4175.800	0.026	3.604
4176.000	0.026	3.604
4176.200	0.027	3.604
4176.400	0.026	3.604
4176.600	0.026	3.604
4176.800	0.028	3.604
4177.000	0.027	3.604
4177.200	0.027	3.604
4177.400	0.027	3.604
4177.600	0.026	3.604
4177.800	0.028	3.604
4178.000	0.026	3.604
4178.200	0.028	3.604
4178.400	0.028	3.604
4178.600	0.027	3.604
4178.800	0.026	3.604
4179.000	0.025	3.604
4179.200	0.027	3.604
4179.400	0.028	3.604
4179.600	0.027	3.604
4179.800	0.027	3.604
4180.000	0.027	3.604
4180.200	0.028	3.604
4180.400	0.027	3.604
4180.600	0.027	3.604
4180.800	0.027	3.604
4181.000	0.028	3.604
4181.200	0.026	3.604
4181.400	0.027	3.604
4181.600	0.025	3.604
4181.800	0.026	3.604
4182.000	0.027	3.604
4182.200	0.025	3.604
4182.400	0.025	3.604
4182.600	0.026	3.604
4182.800	0.026	3.604
4183.000	0.026	3.604
4183.200	0.026	3.604
4183.400	0.027	3.604
4183.600	0.025	3.604
4183.800	0.025	3.604
4184.000	0.026	3.604
4184.200	0.025	3.604
4184.400	0.026	3.604
4184.600	0.026	3.604
4184.800	0.025	3.604
4185.000	0.027	3.604
4185.200	0.025	3.604
4185.400	0.027	3.604
4185.600	0.026	3.604
4185.800	0.028	3.604
4186.000	0.026	3.604
4186.200	0.026	3.604
4186.400	0.027	3.604
4186.600	0.026	3.604
4186.800	0.027	3.604
4187.000	0.027	3.604
4187.200	0.027	3.604
4187.400	0.027	3.604
4187.600	0.027	3.604
4187.800	0.027	3.604
4188.000	0.027	3.604
4188.200	0.027	3.604
4188.400	0.028	3.604
4188.600	0.028	3.604
4188.800	0.026	3.604
4189.000	0.027	3.604
4189.200	0.025	3.604
4189.400	0.025	3.604
4189.600	0.028	3.604
4189.800	0.027	3.604
4190.000	0.029	3.604
4190.200	0.027	3.604
4190.400	0.026	3.604
4190.600	0.026	3.604
4190.800	0.027	3.604
4191.000	0.026	3.604
4191.200	0.027	3.604
4191.400	0.026	3.604
4191.600	0.025	3.604
4191.800	0.026	3.604
4192.000	0.026	3.604
4192.200	0.025	3.604
4192.400	0.026	3.604
4192.600	0.025	3.604
4192.800	0.024	3.604
4193.000	0.025	3.604
4193.200	0.026	3.604
4193.400	0.026	3.604
4193.600	0.026	3.604
4193.800	0.027	3.604
4194.000	0.027	3.604
4194.200	0.026	3.604
4194.400	0.027	3.604
4194.600	0.025	3.604
4194.800	0.025	3.604
4195.000	0.025	3.604
4195.200	0.028	3.604
4195.400	0.027	3.604
4195.600	0.026	3.604
4195.800	0.026	3.604
4196.000	0.027	3.604
4196.200	0.026	3.604
4196.400	0.025	3.604
4196.600	0.027	3.604
4196.800	0.025	3.604
4197.000	0.027	3.604
4197.200	0.028	3.604
4197.400	0.026	3.604
4197.600	0.026	3.604
4197.800	0.027	3.604
4198.000	0.027	3.604
4198.200	0.027	3.604
4198.400	0.026	3.604
4198.600	0.026	3.604
4198.800	0.026	3.604
4199.000	0.027	3.604
4199.200	0.027	3.604
4199.400	0.027	3.604
4199.600	0.028	3.604
4199.800	0.027	3.604
4200.000	0.027	3.604
4200.200	0.029	3.604
4200.400	0.027	3.604
4200.600	0.026	3.604
4200.800	0.026	3.604
4201.000	0.028	3.604
4201.200	0.028	3.604
4201.400	0.028	3.604
4201.600	0.028	3.604
4201.800	0.028	3.604
4202.000	0.028	3.604
4202.200	0.028	3.604
4202.400	0.029	3.604
4202.600	0.030	3.604
4202.800	0.029	3.604
4203.000	0.029	3.604
4203.200	0.028	3.604
4203.400	0.029	3.604
4203.600	0.030	3.604
4203.800	0.029	3.604
4204.000	0.028	3.604
4204.200	0.030	3.604
4204.400	0.029	3.604
4204.600	0.028	3.604
4204.800	0.030	3.604
4205.000	0.028	3.604
4205.200	0.028	3.604
4205.400	0.027	3.604
4205.600	0.029	3.604
4205.800	0.029	3.604
4206.000	0.029	3.604
4206.200	0.028	3.604
4206.400	0.028	3.604
4206.600	0.026	3.604
4206.800	0.027	3.604
4207.000	0.026	3.604
4207.200	0.028	3.604
4207.400	0.027	3.604
4207.600	0.027	3.604
4207.800	0.027	3.604
4208.000	0.026	3.604
4208.200	0.027	3.604
4208.400	0.027	3.604
4208.600	0.029	3.604
4208.800	0.026	3.604
4209.000	0.028	3.604
4209.200	0.028	3.604
4209.400	0.027	3.604
4209.600	0.027	3.604
4209.800	0.028	3.604
4210.000	0.029	3.604
4210.200	0.029	3.604
4210.400	0.028	3.604
4210.600	0.028	3.604
4210.800	0.028	3.604
4211.000	0.027	3.604
4211.200	0.028	3.604
4211.400	0.028	3.604
4211.600	0.027	3.604
4211.800	0.026	3.604
4212.000	0.026	3.604
4212.200	0.027	3.604
4212.400	0.026	3.604
4212.600	0.025	3.604
4212.800	0.026	3.604
4213.000	0.027	3.604
4213.200	0.027	3.604
4213.400	0.028	3.604
4213.600	0.026	3.604
4213.800	0.025	3.604
4214.000	0.026	3.604
4214.200	0.027	3.604
4214.400	0.027	3.604
4214.600	0.026	3.604
4214.800	0.028	3.604
4215.000	0.027	3.604
4215.200	0.026	3.604
4215.400	0.027	3.604
4215.600	0.026	3.604
4215.800	0.026	3.604
4216.000	0.027	3.604
4216.200	0.026	3.604
4216.400	0.026	3.604
4216.600	0.027	3.604
4216.800	0.029	3.604
4217.000	0.027	3.604
4217.200	0.027	3.604
4217.400	0.028	3.604
4217.600	0.028	3.604
4217.800	0.030	3.604
4218.000	0.029	3.604
4218.200	0.028	3.604
4218.400	0.029	3.604
4218.600	0.029	3.604
4218.800	0.027	3.604
4219.000	0.028	3.604
4219.200	0.027	3.604
4219.400	0.027	3.604
4219.600	0.027	3.604
4219.800	0.027	3.604
4220.000	0.027	3.604
4220.200	0.026	3.604
4220.400	0.026	3.604
4220.600	0.027	3.604
4220.800	0.027	3.604
4221.000	0.028	3.604
4221.200	0.027	3.604
4221.400	0.027	3.604
4221.600	0.027	3.604
4221.800	0.028	3.604
4222.000	0.028	3.604
4222.200	0.030	3.604
4222.400	0.028	3.604
4222.600	0.029	3.604
4222.800	0.030	3.604
4223.000	0.028	3.604
4223.200	0.027	3.604
4223.400	0.029	3.604
4223.600	0.028	3.604
4223.800	0.029	3.604
4224.000	0.027	3.604
4224.200	0.030	3.604
4224.400	0.028	3.604
4224.600	0.029	3.604
4224.800	0.028	3.604
4225.000	0.028	3.604
4225.200	0.028	3.604
4225.400	0.028	3.604
4225.600	0.027	3.604
4225.800	0.027	3.604
4226.000	0.027	3.604
4226.200	0.026	3.604
4226.400	0.029	3.604
4226.600	0.027	3.604
4226.800	0.028	3.604
4227.000	0.028	3.604
4227.200	0.027	3.604
4227.400	0.028	3.604
4227.600	0.028	3.604
4227.800	0.027	3.604
4228.000	0.028	3.604
4228.200	0.028	3.604
4228.400	0.028	3.604
4228.600	0.027	3.604
4228.800	0.026	3.604
4229.000	0.028	3.604
4229.200	0.026	3.604
4229.400	0.028	3.604
4229.600	0.027	3.604
4229.800	0.026	3.604
4230.000	0.028	3.604
4230.200	0.026	3.604
4230.400	0.026	3.604
4230.600	0.027	3.604
4230.800	0.028	3.604
4231.000	0.027	3.604
4231.200	0.027	3.604
4231.400	0.027	3.604
4231.600	0.026	3.604
4231.800	0.028	3.604
4232.000	0.027	3.604
4232.200	0.030	3.604
4232.400	0.028	3.604
4232.600	0.028	3.604
4232.800	0.029	3.604
4233.000	0.029	3.604
4233.200	0.029	3.604
4233.400	0.030	3.604
4233.600	0.029	3.604
4233.800	0.029	3.604
4234.000	0.029	3.604
4234.200	0.029	3.604
4234.400	0.030	3.604
4234.600	0.029	3.604
4234.800	0.030	3.604
4235.000	0.029	3.604
4235.200	0.028	3.604
4235.400	0.028	3.604
4235.600	0.027	3.604
4235.800	0.030	3.604
4236.000	0.030	3.604
4236.200	0.029	3.604
4236.400	0.029	3.604
4236.600	0.027	3.604
4236.800	0.030	3.604
4237.000	0.030	3.604
4237.200	0.028	3.604
4237.400	0.029	3.604
4237.600	0.028	3.604
4237.800	0.029	3.604
4238.000	0.028	3.604
4238.200	0.031	3.604
4238.400	0.029	3.604
4238.600	0.030	3.604
4238.800	0.031	3.604
4239.000	0.030	3.604
4239.200	0.030	3.604
4239.400	0.031	3.604
4239.600	0.030	3.604
4239.800	0.030	3.604
4240.000	0.030	3.604
4240.200	0.030	3.604
4240.400	0.030	3.604
4240.600	0.029	3.604
4240.800	0.030	3.604
4241.000	0.029	3.604
4241.200	0.029	3.604
4241.400	0.029	3.604
4241.600	0.029	3.604
4241.800	0.029	3.604
4242.000	0.028	3.604
4242.200	0.028	3.604
4242.400	0.028	3.604
4242.600	0.029	3.604
4242.800	0.028	3.604
4243.000	0.028	3.604
4243.200	0.026	3.604
4243.400	0.028	3.604
4243.600	0.025	3.604
4243.800	0.027	3.604
4244.000	0.028	3.604
4244.200	0.029	3.604
4244.400	0.028	3.604
4244.600	0.029	3.604
4244.800	0.030	3.604
4245.000	0.027	3.604
4245.200	0.026	3.604
4245.400	0.027	3.604
4245.600	0.027	3.604
4245.800	0.028	3.604
4246.000	0.028	3.604
4246.200	0.028	3.604
4246.400	0.029	3.604
4246.600	0.028	3.604
4246.800	0.029	3.604
4247.000	0.028	3.604
4247.200	0.028	3.604
4247.400	0.028	3.604
4247.600	0.027	3.604
4247.800	0.028	3.604
4248.000	0.029	3.604
4248.200	0.028	3.604
4248.400	0.031	3.604
4248.600	0.030	3.604
4248.800	0.030	3.604
4249.000	0.030	3.604
4249.200	0.030	3.604
4249.400	0.029	3.604
4249.600	0.029	3.604
4249.800	0.029	3.604
4250.000	0.030	3.604
4250.200	0.029	3.604
4250.400	0.030	3.604
4250.600	0.029	3.604
4250.800	0.029	3.604
4251.000	0.030	3.604
4251.200	0.031	3.604
4251.400	0.030	3.604
4251.600	0.028	3.604
4251.800	0.030	3.604
4252.000	0.030	3.604
4252.200	0.029	3.604
4252.400	0.029	3.604
4252.600	0.030	3.604
4252.800	0.029	3.604
4253.000	0.030	3.604
4253.200	0.030	3.604
4253.400	0.030	3.604
4253.600	0.028	3.604
4253.800	0.029	3.604
4254.000	0.027	3.604
4254.200	0.030	3.604
4254.400	0.028	3.604
4254.600	0.030	3.604
4254.800	0.028	3.604
4255.000	0.029	3.604
4255.200	0.029	3.604
4255.400	0.029	3.604
4255.600	0.029	3.604
4255.800	0.029	3.604
4256.000	0.029	3.604
4256.200	0.029	3.604
4256.400	0.028	3.604
4256.600	0.029	3.604
4256.800	0.028	3.604
4257.000	0.030	3.604
4257.200	0.027	3.604
4257.400	0.029	3.604
4257.600	0.028	3.604
4257.800	0.028	3.604
4258.000	0.029	3.604
4258.200	0.028	3.604
4258.400	0.029	3.604
4258.600	0.028	3.604
4258.800	0.029	3.604
4259.000	0.029	3.604
4259.200	0.028	3.604
4259.400	0.029	3.604
4259.600	0.029	3.604
4259.800	0.028	3.604
4260.000	0.027	3.604
4260.200	0.028	3.604
4260.400	0.028	3.604
4260.600	0.030	3.604
4260.800	0.029	3.604
4261.000	0.030	3.604
4261.200	0.030	3.604
4261.400	0.028	3.604
4261.600	0.028	3.604
4261.800	0.029	3.604
4262.000	0.029	3.604
4262.200	0.029	3.604
4262.400	0.030	3.604
4262.600	0.030	3.604
4262.800	0.028	3.604
4263.000	0.029	3.604
4263.200	0.028	3.604
4263.400	0.028	3.604
4263.600	0.028	3.604
4263.800	0.029	3.604
4264.000	0.028	3.604
4264.200	0.028	3.604
4264.400	0.028	3.604
4264.600	0.029	3.604
4264.800	0.029	3.604
4265.000	0.030	3.604
4265.200	0.030	3.604
4265.400	0.031	3.604
4265.600	0.031	3.604
4265.800	0.031	3.604
4266.000	0.031	3.604
4266.200	0.032	3.604
4266.400	0.029	3.604
4266.600	0.028	3.604
4266.800	0.029	3.604
4267.000	0.029	3.604
4267.200	0.030	3.604
4267.400	0.030	3.604
4267.600	0.031	3.604
4267.800	0.029	3.604
4268.000	0.029	3.604
4268.200	0.030	3.604
4268.400	0.030	3.604
4268.600	0.032	3.604
4268.800	0.032	3.604
4269.000	0.031	3.604
4269.200	0.031	3.604
4269.400	0.031	3.604
4269.600	0.031	3.604
4269.800	0.032	3.604
4270.000	0.031	3.604
4270.200	0.030	3.604
4270.400	0.030	3.604
4270.600	0.029	3.604
4270.800	0.030	3.604
4271.000	0.029	3.604
4271.200	0.030	3.604
4271.400	0.028	3.604
4271.600	0.030	3.604
4271.800	0.030	3.604
4272.000	0.028	3.604
4272.200	0.031	3.604
4272.400	0.028	3.604
4272.600	0.028	3.604
4272.800	0.028	3.604
4273.000	0.028	3.604
4273.200	0.029	3.604
4273.400	0.028	3.604
4273.600	0.027	3.604
4273.800	0.030	3.604
4274.000	0.029	3.604
4274.200	0.029	3.604
4274.400	0.029	3.604
4274.600	0.028	3.604
4274.800	0.028	3.604
4275.000	0.027	3.604
4275.200	0.028	3.604
4275.400	0.028	3.604
4275.600	0.029	3.604
4275.800	0.028	3.604
4276.000	0.029	3.604
4276.200	0.028	3.604
4276.400	0.030	3.604
4276.600	0.029	3.604
4276.800	0.029	3.604
4277.000	0.029	3.604
4277.200	0.028	3.604
4277.400	0.028	3.604
4277.600	0.028	3.604
4277.800	0.027	3.604
4278.000	0.029	3.604
4278.200	0.028	3.604
4278.400	0.027	3.604
4278.600	0.028	3.604
4278.800	0.029	3.604
4279.000	0.030	3.604
4279.200	0.029	3.604
4279.400	0.027	3.604
4279.600	0.027	3.604
4279.800	0.028	3.604
4280.000	0.027	3.604
4280.200	0.029	3.604
4280.400	0.028	3.604
4280.600	0.029	3.604
4280.800	0.027	3.604
4281.000	0.025	3.604
4281.200	0.025	3.604
4281.400	0.027	3.604
4281.600	0.027	3.604
4281.800	0.026	3.604
4282.000	0.025	3.604
4282.200	0.025	3.604
4282.400	0.025	3.604
4282.600	0.026	3.604
4282.800	0.027	3.604
4283.000	0.026	3.604
4283.200	0.026	3.604
4283.400	0.026	3.604
4283.600	0.026	3.604
4283.800	0.026	3.604
4284.000	0.025	3.604
4284.200	0.026	3.604
4284.400	0.026	3.604
4284.600	0.026	3.604
4284.800	0.026	3.604
4285.000	0.026	3.604
4285.200	0.027	3.604
4285.400	0.027	3.604
4285.600	0.025	3.604
4285.800	0.024	3.604
4286.000	0.026	3.604
4286.200	0.024	3.604
4286.400	0.026	3.604
4286.600	0.026	3.604
4286.800	0.026	3.604
4287.000	0.026	3.604
4287.200	0.027	3.604
4287.400	0.025	3.604
4287.600	0.026	3.604
4287.800	0.026	3.604
4288.000	0.027	3.604
4288.200	0.025	3.604
4288.400	0.026	3.604
4288.600	0.026	3.604
4288.800	0.025	3.604
4289.000	0.026	3.604
4289.200	0.027	3.604
4289.400	0.025	3.604
4289.600	0.027	3.604
4289.800	0.025	3.604
4290.000	0.027	3.604
4290.200	0.026	3.604
4290.400	0.025	3.604
4290.600	0.027	3.604
4290.800	0.027	3.604
4291.000	0.027	3.604
4291.200	0.027	3.604
4291.400	0.025	3.604
4291.600	0.026	3.604
4291.800	0.026	3.604
4292.000	0.026	3.604
4292.200	0.025	3.604
4292.400	0.026	3.604
4292.600	0.027	3.604
4292.800	0.026	3.604
4293.000	0.028	3.604
4293.200	0.025	3.604
4293.400	0.026	3.604
4293.600	0.027	3.604
4293.800	0.025	3.604
4294.000	0.025	3.604
4294.200	0.026	3.604
4294.400	0.023	3.604
4294.600	0.024	3.604
4294.800	0.025	3.604
4295.000	0.025	3.604
4295.200	0.025	3.604
4295.400	0.025	3.604
4295.600	0.025	3.604
4295.800	0.026	3.604
4296.000	0.024	3.604
4296.200	0.026	3.604
4296.400	0.026	3.604
4296.600	0.024	3.604
4296.800	0.024	3.604
4297.000	0.025	3.604
4297.200	0.026	3.604
4297.400	0.025	3.604
4297.600	0.027	3.604
4297.800	0.026	3.604
4298.000	0.025	3.604
4298.200	0.023	3.604
4298.400	0.026	3.604
4298.600	0.024	3.604
4298.800	0.025	3.604
4299.000	0.025	3.604
4299.200	0.026	3.604
4299.400	0.025	3.604
4299.600	0.025	3.604
4299.800	0.026	3.604
4300.000	0.025	3.604
4300.200	0.024	3.604
4300.400	0.024	3.604
4300.600	0.025	3.604
4300.800	0.024	3.604
4301.000	0.024	3.604
4301.200	0.023	3.604
4301.400	0.026	3.604
4301.600	0.026	3.604
4301.800	0.026	3.604
4302.000	0.026	3.604
4302.200	0.026	3.604
4302.400	0.026	3.604
4302.600	0.025	3.604
4302.800	0.026	3.604
4303.000	0.025	3.604
4303.200	0.026	3.604
4303.400	0.025	3.604
4303.600	0.025	3.604
4303.800	0.026	3.604
4304.000	0.024	3.604
4304.200	0.024	3.604
4304.400	0.026	3.604
4304.600	0.028	3.604
4304.800	0.024	3.604
4305.000	0.027	3.604
4305.200	0.026	3.604
4305.400	0.027	3.604
4305.600	0.026	3.604
4305.800	0.025	3.604
4306.000	0.026	3.604
4306.200	0.026	3.604
4306.400	0.026	3.604
4306.600	0.027	3.604
4306.800	0.027	3.604
4307.000	0.027	3.604
4307.200	0.027	3.604
4307.400	0.026	3.604
4307.600	0.028	3.604
4307.800	0.025	3.604
4308.000	0.026	3.604
4308.200	0.025	3.604
4308.400	0.024	3.604
4308.600	0.025	3.604
4308.800	0.025	3.604
4309.000	0.025	3.604
4309.200	0.026	3.604
4309.400	0.025	3.604
4309.600	0.025	3.604
4309.800	0.024	3.604
4310.000	0.025	3.604
4310.200	0.026	3.604
4310.400	0.025	3.604
4310.600	0.026	3.604
4310.800	0.026	3.604
4311.000	0.024	3.604
4311.200	0.026	3.604
4311.400	0.025	3.604
4311.600	0.026	3.604
4311.800	0.026	3.604
4312.000	0.026	3.604
4312.200	0.026	3.604
4312.400	0.025	3.604
4312.600	0.026	3.604
4312.800	0.024	3.604
4313.000	0.025	3.604
4313.200	0.027	3.604
4313.400	0.027	3.604
4313.600	0.026	3.604
4313.800	0.026	3.604
4314.000	0.028	3.604
4314.200	0.028	3.604
4314.400	0.029	3.604
4314.600	0.029	3.604
4314.800	0.027	3.604
4315.000	0.027	3.604
4315.200	0.029	3.604
4315.400	0.026	3.604
4315.600	0.028	3.604
4315.800	0.027	3.604
4316.000	0.027	3.604
4316.200	0.026	3.604
4316.400	0.025	3.604
4316.600	0.026	3.604
4316.800	0.025	3.604
4317.000	0.026	3.604
4317.200	0.027	3.604
4317.400	0.027	3.604
4317.600	0.026	3.604
4317.800	0.026	3.604
4318.000	0.026	3.604
4318.200	0.028	3.604
4318.400	0.026	3.604
4318.600	0.027	3.604
4318.800	0.027	3.604
4319.000	0.026	3.604
4319.200	0.026	3.604
4319.400	0.027	3.604
4319.600	0.027	3.604
4319.800	0.025	3.604
4320.000	0.027	3.604
4320.200	0.028	3.604
4320.400	0.026	3.604
4320.600	0.026	3.604
4320.800	0.026	3.604
4321.000	0.027	3.604
4321.200	0.027	3.604
4321.400	0.026	3.604
4321.600	0.027	3.604
4321.800	0.027	3.604
4322.000	0.027	3.604
4322.200	0.026	3.604
4322.400	0.026	3.604
4322.600	0.025	3.604
4322.800	0.026	3.604
4323.000	0.027	3.604
4323.200	0.025	3.604
4323.400	0.026	3.604
4323.600	0.027	3.604
4323.800	0.028	3.604
4324.000	0.028	3.604
4324.200	0.027	3.604
4324.400	0.027	3.604
4324.600	0.028	3.604
4324.800	0.027	3.604
4325.000	0.028	3.604
4325.200	0.029	3.604
4325.400	0.027	3.604
4325.600	0.028	3.604
4325.800	0.028	3.604
4326.000	0.027	3.604
4326.200	0.027	3.604
4326.400	0.027	3.604
4326.600	0.027	3.604
4326.800	0.027	3.604
4327.000	0.028	3.604
4327.200	0.028	3.604
4327.400	0.027	3.604
4327.600	0.026	3.604
4327.800	0.026	3.604
4328.000	0.026	3.604
4328.200	0.027	3.604
4328.400	0.026	3.604
4328.600	0.026	3.604
4328.800	0.025	3.604
4329.000	0.026	3.604
4329.200	0.025	3.604
4329.400	0.026	3.604
4329.600	0.026	3.604
4329.800	0.028	3.604
4330.000	0.025	3.604
4330.200	0.025	3.604
4330.400	0.025	3.604
4330.600	0.025	3.604
4330.800	0.026	3.604
4331.000	0.025	3.604
4331.200	0.024	3.604
4331.400	0.027	3.604
4331.600	0.026	3.604
4331.800	0.025	3.604
4332.000	0.027	3.604
4332.200	0.026	3.604
4332.400	0.027	3.604
4332.600	0.025	3.604
4332.800	0.027	3.604
4333.000	0.027	3.604
4333.200	0.026	3.604
4333.400	0.027	3.604
4333.600	0.025	3.604
4333.800	0.026	3.604
4334.000	0.025	3.604
4334.200	0.025	3.604
4334.400	0.025	3.604
4334.600	0.026	3.604
4334.800	0.025	3.604
4335.000	0.024	3.604
4335.200	0.025	3.604
4335.400	0.024	3.604
4335.600	0.027	3.604
4335.800	0.025	3.604
4336.000	0.025	3.604
4336.200	0.025	3.604
4336.400	0.027	3.604
4336.600	0.027	3.604
4336.800	0.027	3.604
4337.000	0.027	3.604
4337.200	0.027	3.604
4337.400	0.025	3.604
4337.600	0.027	3.604
4337.800	0.027	3.604
4338.000	0.028	3.604
4338.200	0.026	3.604
4338.400	0.028	3.604
4338.600	0.028	3.604
4338.800	0.027	3.604
4339.000	0.027	3.604
4339.200	0.027	3.604
4339.400	0.030	3.604
4339.600	0.027	3.604
4339.800	0.026	3.604
4340.000	0.027	3.604
4340.200	0.027	3.604
4340.400	0.026	3.604
4340.600	0.027	3.604
4340.800	0.027	3.604
4341.000	0.027	3.604
4341.200	0.027	3.604
4341.400	0.028	3.604
4341.600	0.028	3.604
4341.800	0.028	3.604
4342.000	0.026	3.604
4342.200	0.026	3.604
4342.400	0.027	3.604
4342.600	0.027	3.604
4342.800	0.028	3.604
4343.000	0.026	3.604
4343.200	0.027	3.604
4343.400	0.026	3.604
4343.600	0.028	3.604
4343.800	0.028	3.604
4344.000	0.028	3.604
4344.200	0.028	3.604
4344.400	0.028	3.604
4344.600	0.026	3.604
4344.800	0.027	3.604
4345.000	0.026	3.604
4345.200	0.026	3.604
4345.400	0.026	3.604
4345.600	0.025	3.604
4345.800	0.028	3.604
4346.000	0.027	3.604
4346.200	0.026	3.604
4346.400	0.027	3.604
4346.600	0.028	3.604
4346.800	0.027	3.604
4347.000	0.027	3.604
4347.200	0.029	3.604
4347.400	0.028	3.604
4347.600	0.029	3.604
4347.800	0.028	3.604
4348.000	0.027	3.604
4348.200	0.029	3.604
4348.400	0.027	3.604
4348.600	0.027	3.604
4348.800	0.027	3.604
4349.000	0.027	3.604
4349.200	0.028	3.604
4349.400	0.027	3.604
4349.600	0.028	3.604
4349.800	0.027	3.604
4350.000	0.027	3.604
4350.200	0.028	3.604
4350.400	0.026	3.604
4350.600	0.025	3.604
4350.800	0.029	3.604
4351.000	0.028	3.604
4351.200	0.026	3.604
4351.400	0.026	3.604
4351.600	0.028	3.604
4351.800	0.028	3.604
4352.000	0.028	3.604
4352.200	0.027	3.604
4352.400	0.027	3.604
4352.600	0.026	3.604
4352.800	0.026	3.604
4353.000	0.026	3.604
4353.200	0.025	3.604
4353.400	0.025	3.604
4353.600	0.027	3.604
4353.800	0.027	3.604
4354.000	0.026	3.604
4354.200	0.026	3.604
4354.400	0.025	3.604
4354.600	0.026	3.604
4354.800	0.026	3.604
4355.000	0.025	3.604
4355.200	0.026	3.604
4355.400	0.026	3.604
4355.600	0.025	3.604
4355.800	0.026	3.604
4356.000	0.026	3.604
4356.200	0.025	3.604
4356.400	0.025	3.604
4356.600	0.024	3.604
4356.800	0.026	3.604
4357.000	0.025	3.604
4357.200	0.024	3.604
4357.400	0.026	3.604
4357.600	0.026	3.604
4357.800	0.025	3.604
4358.000	0.025	3.604
4358.200	0.026	3.604
4358.400	0.025	3.604
4358.600	0.023	3.604
4358.800	0.025	3.603
4359.000	0.026	3.604
4359.200	0.024	3.604
4359.400	0.024	3.604
4359.600	0.024	3.604
4359.800	0.025	3.604
4360.000	0.025	3.604
4360.200	0.026	3.604
4360.400	0.025	3.604
4360.600	0.025	3.604
4360.800	0.025	3.604
4361.000	0.025	3.604
4361.200	0.026	3.604
4361.400	0.026	3.604
4361.600	0.027	3.604
4361.800	0.027	3.604
4362.000	0.025	3.604
4362.200	0.027	3.604
4362.400	0.026	3.604
4362.600	0.026	3.604
4362.800	0.027	3.604
4363.000	0.027	3.604
4363.200	0.026	3.604
4363.400	0.027	3.604
4363.600	0.027	3.604
4363.800	0.027	3.604
4364.000	0.028	3.604
4364.200	0.026	3.604
4364.400	0.028	3.604
4364.600	0.028	3.604
4364.800	0.026	3.604
4365.000	0.026	3.604
4365.200	0.025	3.604
4365.400	0.026	3.604
4365.600	0.027	3.604
4365.800	0.025	3.604
4366.000	0.026	3.603
4366.200	0.027	3.604
4366.400	0.027	3.604
4366.600	0.026	3.604
4366.800	0.027	3.604
4367.000	0.025	3.604
4367.200	0.026	3.604
4367.400	0.026	3.604
4367.600	0.028	3.604
4367.800	0.027	3.604
4368.000	0.025	3.604
4368.200	0.027	3.604
4368.400	0.029	3.604
4368.600	0.028	3.604
4368.800	0.027	3.604
4369.000	0.027	3.604
4369.200	0.027	3.604
4369.400	0.028	3.604
4369.600	0.029	3.604
4369.800	0.029	3.604
4370.000	0.031	3.604
4370.200	0.029	3.604
4370.400	0.028	3.604
4370.600	0.029	3.604
4370.800	0.030	3.604
4371.000	0.028	3.604
4371.200	0.029	3.604
4371.400	0.031	3.604
4371.600	0.030	3.604
4371.800	0.028	3.604
4372.000	0.028	3.604
4372.200	0.027	3.604
4372.400	0.027	3.604
4372.600	0.027	3.604
4372.800	0.029	3.604
4373.000	0.028	3.604
4373.200	0.028	3.604
4373.400	0.028	3.604
4373.600	0.027	3.604
4373.800	0.027	3.604
4374.000	0.026	3.604
4374.200	0.027	3.604
4374.400	0.028	3.604
4374.600	0.028	3.604
4374.800	0.026	3.604
4375.000	0.027	3.604
4375.200	0.029	3.604
4375.400	0.028	3.604
4375.600	0.030	3.604
4375.800	0.028	3.604
4376.000	0.028	3.604
4376.200	0.028	3.604
4376.400	0.028	3.604
4376.600	0.029	3.604
4376.800	0.027	3.604
4377.000	0.029	3.604
4377.200	0.028	3.604
4377.400	0.028	3.604
4377.600	0.028	3.604
4377.800	0.029	3.604
4378.000	0.028	3.604
4378.200	0.028	3.604
4378.400	0.028	3.604
4378.600	0.029	3.604
4378.800	0.027	3.604
4379.000	0.026	3.604
4379.200	0.028	3.604
4379.400	0.028	3.604
4379.600	0.029	3.603
4379.800	0.028	3.604
4380.000	0.029	3.604
4380.200	0.029	3.604
4380.400	0.030	3.604
4380.600	0.027	3.604
4380.800	0.027	3.604
4381.000	0.028	3.604
4381.200	0.029	3.604
4381.400	0.026	3.604
4381.600	0.027	3.604
4381.800	0.028	3.603
4382.000	0.028	3.604
4382.200	0.029	3.604
4382.400	0.027	3.604
4382.600	0.028	3.604
4382.800	0.028	3.604
4383.000	0.027	3.603
4383.200	0.029	3.604
4383.400	0.028	3.604
4383.600	0.028	3.604
4383.800	0.028	3.604
4384.000	0.028	3.604
4384.200	0.028	3.604
4384.400	0.029	3.604
4384.600	0.029	3.604
4384.800	0.027	3.604
4385.000	0.030	3.604
4385.200	0.028	3.604
4385.400	0.027	3.604
4385.600	0.028	3.604
4385.800	0.029	3.604
4386.000	0.029	3.604
4386.200	0.028	3.604
4386.400	0.027	3.604
4386.600	0.028	3.604
4386.800	0.027	3.603
4387.000	0.027	3.604
4387.200	0.027	3.604
4387.400	0.029	3.604
4387.600	0.029	3.604
4387.800	0.029	3.604
4388.000	0.031	3.604
4388.200	0.027	3.604
4388.400	0.029	3.604
4388.600	0.028	3.604
4388.800	0.028	3.603
4389.000	0.030	3.604
4389.200	0.030	3.604
4389.400	0.030	3.604
4389.600	0.029	3.604
4389.800	0.030	3.604
4390.000	0.031	3.604
4390.200	0.030	3.604
4390.400	0.032	3.604
4390.600	0.030	3.604
4390.800	0.029	3.604
4391.000	0.031	3.604
4391.200	0.030	3.604
4391.400	0.031	3.604
4391.600	0.032	3.604
4391.800	0.030	3.604
4392.000	0.030	3.604
4392.200	0.032	3.604
4392.400	0.031	3.604
4392.600	0.030	3.604
4392.800	0.031	3.604
4393.000	0.031	3.604
4393.200	0.030	3.603
4393.400	0.030	3.603
4393.600	0.031	3.603
4393.800	0.029	3.604
4394.000	0.031	3.603
4394.200	0.031	3.604
4394.400	0.030	3.604
4394.600	0.029	3.604
4394.800	0.029	3.604
4395.000	0.029	3.604
4395.200	0.029	3.604
4395.400	0.029	3.604
4395.600	0.029	3.604
4395.800	0.031	3.604
4396.000	0.030	3.604
4396.200	0.029	3.604
4396.400	0.029	3.604
4396.600	0.029	3.604
4396.800	0.029	3.604
4397.000	0.029	3.604
4397.200	0.029	3.604
4397.400	0.028	3.604
4397.600	0.028	3.604
4397.800	0.029	3.604
4398.000	0.029	3.604
4398.200	0.030	3.604
4398.400	0.030	3.604
4398.600	0.030	3.604
4398.800	0.030	3.604
4399.000	0.031	3.604
4399.200	0.030	3.604
4399.400	0.030	3.604
4399.600	0.029	3.604
4399.800	0.030	3.604
4400.000	0.030	3.604
4400.200	0.030	3.603
4400.400	0.031	3.604
4400.600	0.029	3.604
4400.800	0.030	3.604
4401.000	0.029	3.604
4401.200	0.030	3.604
4401.400	0.031	3.603
4401.600	0.030	3.604
4401.800	0.030	3.604
4402.000	0.031	3.604
4402.200	0.030	3.604
4402.400	0.031	3.604
4402.600	0.030	3.604
4402.800	0.032	3.604
4403.000	0.032	3.604
4403.200	0.031	3.604
4403.400	0.032	3.604
4403.600	0.032	3.604
4403.800	0.030	3.604
4404.000	0.031	3.604
4404.200	0.030	3.604
4404.400	0.031	3.604
4404.600	0.032	3.603
4404.800	0.032	3.604
4405.000	0.031	3.604
4405.200	0.032	3.603
4405.400	0.032	3.604
4405.600	0.033	3.604
4405.800	0.032	3.604
4406.000	0.031	3.604
4406.200	0.032	3.603
4406.400	0.032	3.604
4406.600	0.032	3.604
4406.800	0.030	3.603
4407.000	0.031	3.604
4407.200	0.031	3.604
4407.400	0.031	3.603
4407.600	0.029	3.603
4407.800	0.029	3.604
4408.000	0.030	3.603
4408.200	0.030	3.603
4408.400	0.030	3.603
4408.600	0.031	3.603
4408.800	0.031	3.603
4409.000	0.031	3.603
4409.200	0.030	3.603
4409.400	0.030	3.603
4409.600	0.030	3.603
4409.800	0.028	3.603
4410.000	0.029	3.603
4410.200	0.030	3.603
4410.400	0.029	3.603
4410.600	0.029	3.603
4410.800	0.031	3.604
4411.000	0.031	3.603
4411.200	0.030	3.603
4411.400	0.029	3.603
4411.600	0.030	3.603
4411.800	0.029	3.603
4412.000	0.030	3.603
4412.200	0.030	3.603
4412.400	0.030	3.603
4412.600	0.029	3.603
4412.800	0.029	3.603
4413.000	0.029	3.603
4413.200	0.030	3.603
4413.400	0.029	3.603
4413.600	0.029	3.603
4413.800	0.030	3.603
4414.000	0.028	3.603
4414.200	0.031	3.603
4414.400	0.029	3.603
4414.600	0.030	3.603
4414.800	0.030	3.603
4415.000	0.030	3.603
4415.200	0.030	3.603
4415.400	0.029	3.603
4415.600	0.027	3.603
4415.800	0.029	3.603
4416.000	0.027	3.603
4416.200	0.029	3.603
4416.400	0.027	3.603
4416.600	0.028	3.603
4416.800	0.028	3.603
4417.000	0.029	3.603
4417.200	0.029	3.603
4417.400	0.028	3.603
4417.600	0.029	3.603
4417.800	0.028	3.603
4418.000	0.028	3.603
4418.200	0.029	3.603
4418.400	0.027	3.603
4418.600	0.029	3.603
4418.800	0.029	3.603
4419.000	0.029	3.603
4419.200	0.027	3.603
4419.400	0.030	3.603
4419.600	0.031	3.603
4419.800	0.029	3.603
4420.000	0.028	3.603
4420.200	0.029	3.603
4420.400	0.030	3.603
4420.600	0.030	3.603
4420.800	0.030	3.603
4421.000	0.029	3.603
4421.200	0.030	3.603
4421.400	0.031	3.603
4421.600	0.028	3.603
4421.800	0.027	3.603
4422.000	0.028	3.603
4422.200	0.028	3.603
4422.400	0.029	3.603
4422.600	0.028	3.603
4422.800	0.028	3.603
4423.000	0.027	3.603
4423.200	0.027	3.603
4423.400	0.027	3.603
4423.600	0.027	3.603
4423.800	0.028	3.603
4424.000	0.028	3.603
4424.200	0.029	3.603
4424.400	0.028	3.603
4424.600	0.029	3.603
4424.800	0.029	3.603
4425.000	0.028	3.603
4425.200	0.029	3.603
4425.400	0.028	3.603
4425.600	0.029	3.603
4425.800	0.030	3.603
4426.000	0.029	3.603
4426.200	0.028	3.603
4426.400	0.028	3.603
4426.600	0.028	3.603
4426.800	0.029	3.603
4427.000	0.028	3.603
4427.200	0.028	3.603
4427.400	0.029	3.603
4427.600	0.027	3.603
4427.800	0.028	3.603
4428.000	0.027	3.603
4428.200	0.026	3.603
4428.400	0.027	3.603
4428.600	0.028	3.603
4428.800	0.029	3.603
4429.000	0.029	3.603
4429.200	0.028	3.603
4429.400	0.028	3.603
4429.600	0.028	3.603
4429.800	0.029	3.603
4430.000	0.030	3.603
4430.200	0.029	3.603
4430.400	0.031	3.603
4430.600	0.029	3.603
4430.800	0.030	3.603
4431.000	0.030	3.603
4431.200	0.030	3.603
4431.400	0.030	3.603
4431.600	0.029	3.603
4431.800	0.031	3.603
4432.000	0.029	3.603
4432.200	0.030	3.603
4432.400	0.030	3.603
4432.600	0.030	3.603
4432.800	0.028	3.603
4433.000	0.031	3.603
4433.200	0.030	3.603
4433.400	0.030	3.603
4433.600	0.029	3.603
4433.800	0.031	3.603
4434.000	0.028	3.603
4434.200	0.030	3.603
4434.400	0.028	3.603
4434.600	0.030	3.603
4434.800	0.028	3.603
4435.000	0.027	3.603
4435.200	0.028	3.603
4435.400	0.027	3.603
4435.600	0.028	3.603
4435.800	0.027	3.603
4436.000	0.029	3.603
4436.200	0.029	3.603
4436.400	0.028	3.603
4436.600	0.028	3.603
4436.800	0.030	3.603
4437.000	0.030	3.603
4437.200	0.030	3.603
4437.400	0.030	3.603
4437.600	0.030	3.603
4437.800	0.031	3.603
4438.000	0.030	3.603
4438.200	0.029	3.603
4438.400	0.029	3.603
4438.600	0.029	3.603
4438.800	0.028	3.603
4439.000	0.028	3.603
4439.200	0.028	3.603
4439.400	0.030	3.603
4439.600	0.029	3.603
4439.800	0.029	3.603
4440.000	0.029	3.603
4440.200	0.029	3.603
4440.400	0.030	3.603
4440.600	0.030	3.603
4440.800	0.029	3.603
4441.000	0.030	3.603
4441.200	0.028	3.603
4441.400	0.028	3.603
4441.600	0.027	3.603
4441.800	0.027	3.603
4442.000	0.029	3.603
4442.200	0.029	3.603
4442.400	0.028	3.603
4442.600	0.027	3.603
4442.800	0.029	3.603
4443.000	0.028	3.603
4443.200	0.028	3.603
4443.400	0.027	3.603
4443.600	0.029	3.603
4443.800	0.029	3.603
4444.000	0.027	3.603
4444.200	0.030	3.603
4444.400	0.031	3.603
4444.600	0.030	3.603
4444.800	0.030	3.603
4445.000	0.030	3.603
4445.200	0.030	3.603
4445.400	0.030	3.603
4445.600	0.033	3.603
4445.800	0.030	3.603
4446.000	0.031	3.603
4446.200	0.031	3.603
4446.400	0.030	3.603
4446.600	0.031	3.603
4446.800	0.030	3.603
4447.000	0.031	3.603
4447.200	0.031	3.603
4447.400	0.030	3.603
4447.600	0.029	3.603
4447.800	0.030	3.603
4448.000	0.030	3.603
4448.200	0.028	3.603
4448.400	0.030	3.603
4448.600	0.030	3.603
4448.800	0.030	3.603
4449.000	0.030	3.603
4449.200	0.031	3.603
4449.400	0.030	3.603
4449.600	0.030	3.603
4449.800	0.031	3.603
4450.000	0.031	3.603
4450.200	0.029	3.603
4450.400	0.031	3.603
4450.600	0.030	3.603
4450.800	0.031	3.603
4451.000	0.030	3.603
4451.200	0.028	3.603
4451.400	0.030	3.603
4451.600	0.031	3.603
4451.800	0.029	3.603
4452.000	0.031	3.603
4452.200	0.030	3.603
4452.400	0.032	3.603
4452.600	0.032	3.603
4452.800	0.030	3.603
4453.000	0.030	3.603
4453.200	0.029	3.603
4453.400	0.029	3.603
4453.600	0.031	3.603
4453.800	0.029	3.603
4454.000	0.028	3.603
4454.200	0.027	3.603
4454.400	0.028	3.603
4454.600	0.030	3.603
4454.800	0.029	3.603
4455.000	0.030	3.603
4455.200	0.030	3.603
4455.400	0.031	3.603
4455.600	0.029	3.603
4455.800	0.028	3.603
4456.000	0.029	3.603
4456.200	0.029	3.603
4456.400	0.029	3.603
4456.600	0.029	3.603
4456.800	0.029	3.603
4457.000	0.029	3.603
4457.200	0.030	3.603
4457.400	0.030	3.603
4457.600	0.030	3.603
4457.800	0.032	3.603
4458.000	0.030	3.603
4458.200	0.030	3.603
4458.400	0.030	3.603
4458.600	0.030	3.603
4458.800	0.031	3.603
4459.000	0.031	3.603
4459.200	0.031	3.603
4459.400	0.032	3.603
4459.600	0.030	3.603
4459.800	0.030	3.603
4460.000	0.030	3.603
4460.200	0.029	3.603
4460.400	0.029	3.603
4460.600	0.030	3.603
4460.800	0.030	3.603
4461.000	0.030	3.603
4461.200	0.030	3.603
4461.400	0.031	3.603
4461.600	0.030	3.603
4461.800	0.030	3.603
4462.000	0.032	3.603
4462.200	0.031	3.603
4462.400	0.030	3.603
4462.600	0.030	3.603
4462.800	0.031	3.603
4463.000	0.031	3.603
4463.200	0.031	3.603
4463.400	0.032	3.603
4463.600	0.033	3.603
4463.800	0.032	3.603
4464.000	0.031	3.603
4464.200	0.031	3.603
4464.400	0.030	3.603
4464.600	0.031	3.603
4464.800	0.031	3.603
4465.000	0.031	3.603
4465.200	0.029	3.603
4465.400	0.031	3.603
4465.600	0.030	3.603
4465.800	0.029	3.603
4466.000	0.032	3.603
4466.200	0.031	3.603
4466.400	0.030	3.603
4466.600	0.030	3.603
4466.800	0.031	3.603
4467.000	0.031	3.603
4467.200	0.029	3.603
4467.400	0.031	3.603
4467.600	0.029	3.603
4467.800	0.032	3.603
4468.000	0.031	3.603
4468.200	0.030	3.603
4468.400	0.031	3.603
4468.600	0.032	3.603
4468.800	0.032	3.603
4469.000	0.031	3.603
4469.200	0.030	3.603
4469.400	0.031	3.603
4469.600	0.031	3.603
4469.800	0.031	3.603
4470.000	0.031	3.603
4470.200	0.030	3.603
4470.400	0.029	3.603
4470.600	0.031	3.603
4470.800	0.031	3.603
4471.000	0.031	3.603
4471.200	0.029	3.603
4471.400	0.031	3.603
4471.600	0.031	3.603
4471.800	0.031	3.603
4472.000	0.029	3.603
4472.200	0.031	3.603
4472.400	0.030	3.603
4472.600	0.032	3.603
4472.800	0.032	3.603
4473.000	0.031	3.603
4473.200	0.030	3.603
4473.400	0.031	3.603
4473.600	0.031	3.603
4473.800	0.030	3.603
4474.000	0.033	3.603
4474.200	0.032	3.603
4474.400	0.032	3.603
4474.600	0.032	3.603
4474.800	0.032	3.603
4475.000	0.031	3.603
4475.200	0.032	3.603
4475.400	0.033	3.603
4475.600	0.032	3.603
4475.800	0.034	3.603
4476.000	0.034	3.603
4476.200	0.034	3.603
4476.400	0.033	3.603
4476.600	0.031	3.603
4476.800	0.032	3.603
4477.000	0.032	3.603
4477.200	0.031	3.603
4477.400	0.031	3.603
4477.600	0.031	3.603
4477.800	0.030	3.603
4478.000	0.032	3.603
4478.200	0.032	3.603
4478.400	0.031	3.603
4478.600	0.032	3.603
4478.800	0.031	3.603
4479.000	0.033	3.603
4479.200	0.032	3.603
4479.400	0.030	3.603
4479.600	0.031	3.603
4479.800	0.033	3.603
4480.000	0.030	3.603
4480.200	0.032	3.603
4480.400	0.033	3.603
4480.600	0.032	3.603
4480.800	0.032	3.603
4481.000	0.032	3.603
4481.200	0.033	3.603
4481.400	0.033	3.603
4481.600	0.033	3.603
4481.800	0.032	3.603
4482.000	0.033	3.603
4482.200	0.034	3.603
4482.400	0.033	3.603
4482.600	0.034	3.603
4482.800	0.032	3.603
4483.000	0.033	3.603
4483.200	0.033	3.603
4483.400	0.033	3.603
4483.600	0.031	3.603
4483.800	0.033	3.603
4484.000	0.034	3.603
4484.200	0.033	3.603
4484.400	0.033	3.603
4484.600	0.033	3.603
4484.800	0.032	3.603
4485.000	0.031	3.603
4485.200	0.031	3.603
4485.400	0.032	3.603
4485.600	0.031	3.603
4485.800	0.031	3.603
4486.000	0.031	3.603
4486.200	0.032	3.603
4486.400	0.031	3.603
4486.600	0.030	3.603
4486.800	0.032	3.603
4487.000	0.032	3.603
4487.200	0.031	3.603
4487.400	0.029	3.603
4487.600	0.031	3.603
4487.800	0.030	3.603
4488.000	0.031	3.603
4488.200	0.029	3.603
4488.400	0.030	3.603
4488.600	0.031	3.603
4488.800	0.031	3.603
4489.000	0.031	3.603
4489.200	0.031	3.603
4489.400	0.032	3.603
4489.600	0.031	3.603
4489.800	0.032	3.603
4490.000	0.030	3.603
4490.200	0.031	3.603
4490.400	0.032	3.603
4490.600	0.030	3.603
4490.800	0.030	3.603
4491.000	0.030	3.603
4491.200	0.032	3.603
4491.400	0.032	3.603
4491.600	0.032	3.603
4491.800	0.031	3.603
4492.000	0.028	3.603
4492.200	0.033	3.603
4492.400	0.030	3.603
4492.600	0.030	3.603
4492.800	0.032	3.603
4493.000	0.030	3.603
4493.200	0.032	3.603
4493.400	0.032	3.603
4493.600	0.033	3.603
4493.800	0.034	3.603
4494.000	0.032	3.603
4494.200	0.033	3.603
4494.400	0.031	3.603
4494.600	0.031	3.603
4494.800	0.032	3.603
4495.000	0.030	3.603
4495.200	0.030	3.603
4495.400	0.030	3.603
4495.600	0.031	3.603
4495.800	0.032	3.603
4496.000	0.032	3.603
4496.200	0.031	3.603
4496.400	0.032	3.603
4496.600	0.031	3.603
4496.800	0.029	3.603
4497.000	0.030	3.603
4497.200	0.031	3.603
4497.400	0.031	3.603
4497.600	0.030	3.603
4497.800	0.030	3.603
4498.000	0.031	3.603
4498.200	0.031	3.603
4498.400	0.031	3.603
4498.600	0.031	3.603
4498.800	0.031	3.603
4499.000	0.031	3.603
4499.200	0.032	3.603
4499.400	0.032	3.603
4499.600	0.031	3.603
4499.800	0.030	3.603
4500.000	0.031	3.603
4500.200	0.031	3.603
4500.400	0.031	3.603
4500.600	0.031	3.603
4500.800	0.030	3.603
4501.000	0.030	3.603
4501.200	0.029	3.603
4501.400	0.031	3.603
4501.600	0.031	3.603
4501.800	0.031	3.603
4502.000	0.030	3.603
4502.200	0.030	3.603
4502.400	0.030	3.603
4502.600	0.028	3.603
4502.800	0.029	3.603
4503.000	0.029	3.603
4503.200	0.029	3.603
4503.400	0.030	3.603
4503.600	0.029	3.603
4503.800	0.028	3.603
4504.000	0.030	3.603
4504.200	0.030	3.603
4504.400	0.028	3.603
4504.600	0.029	3.603
4504.800	0.029	3.603
4505.000	0.029	3.603
4505.200	0.028	3.603
4505.400	0.028	3.603
4505.600	0.028	3.603
4505.800	0.027	3.603
4506.000	0.029	3.603
4506.200	0.029	3.603
4506.400	0.028	3.603
4506.600	0.029	3.603
4506.800	0.027	3.603
4507.000	0.028	3.603
4507.200	0.028	3.603
4507.400	0.029	3.603
4507.600	0.029	3.603
4507.800	0.030	3.603
4508.000	0.029	3.603
4508.200	0.029	3.603
4508.400	0.029	3.603
4508.600	0.030	3.603
4508.800	0.029	3.603
4509.000	0.029	3.603
4509.200	0.029	3.603
4509.400	0.030	3.603
4509.600	0.030	3.603
4509.800	0.030	3.603
4510.000	0.030	3.603
4510.200	0.030	3.603
4510.400	0.030	3.603
4510.600	0.030	3.603
4510.800	0.029	3.603
4511.000	0.030	3.603
4511.200	0.030	3.603
4511.400	0.031	3.603
4511.600	0.032	3.603
4511.800	0.030	3.603
4512.000	0.030	3.603
4512.200	0.029	3.603
4512.400	0.029	3.603
4512.600	0.031	3.603
4512.800	0.030	3.603
4513.000	0.032	3.603
4513.200	0.031	3.603
4513.400	0.032	3.603
4513.600	0.030	3.603
4513.800	0.030	3.603
4514.000	0.031	3.603
4514.200	0.030	3.603
4514.400	0.030	3.603
4514.600	0.030	3.603
4514.800	0.030	3.603
4515.000	0.031	3.603
4515.200	0.030	3.603
4515.400	0.029	3.603
4515.600	0.031	3.603
4515.800	0.030	3.603
4516.000	0.030	3.603
4516.200	0.029	3.603
4516.400	0.031	3.603
4516.600	0.031	3.603
4516.800	0.032	3.603
4517.000	0.031	3.603
4517.200	0.031	3.603
4517.400	0.032	3.603
4517.600	0.031	3.603
4517.800	0.030	3.603
4518.000	0.031	3.603
4518.200	0.030	3.603
4518.400	0.031	3.603
4518.600	0.028	3.603
4518.800	0.029	3.603
4519.000	0.030	3.603
4519.200	0.031	3.603
4519.400	0.030	3.603
4519.600	0.030	3.603
4519.800	0.030	3.603
4520.000	0.031	3.603
4520.200	0.031	3.603
4520.400	0.028	3.603
4520.600	0.029	3.603
4520.800	0.030	3.603
4521.000	0.029	3.603
4521.200	0.029	3.603
4521.400	0.030	3.603
4521.600	0.029	3.603
4521.800	0.030	3.603
4522.000	0.030	3.603
4522.200	0.031	3.603
4522.400	0.030	3.603
4522.600	0.030	3.603
4522.800	0.028	3.603
4523.000	0.029	3.603
4523.200	0.030	3.603
4523.400	0.030	3.603
4523.600	0.030	3.603
4523.800	0.031	3.603
4524.000	0.030	3.603
4524.200	0.030	3.603
4524.400	0.029	3.603
4524.600	0.030	3.603
4524.800	0.029	3.603
4525.000	0.032	3.603
4525.200	0.029	3.603
4525.400	0.029	3.603
4525.600	0.031	3.603
4525.800	0.030	3.603
4526.000	0.031	3.603
4526.200	0.032	3.603
4526.400	0.030	3.603
4526.600	0.030	3.603
4526.800	0.030	3.603
4527.000	0.031	3.603
4527.200	0.031	3.603
4527.400	0.032	3.603
4527.600	0.031	3.603
4527.800	0.032	3.603
4528.000	0.032	3.603
4528.200	0.033	3.603
4528.400	0.032	3.603
4528.600	0.034	3.603
4528.800	0.031	3.603
4529.000	0.032	3.603
4529.200	0.031	3.603
4529.400	0.034	3.603
4529.600	0.033	3.603
4529.800	0.033	3.603
4530.000	0.033	3.603
4530.200	0.033	3.603
4530.400	0.031	3.603
4530.600	0.032	3.603
4530.800	0.033	3.603
4531.000	0.030	3.603
4531.200	0.030	3.603
4531.400	0.031	3.603
4531.600	0.032	3.603
4531.800	0.031	3.603
4532.000	0.031	3.603
4532.200	0.031	3.603
4532.400	0.030	3.603
4532.600	0.029	3.603
4532.800	0.032	3.603
4533.000	0.031	3.603
4533.200	0.030	3.603
4533.400	0.032	3.603
4533.600	0.029	3.603
4533.800	0.031	3.603
4534.000	0.030	3.603
4534.200	0.030	3.603
4534.400	0.031	3.603
4534.600	0.032	3.603
4534.800	0.033	3.603
4535.000	0.031	3.603
4535.200	0.033	3.603
4535.400	0.034	3.603
4535.600	0.031	3.603
4535.800	0.032	3.603
4536.000	0.032	3.603
4536.200	0.031	3.603
4536.400	0.030	3.603
4536.600	0.031	3.603
4536.800	0.030	3.603
4537.000	0.032	3.603
4537.200	0.032	3.603
4537.400	0.032	3.603
4537.600	0.031	3.603
4537.800	0.032	3.603
4538.000	0.031	3.603
4538.200	0.032	3.603
4538.400	0.030	3.603
4538.600	0.032	3.603
4538.800	0.032	3.603
4539.000	0.031	3.603
4539.200	0.032	3.603
4539.400	0.031	3.603
4539.600	0.032	3.603
4539.800	0.033	3.603
4540.000	0.031	3.603
4540.200	0.032	3.603
4540.400	0.032	3.603
4540.600	0.032	3.603
4540.800	0.030	3.603
4541.000	0.031	3.603
4541.200	0.032	3.603
4541.400	0.031	3.603
4541.600	0.032	3.603
4541.800	0.032	3.603
4542.000	0.032	3.603
4542.200	0.032	3.603
4542.400	0.031	3.603
4542.600	0.029	3.603
4542.800	0.031	3.603
4543.000	0.031	3.603
4543.200	0.031	3.603
4543.400	0.030	3.603
4543.600	0.030	3.603
4543.800	0.030	3.603
4544.000	0.031	3.603
4544.200	0.031	3.603
4544.400	0.031	3.603
4544.600	0.031	3.603
4544.800	0.031	3.603
4545.000	0.030	3.603
4545.200	0.031	3.603
4545.400	0.031	3.603
4545.600	0.030	3.603
4545.800	0.030	3.603
4546.000	0.031	3.603
4546.200	0.032	3.603
4546.400	0.031	3.603
4546.600	0.031	3.603
4546.800	0.032	3.603
4547.000	0.030	3.603
4547.200	0.030	3.603
4547.400	0.031	3.603
4547.600	0.031	3.603
4547.800	0.029	3.603
4548.000	0.030	3.603
4548.200	0.030	3.603
4548.400	0.029	3.603
4548.600	0.030	3.603
4548.800	0.030	3.603
4549.000	0.029	3.603
4549.200	0.030	3.603
4549.400	0.029	3.603
4549.600	0.030	3.603
4549.800	0.031	3.603
4550.000	0.029	3.603
4550.200	0.029	3.603
4550.400	0.029	3.603
4550.600	0.031	3.603
4550.800	0.029	3.603
4551.000	0.029	3.603
4551.200	0.029	3.603
4551.400	0.029	3.603
4551.600	0.028	3.603
4551.800	0.028	3.603
4552.000	0.029	3.603
4552.200	0.028	3.603
4552.400	0.029	3.603
4552.600	0.029	3.603
4552.800	0.028	3.603
4553.000	0.029	3.603
4553.200	0.030	3.603
4553.400	0.031	3.603
4553.600	0.031	3.603
4553.800	0.029	3.603
4554.000	0.030	3.603
4554.200	0.031	3.603
4554.400	0.030	3.603
4554.600	0.030	3.603
4554.800	0.030	3.603
4555.000	0.031	3.603
4555.200	0.030	3.603
4555.400	0.030	3.603
4555.600	0.028	3.603
4555.800	0.030	3.603
4556.000	0.030	3.603
4556.200	0.029	3.603
4556.400	0.033	3.603
4556.600	0.031	3.603
4556.800	0.031	3.603
4557.000	0.030	3.603
4557.200	0.031	3.603
4557.400	0.031	3.603
4557.600	0.030	3.603
4557.800	0.031	3.603
4558.000	0.030	3.603
4558.200	0.030	3.603
4558.400	0.030	3.603
4558.600	0.029	3.603
4558.800	0.029	3.603
4559.000	0.030	3.603
4559.200	0.031	3.603
4559.400	0.030	3.603
4559.600	0.030	3.603
4559.800	0.030	3.603
4560.000	0.030	3.603
4560.200	0.029	3.603
4560.400	0.029	3.603
4560.600	0.030	3.603
4560.800	0.029	3.603
4561.000	0.030	3.603
4561.200	0.028	3.603
4561.400	0.029	3.603
4561.600	0.030	3.603
4561.800	0.029	3.603
4562.000	0.029	3.603
4562.200	0.029	3.603
4562.400	0.030	3.603
4562.600	0.029	3.603
4562.800	0.029	3.603
4563.000	0.029	3.603
4563.200	0.029	3.603
4563.400	0.028	3.603
4563.600	0.027	3.603
4563.800	0.030	3.603
4564.000	0.029	3.603
4564.200	0.029	3.603
4564.400	0.029	3.603
4564.600	0.028	3.603
4564.800	0.028	3.603
4565.000	0.029	3.603
4565.200	0.029	3.603
4565.400	0.029	3.603
4565.600	0.031	3.603
4565.800	0.028	3.603
4566.000	0.029	3.603
4566.200	0.029	3.603
4566.400	0.029	3.603
4566.600	0.030	3.603
4566.800	0.030	3.603
4567.000	0.029	3.603
4567.200	0.029	3.603
4567.400	0.030	3.603
4567.600	0.031	3.603
4567.800	0.030	3.603
4568.000	0.030	3.603
4568.200	0.029	3.603
4568.400	0.031	3.603
4568.600	0.030	3.603
4568.800	0.029	3.603
4569.000	0.030	3.603
4569.200	0.031	3.603
4569.400	0.030	3.603
4569.600	0.029	3.603
4569.800	0.029	3.603
4570.000	0.030	3.603
4570.200	0.028	3.603
4570.400	0.029	3.603
4570.600	0.030	3.603
4570.800	0.029	3.603
4571.000	0.029	3.603
4571.200	0.029	3.603
4571.400	0.029	3.603
4571.600	0.029	3.603
4571.800	0.030	3.603
4572.000	0.030	3.603
4572.200	0.030	3.603
4572.400	0.028	3.603
4572.600	0.029	3.603
4572.800	0.028	3.603
4573.000	0.028	3.603
4573.200	0.028	3.603
4573.400	0.028	3.603
4573.600	0.030	3.603
4573.800	0.028	3.603
4574.000	0.029	3.603
4574.200	0.029	3.603
4574.400	0.030	3.603
4574.600	0.029	3.603
4574.800	0.028	3.603
4575.000	0.028	3.603
4575.200	0.029	3.603
4575.400	0.028	3.603
4575.600	0.028	3.603
4575.800	0.029	3.603
4576.000	0.028	3.603
4576.200	0.028	3.603
4576.400	0.027	3.603
4576.600	0.028	3.603
4576.800	0.027	3.603
4577.000	0.026	3.603
4577.200	0.027	3.603
4577.400	0.026	3.603
4577.600	0.026	3.603
4577.800	0.026	3.603
4578.000	0.028	3.603
4578.200	0.027	3.603
4578.400	0.026	3.603
4578.600	0.027	3.603
4578.800	0.028	3.603
4579.000	0.027	3.603
4579.200	0.028	3.603
4579.400	0.027	3.603
4579.600	0.026	3.603
4579.800	0.028	3.603
4580.000	0.026	3.603
4580.200	0.027	3.603
4580.400	0.027	3.603
4580.600	0.028	3.603
4580.800	0.029	3.603
4581.000	0.028	3.603
4581.200	0.030	3.603
4581.400	0.029	3.603
4581.600	0.029	3.603
4581.800	0.028	3.603
4582.000	0.028	3.603
4582.200	0.029	3.603
4582.400	0.028	3.603
4582.600	0.027	3.603
4582.800	0.026	3.603
4583.000	0.028	3.603
4583.200	0.027	3.603
4583.400	0.027	3.603
4583.600	0.027	3.603
4583.800	0.029	3.603
4584.000	0.028	3.603
4584.200	0.030	3.603
4584.400	0.029	3.603
4584.600	0.028	3.603
4584.800	0.029	3.603
4585.000	0.027	3.603
4585.200	0.029	3.603
4585.400	0.028	3.603
4585.600	0.027	3.603
4585.800	0.028	3.603
4586.000	0.030	3.603
4586.200	0.028	3.603
4586.400	0.029	3.603
4586.600	0.028	3.603
4586.800	0.028	3.603
4587.000	0.028	3.603
4587.200	0.026	3.603
4587.400	0.028	3.603
4587.600	0.027	3.603
4587.800	0.028	3.603
4588.000	0.028	3.603
4588.200	0.027	3.603
4588.400	0.028	3.603
4588.600	0.027	3.603
4588.800	0.025	3.603
4589.000	0.028	3.603
4589.200	0.028	3.603
4589.400	0.027	3.603
4589.600	0.027	3.603
4589.800	0.027	3.603
4590.000	0.029	3.603
4590.200	0.028	3.603
4590.400	0.027	3.603
4590.600	0.029	3.603
4590.800	0.027	3.603
4591.000	0.028	3.603
4591.200	0.028	3.603
4591.400	0.028	3.603
4591.600	0.028	3.603
4591.800	0.029	3.603
4592.000	0.028	3.603
4592.200	0.027	3.603
4592.400	0.029	3.603
4592.600	0.028	3.603
4592.800	0.027	3.603
4593.000	0.028	3.603
4593.200	0.029	3.603
4593.400	0.028	3.603
4593.600	0.028	3.603
4593.800	0.028	3.603
4594.000	0.030	3.603
4594.200	0.029	3.603
4594.400	0.028	3.603
4594.600	0.027	3.603
4594.800	0.027	3.603
4595.000	0.029	3.603
4595.200	0.028	3.603
4595.400	0.027	3.603
4595.600	0.028	3.603
4595.800	0.028	3.603
4596.000	0.028	3.603
4596.200	0.027	3.603
4596.400	0.027	3.603
4596.600	0.027	3.603
4596.800	0.027	3.603
4597.000	0.028	3.603
4597.200	0.028	3.603
4597.400	0.028	3.603
4597.600	0.027	3.603
4597.800	0.028	3.603
4598.000	0.026	3.603
4598.200	0.026	3.603
4598.400	0.029	3.603
4598.600	0.029	3.603
4598.800	0.028	3.603
4599.000	0.029	3.603
4599.200	0.029	3.603
4599.400	0.029	3.603
4599.600	0.029	3.603
4599.800	0.028	3.603
4600.000	0.029	3.603
4600.200	0.031	3.603
4600.400	0.029	3.603
4600.600	0.029	3.603
4600.800	0.030	3.603
4601.000	0.029	3.603
4601.200	0.029	3.603
4601.400	0.027	3.603
4601.600	0.029	3.603
4601.800	0.029	3.603
4602.000	0.029	3.603
4602.200	0.027	3.603
4602.400	0.027	3.603
4602.600	0.027	3.603
4602.800	0.027	3.603
4603.000	0.028	3.603
4603.200	0.028	3.603
4603.400	0.028	3.603
4603.600	0.029	3.603
4603.800	0.029	3.603
4604.000	0.029	3.603
4604.200	0.027	3.603
4604.400	0.029	3.603
4604.600	0.027	3.603
4604.800	0.030	3.603
4605.000	0.027	3.603
4605.200	0.027	3.603
4605.400	0.029	3.603
4605.600	0.029	3.603
4605.800	0.027	3.603
4606.000	0.029	3.603
4606.200	0.029	3.603
4606.400	0.030	3.603
4606.600	0.029	3.603
4606.800	0.030	3.603
4607.000	0.028	3.603
4607.200	0.028	3.603
4607.400	0.030	3.603
4607.600	0.029	3.603
4607.800	0.029	3.603
4608.000	0.028	3.603
4608.200	0.029	3.603
4608.400	0.030	3.603
4608.600	0.030	3.603
4608.800	0.031	3.603
4609.000	0.030	3.603
4609.200	0.030	3.603
4609.400	0.029	3.603
4609.600	0.031	3.603
4609.800	0.031	3.603
4610.000	0.029	3.603
4610.200	0.030	3.603
4610.400	0.029	3.603
4610.600	0.028	3.603
4610.800	0.028	3.603
4611.000	0.031	3.603
4611.200	0.029	3.603
4611.400	0.030	3.603
4611.600	0.028	3.603
4611.800	0.028	3.603
4612.000	0.029	3.603
4612.200	0.029	3.603
4612.400	0.029	3.603
4612.600	0.028	3.603
4612.800	0.030	3.603
4613.000	0.030	3.603
4613.200	0.029	3.603
4613.400	0.030	3.603
4613.600	0.028	3.603
4613.800	0.029	3.603
4614.000	0.030	3.603
4614.200	0.030	3.603
4614.400	0.029	3.603
4614.600	0.030	3.603
4614.800	0.030	3.603
4615.000	0.030	3.603
4615.200	0.029	3.603
4615.400	0.030	3.603
4615.600	0.029	3.603
4615.800	0.031	3.603
4616.000	0.030	3.603
4616.200	0.030	3.603
4616.400	0.029	3.603
4616.600	0.030	3.603
4616.800	0.030	3.603
4617.000	0.030	3.603
4617.200	0.030	3.603
4617.400	0.031	3.603
4617.600	0.029	3.603
4617.800	0.031	3.603
4618.000	0.031	3.603
4618.200	0.030	3.603
4618.400	0.032	3.603
4618.600	0.030	3.603
4618.800	0.030	3.603
4619.000	0.030	3.603
4619.200	0.030	3.603
4619.400	0.029	3.603
4619.600	0.030	3.603
4619.800	0.031	3.603
4620.000	0.030	3.603
4620.200	0.032	3.603
4620.400	0.031	3.603
4620.600	0.030	3.603
4620.800	0.032	3.603
4621.000	0.031	3.603
4621.200	0.030	3.603
4621.400	0.031	3.603
4621.600	0.030	3.603
4621.800	0.027	3.603
4622.000	0.029	3.603
4622.200	0.029	3.603
4622.400	0.029	3.603
4622.600	0.031	3.603
4622.800	0.031	3.603
4623.000	0.030	3.603
4623.200	0.029	3.603
4623.400	0.031	3.603
4623.600	0.029	3.603
4623.800	0.031	3.603
4624.000	0.031	3.603
4624.200	0.031	3.603
4624.400	0.030	3.603
4624.600	0.031	3.603
4624.800	0.030	3.603
4625.000	0.030	3.603
4625.200	0.031	3.603
4625.400	0.030	3.603
4625.600	0.029	3.603
4625.800	0.032	3.603
4626.000	0.031	3.603
4626.200	0.031	3.603
4626.400	0.032	3.603
4626.600	0.032	3.603
4626.800	0.032	3.603
4627.000	0.032	3.603
4627.200	0.031	3.603
4627.400	0.030	3.603
4627.600	0.033	3.603
4627.800	0.032	3.603
4628.000	0.031	3.603
4628.200	0.031	3.603
4628.400	0.032	3.603
4628.600	0.031	3.603
4628.800	0.030	3.603
4629.000	0.032	3.603
4629.200	0.032	3.603
4629.400	0.032	3.603
4629.600	0.031	3.603
4629.800	0.031	3.603
4630.000	0.032	3.603
4630.200	0.032	3.603
4630.400	0.032	3.603
4630.600	0.031	3.603
4630.800	0.031	3.603
4631.000	0.031	3.603
4631.200	0.029	3.603
4631.400	0.031	3.603
4631.600	0.031	3.603
4631.800	0.030	3.603
4632.000	0.031	3.603
4632.200	0.031	3.603
4632.400	0.030	3.603
4632.600	0.031	3.603
4632.800	0.031	3.603
4633.000	0.030	3.603
4633.200	0.032	3.603
4633.400	0.031	3.603
4633.600	0.031	3.603
4633.800	0.032	3.603
4634.000	0.030	3.603
4634.200	0.031	3.603
4634.400	0.030	3.603
4634.600	0.033	3.603
4634.800	0.033	3.603
4635.000	0.032	3.603
4635.200	0.032	3.603
4635.400	0.029	3.603
4635.600	0.030	3.603
4635.800	0.031	3.603
4636.000	0.032	3.603
4636.200	0.032	3.603
4636.400	0.032	3.603
4636.600	0.031	3.603
4636.800	0.031	3.603
4637.000	0.031	3.603
4637.200	0.032	3.603
4637.400	0.030	3.603
4637.600	0.031	3.603
4637.800	0.032	3.603
4638.000	0.032	3.603
4638.200	0.031	3.603
4638.400	0.030	3.603
4638.600	0.031	3.603
4638.800	0.032	3.603
4639.000	0.031	3.603
4639.200	0.030	3.603
4639.400	0.031	3.603
4639.600	0.030	3.603
4639.800	0.031	3.603
4640.000	0.030	3.603
4640.200	0.031	3.603
4640.400	0.032	3.603
4640.600	0.032	3.603
4640.800	0.030	3.603
4641.000	0.030	3.603
4641.200	0.031	3.603
4641.400	0.030	3.603
4641.600	0.031	3.603
4641.800	0.031	3.603
4642.000	0.028	3.603
4642.200	0.031	3.603
4642.400	0.032	3.603
4642.600	0.031	3.603
4642.800	0.030	3.603
4643.000	0.031	3.603
4643.200	0.031	3.603
4643.400	0.030	3.603
4643.600	0.030	3.603
4643.800	0.031	3.603
4644.000	0.030	3.603
4644.200	0.031	3.603
4644.400	0.029	3.603
4644.600	0.031	3.603
4644.800	0.031	3.603
4645.000	0.032	3.603
4645.200	0.031	3.603
4645.400	0.031	3.603
4645.600	0.031	3.603
4645.800	0.029	3.603
4646.000	0.031	3.603
4646.200	0.032	3.603
4646.400	0.031	3.603
4646.600	0.030	3.603
4646.800	0.031	3.603
4647.000	0.031	3.603
4647.200	0.031	3.603
4647.400	0.031	3.603
4647.600	0.033	3.603
4647.800	0.032	3.603
4648.000	0.032	3.603
4648.200	0.033	3.603
4648.400	0.032	3.603
4648.600	0.031	3.603
4648.800	0.032	3.603
4649.000	0.033	3.603
4649.200	0.033	3.603
4649.400	0.032	3.603
4649.600	0.031	3.603
4649.800	0.030	3.603
4650.000	0.031	3.603
4650.200	0.032	3.603
4650.400	0.032	3.603
4650.600	0.031	3.603
4650.800	0.032	3.603
4651.000	0.032	3.603
4651.200	0.032	3.603
4651.400	0.034	3.603
4651.600	0.034	3.603
4651.800	0.031	3.603
4652.000	0.033	3.603
4652.200	0.031	3.603
4652.400	0.032	3.603
4652.600	0.032	3.603
4652.800	0.034	3.603
4653.000	0.033	3.603
4653.200	0.032	3.603
4653.400	0.030	3.603
4653.600	0.031	3.603
4653.800	0.031	3.603
4654.000	0.031	3.603
4654.200	0.032	3.603
4654.400	0.032	3.603
4654.600	0.031	3.603
4654.800	0.032	3.603
4655.000	0.032	3.603
4655.200	0.032	3.603
4655.400	0.032	3.603
4655.600	0.033	3.603
4655.800	0.031	3.603
4656.000	0.033	3.603
4656.200	0.034	3.603
4656.400	0.034	3.603
4656.600	0.033	3.603
4656.800	0.031	3.603
4657.000	0.031	3.603
4657.200	0.031	3.603
4657.400	0.031	3.603
4657.600	0.031	3.603
4657.800	0.032	3.603
4658.000	0.032	3.603
4658.200	0.033	3.603
4658.400	0.031	3.603
4658.600	0.032	3.603
4658.800	0.031	3.603
4659.000	0.030	3.603
4659.200	0.031	3.603
4659.400	0.031	3.603
4659.600	0.033	3.603
4659.800	0.031	3.603
4660.000	0.030	3.603
4660.200	0.030	3.603
4660.400	0.032	3.603
4660.600	0.032	3.603
4660.800	0.029	3.603
4661.000	0.031	3.603
4661.200	0.031	3.603
4661.400	0.033	3.603
4661.600	0.030	3.603
4661.800	0.030	3.603
4662.000	0.029	3.603
4662.200	0.031	3.603
4662.400	0.031	3.603
4662.600	0.030	3.603
4662.800	0.030	3.603
4663.000	0.031	3.603
4663.200	0.032	3.603
4663.400	0.030	3.603
4663.600	0.032	3.603
4663.800	0.030	3.603
4664.000	0.033	3.603
4664.200	0.030	3.603
4664.400	0.030	3.603
4664.600	0.030	3.603
4664.800	0.032	3.603
4665.000	0.030	3.603
4665.200	0.028	3.603
4665.400	0.030	3.603
4665.600	0.030	3.603
4665.800	0.030	3.603
4666.000	0.030	3.603
4666.200	0.028	3.603
4666.400	0.030	3.603
4666.600	0.028	3.603
4666.800	0.030	3.603
4667.000	0.030	3.603
4667.200	0.030	3.603
4667.400	0.030	3.603
4667.600	0.030	3.603
4667.800	0.030	3.603
4668.000	0.030	3.603
4668.200	0.031	3.603
4668.400	0.030	3.603
4668.600	0.031	3.603
4668.800	0.029	3.603
4669.000	0.029	3.603
4669.200	0.030	3.603
4669.400	0.031	3.603
4669.600	0.032	3.603
4669.800	0.031	3.603
4670.000	0.031	3.603
4670.200	0.031	3.603
4670.400	0.030	3.603
4670.600	0.030	3.603
4670.800	0.031	3.603
4671.000	0.030	3.603
4671.200	0.030	3.603
4671.400	0.030	3.603
4671.600	0.031	3.603
4671.800	0.032	3.603
4672.000	0.033	3.603
4672.200	0.030	3.603
4672.400	0.030	3.603
4672.600	0.030	3.603
4672.800	0.031	3.603
4673.000	0.032	3.603
4673.200	0.033	3.603
4673.400	0.031	3.603
4673.600	0.031	3.603
4673.800	0.031	3.603
4674.000	0.031	3.603
4674.200	0.029	3.603
4674.400	0.030	3.603
4674.600	0.030	3.603
4674.800	0.032	3.603
4675.000	0.030	3.603
4675.200	0.031	3.603
4675.400	0.029	3.603
4675.600	0.030	3.603
4675.800	0.030	3.603
4676.000	0.030	3.603
4676.200	0.030	3.603
4676.400	0.031	3.603
4676.600	0.030	3.603
4676.800	0.030	3.603
4677.000	0.029	3.603
4677.200	0.030	3.603
4677.400	0.030	3.603
4677.600	0.029	3.603
4677.800	0.029	3.603
4678.000	0.031	3.603
4678.200	0.028	3.603
4678.400	0.030	3.603
4678.600	0.032	3.603
4678.800	0.030	3.603
4679.000	0.030	3.603
4679.200	0.029	3.603
4679.400	0.030	3.603
4679.600	0.029	3.603
4679.800	0.031	3.603
4680.000	0.030	3.603
4680.200	0.031	3.603
4680.400	0.030	3.603
4680.600	0.030	3.603
4680.800	0.030	3.603
4681.000	0.030	3.603
4681.200	0.030	3.603
4681.400	0.031	3.603
4681.600	0.029	3.603
4681.800	0.031	3.603
4682.000	0.031	3.603
4682.200	0.030	3.603
4682.400	0.030	3.603
4682.600	0.029	3.603
4682.800	0.030	3.603
4683.000	0.030	3.603
4683.200	0.029	3.603
4683.400	0.031	3.603
4683.600	0.031	3.603
4683.800	0.030	3.603
4684.000	0.028	3.603
4684.200	0.030	3.603
4684.400	0.029	3.603
4684.600	0.030	3.603
4684.800	0.028	3.603
4685.000	0.029	3.603
4685.200	0.029	3.603
4685.400	0.029	3.603
4685.600	0.029	3.603
4685.800	0.029	3.603
4686.000	0.030	3.603
4686.200	0.029	3.603
4686.400	0.029	3.603
4686.600	0.030	3.603
4686.800	0.030	3.603
4687.000	0.028	3.603
4687.200	0.029	3.603
4687.400	0.029	3.603
4687.600	0.029	3.603
4687.800	0.028	3.603
4688.000	0.029	3.603
4688.200	0.028	3.603
4688.400	0.029	3.603
4688.600	0.029	3.603
4688.800	0.029	3.603
4689.000	0.028	3.603
4689.200	0.028	3.603
4689.400	0.030	3.603
4689.600	0.028	3.603
4689.800	0.029	3.603
4690.000	0.030	3.603
4690.200	0.028	3.603
4690.400	0.029	3.603
4690.600	0.028	3.603
4690.800	0.029	3.603
4691.000	0.030	3.603
4691.200	0.028	3.603
4691.400	0.030	3.603
4691.600	0.028	3.603
4691.800	0.029	3.603
4692.000	0.030	3.603
4692.200	0.028	3.603
4692.400	0.028	3.603
4692.600	0.030	3.603
4692.800	0.030	3.603
4693.000	0.029	3.603
4693.200	0.029	3.603
4693.400	0.029	3.603
4693.600	0.028	3.603
4693.800	0.029	3.603
4694.000	0.030	3.603
4694.200	0.028	3.603
4694.400	0.030	3.603
4694.600	0.027	3.603
4694.800	0.028	3.603
4695.000	0.029	3.603
4695.200	0.028	3.603
4695.400	0.027	3.603
4695.600	0.028	3.603
4695.800	0.028	3.603
4696.000	0.027	3.603
4696.200	0.028	3.603
4696.400	0.030	3.603
4696.600	0.028	3.603
4696.800	0.027	3.603
4697.000	0.029	3.603
4697.200	0.029	3.603
4697.400	0.029	3.603
4697.600	0.029	3.603
4697.800	0.028	3.603
4698.000	0.028	3.603
4698.200	0.027	3.603
4698.400	0.028	3.603
4698.600	0.027	3.603
4698.800	0.028	3.603
4699.000	0.029	3.603
4699.200	0.030	3.603
4699.400	0.029	3.603
4699.600	0.030	3.603
4699.800	0.028	3.603
4700.000	0.029	3.603
4700.200	0.029	3.603
4700.400	0.029	3.603
4700.600	0.030	3.603
4700.800	0.029	3.603
4701.000	0.030	3.603
4701.200	0.031	3.603
4701.400	0.029	3.603
4701.600	0.030	3.603
4701.800	0.030	3.603
4702.000	0.030	3.603
4702.200	0.029	3.603
4702.400	0.030	3.603
4702.600	0.031	3.603
4702.800	0.031	3.603
4703.000	0.031	3.603
4703.200	0.030	3.603
4703.400	0.030	3.603
4703.600	0.030	3.603
4703.800	0.031	3.603
4704.000	0.032	3.603
4704.200	0.030	3.603
4704.400	0.030	3.603
4704.600	0.031	3.603
4704.800	0.032	3.603
4705.000	0.030	3.603
4705.200	0.031	3.603
4705.400	0.031	3.603
4705.600	0.032	3.603
4705.800	0.031	3.603
4706.000	0.033	3.603
4706.200	0.032	3.603
4706.400	0.032	3.603
4706.600	0.033	3.603
4706.800	0.033	3.603
4707.000	0.032	3.603
4707.200	0.030	3.603
4707.400	0.030	3.603
4707.600	0.032	3.603
4707.800	0.030	3.603
4708.000	0.030	3.603
4708.200	0.029	3.603
4708.400	0.030	3.603
4708.600	0.030	3.603
4708.800	0.031	3.603
4709.000	0.029	3.603
4709.200	0.030	3.603
4709.400	0.031	3.603
4709.600	0.030	3.603
4709.800	0.028	3.603
4710.000	0.030	3.603
4710.200	0.029	3.603
4710.400	0.029	3.603
4710.600	0.029	3.603
4710.800	0.030	3.603
4711.000	0.029	3.603
4711.200	0.030	3.603
4711.400	0.027	3.603
4711.600	0.030	3.603
4711.800	0.028	3.603
4712.000	0.031	3.603
4712.200	0.029	3.603
4712.400	0.029	3.603
4712.600	0.028	3.603
4712.800	0.029	3.603
4713.000	0.031	3.603
4713.200	0.030	3.603
4713.400	0.029	3.603
4713.600	0.029	3.603
4713.800	0.030	3.603
4714.000	0.029	3.603
4714.200	0.032	3.603
4714.400	0.029	3.603
4714.600	0.029	3.603
4714.800	0.028	3.603
4715.000	0.028	3.603
4715.200	0.031	3.603
4715.400	0.032	3.603
4715.600	0.030	3.603
4715.800	0.031	3.603
4716.000	0.029	3.603
4716.200	0.029	3.603
4716.400	0.030	3.603
4716.600	0.029	3.603
4716.800	0.029	3.603
4717.000	0.030	3.603
4717.200	0.032	3.603
4717.400	0.030	3.603
4717.600	0.031	3.603
4717.800	0.031	3.603
4718.000	0.030	3.603
4718.200	0.031	3.603
4718.400	0.032	3.603
4718.600	0.031	3.603
4718.800	0.032	3.603
4719.000	0.032	3.603
4719.200	0.031	3.603
4719.400	0.032	3.603
4719.600	0.031	3.603
4719.800	0.031	3.603
4720.000	0.031	3.603
4720.200	0.033	3.603
4720.400	0.031	3.603
4720.600	0.030	3.603
4720.800	0.030	3.603
4721.000	0.029	3.603
4721.200	0.031	3.603
4721.400	0.030	3.603
4721.600	0.029	3.603
4721.800	0.030	3.603
4722.000	0.030	3.603
4722.200	0.030	3.603
4722.400	0.030	3.603
4722.600	0.031	3.603
4722.800	0.031	3.603
4723.000	0.030	3.603
4723.200	0.030	3.603
4723.400	0.032	3.603
4723.600	0.030	3.603
4723.800	0.030	3.603
4724.000	0.031	3.603
4724.200	0.032	3.603
4724.400	0.030	3.603
4724.600	0.029	3.603
4724.800	0.031	3.603
4725.000	0.030	3.603
4725.200	0.030	3.603
4725.400	0.028	3.603
4725.600	0.029	3.603
4725.800	0.030	3.603
4726.000	0.030	3.603
4726.200	0.029	3.603
4726.400	0.032	3.603
4726.600	0.031	3.603
4726.800	0.030	3.603
4727.000	0.031	3.603
4727.200	0.030	3.603
4727.400	0.030	3.603
4727.600	0.030	3.603
4727.800	0.031	3.603
4728.000	0.032	3.603
4728.200	0.032	3.603
4728.400	0.032	3.603
4728.600	0.031	3.603
4728.800	0.030	3.603
4729.000	0.030	3.603
4729.200	0.031	3.603
4729.400	0.030	3.603
4729.600	0.030	3.603
4729.800	0.030	3.603
4730.000	0.030	3.603
4730.200	0.028	3.603
4730.400	0.032	3.603
4730.600	0.032	3.603
4730.800	0.032	3.603
4731.000	0.031	3.603
4731.200	0.031	3.603
4731.400	0.031	3.603
4731.600	0.032	3.603
4731.800	0.032	3.603
4732.000	0.031	3.603
4732.200	0.030	3.603
4732.400	0.029	3.603
4732.600	0.029	3.603
4732.800	0.030	3.603
4733.000	0.031	3.603
4733.200	0.031	3.603
4733.400	0.028	3.603
4733.600	0.030	3.603
4733.800	0.032	3.603
4734.000	0.031	3.603
4734.200	0.031	3.603
4734.400	0.031	3.603
4734.600	0.031	3.603
4734.800	0.030	3.603
4735.000	0.031	3.603
4735.200	0.030	3.603
4735.400	0.031	3.603
4735.600	0.029	3.603
4735.800	0.031	3.603
4736.000	0.032	3.603
4736.200	0.032	3.603
4736.400	0.030	3.603
4736.600	0.030	3.603
4736.800	0.028	3.603
4737.000	0.029	3.603
4737.200	0.031	3.603
4737.400	0.030	3.603
4737.600	0.029	3.603
4737.800	0.029	3.603
4738.000	0.029	3.603
4738.200	0.029	3.603
4738.400	0.030	3.603
4738.600	0.027	3.603
4738.800	0.029	3.603
4739.000	0.029	3.603
4739.200	0.027	3.603
4739.400	0.028	3.603
4739.600	0.030	3.603
4739.800	0.031	3.603
4740.000	0.031	3.603
4740.200	0.029	3.603
4740.400	0.030	3.603
4740.600	0.031	3.603
4740.800	0.030	3.603
4741.000	0.030	3.603
4741.200	0.029	3.603
4741.400	0.030	3.603
4741.600	0.029	3.603
4741.800	0.031	3.603
4742.000	0.031	3.603
4742.200	0.028	3.603
4742.400	0.029	3.603
4742.600	0.030	3.603
4742.800	0.029	3.603
4743.000	0.029	3.603
4743.200	0.030	3.603
4743.400	0.028	3.603
4743.600	0.028	3.603
4743.800	0.030	3.603
4744.000	0.029	3.603
4744.200	0.028	3.603
4744.400	0.029	3.603
4744.600	0.029	3.603
4744.800	0.028	3.603
4745.000	0.029	3.603
4745.200	0.029	3.603
4745.400	0.029	3.603
4745.600	0.030	3.603
4745.800	0.029	3.603
4746.000	0.028	3.603
4746.200	0.027	3.603
4746.400	0.027	3.603
4746.600	0.030	3.603
4746.800	0.028	3.603
4747.000	0.029	3.603
4747.200	0.030	3.603
4747.400	0.030	3.603
4747.600	0.029	3.603
4747.800	0.029	3.603
4748.000	0.030	3.603
4748.200	0.030	3.603
4748.400	0.031	3.603
4748.600	0.030	3.603
4748.800	0.030	3.603
4749.000	0.030	3.603
4749.200	0.028	3.603
4749.400	0.029	3.603
4749.600	0.029	3.603
4749.800	0.028	3.603
4750.000	0.028	3.603
4750.200	0.030	3.603
4750.400	0.030	3.603
4750.600	0.030	3.603
4750.800	0.030	3.603
4751.000	0.030	3.603
4751.200	0.029	3.603
4751.400	0.029	3.603
4751.600	0.028	3.603
4751.800	0.028	3.603
4752.000	0.030	3.603
4752.200	0.029	3.603
4752.400	0.030	3.603
4752.600	0.030	3.603
4752.800	0.028	3.603
4753.000	0.029	3.603
4753.200	0.030	3.603
4753.400	0.029	3.603
4753.600	0.030	3.603
4753.800	0.029	3.603
4754.000	0.030	3.603
4754.200	0.029	3.603
4754.400	0.029	3.603
4754.600	0.030	3.603
4754.800	0.028	3.603
4755.000	0.029	3.603
4755.200	0.029	3.603
4755.400	0.030	3.603
4755.600	0.030	3.603
4755.800	0.030	3.603
4756.000	0.030	3.603
4756.200	0.029	3.603
4756.400	0.029	3.603
4756.600	0.029	3.603
4756.800	0.029	3.603
4757.000	0.029	3.603
4757.200	0.028	3.603
4757.400	0.029	3.603
4757.600	0.029	3.603
4757.800	0.030	3.603
4758.000	0.030	3.603
4758.200	0.030	3.603
4758.400	0.030	3.603
4758.600	0.032	3.603
4758.800	0.029	3.603
4759.000	0.032	3.603
4759.200	0.029	3.603
4759.400	0.031	3.603
4759.600	0.030	3.603
4759.800	0.032	3.603
4760.000	0.031	3.603
4760.200	0.030	3.603
4760.400	0.029	3.603
4760.600	0.029	3.603
4760.800	0.029	3.603
4761.000	0.030	3.603
4761.200	0.028	3.603
4761.400	0.029	3.603
4761.600	0.030	3.603
4761.800	0.030	3.603
4762.000	0.031	3.603
4762.200	0.028	3.603
4762.400	0.029	3.603
4762.600	0.028	3.603
4762.800	0.029	3.603
4763.000	0.030	3.603
4763.200	0.030	3.603
4763.400	0.030	3.603
4763.600	0.031	3.603
4763.800	0.030	3.603
4764.000	0.030	3.603
4764.200	0.030	3.603
4764.400	0.029	3.603
4764.600	0.031	3.603
4764.800	0.032	3.603
4765.000	0.030	3.603
4765.200	0.031	3.603
4765.400	0.031	3.603
4765.600	0.030	3.603
4765.800	0.031	3.603
4766.000	0.032	3.603
4766.200	0.030	3.603
4766.400	0.029	3.603
4766.600	0.030	3.603
4766.800	0.031	3.603
4767.000	0.031	3.603
4767.200	0.030	3.603
4767.400	0.031	3.603
4767.600	0.029	3.603
4767.800	0.031	3.603
4768.000	0.028	3.603
4768.200	0.030	3.603
4768.400	0.029	3.603
4768.600	0.031	3.603
4768.800	0.030	3.603
4769.000	0.029	3.603
4769.200	0.031	3.603
4769.400	0.030	3.603
4769.600	0.029	3.603
4769.800	0.029	3.603
4770.000	0.028	3.603
4770.200	0.027	3.603
4770.400	0.030	3.603
4770.600	0.028	3.603
4770.800	0.029	3.603
4771.000	0.031	3.603
4771.200	0.029	3.603
4771.400	0.032	3.603
4771.600	0.028	3.603
4771.800	0.030	3.603
4772.000	0.031	3.603
4772.200	0.029	3.603
4772.400	0.030	3.603
4772.600	0.032	3.603
4772.800	0.031	3.603
4773.000	0.031	3.603
4773.200	0.030	3.603
4773.400	0.030	3.603
4773.600	0.028	3.603
4773.800	0.030	3.603
4774.000	0.029	3.603
4774.200	0.032	3.603
4774.400	0.032	3.603
4774.600	0.031	3.603
4774.800	0.031	3.603
4775.000	0.031	3.603
4775.200	0.030	3.603
4775.400	0.030	3.603
4775.600	0.030	3.603
4775.800	0.028	3.603
4776.000	0.029	3.603
4776.200	0.028	3.603
4776.400	0.029	3.603
4776.600	0.030	3.603
4776.800	0.029	3.603
4777.000	0.029	3.603
4777.200	0.029	3.603
4777.400	0.029	3.603
4777.600	0.029	3.603
4777.800	0.029	3.603
4778.000	0.029	3.603
4778.200	0.028	3.603
4778.400	0.029	3.603
4778.600	0.027	3.603
4778.800	0.028	3.603
4779.000	0.028	3.603
4779.200	0.029	3.603
4779.400	0.030	3.603
4779.600	0.026	3.603
4779.800	0.026	3.603
4780.000	0.028	3.603
4780.200	0.030	3.603
4780.400	0.029	3.603
4780.600	0.028	3.603
4780.800	0.029	3.603
4781.000	0.029	3.603
4781.200	0.029	3.603
4781.400	0.028	3.603
4781.600	0.027	3.603
4781.800	0.028	3.603
4782.000	0.029	3.603
4782.200	0.028	3.603
4782.400	0.028	3.603
4782.600	0.029	3.603
4782.800	0.030	3.603
4783.000	0.028	3.603
4783.200	0.030	3.603
4783.400	0.029	3.603
4783.600	0.029	3.603
4783.800	0.029	3.603
4784.000	0.028	3.603
4784.200	0.032	3.603
4784.400	0.030	3.603
4784.600	0.030	3.603
4784.800	0.030	3.603
4785.000	0.031	3.603
4785.200	0.030	3.603
4785.400	0.030	3.603
4785.600	0.029	3.603
4785.800	0.029	3.603
4786.000	0.031	3.603
4786.200	0.029	3.603
4786.400	0.031	3.603
4786.600	0.029	3.603
4786.800	0.030	3.603
4787.000	0.029	3.603
4787.200	0.030	3.603
4787.400	0.029	3.603
4787.600	0.029	3.603
4787.800	0.028	3.603
4788.000	0.029	3.603
4788.200	0.028	3.603
4788.400	0.030	3.603
4788.600	0.029	3.603
4788.800	0.031	3.603
4789.000	0.030	3.603
4789.200	0.030	3.603
4789.400	0.031	3.603
4789.600	0.031	3.603
4789.800	0.029	3.603
4790.000	0.030	3.603
4790.200	0.030	3.603
4790.400	0.029	3.603
4790.600	0.031	3.603
4790.800	0.031	3.603
4791.000	0.031	3.603
4791.200	0.029	3.603
4791.400	0.029	3.603
4791.600	0.031	3.603
4791.800	0.028	3.603
4792.000	0.028	3.603
4792.200	0.029	3.603
4792.400	0.031	3.603
4792.600	0.030	3.603
4792.800	0.030	3.603
4793.000	0.029	3.603
4793.200	0.031	3.603
4793.400	0.030	3.603
4793.600	0.030	3.603
4793.800	0.032	3.603
4794.000	0.030	3.603
4794.200	0.030	3.603
4794.400	0.030	3.603
4794.600	0.029	3.603
4794.800	0.029	3.603
4795.000	0.031	3.603
4795.200	0.028	3.603
4795.400	0.030	3.603
4795.600	0.031	3.603
4795.800	0.030	3.603
4796.000	0.029	3.603
4796.200	0.028	3.603
4796.400	0.031	3.603
4796.600	0.029	3.603
4796.800	0.028	3.603
4797.000	0.030	3.603
4797.200	0.028	3.603
4797.400	0.029	3.603
4797.600	0.029	3.603
4797.800	0.030	3.603
4798.000	0.031	3.603
4798.200	0.029	3.603
4798.400	0.029	3.603
4798.600	0.029	3.603
4798.800	0.029	3.603
4799.000	0.028	3.603
4799.200	0.027	3.603
4799.400	0.029	3.603
4799.600	0.029	3.603
4799.800	0.028	3.603
4800.000	0.029	3.603
4800.200	0.029	3.603
4800.400	0.027	3.603
4800.600	0.028	3.603
4800.800	0.028	3.603
4801.000	0.027	3.603
4801.200	0.028	3.603
4801.400	0.028	3.603
4801.600	0.026	3.603
4801.800	0.028	3.603
4802.000	0.027	3.603
4802.200	0.029	3.603
4802.400	0.029	3.603
4802.600	0.029	3.603
4802.800	0.028	3.603
4803.000	0.030	3.603
4803.200	0.030	3.603
4803.400	0.028	3.603
4803.600	0.027	3.603
4803.800	0.027	3.603
4804.000	0.029	3.603
4804.200	0.027	3.603
4804.400	0.027	3.603
4804.600	0.027	3.603
4804.800	0.028	3.603
4805.000	0.029	3.603
4805.200	0.028	3.603
4805.400	0.027	3.603
4805.600	0.028	3.603
4805.800	0.026	3.603
4806.000	0.027	3.603
4806.200	0.028	3.603
4806.400	0.027	3.603
4806.600	0.026	3.603
4806.800	0.028	3.603
4807.000	0.030	3.603
4807.200	0.029	3.603
4807.400	0.027	3.603
4807.600	0.028	3.603
4807.800	0.029	3.603
4808.000	0.028	3.603
4808.200	0.028	3.603
4808.400	0.029	3.603
4808.600	0.029	3.603
4808.800	0.029	3.603
4809.000	0.030	3.603
4809.200	0.030	3.603
4809.400	0.027	3.603
4809.600	0.028	3.603
4809.800	0.027	3.603
4810.000	0.028	3.603
4810.200	0.027	3.603
4810.400	0.027	3.603
4810.600	0.027	3.603
4810.800	0.027	3.603
4811.000	0.028	3.603
4811.200	0.028	3.603
4811.400	0.028	3.603
4811.600	0.028	3.603
4811.800	0.030	3.603
4812.000	0.029	3.603
4812.200	0.027	3.603
4812.400	0.026	3.603
4812.600	0.028	3.603
4812.800	0.026	3.603
4813.000	0.028	3.603
4813.200	0.030	3.603
4813.400	0.029	3.603
4813.600	0.030	3.603
4813.800	0.030	3.603
4814.000	0.029	3.603
4814.200	0.028	3.603
4814.400	0.027	3.603
4814.600	0.029	3.603
4814.800	0.026	3.603
4815.000	0.028	3.603
4815.200	0.026	3.603
4815.400	0.028	3.603
4815.600	0.029	3.603
4815.800	0.027	3.603
4816.000	0.029	3.603
4816.200	0.030	3.603
4816.400	0.029	3.603
4816.600	0.028	3.603
4816.800	0.030	3.603
4817.000	0.028	3.603
4817.200	0.028	3.603
4817.400	0.029	3.603
4817.600	0.029	3.603
4817.800	0.028	3.603
4818.000	0.029	3.603
4818.200	0.029	3.603
4818.400	0.028	3.603
4818.600	0.031	3.603
4818.800	0.028	3.603
4819.000	0.029	3.603
4819.200	0.030	3.603
4819.400	0.030	3.603
4819.600	0.031	3.603
4819.800	0.028	3.603
4820.000	0.030	3.603
4820.200	0.028	3.603
4820.400	0.027	3.603
4820.600	0.029	3.603
4820.800	0.028	3.603
4821.000	0.029	3.603
4821.200	0.028	3.603
4821.400	0.029	3.603
4821.600	0.028	3.603
4821.800	0.029	3.603
4822.000	0.026	3.603
4822.200	0.028	3.603
4822.400	0.028	3.603
4822.600	0.030	3.603
4822.800	0.030	3.603
4823.000	0.029	3.603
4823.200	0.029	3.603
4823.400	0.029	3.603
4823.600	0.029	3.603
4823.800	0.029	3.603
4824.000	0.028	3.603
4824.200	0.029	3.603
4824.400	0.027	3.603
4824.600	0.028	3.603
4824.800	0.031	3.603
4825.000	0.028	3.603
4825.200	0.029	3.603
4825.400	0.028	3.603
4825.600	0.029	3.603
4825.800	0.029	3.603
4826.000	0.031	3.603
4826.200	0.031	3.603
4826.400	0.030	3.603
4826.600	0.031	3.603
4826.800	0.031	3.603
4827.000	0.029	3.603
4827.200	0.030	3.603
4827.400	0.030	3.603
4827.600	0.030	3.603
4827.800	0.030	3.603
4828.000	0.030	3.603
4828.200	0.029	3.603
4828.400	0.028	3.603
4828.600	0.031	3.603
4828.800	0.029	3.603
4829.000	0.030	3.603
4829.200	0.029	3.603
4829.400	0.028	3.603
4829.600	0.028	3.603
4829.800	0.028	3.603
4830.000	0.029	3.603
4830.200	0.030	3.603
4830.400	0.032	3.603
4830.600	0.029	3.603
4830.800	0.030	3.603
4831.000	0.028	3.603
4831.200	0.030	3.603
4831.400	0.029	3.603
4831.600	0.030	3.603
4831.800	0.028	3.603
4832.000	0.030	3.603
4832.200	0.028	3.603
4832.400	0.029	3.603
4832.600	0.029	3.603
4832.800	0.028	3.603
4833.000	0.029	3.603
4833.200	0.027	3.603
4833.400	0.029	3.603
4833.600	0.031	3.603
4833.800	0.030	3.603
4834.000	0.030	3.603
4834.200	0.031	3.603
4834.400	0.030	3.603
4834.600	0.030	3.603
4834.800	0.030	3.603
4835.000	0.031	3.603
4835.200	0.031	3.603
4835.400	0.029	3.603
4835.600	0.029	3.603
4835.800	0.028	3.603
4836.000	0.028	3.603
4836.200	0.029	3.603
4836.400	0.028	3.603
4836.600	0.028	3.603
4836.800	0.028	3.603
4837.000	0.028	3.603
4837.200	0.028	3.603
4837.400	0.030	3.603
4837.600	0.029	3.603
4837.800	0.030	3.603
4838.000	0.028	3.603
4838.200	0.030	3.603
4838.400	0.029	3.603
4838.600	0.029	3.603
4838.800	0.029	3.603
4839.000	0.028	3.603
4839.200	0.028	3.603
4839.400	0.028	3.603
4839.600	0.028	3.603
4839.800	0.029	3.603
4840.000	0.029	3.603
4840.200	0.029	3.603
4840.400	0.027	3.603
4840.600	0.029	3.603
4840.800	0.030	3.603
4841.000	0.028	3.603
4841.200	0.029	3.603
4841.400	0.029	3.603
4841.600	0.029	3.603
4841.800	0.030	3.603
4842.000	0.030	3.603
4842.200	0.029	3.603
4842.400	0.029	3.603
4842.600	0.029	3.603
4842.800	0.031	3.603
4843.000	0.030	3.603
4843.200	0.030	3.603
4843.400	0.029	3.603
4843.600	0.028	3.603
4843.800	0.030	3.603
4844.000	0.030	3.603
4844.200	0.028	3.603
4844.400	0.029	3.603
4844.600	0.028	3.603
4844.800	0.028	3.603
4845.000	0.028	3.603
4845.200	0.029	3.603
4845.400	0.029	3.603
4845.600	0.029	3.603
4845.800	0.028	3.603
4846.000	0.029	3.603
4846.200	0.028	3.603
4846.400	0.028	3.603
4846.600	0.028	3.603
4846.800	0.029	3.603
4847.000	0.029	3.603
4847.200	0.029	3.603
4847.400	0.029	3.603
4847.600	0.029	3.603
4847.800	0.029	3.603
4848.000	0.029	3.603
4848.200	0.027	3.603
4848.400	0.029	3.603
4848.600	0.029	3.603
4848.800	0.029	3.603
4849.000	0.031	3.603
4849.200	0.030	3.603
4849.400	0.030	3.603
4849.600	0.031	3.603
4849.800	0.031	3.603
4850.000	0.030	3.603
4850.200	0.030	3.603
4850.400	0.030	3.603
4850.600	0.031	3.603
4850.800	0.029	3.603
4851.000	0.032	3.603
4851.200	0.031	3.603
4851.400	0.029	3.603
4851.600	0.030	3.603
4851.800	0.029	3.603
4852.000	0.030	3.603
4852.200	0.028	3.603
4852.400	0.030	3.603
4852.600	0.032	3.603
4852.800	0.031	3.603
4853.000	0.030	3.603
4853.200	0.030	3.603
4853.400	0.030	3.603
4853.600	0.029	3.603
4853.800	0.028	3.603
4854.000	0.029	3.603
4854.200	0.029	3.603
4854.400	0.030	3.603
4854.600	0.031	3.603
4854.800	0.028	3.603
4855.000	0.028	3.603
4855.200	0.029	3.603
4855.400	0.029	3.603
4855.600	0.029	3.603
4855.800	0.027	3.603
4856.000	0.029	3.603
4856.200	0.029	3.603
4856.400	0.028	3.603
4856.600	0.029	3.603
4856.800	0.030	3.603
4857.000	0.030	3.603
4857.200	0.030	3.603
4857.400	0.027	3.603
4857.600	0.030	3.603
4857.800	0.032	3.603
4858.000	0.029	3.603
4858.200	0.029	3.603
4858.400	0.030	3.603
4858.600	0.032	3.603
4858.800	0.031	3.603
4859.000	0.031	3.603
4859.200	0.029	3.603
4859.400	0.030	3.603
4859.600	0.031	3.603
4859.800	0.029	3.603
4860.000	0.030	3.603
4860.200	0.029	3.603
4860.400	0.028	3.603
4860.600	0.029	3.603
4860.800	0.030	3.603
4861.000	0.029	3.603
4861.200	0.030	3.603
4861.400	0.030	3.603
4861.600	0.031	3.603
4861.800	0.029	3.603
4862.000	0.028	3.603
4862.200	0.029	3.603
4862.400	0.029	3.603
4862.600	0.029	3.603
4862.800	0.028	3.603
4863.000	0.027	3.603
4863.200	0.028	3.603
4863.400	0.027	3.603
4863.600	0.028	3.603
4863.800	0.028	3.603
4864.000	0.029	3.603
4864.200	0.029	3.603
4864.400	0.028	3.603
4864.600	0.029	3.603
4864.800	0.029	3.603
4865.000	0.029	3.603
4865.200	0.030	3.603
4865.400	0.027	3.603
4865.600	0.028	3.603
4865.800	0.027	3.603
4866.000	0.027	3.603
4866.200	0.029	3.603
4866.400	0.028	3.603
4866.600	0.028	3.603
4866.800	0.029	3.603
4867.000	0.028	3.603
4867.200	0.027	3.603
4867.400	0.029	3.603
4867.600	0.030	3.603
4867.800	0.029	3.603
4868.000	0.030	3.603
4868.200	0.029	3.603
4868.400	0.030	3.603
4868.600	0.030	3.603
4868.800	0.029	3.603
4869.000	0.029	3.603
4869.200	0.029	3.603
4869.400	0.031	3.603
4869.600	0.029	3.603
4869.800	0.027	3.603
4870.000	0.028	3.603
4870.200	0.028	3.603
4870.400	0.028	3.603
4870.600	0.028	3.603
4870.800	0.028	3.603
4871.000	0.027	3.603
4871.200	0.028	3.603
4871.400	0.029	3.603
4871.600	0.029	3.603
4871.800	0.027	3.603
4872.000	0.027	3.603
4872.200	0.027	3.603
4872.400	0.028	3.603
4872.600	0.027	3.603
4872.800	0.027	3.603
4873.000	0.029	3.603
4873.200	0.028	3.603
4873.400	0.028	3.603
4873.600	0.028	3.603
4873.800	0.027	3.603
4874.000	0.028	3.603
4874.200	0.028	3.603
4874.400	0.027	3.603
4874.600	0.028	3.603
4874.800	0.028	3.603
4875.000	0.027	3.603
4875.200	0.029	3.603
4875.400	0.029	3.603
4875.600	0.028	3.603
4875.800	0.029	3.603
4876.000	0.028	3.603
4876.200	0.030	3.603
4876.400	0.031	3.603
4876.600	0.029	3.603
4876.800	0.030	3.603
4877.000	0.029	3.603
4877.200	0.029	3.603
4877.400	0.030	3.603
4877.600	0.030	3.603
4877.800	0.028	3.603
4878.000	0.031	3.603
4878.200	0.031	3.603
4878.400	0.030	3.603
4878.600	0.028	3.603
4878.800	0.029	3.603
4879.000	0.029	3.603
4879.200	0.028	3.603
4879.400	0.029	3.603
4879.600	0.030	3.603
4879.800	0.032	3.603
4880.000	0.030	3.603
4880.200	0.030	3.603
4880.400	0.029	3.603
4880.600	0.029	3.603
4880.800	0.029	3.603
4881.000	0.029	3.603
4881.200	0.030	3.603
4881.400	0.028	3.603
4881.600	0.030	3.603
4881.800	0.031	3.603
4882.000	0.031	3.603
4882.200	0.030	3.603
4882.400	0.030	3.603
4882.600	0.030	3.603
4882.800	0.030	3.603
4883.000	0.031	3.603
4883.200	0.030	3.603
4883.400	0.030	3.603
4883.600	0.030	3.603
4883.800	0.029	3.603
4884.000	0.030	3.603
4884.200	0.028	3.603
4884.400	0.030	3.603
4884.600	0.029	3.603
4884.800	0.029	3.603
4885.000	0.029	3.603
4885.200	0.030	3.603
4885.400	0.029	3.603
4885.600	0.030	3.603
4885.800	0.030	3.603
4886.000	0.030	3.603
4886.200	0.030	3.603
4886.400	0.031	3.603
4886.600	0.029	3.603
4886.800	0.028	3.603
4887.000	0.028	3.603
4887.200	0.031	3.603
4887.400	0.030	3.603
4887.600	0.030	3.603
4887.800	0.030	3.603
4888.000	0.030	3.603
4888.200	0.031	3.603
4888.400	0.031	3.603
4888.600	0.029	3.603
4888.800	0.030	3.603
4889.000	0.030	3.603
4889.200	0.031	3.603
4889.400	0.031	3.603
4889.600	0.031	3.603
4889.800	0.030	3.603
4890.000	0.030	3.603
4890.200	0.030	3.603
4890.400	0.032	3.603
4890.600	0.032	3.603
4890.800	0.030	3.603
4891.000	0.031	3.603
4891.200	0.030	3.603
4891.400	0.030	3.603
4891.600	0.032	3.603
4891.800	0.028	3.603
4892.000	0.031	3.603
4892.200	0.030	3.603
4892.400	0.030	3.603
4892.600	0.030	3.603
4892.800	0.030	3.603
4893.000	0.029	3.603
4893.200	0.030	3.603
4893.400	0.032	3.603
4893.600	0.030	3.603
4893.800	0.030	3.603
4894.000	0.030	3.603
4894.200	0.032	3.603
4894.400	0.030	3.603
4894.600	0.031	3.603
4894.800	0.030	3.603
4895.000	0.031	3.603
4895.200	0.030	3.603
4895.400	0.031	3.603
4895.600	0.031	3.603
4895.800	0.030	3.603
4896.000	0.029	3.603
4896.200	0.030	3.603
4896.400	0.030	3.603
4896.600	0.032	3.603
4896.800	0.030	3.603
4897.000	0.031	3.603
4897.200	0.029	3.603
4897.400	0.031	3.603
4897.600	0.031	3.603
4897.800	0.030	3.603
4898.000	0.030	3.603
4898.200	0.030	3.603
4898.400	0.029	3.603
4898.600	0.030	3.603
4898.800	0.029	3.603
4899.000	0.031	3.603
4899.200	0.031	3.603
4899.400	0.031	3.603
4899.600	0.032	3.603
4899.800	0.032	3.603
4900.000	0.031	3.603
4900.200	0.031	3.603
4900.400	0.030	3.603
4900.600	0.030	3.603
4900.800	0.031	3.603
4901.000	0.031	3.603
4901.200	0.030	3.603
4901.400	0.031	3.603
4901.600	0.029	3.603
4901.800	0.030	3.603
4902.000	0.031	3.603
4902.200	0.031	3.603
4902.400	0.030	3.603
4902.600	0.031	3.603
4902.800	0.031	3.603
4903.000	0.030	3.603
4903.200	0.031	3.603
4903.400	0.030	3.603
4903.600	0.030	3.603
4903.800	0.031	3.603
4904.000	0.031	3.603
4904.200	0.031	3.603
4904.400	0.031	3.603
4904.600	0.030	3.603
4904.800	0.031	3.603
4905.000	0.031	3.603
4905.200	0.031	3.603
4905.400	0.032	3.603
4905.600	0.032	3.603
4905.800	0.032	3.603
4906.000	0.033	3.603
4906.200	0.031	3.603
4906.400	0.031	3.603
4906.600	0.032	3.603
4906.800	0.032	3.603
4907.000	0.032	3.603
4907.200	0.031	3.603
4907.400	0.033	3.603
4907.600	0.031	3.603
4907.800	0.031	3.603
4908.000	0.031	3.603
4908.200	0.032	3.603
4908.400	0.033	3.603
4908.600	0.031	3.603
4908.800	0.033	3.603
4909.000	0.034	3.603
4909.200	0.033	3.603
4909.400	0.032	3.603
4909.600	0.030	3.603
4909.800	0.031	3.603
4910.000	0.031	3.603
4910.200	0.030	3.603
4910.400	0.030	3.603
4910.600	0.031	3.603
4910.800	0.031	3.603
4911.000	0.031	3.603
4911.200	0.031	3.603
4911.400	0.032	3.603
4911.600	0.030	3.603
4911.800	0.031	3.603
4912.000	0.030	3.603
4912.200	0.029	3.603
4912.400	0.031	3.603
4912.600	0.031	3.603
4912.800	0.029	3.603
4913.000	0.031	3.603
4913.200	0.030	3.603
4913.400	0.031	3.603
4913.600	0.031	3.603
4913.800	0.030	3.603
4914.000	0.031	3.603
4914.200	0.031	3.603
4914.400	0.032	3.603
4914.600	0.030	3.603
4914.800	0.031	3.603
4915.000	0.031	3.603
4915.200	0.031	3.603
4915.400	0.030	3.603
4915.600	0.030	3.603
4915.800	0.033	3.603
4916.000	0.030	3.603
4916.200	0.031	3.603
4916.400	0.030	3.603
4916.600	0.029	3.603
4916.800	0.030	3.603
4917.000	0.029	3.603
4917.200	0.031	3.603
4917.400	0.030	3.603
4917.600	0.031	3.603
4917.800	0.031	3.603
4918.000	0.030	3.603
4918.200	0.029	3.603
4918.400	0.031	3.603
4918.600	0.032	3.603
4918.800	0.032	3.603
4919.000	0.031	3.603
4919.200	0.031	3.603
4919.400	0.031	3.603
4919.600	0.030	3.603
4919.800	0.031	3.603
4920.000	0.031	3.603
4920.200	0.031	3.603
4920.400	0.031	3.603
4920.600	0.031	3.603
4920.800	0.031	3.603
4921.000	0.032	3.603
4921.200	0.031	3.603
4921.400	0.031	3.603
4921.600	0.032	3.603
4921.800	0.032	3.603
4922.000	0.030	3.603
4922.200	0.030	3.603
4922.400	0.031	3.603
4922.600	0.029	3.603
4922.800	0.031	3.603
4923.000	0.031	3.603
4923.200	0.031	3.603
4923.400	0.031	3.603
4923.600	0.030	3.603
4923.800	0.031	3.603
4924.000	0.030	3.603
4924.200	0.031	3.603
4924.400	0.032	3.603
4924.600	0.032	3.603
4924.800	0.031	3.603
4925.000	0.032	3.603
4925.200	0.032	3.603
4925.400	0.032	3.603
4925.600	0.030	3.603
4925.800	0.033	3.603
4926.000	0.033	3.603
4926.200	0.032	3.603
4926.400	0.031	3.603
4926.600	0.031	3.603
4926.800	0.032	3.603
4927.000	0.030	3.603
4927.200	0.031	3.603
4927.400	0.032	3.603
4927.600	0.033	3.603
4927.800	0.032	3.603
4928.000	0.032	3.603
4928.200	0.032	3.603
4928.400	0.031	3.603
4928.600	0.031	3.603
4928.800	0.031	3.603
4929.000	0.031	3.603
4929.200	0.029	3.603
4929.400	0.031	3.603
4929.600	0.032	3.603
4929.800	0.032	3.603
4930.000	0.031	3.603
4930.200	0.030	3.603
4930.400	0.032	3.603
